tourney_id,tourney_name,surface,draw_size,tourney_level,tourney_date,match_num,winner_id,winner_seed,winner_entry,winner_name,winner_hand,winner_ht,winner_ioc,winner_age,loser_id,loser_seed,loser_entry,loser_name,loser_hand,loser_ht,loser_ioc,loser_age,score,best_of,round,minutes,w_ace,w_df,w_svpt,w_1stIn,w_1stWon,w_2ndWon,w_SvGms,w_bpSaved,w_bpFaced,l_ace,l_df,l_svpt,l_1stIn,l_1stWon,l_2ndWon,l_SvGms,l_bpSaved,l_bpFaced,winner_rank,winner_rank_points,loser_rank,loser_rank_points
2025-9900,United Cup,Hard,18.0,A,20241229,1.0,105807,,,Pablo Carreno Busta,R,188.0,ESP,33.467,207686,,,Alexander Shevchenko,R,188.0,KAZ,24.082,6-2 6-1,3,RR,64.0,3.0,0.0,40.0,27.0,21.0,9.0,8.0,1.0,2.0,3.0,4.0,42.0,24.0,14.0,4.0,7.0,2.0,7.0,196.0,292.0,78.0,715.0
2025-9900,United Cup,Hard,18.0,A,20241229,2.0,111190,,,Zhizhen Zhang,R,193.0,CHN,28.203,106329,,,Thiago Monteiro,L,183.0,BRA,30.582,6-3 6-0,3,RR,54.0,10.0,0.0,39.0,30.0,26.0,7.0,8.0,0.0,0.0,3.0,2.0,35.0,22.0,13.0,3.0,7.0,1.0,5.0,45.0,1155.0,109.0,566.0
2025-9900,United Cup,Hard,18.0,A,20241229,3.0,126774,,,Stefanos Tsitsipas,R,193.0,GRE,26.382,105807,,,Pablo Carreno Busta,R,188.0,ESP,33.467,6-4 4-6 6-3,3,RR,128.0,13.0,6.0,84.0,49.0,40.0,19.0,15.0,1.0,3.0,2.0,3.0,92.0,70.0,48.0,9.0,14.0,6.0,9.0,11.0,3165.0,196.0,292.0
2025-9900,United Cup,Hard,18.0,A,20241229,4.0,106432,,,Borna Coric,R,188.0,CRO,28.123,200000,,,Felix Auger-Aliassime,R,193.0,CAN,24.392,0-6 6-4 6-4,3,RR,139.0,1.0,6.0,81.0,40.0,26.0,17.0,13.0,5.0,10.0,13.0,3.0,90.0,67.0,43.0,11.0,13.0,8.0,12.0,90.0,639.0,29.0,1635.0
2025-9900,United Cup,Hard,18.0,A,20241229,5.0,200005,,,Ugo Humbert,L,188.0,FRA,26.511,208502,,,Dominic Stricker,L,183.0,SUI,22.371,6-3 7-5,3,RR,72.0,10.0,2.0,51.0,34.0,30.0,10.0,11.0,0.0,1.0,10.0,1.0,56.0,34.0,27.0,10.0,10.0,1.0,4.0,14.0,2765.0,299.0,173.0
2025-9900,United Cup,Hard,18.0,A,20241229,6.0,200282,,,Alex de Minaur,R,183.0,AUS,25.864,144869,,,Tomas Martin Etcheverry,R,196.0,ARG,25.451,6-1 6-4,3,RR,76.0,8.0,2.0,51.0,26.0,23.0,15.0,9.0,0.0,0.0,2.0,1.0,47.0,28.0,20.0,7.0,8.0,3.0,6.0,9.0,3745.0,39.0,1315.0
2025-9900,United Cup,Hard,18.0,A,20241229,7.0,200000,,,Felix Auger-Aliassime,R,193.0,CAN,24.392,126203,,,Taylor Fritz,R,196.0,USA,27.17,4-6 7-5 6-3,3,RR,139.0,19.0,4.0,89.0,59.0,47.0,15.0,16.0,2.0,4.0,13.0,1.0,92.0,58.0,42.0,16.0,15.0,1.0,4.0,29.0,1635.0,4.0,5100.0
2025-9900,United Cup,Hard,18.0,A,20241229,8.0,207925,,,Flavio Cobolli,R,183.0,ITA,22.65,208502,,,Dominic Stricker,L,183.0,SUI,22.371,6-3 7-6(2),3,RR,89.0,5.0,3.0,67.0,36.0,27.0,22.0,10.0,5.0,5.0,6.0,0.0,62.0,45.0,33.0,7.0,11.0,0.0,2.0,32.0,1472.0,299.0,173.0
2025-9900,United Cup,Hard,18.0,A,20241229,9.0,134770,,,Casper Ruud,R,183.0,NOR,26.021,207830,,,Tomas Machac,R,183.0,CZE,24.211,7-6(6) 5-7 6-4,3,RR,174.0,12.0,6.0,116.0,75.0,56.0,19.0,17.0,6.0,9.0,7.0,13.0,111.0,70.0,50.0,17.0,17.0,2.0,5.0,6.0,4255.0,25.0,1758.0
2025-9900,United Cup,Hard,18.0,A,20241229,10.0,100644,,,Alexander Zverev,R,198.0,GER,27.693,106329,,,Thiago Monteiro,L,183.0,BRA,30.582,6-4 6-4,3,RR,77.0,11.0,3.0,51.0,32.0,29.0,11.0,10.0,0.0,0.0,5.0,1.0,53.0,32.0,24.0,11.0,10.0,2.0,4.0,2.0,7915.0,109.0,566.0
2025-9900,United Cup,Hard,18.0,A,20241229,11.0,134770,,,Casper Ruud,R,183.0,NOR,26.021,128034,,,Hubert Hurkacz,R,196.0,POL,27.88,7-5 6-3,3,RR,83.0,4.0,0.0,61.0,44.0,34.0,12.0,11.0,2.0,2.0,8.0,0.0,58.0,40.0,28.0,8.0,10.0,4.0,6.0,6.0,4255.0,16.0,2640.0
2025-9900,United Cup,Hard,18.0,A,20241229,12.0,207686,,,Alexander Shevchenko,R,188.0,KAZ,24.082,126774,,,Stefanos Tsitsipas,R,193.0,GRE,26.382,6-4 7-6(0),3,RR,112.0,2.0,3.0,70.0,45.0,31.0,19.0,11.0,1.0,2.0,7.0,4.0,77.0,42.0,30.0,16.0,11.0,2.0,4.0,78.0,715.0,11.0,3165.0
2025-9900,United Cup,Hard,18.0,A,20241229,13.0,100644,,,Alexander Zverev,R,198.0,GER,27.693,111190,,,Zhizhen Zhang,R,193.0,CHN,28.203,2-6 6-0 6-2,3,RR,125.0,6.0,3.0,66.0,47.0,36.0,8.0,11.0,3.0,5.0,3.0,1.0,78.0,48.0,31.0,11.0,11.0,4.0,9.0,2.0,7915.0,45.0,1155.0
2025-9900,United Cup,Hard,18.0,A,20241229,14.0,144869,,,Tomas Martin Etcheverry,R,196.0,ARG,25.451,126129,,,Billy Harris,R,193.0,GBR,29.927,3-6 6-3 6-2,3,RR,164.0,10.0,1.0,93.0,61.0,44.0,18.0,13.0,8.0,9.0,9.0,4.0,90.0,50.0,37.0,18.0,13.0,6.0,9.0,39.0,1315.0,125.0,474.0
2025-9900,United Cup,Hard,18.0,A,20241229,15.0,126203,,,Taylor Fritz,R,196.0,USA,27.17,106432,,,Borna Coric,R,188.0,CRO,28.123,6-3 6-2,3,RR,91.0,5.0,1.0,56.0,28.0,22.0,17.0,9.0,2.0,2.0,3.0,5.0,54.0,27.0,19.0,11.0,8.0,4.0,7.0,4.0,5100.0,90.0,639.0
2025-9900,United Cup,Hard,18.0,A,20241229,16.0,207925,,,Flavio Cobolli,R,183.0,ITA,22.65,200005,,,Ugo Humbert,L,188.0,FRA,26.511,3-6 7-6(8) 6-2,3,RR,126.0,11.0,0.0,89.0,57.0,41.0,21.0,14.0,2.0,4.0,10.0,2.0,83.0,46.0,36.0,24.0,15.0,1.0,4.0,32.0,1472.0,14.0,2765.0
2025-9900,United Cup,Hard,18.0,A,20241229,17.0,126203,,,Taylor Fritz,R,196.0,USA,27.17,111190,,,Zhizhen Zhang,R,193.0,CHN,28.203,6-4 6-4,3,RR,79.0,8.0,1.0,44.0,33.0,30.0,10.0,10.0,0.0,0.0,8.0,0.0,72.0,48.0,36.0,9.0,10.0,7.0,9.0,4.0,5100.0,45.0,1155.0
2025-9900,United Cup,Hard,18.0,A,20241229,18.0,207686,,,Alexander Shevchenko,R,188.0,KAZ,24.082,109054,,,Daniel Masur,R,183.0,GER,30.146,6-7(5) 6-2 6-2,3,RR,133.0,11.0,4.0,84.0,57.0,42.0,16.0,14.0,4.0,5.0,3.0,2.0,104.0,72.0,44.0,15.0,14.0,8.0,13.0,78.0,715.0,254.0,217.0
2025-9900,United Cup,Hard,18.0,A,20241229,19.0,207830,,,Tomas Machac,R,183.0,CZE,24.211,128034,,,Hubert Hurkacz,R,196.0,POL,27.88,7-5 3-6 6-4,3,RR,115.0,8.0,5.0,83.0,52.0,43.0,14.0,15.0,2.0,3.0,14.0,3.0,85.0,55.0,40.0,21.0,16.0,3.0,5.0,25.0,1758.0,16.0,2640.0
2025-9900,United Cup,Hard,18.0,A,20241229,20.0,200282,,,Alex de Minaur,R,183.0,AUS,25.864,126129,,,Billy Harris,R,193.0,GBR,29.927,6-2 6-1,3,RR,76.0,6.0,2.0,40.0,19.0,17.0,13.0,7.0,3.0,3.0,3.0,1.0,56.0,36.0,17.0,9.0,8.0,2.0,7.0,9.0,3745.0,125.0,474.0
2025-9900,United Cup,Hard,18.0,A,20241229,21.0,128034,,,Hubert Hurkacz,R,196.0,POL,27.88,126129,,,Billy Harris,R,193.0,GBR,29.927,7-6(3) 7-5,3,RR,105.0,18.0,0.0,67.0,51.0,45.0,9.0,12.0,3.0,3.0,7.0,2.0,79.0,54.0,42.0,12.0,12.0,2.0,3.0,16.0,2640.0,125.0,474.0
2025-9900,United Cup,Hard,18.0,A,20241229,22.0,207830,,,Tomas Machac,R,183.0,CZE,24.211,207925,,,Flavio Cobolli,R,183.0,ITA,22.65,6-1 6-2,3,RR,54.0,9.0,2.0,43.0,27.0,23.0,11.0,8.0,0.0,0.0,1.0,4.0,35.0,19.0,10.0,6.0,7.0,0.0,4.0,25.0,1758.0,32.0,1472.0
2025-9900,United Cup,Hard,18.0,A,20241229,23.0,126203,,,Taylor Fritz,R,196.0,USA,27.17,207830,,,Tomas Machac,R,183.0,CZE,24.211,6-7(4) 6-5 RET,3,RR,111.0,15.0,3.0,79.0,57.0,43.0,9.0,11.0,8.0,10.0,5.0,2.0,79.0,52.0,35.0,14.0,12.0,1.0,4.0,4.0,5100.0,25.0,1758.0
2025-9900,United Cup,Hard,18.0,A,20241229,24.0,128034,,,Hubert Hurkacz,R,196.0,POL,27.88,207686,,,Alexander Shevchenko,R,188.0,KAZ,24.082,6-3 6-2,3,RR,58.0,10.0,0.0,46.0,35.0,28.0,8.0,9.0,0.0,0.0,1.0,1.0,49.0,34.0,18.0,9.0,8.0,1.0,4.0,16.0,2640.0,78.0,715.0
2025-9900,United Cup,Hard,18.0,A,20241229,25.0,126203,,,Taylor Fritz,R,196.0,USA,27.17,128034,,,Hubert Hurkacz,R,196.0,POL,27.88,6-4 5-7 7-6(4),3,F,138.0,13.0,3.0,96.0,62.0,51.0,20.0,17.0,0.0,1.0,17.0,0.0,96.0,64.0,51.0,20.0,17.0,1.0,2.0,4.0,5100.0,16.0,2640.0
2025-339,Brisbane,Hard,32.0,250,20241229,1.0,126846,,,Aleksandar Vukic,R,188.0,AUS,28.731,105676,,,David Goffin,R,180.0,BEL,34.062,6-2 6-3,3,R32,82.0,11.0,1.0,57.0,31.0,25.0,15.0,9.0,3.0,3.0,3.0,2.0,61.0,35.0,18.0,15.0,8.0,2.0,5.0,68.0,778.0,52.0,1037.0
2025-339,Brisbane,Hard,32.0,250,20241229,2.0,210506,,,Alex Michelsen,R,193.0,USA,20.345,900000,,,Christopher O'Connell,R,183.0,AUS,30.574,6-4 4-6 7-6(10),3,R32,144.0,7.0,2.0,92.0,49.0,38.0,25.0,16.0,3.0,6.0,13.0,3.0,101.0,56.0,47.0,21.0,16.0,2.0,5.0,41.0,1245.0,64.0,795.0
2025-339,Brisbane,Hard,32.0,250,20241229,3.0,126127,,,Benjamin Bonzi,R,183.0,FRA,28.556,126214,,,Alejandro Tabilo,L,188.0,CHI,27.576,6-7(8) 7-6(5) 6-4,3,R32,168.0,15.0,2.0,110.0,72.0,57.0,23.0,17.0,3.0,4.0,18.0,7.0,125.0,84.0,66.0,16.0,17.0,5.0,7.0,75.0,730.0,23.0,1943.0
2025-339,Brisbane,Hard,32.0,250,20241229,4.0,106415,,,Yoshihito Nishioka,L,170.0,JPN,29.257,126239,,,Arthur Rinderknech,R,196.0,FRA,29.437,6-3 6-4,3,R32,74.0,1.0,0.0,50.0,31.0,28.0,13.0,10.0,0.0,0.0,6.0,1.0,51.0,31.0,23.0,11.0,9.0,1.0,3.0,69.0,776.0,59.0,927.0
2025-339,Brisbane,Hard,32.0,250,20241229,5.0,111442,,,Jordan Thompson,R,183.0,AUS,30.694,126610,,,Matteo Berrettini,R,196.0,ITA,28.715,3-6 6-3 6-4,3,R32,134.0,6.0,4.0,93.0,56.0,41.0,16.0,14.0,2.0,4.0,8.0,1.0,76.0,49.0,41.0,13.0,14.0,2.0,5.0,26.0,1745.0,34.0,1380.0
2025-339,Brisbane,Hard,32.0,250,20241229,6.0,111797,,,Nicolas Jarry,R,201.0,CHI,29.218,208363,,,Mariano Navone,R,178.0,ARG,23.836,7-5 7-6(7),3,R32,108.0,7.0,1.0,75.0,47.0,39.0,17.0,12.0,3.0,4.0,10.0,1.0,77.0,49.0,37.0,15.0,12.0,1.0,3.0,35.0,1370.0,47.0,1148.0
2025-339,Brisbane,Hard,32.0,250,20241229,7.0,105777,,,Grigor Dimitrov,R,191.0,BUL,33.624,105870,,,Yannick Hanfmann,R,193.0,GER,33.128,7-6(5) 6-3,3,R32,107.0,9.0,3.0,63.0,38.0,33.0,10.0,10.0,2.0,3.0,4.0,3.0,95.0,64.0,40.0,14.0,11.0,7.0,10.0,10.0,3350.0,96.0,627.0
2025-339,Brisbane,Hard,32.0,250,20241229,8.0,208103,,,Jiri Lehecka,R,185.0,CZE,23.14,208029,,,Holger Rune,R,188.0,DEN,21.67,7-5 6-3,3,R32,84.0,5.0,1.0,68.0,43.0,29.0,14.0,10.0,7.0,9.0,1.0,2.0,62.0,40.0,21.0,11.0,11.0,1.0,6.0,28.0,1660.0,13.0,3025.0
2025-339,Brisbane,Hard,32.0,250,20241229,9.0,124187,,,Reilly Opelka,R,211.0,USA,27.337,144870,,,Federico Agustin Gomez,R,191.0,ARG,28.09,7-5 6-4,3,R32,75.0,9.0,1.0,49.0,29.0,27.0,17.0,11.0,0.0,0.0,7.0,2.0,62.0,41.0,31.0,11.0,11.0,3.0,5.0,293.0,176.0,137.0,442.0
2025-339,Brisbane,Hard,32.0,250,20241229,10.0,208286,,,Matteo Arnaldi,R,185.0,ITA,23.849,200615,,,Alexei Popyrin,R,196.0,AUS,25.402,6-3 6-2,3,R32,69.0,7.0,3.0,54.0,24.0,17.0,21.0,9.0,2.0,2.0,5.0,2.0,41.0,29.0,19.0,5.0,8.0,0.0,3.0,37.0,1345.0,24.0,1865.0
2025-339,Brisbane,Hard,32.0,250,20241229,11.0,126207,,,Frances Tiafoe,R,188.0,USA,26.94,200443,,,Adam Walton,R,183.0,AUS,25.703,7-6(5) 6-3,3,R32,90.0,13.0,1.0,66.0,46.0,37.0,11.0,11.0,3.0,4.0,13.0,4.0,66.0,38.0,30.0,11.0,10.0,2.0,4.0,18.0,2585.0,93.0,636.0
2025-339,Brisbane,Hard,32.0,250,20241229,12.0,210150,,,Jakub Mensik,R,196.0,CZE,19.326,105062,,,Mikhail Kukushkin,R,183.0,KAZ,37.01,7-6(3) 6-4,3,R32,94.0,13.0,2.0,68.0,42.0,33.0,15.0,11.0,1.0,2.0,2.0,3.0,76.0,47.0,30.0,17.0,11.0,2.0,4.0,48.0,1136.0,113.0,542.0
2025-339,Brisbane,Hard,32.0,250,20241229,13.0,105583,,,Dusan Lajovic,R,183.0,SRB,34.5,209070,,,Arthur Cazaux,R,183.0,FRA,22.352,6-4 6-4,3,R32,101.0,1.0,1.0,61.0,41.0,27.0,15.0,10.0,8.0,9.0,8.0,6.0,81.0,46.0,33.0,13.0,10.0,7.0,10.0,81.0,710.0,63.0,807.0
2025-339,Brisbane,Hard,32.0,250,20241229,14.0,208659,,,Giovanni Mpetshi Perricard,R,203.0,FRA,21.478,106401,,,Nick Kyrgios,R,193.0,AUS,29.676,7-6(2) 6-7(4) 7-6(3),3,R32,147.0,36.0,7.0,111.0,73.0,65.0,24.0,18.0,2.0,2.0,15.0,0.0,107.0,81.0,67.0,18.0,18.0,2.0,2.0,31.0,1561.0,,
2025-339,Brisbane,Hard,32.0,250,20241229,15.0,104792,,,Gael Monfils,R,193.0,FRA,38.327,210460,,,Nishesh Basavareddy,R,180.0,USA,19.661,6-4 4-6 6-1,3,R32,109.0,18.0,0.0,77.0,52.0,40.0,13.0,14.0,4.0,7.0,4.0,1.0,74.0,49.0,34.0,9.0,13.0,2.0,7.0,55.0,1005.0,138.0,440.0
2025-339,Brisbane,Hard,32.0,250,20241229,16.0,104925,,,Novak Djokovic,R,188.0,SRB,37.607,208014,,,Rinky Hijikata,R,178.0,AUS,23.847,6-3 6-3,3,R32,74.0,12.0,0.0,47.0,31.0,25.0,12.0,9.0,0.0,0.0,7.0,1.0,54.0,37.0,22.0,8.0,9.0,2.0,5.0,7.0,3910.0,73.0,746.0
2025-339,Brisbane,Hard,32.0,250,20241229,17.0,208103,,,Jiri Lehecka,R,185.0,CZE,23.14,106415,,,Yoshihito Nishioka,L,170.0,JPN,29.257,6-2 6-7(5) 6-4,3,R16,139.0,17.0,3.0,81.0,51.0,45.0,17.0,15.0,2.0,3.0,3.0,3.0,107.0,75.0,49.0,16.0,15.0,8.0,12.0,28.0,1660.0,69.0,776.0
2025-339,Brisbane,Hard,32.0,250,20241229,18.0,111797,,,Nicolas Jarry,R,201.0,CHI,29.218,126127,,,Benjamin Bonzi,R,183.0,FRA,28.556,6-2 6-3,3,R16,65.0,10.0,0.0,43.0,30.0,27.0,6.0,9.0,0.0,1.0,4.0,2.0,51.0,35.0,18.0,9.0,8.0,3.0,7.0,35.0,1370.0,75.0,730.0
2025-339,Brisbane,Hard,32.0,250,20241229,19.0,105777,,,Grigor Dimitrov,R,191.0,BUL,33.624,126846,,,Aleksandar Vukic,R,188.0,AUS,28.731,6-2 7-6(5),3,R16,83.0,12.0,1.0,53.0,33.0,31.0,13.0,10.0,0.0,0.0,5.0,4.0,74.0,44.0,31.0,15.0,10.0,8.0,10.0,10.0,3350.0,68.0,778.0
2025-339,Brisbane,Hard,32.0,250,20241229,20.0,111442,,,Jordan Thompson,R,183.0,AUS,30.694,210506,,,Alex Michelsen,R,193.0,USA,20.345,7-5 6-3,3,R16,102.0,3.0,1.0,60.0,37.0,28.0,15.0,10.0,6.0,7.0,4.0,2.0,65.0,46.0,29.0,9.0,11.0,3.0,7.0,26.0,1745.0,41.0,1245.0
2025-339,Brisbane,Hard,32.0,250,20241229,21.0,210150,,,Jakub Mensik,R,196.0,CZE,19.326,105583,,,Dusan Lajovic,R,183.0,SRB,34.5,6-3 6-2,3,R16,65.0,4.0,0.0,51.0,38.0,27.0,9.0,9.0,2.0,3.0,5.0,1.0,55.0,43.0,21.0,6.0,8.0,5.0,9.0,48.0,1136.0,81.0,710.0
2025-339,Brisbane,Hard,32.0,250,20241229,22.0,124187,,,Reilly Opelka,R,211.0,USA,27.337,208286,,,Matteo Arnaldi,R,185.0,ITA,23.849,7-6(9) 7-6(4),3,R16,116.0,25.0,6.0,86.0,58.0,49.0,13.0,12.0,1.0,2.0,8.0,2.0,75.0,40.0,34.0,21.0,12.0,1.0,2.0,293.0,176.0,37.0,1345.0
2025-339,Brisbane,Hard,32.0,250,20241229,23.0,208659,,,Giovanni Mpetshi Perricard,R,203.0,FRA,21.478,126207,,,Frances Tiafoe,R,188.0,USA,26.94,6-4 7-6(4),3,R16,92.0,20.0,4.0,75.0,50.0,40.0,11.0,11.0,2.0,2.0,6.0,2.0,72.0,38.0,31.0,16.0,11.0,2.0,3.0,31.0,1561.0,18.0,2585.0
2025-339,Brisbane,Hard,32.0,250,20241229,24.0,104925,,,Novak Djokovic,R,188.0,SRB,37.607,104792,,,Gael Monfils,R,193.0,FRA,38.327,6-3 6-3,3,R16,72.0,5.0,1.0,52.0,34.0,26.0,12.0,9.0,1.0,1.0,4.0,4.0,48.0,34.0,21.0,6.0,9.0,0.0,3.0,7.0,3910.0,55.0,1005.0
2025-339,Brisbane,Hard,32.0,250,20241229,25.0,208103,,,Jiri Lehecka,R,185.0,CZE,23.14,111797,,,Nicolas Jarry,R,201.0,CHI,29.218,6-4 6-4,3,QF,89.0,10.0,2.0,66.0,39.0,31.0,14.0,10.0,5.0,5.0,8.0,2.0,62.0,39.0,28.0,11.0,10.0,3.0,5.0,28.0,1660.0,35.0,1370.0
2025-339,Brisbane,Hard,32.0,250,20241229,26.0,105777,,,Grigor Dimitrov,R,191.0,BUL,33.624,111442,,,Jordan Thompson,R,183.0,AUS,30.694,6-1 2-1 RET,3,QF,43.0,1.0,1.0,31.0,21.0,19.0,5.0,5.0,0.0,0.0,1.0,1.0,26.0,12.0,7.0,6.0,5.0,1.0,4.0,10.0,3350.0,26.0,1745.0
2025-339,Brisbane,Hard,32.0,250,20241229,27.0,208659,,,Giovanni Mpetshi Perricard,R,203.0,FRA,21.478,210150,,,Jakub Mensik,R,196.0,CZE,19.326,7-5 7-6(5),3,QF,92.0,19.0,2.0,72.0,47.0,37.0,18.0,12.0,0.0,0.0,10.0,5.0,78.0,48.0,38.0,16.0,12.0,1.0,2.0,31.0,1561.0,48.0,1136.0
2025-339,Brisbane,Hard,32.0,250,20241229,28.0,124187,,,Reilly Opelka,R,211.0,USA,27.337,104925,,,Novak Djokovic,R,188.0,SRB,37.607,7-6(6) 6-3,3,QF,100.0,16.0,1.0,64.0,49.0,38.0,13.0,11.0,1.0,1.0,8.0,1.0,73.0,53.0,38.0,12.0,10.0,4.0,5.0,293.0,176.0,7.0,3910.0
2025-339,Brisbane,Hard,32.0,250,20241229,29.0,208103,,,Jiri Lehecka,R,185.0,CZE,23.14,105777,,,Grigor Dimitrov,R,191.0,BUL,33.624,6-4 4-4 RET,3,SF,83.0,4.0,3.0,52.0,26.0,22.0,17.0,9.0,0.0,0.0,6.0,2.0,49.0,32.0,24.0,12.0,9.0,1.0,2.0,28.0,1660.0,10.0,3350.0
2025-339,Brisbane,Hard,32.0,250,20241229,30.0,124187,,,Reilly Opelka,R,211.0,USA,27.337,208659,,,Giovanni Mpetshi Perricard,R,203.0,FRA,21.478,6-3 7-6(4),3,SF,86.0,12.0,2.0,64.0,45.0,38.0,13.0,11.0,4.0,4.0,10.0,5.0,69.0,48.0,38.0,9.0,10.0,1.0,2.0,293.0,176.0,31.0,1561.0
2025-339,Brisbane,Hard,32.0,250,20241229,31.0,208103,,,Jiri Lehecka,R,185.0,CZE,23.14,124187,,,Reilly Opelka,R,211.0,USA,27.337,4-1 RET,3,F,13.0,3.0,0.0,15.0,10.0,10.0,2.0,3.0,0.0,0.0,0.0,0.0,9.0,9.0,4.0,0.0,2.0,0.0,1.0,28.0,1660.0,293.0,176.0
2025-336,Hong Kong,Hard,28.0,250,20241229,1.0,200175,,,Miomir Kecmanovic,R,183.0,SRB,25.331,209260,,,Luciano Darderi,R,183.0,ITA,22.872,6-3 6-3,3,R32,67.0,9.0,1.0,57.0,39.0,32.0,8.0,9.0,2.0,2.0,9.0,1.0,53.0,35.0,22.0,10.0,9.0,6.0,9.0,54.0,1021.0,44.0,1198.0
2025-336,Hong Kong,Hard,28.0,250,20241229,2.0,206681,,,Fabian Marozsan,R,193.0,HUN,25.227,126128,,,Roman Safiullin,R,185.0,RUS,27.395,6-1 7-6(9),3,R32,93.0,6.0,3.0,70.0,41.0,30.0,14.0,10.0,1.0,5.0,4.0,3.0,72.0,47.0,29.0,8.0,9.0,10.0,16.0,58.0,935.0,60.0,923.0
2025-336,Hong Kong,Hard,28.0,250,20241229,3.0,132283,,,Lorenzo Sonego,R,191.0,ITA,29.637,206909,,,Brandon Nakashima,R,188.0,USA,23.406,7-6(4) 6-3,3,R32,90.0,5.0,1.0,61.0,38.0,34.0,17.0,11.0,0.0,0.0,6.0,0.0,56.0,39.0,33.0,10.0,10.0,1.0,2.0,53.0,1026.0,38.0,1335.0
2025-336,Hong Kong,Hard,28.0,250,20241229,4.0,111815,,,Cameron Norrie,L,188.0,GBR,29.352,210530,,,Learner Tien,L,180.0,USA,19.075,6-3 7-5,3,R32,98.0,11.0,1.0,78.0,60.0,38.0,8.0,11.0,5.0,7.0,6.0,5.0,69.0,42.0,27.0,11.0,10.0,5.0,9.0,49.0,1119.0,122.0,493.0
2025-336,Hong Kong,Hard,28.0,250,20241229,5.0,200267,,,Zizou Bergs,R,185.0,BEL,25.574,208279,,,Alejandro Moro Canas,R,183.0,ESP,24.06,6-4 6-4,3,R32,91.0,11.0,1.0,54.0,38.0,31.0,11.0,10.0,1.0,2.0,2.0,3.0,78.0,48.0,31.0,12.0,10.0,6.0,9.0,71.0,768.0,169.0,345.0
2025-336,Hong Kong,Hard,28.0,250,20241229,6.0,124186,,,Alexandre Muller,R,183.0,FRA,27.907,144817,,,Marc-Andrea Huesler,L,196.0,SUI,28.515,2-6 6-4 6-3,3,R32,125.0,9.0,2.0,93.0,73.0,48.0,10.0,14.0,6.0,9.0,8.0,3.0,81.0,40.0,34.0,15.0,13.0,5.0,8.0,67.0,778.0,159.0,376.0
2025-336,Hong Kong,Hard,28.0,250,20241229,7.0,132686,,,Nuno Borges,R,185.0,POR,27.858,900002,,,Yunchaokete Bu,R,185.0,CHN,22.943,3-6 6-3 7-6(6),3,R32,134.0,9.0,4.0,81.0,55.0,46.0,14.0,15.0,2.0,4.0,17.0,1.0,107.0,65.0,51.0,20.0,15.0,9.0,11.0,36.0,1355.0,65.0,784.0
2025-336,Hong Kong,Hard,28.0,250,20241229,8.0,144719,,,Jaume Munar,R,183.0,ESP,27.652,200221,,,Alejandro Davidovich Fokina,R,180.0,ESP,25.569,4-6 6-3 6-3,3,R32,117.0,6.0,4.0,78.0,49.0,36.0,19.0,14.0,2.0,4.0,2.0,4.0,76.0,39.0,25.0,21.0,14.0,2.0,6.0,62.0,832.0,61.0,845.0
2025-336,Hong Kong,Hard,28.0,250,20241229,9.0,124079,,,Pedro Martinez,R,185.0,ESP,27.677,208859,,,Francesco Passaro,R,180.0,ITA,23.975,6-4 6-4,3,R32,89.0,3.0,1.0,63.0,45.0,35.0,10.0,10.0,3.0,3.0,5.0,2.0,55.0,38.0,30.0,8.0,10.0,4.0,6.0,43.0,1205.0,108.0,570.0
2025-336,Hong Kong,Hard,28.0,250,20241229,10.0,105453,,,Kei Nishikori,R,178.0,JPN,35.001,133430,,,Denis Shapovalov,L,185.0,CAN,25.708,6-2 6-3,3,R32,58.0,4.0,0.0,50.0,35.0,29.0,9.0,9.0,2.0,2.0,7.0,5.0,52.0,27.0,18.0,12.0,8.0,4.0,7.0,106.0,578.0,56.0,981.0
2025-336,Hong Kong,Hard,28.0,250,20241229,11.0,209113,,,Gabriel Diallo,R,203.0,CAN,23.264,106148,,,Roberto Carballes Baena,R,183.0,ESP,31.77,4-6 7-6(4) 7-5,3,R32,169.0,9.0,2.0,117.0,85.0,57.0,19.0,17.0,10.0,13.0,9.0,6.0,104.0,65.0,52.0,16.0,17.0,5.0,8.0,87.0,643.0,57.0,981.0
2025-336,Hong Kong,Hard,28.0,250,20241229,12.0,209992,,,Juncheng Shang,L,180.0,CHN,19.904,209409,,,Coleman Wong,R,191.0,HKG,20.564,7-6(3) 6-4,3,R32,89.0,4.0,1.0,59.0,33.0,29.0,20.0,11.0,0.0,0.0,17.0,1.0,76.0,52.0,41.0,9.0,11.0,6.0,7.0,50.0,1115.0,170.0,340.0
2025-336,Hong Kong,Hard,28.0,250,20241229,13.0,124186,,,Alexandre Muller,R,183.0,FRA,27.907,200175,,,Miomir Kecmanovic,R,183.0,SRB,25.331,5-7 7-6(6) 7-6(10),3,R16,210.0,9.0,2.0,122.0,86.0,61.0,16.0,18.0,5.0,10.0,4.0,5.0,139.0,83.0,57.0,26.0,18.0,5.0,9.0,67.0,778.0,54.0,1021.0
2025-336,Hong Kong,Hard,28.0,250,20241229,14.0,111815,,,Cameron Norrie,L,188.0,GBR,29.352,132283,,,Lorenzo Sonego,R,191.0,ITA,29.637,6-2 4-6 6-1,3,R16,144.0,4.0,1.0,70.0,52.0,37.0,13.0,12.0,2.0,3.0,7.0,0.0,75.0,52.0,38.0,7.0,13.0,4.0,9.0,49.0,1119.0,53.0,1026.0
2025-336,Hong Kong,Hard,28.0,250,20241229,15.0,209950,,,Arthur Fils,R,185.0,FRA,20.548,200267,,,Zizou Bergs,R,185.0,BEL,25.574,7-6(7) 6-4,3,R16,100.0,6.0,2.0,67.0,39.0,32.0,15.0,11.0,0.0,2.0,5.0,2.0,71.0,46.0,34.0,11.0,11.0,2.0,5.0,20.0,2355.0,71.0,768.0
2025-336,Hong Kong,Hard,28.0,250,20241229,16.0,105453,,,Kei Nishikori,R,178.0,JPN,35.001,111575,,,Karen Khachanov,R,198.0,RUS,28.608,4-6 6-3 7-5,3,R16,129.0,1.0,1.0,90.0,62.0,43.0,17.0,16.0,5.0,8.0,7.0,5.0,90.0,59.0,41.0,14.0,15.0,3.0,7.0,106.0,578.0,19.0,2410.0
2025-336,Hong Kong,Hard,28.0,250,20241229,17.0,144719,,,Jaume Munar,R,183.0,ESP,27.652,132686,,,Nuno Borges,R,185.0,POR,27.858,6-3 7-5,3,R16,83.0,5.0,0.0,57.0,35.0,30.0,11.0,11.0,0.0,1.0,2.0,4.0,59.0,36.0,26.0,10.0,10.0,1.0,4.0,62.0,832.0,36.0,1355.0
2025-336,Hong Kong,Hard,28.0,250,20241229,18.0,207518,,,Lorenzo Musetti,R,185.0,ITA,22.825,209113,,,Gabriel Diallo,R,203.0,CAN,23.264,6-4 6-3,3,R16,86.0,6.0,3.0,49.0,37.0,30.0,7.0,9.0,2.0,2.0,6.0,2.0,70.0,49.0,32.0,9.0,10.0,7.0,10.0,17.0,2600.0,87.0,643.0
2025-336,Hong Kong,Hard,28.0,250,20241229,19.0,209992,,,Juncheng Shang,L,180.0,CHN,19.904,124079,,,Pedro Martinez,R,185.0,ESP,27.677,6-3 6-1,3,R16,77.0,9.0,2.0,54.0,40.0,32.0,5.0,8.0,6.0,6.0,5.0,6.0,49.0,33.0,23.0,2.0,8.0,3.0,7.0,50.0,1115.0,43.0,1205.0
2025-336,Hong Kong,Hard,28.0,250,20241229,20.0,206681,,,Fabian Marozsan,R,193.0,HUN,25.227,126094,,,Andrey Rublev,R,188.0,RUS,27.192,7-5 3-6 6-3,3,R16,118.0,5.0,2.0,103.0,67.0,45.0,15.0,15.0,10.0,13.0,10.0,3.0,85.0,53.0,39.0,15.0,15.0,5.0,9.0,58.0,935.0,8.0,3760.0
2025-336,Hong Kong,Hard,28.0,250,20241229,21.0,124186,,,Alexandre Muller,R,183.0,FRA,27.907,209950,,,Arthur Fils,R,185.0,FRA,20.548,3-6 6-3 6-1,3,QF,111.0,3.0,1.0,89.0,57.0,41.0,14.0,12.0,11.0,13.0,3.0,9.0,69.0,31.0,21.0,19.0,13.0,3.0,8.0,67.0,778.0,20.0,2355.0
2025-336,Hong Kong,Hard,28.0,250,20241229,22.0,144719,,,Jaume Munar,R,183.0,ESP,27.652,207518,,,Lorenzo Musetti,R,185.0,ITA,22.825,2-6 7-6(4) 7-5,3,QF,156.0,2.0,4.0,102.0,69.0,47.0,17.0,16.0,7.0,11.0,9.0,4.0,102.0,69.0,54.0,11.0,16.0,4.0,7.0,62.0,832.0,17.0,2600.0
2025-336,Hong Kong,Hard,28.0,250,20241229,23.0,209992,,,Juncheng Shang,L,180.0,CHN,19.904,206681,,,Fabian Marozsan,R,193.0,HUN,25.227,1-6 6-3 6-4,3,QF,104.0,9.0,4.0,77.0,57.0,44.0,6.0,13.0,4.0,6.0,6.0,2.0,81.0,55.0,43.0,11.0,13.0,6.0,8.0,50.0,1115.0,58.0,935.0
2025-336,Hong Kong,Hard,28.0,250,20241229,24.0,105453,,,Kei Nishikori,R,178.0,JPN,35.001,111815,,,Cameron Norrie,L,188.0,GBR,29.352,6-3 3-6 6-2,3,QF,101.0,4.0,1.0,75.0,55.0,43.0,9.0,13.0,1.0,2.0,8.0,3.0,79.0,55.0,38.0,11.0,13.0,2.0,5.0,106.0,578.0,49.0,1119.0
2025-336,Hong Kong,Hard,28.0,250,20241229,25.0,124186,,,Alexandre Muller,R,183.0,FRA,27.907,144719,,,Jaume Munar,R,183.0,ESP,27.652,4-6 7-6(5) 6-4,3,SF,145.0,4.0,3.0,94.0,62.0,47.0,20.0,16.0,2.0,4.0,6.0,2.0,99.0,73.0,54.0,16.0,16.0,2.0,4.0,67.0,778.0,62.0,832.0
2025-336,Hong Kong,Hard,28.0,250,20241229,26.0,105453,,,Kei Nishikori,R,178.0,JPN,35.001,209992,,,Juncheng Shang,L,180.0,CHN,19.904,4-3 RET,3,SF,20.0,3.0,0.0,22.0,13.0,10.0,7.0,4.0,0.0,0.0,3.0,0.0,15.0,12.0,9.0,3.0,3.0,0.0,0.0,106.0,578.0,50.0,1115.0
2025-336,Hong Kong,Hard,28.0,250,20241229,27.0,124186,,,Alexandre Muller,R,183.0,FRA,27.907,105453,,,Kei Nishikori,R,178.0,JPN,35.001,2-6 6-1 6-3,3,F,103.0,2.0,1.0,77.0,60.0,44.0,7.0,12.0,4.0,6.0,4.0,1.0,75.0,48.0,28.0,14.0,12.0,4.0,8.0,67.0,778.0,106.0,578.0
2025-8998,Adelaide,Hard,28.0,250,20250106,1.0,133430,,,Denis Shapovalov,L,185.0,CAN,25.73,111190,,,Zhizhen Zhang,R,193.0,CHN,28.225,6-3 6-4,3,R32,67.0,9.0,4.0,54.0,32.0,31.0,12.0,10.0,0.0,0.0,4.0,2.0,53.0,30.0,21.0,14.0,9.0,3.0,5.0,58.0,981.0,47.0,1140.0
2025-8998,Adelaide,Hard,28.0,250,20250106,2.0,200221,,,Alejandro Davidovich Fokina,R,180.0,ESP,25.591,105138,,,Roberto Bautista Agut,R,183.0,ESP,36.731,7-5 6-2,3,R32,103.0,5.0,3.0,74.0,44.0,32.0,15.0,10.0,1.0,2.0,1.0,5.0,70.0,44.0,28.0,11.0,10.0,5.0,9.0,68.0,775.0,51.0,1067.0
2025-8998,Adelaide,Hard,28.0,250,20250106,3.0,900000,,,Christopher O'Connell,R,183.0,AUS,30.595,126239,,,Arthur Rinderknech,R,196.0,FRA,29.459,7-5 7-6(5),3,R32,99.0,9.0,1.0,66.0,40.0,35.0,18.0,12.0,1.0,1.0,7.0,1.0,71.0,48.0,37.0,16.0,12.0,5.0,6.0,64.0,795.0,60.0,927.0
2025-8998,Adelaide,Hard,28.0,250,20250106,4.0,106423,,,Thanasi Kokkinakis,R,193.0,AUS,28.742,106415,,,Yoshihito Nishioka,L,170.0,JPN,29.279,6-3 3-6 6-3,3,R32,130.0,15.0,3.0,88.0,60.0,44.0,14.0,14.0,3.0,5.0,4.0,2.0,89.0,54.0,36.0,18.0,13.0,9.0,12.0,77.0,716.0,63.0,807.0
2025-8998,Adelaide,Hard,28.0,250,20250106,5.0,111454,,,Li Tu,R,183.0,AUS,28.613,105902,,,James Duckworth,R,183.0,AUS,32.961,6-1 7-5,3,R32,73.0,6.0,2.0,59.0,35.0,29.0,13.0,9.0,5.0,5.0,1.0,3.0,53.0,35.0,24.0,8.0,10.0,2.0,6.0,179.0,323.0,94.0,624.0
2025-8998,Adelaide,Hard,28.0,250,20250106,6.0,131905,,,Manuel Guinard,R,198.0,FRA,29.144,126128,,,Roman Safiullin,R,185.0,RUS,27.417,7-6(4) 2-6 6-1,3,R32,127.0,7.0,11.0,98.0,48.0,33.0,26.0,14.0,7.0,11.0,13.0,5.0,83.0,53.0,37.0,13.0,13.0,5.0,9.0,261.0,209.0,62.0,823.0
2025-8998,Adelaide,Hard,28.0,250,20250106,7.0,106218,,,Marcos Giron,R,180.0,USA,31.455,126846,,,Aleksandar Vukic,R,188.0,AUS,28.753,6-2 3-6 6-3,3,R32,103.0,4.0,0.0,72.0,41.0,29.0,22.0,13.0,2.0,4.0,8.0,3.0,89.0,58.0,40.0,12.0,13.0,4.0,8.0,45.0,1150.0,67.0,778.0
2025-8998,Adelaide,Hard,28.0,250,20250106,8.0,200175,,,Miomir Kecmanovic,R,183.0,SRB,25.352,122330,,,Alexander Bublik,R,196.0,KAZ,27.556,6-4 6-2,3,R32,62.0,2.0,4.0,49.0,36.0,28.0,7.0,9.0,0.0,1.0,8.0,12.0,64.0,33.0,24.0,10.0,9.0,8.0,12.0,55.0,1021.0,33.0,1420.0
2025-8998,Adelaide,Hard,28.0,250,20250106,9.0,209070,,,Arthur Cazaux,R,183.0,FRA,22.374,200443,,,Adam Walton,R,183.0,AUS,25.725,7-5 6-1,3,R32,102.0,9.0,8.0,73.0,38.0,28.0,19.0,10.0,9.0,10.0,4.0,1.0,58.0,37.0,20.0,9.0,9.0,5.0,9.0,80.0,707.0,91.0,636.0
2025-8998,Adelaide,Hard,28.0,250,20250106,10.0,206909,,,Brandon Nakashima,R,188.0,USA,23.428,105870,,,Yannick Hanfmann,R,193.0,GER,33.15,6-1 2-6 6-3,3,R32,100.0,14.0,3.0,69.0,39.0,31.0,14.0,12.0,2.0,4.0,2.0,5.0,74.0,48.0,33.0,9.0,12.0,3.0,7.0,37.0,1335.0,98.0,615.0
2025-8998,Adelaide,Hard,28.0,250,20250106,11.0,208014,,,Rinky Hijikata,R,178.0,AUS,23.869,105676,,,David Goffin,R,180.0,BEL,34.084,6-1 6-2,3,R32,72.0,4.0,3.0,57.0,29.0,21.0,16.0,8.0,4.0,5.0,3.0,0.0,44.0,20.0,11.0,9.0,7.0,4.0,9.0,79.0,712.0,53.0,1029.0
2025-8998,Adelaide,Hard,28.0,250,20250106,12.0,144869,,,Tomas Martin Etcheverry,R,196.0,ARG,25.473,209262,,,Tristan Schoolkate,R,183.0,AUS,23.86,7-6(8) 6-3,3,R32,111.0,4.0,1.0,71.0,42.0,33.0,19.0,11.0,3.0,3.0,14.0,1.0,65.0,36.0,31.0,13.0,10.0,1.0,2.0,39.0,1315.0,173.0,336.0
2025-8998,Adelaide,Hard,28.0,250,20250106,13.0,200000,,,Felix Auger-Aliassime,R,193.0,CAN,24.413,209070,,,Arthur Cazaux,R,183.0,FRA,22.374,1-6 6-4 7-5,3,R16,153.0,12.0,5.0,83.0,54.0,39.0,14.0,14.0,4.0,6.0,8.0,3.0,100.0,54.0,38.0,24.0,15.0,7.0,9.0,29.0,1680.0,80.0,707.0
2025-8998,Adelaide,Hard,28.0,250,20250106,14.0,106218,,,Marcos Giron,R,180.0,USA,31.455,133430,,,Denis Shapovalov,L,185.0,CAN,25.73,7-5 6-2,3,R16,78.0,2.0,0.0,50.0,26.0,19.0,16.0,10.0,1.0,3.0,9.0,13.0,63.0,31.0,24.0,7.0,10.0,8.0,13.0,45.0,1150.0,58.0,981.0
2025-8998,Adelaide,Hard,28.0,250,20250106,15.0,200175,,,Miomir Kecmanovic,R,183.0,SRB,25.352,900000,,,Christopher O'Connell,R,183.0,AUS,30.595,7-6(1) 6-2,3,R16,91.0,3.0,1.0,64.0,34.0,31.0,14.0,10.0,2.0,3.0,13.0,4.0,68.0,37.0,28.0,10.0,10.0,6.0,9.0,55.0,1021.0,64.0,795.0
2025-8998,Adelaide,Hard,28.0,250,20250106,16.0,208014,,,Rinky Hijikata,R,178.0,AUS,23.869,206909,,,Brandon Nakashima,R,188.0,USA,23.428,6-2 3-6 7-6(5),3,R16,121.0,6.0,5.0,86.0,49.0,38.0,24.0,14.0,3.0,4.0,17.0,2.0,84.0,62.0,48.0,12.0,15.0,3.0,5.0,79.0,712.0,37.0,1335.0
2025-8998,Adelaide,Hard,28.0,250,20250106,17.0,126127,,,Benjamin Bonzi,R,183.0,FRA,28.578,111454,,,Li Tu,R,183.0,AUS,28.613,6-3 6-3,3,R16,85.0,3.0,3.0,63.0,33.0,23.0,15.0,9.0,8.0,10.0,4.0,1.0,58.0,32.0,15.0,11.0,9.0,3.0,8.0,70.0,762.0,179.0,323.0
2025-8998,Adelaide,Hard,28.0,250,20250106,18.0,200624,,,Sebastian Korda,R,196.0,USA,24.507,200221,,,Alejandro Davidovich Fokina,R,180.0,ESP,25.591,6-3 6-3,3,R16,91.0,8.0,2.0,69.0,43.0,37.0,9.0,9.0,5.0,5.0,2.0,3.0,63.0,40.0,25.0,10.0,9.0,4.0,7.0,22.0,1985.0,68.0,775.0
2025-8998,Adelaide,Hard,28.0,250,20250106,19.0,126205,,,Tommy Paul,R,185.0,USA,27.641,131905,,,Manuel Guinard,R,198.0,FRA,29.144,6-4 3-6 6-3,3,R16,111.0,9.0,4.0,93.0,60.0,43.0,18.0,14.0,10.0,11.0,8.0,3.0,84.0,58.0,43.0,14.0,14.0,0.0,2.0,12.0,3145.0,261.0,209.0
2025-8998,Adelaide,Hard,28.0,250,20250106,20.0,106423,,,Thanasi Kokkinakis,R,193.0,AUS,28.742,144869,,,Tomas Martin Etcheverry,R,196.0,ARG,25.473,7-5 4-6 7-6(4),3,R16,182.0,23.0,4.0,115.0,82.0,61.0,18.0,17.0,5.0,6.0,13.0,0.0,103.0,72.0,60.0,16.0,17.0,4.0,5.0,77.0,716.0,39.0,1315.0
2025-8998,Adelaide,Hard,28.0,250,20250106,21.0,126205,,,Tommy Paul,R,185.0,USA,27.641,208014,,,Rinky Hijikata,R,178.0,AUS,23.869,6-3 6-4,3,QF,78.0,8.0,0.0,65.0,42.0,32.0,13.0,10.0,4.0,4.0,4.0,2.0,52.0,36.0,23.0,9.0,9.0,5.0,7.0,12.0,3145.0,79.0,712.0
2025-8998,Adelaide,Hard,28.0,250,20250106,22.0,200000,,,Felix Auger-Aliassime,R,193.0,CAN,24.413,106218,,,Marcos Giron,R,180.0,USA,31.455,7-6(3) 6-3,3,QF,100.0,11.0,3.0,76.0,54.0,43.0,10.0,10.0,9.0,9.0,2.0,1.0,72.0,37.0,24.0,20.0,11.0,6.0,8.0,29.0,1680.0,45.0,1150.0
2025-8998,Adelaide,Hard,28.0,250,20250106,23.0,200175,,,Miomir Kecmanovic,R,183.0,SRB,25.352,126127,,,Benjamin Bonzi,R,183.0,FRA,28.578,6-2 6-3,3,QF,64.0,12.0,0.0,48.0,33.0,29.0,8.0,9.0,1.0,1.0,2.0,1.0,54.0,31.0,19.0,12.0,8.0,2.0,5.0,55.0,1021.0,70.0,762.0
2025-8998,Adelaide,Hard,28.0,250,20250106,24.0,200624,,,Sebastian Korda,R,196.0,USA,24.507,106423,,,Thanasi Kokkinakis,R,193.0,AUS,28.742,W/O,3,QF,,,,,,,,,,,,,,,,,,,,22.0,1985.0,77.0,716.0
2025-8998,Adelaide,Hard,28.0,250,20250106,25.0,200000,,,Felix Auger-Aliassime,R,193.0,CAN,24.413,126205,,,Tommy Paul,R,185.0,USA,27.641,7-6(3) 3-6 6-4,3,SF,164.0,8.0,4.0,110.0,70.0,52.0,14.0,16.0,8.0,12.0,7.0,3.0,94.0,52.0,36.0,25.0,15.0,5.0,8.0,29.0,1680.0,12.0,3145.0
2025-8998,Adelaide,Hard,28.0,250,20250106,26.0,200624,,,Sebastian Korda,R,196.0,USA,24.507,200175,,,Miomir Kecmanovic,R,183.0,SRB,25.352,6-3 7-6(4),3,SF,79.0,13.0,3.0,68.0,44.0,37.0,14.0,11.0,0.0,0.0,2.0,2.0,61.0,46.0,34.0,9.0,10.0,0.0,1.0,22.0,1985.0,55.0,1021.0
2025-8998,Adelaide,Hard,28.0,250,20250106,27.0,200000,,,Felix Auger-Aliassime,R,193.0,CAN,24.413,200624,,,Sebastian Korda,R,196.0,USA,24.507,6-3 3-6 6-1,3,F,109.0,10.0,4.0,72.0,41.0,34.0,20.0,13.0,4.0,5.0,7.0,4.0,81.0,50.0,35.0,11.0,12.0,7.0,10.0,29.0,1680.0,22.0,1985.0
2025-301,Auckland,Hard,28.0,250,20250106,1.0,132686,,,Nuno Borges,R,185.0,POR,27.88,209260,,,Luciano Darderi,R,183.0,ITA,22.894,5-7 6-3 7-5,3,R32,122.0,1.0,1.0,86.0,59.0,41.0,18.0,16.0,2.0,5.0,8.0,5.0,97.0,55.0,36.0,24.0,17.0,2.0,7.0,36.0,1370.0,44.0,1198.0
2025-301,Auckland,Hard,28.0,250,20250106,2.0,106148,,,Roberto Carballes Baena,R,183.0,ESP,31.792,127157,,,Daniel Altmaier,R,188.0,GER,26.319,6-3 3-6 7-5,3,R32,158.0,4.0,2.0,86.0,55.0,39.0,19.0,15.0,4.0,7.0,7.0,2.0,111.0,70.0,49.0,13.0,15.0,13.0,17.0,59.0,981.0,93.0,625.0
2025-301,Auckland,Hard,28.0,250,20250106,3.0,200267,,,Zizou Bergs,R,185.0,BEL,25.596,208653,,,Isaac Becroft,R,180.0,NZL,24.189,6-3 7-5,3,R32,88.0,9.0,2.0,70.0,38.0,32.0,16.0,11.0,3.0,4.0,1.0,2.0,53.0,35.0,22.0,10.0,10.0,1.0,4.0,66.0,783.0,980.0,15.0
2025-301,Auckland,Hard,28.0,250,20250106,4.0,210506,,,Alex Michelsen,R,193.0,USA,20.367,111576,,,Sumit Nagal,R,178.0,IND,27.392,6-7(8) 6-4 6-2,3,R32,160.0,6.0,2.0,104.0,73.0,53.0,13.0,15.0,7.0,10.0,0.0,3.0,111.0,78.0,48.0,11.0,15.0,7.0,13.0,41.0,1245.0,96.0,622.0
2025-301,Auckland,Hard,28.0,250,20250106,5.0,208363,,,Mariano Navone,R,178.0,ARG,23.858,105173,,,Adrian Mannarino,L,180.0,FRA,36.523,7-6(6) 6-7(5) 6-1,3,R32,187.0,5.0,7.0,116.0,72.0,51.0,21.0,16.0,3.0,7.0,3.0,4.0,112.0,58.0,35.0,29.0,15.0,10.0,16.0,46.0,1148.0,73.0,744.0
2025-301,Auckland,Hard,28.0,250,20250106,6.0,208134,,,Luca Nardi,R,185.0,ITA,21.421,207925,,,Flavio Cobolli,R,183.0,ITA,22.672,6-2 1-1 RET,3,R32,45.0,4.0,2.0,36.0,22.0,19.0,5.0,5.0,2.0,2.0,1.0,2.0,29.0,14.0,7.0,8.0,5.0,1.0,3.0,90.0,637.0,32.0,1512.0
2025-301,Auckland,Hard,28.0,250,20250106,7.0,132283,,,Lorenzo Sonego,R,191.0,ITA,29.659,209113,,,Gabriel Diallo,R,203.0,CAN,23.285,7-6(5) 2-6 7-6(7),3,R32,178.0,4.0,2.0,116.0,85.0,58.0,22.0,16.0,10.0,13.0,8.0,3.0,108.0,77.0,60.0,18.0,16.0,3.0,4.0,54.0,1026.0,87.0,646.0
2025-301,Auckland,Hard,28.0,250,20250106,8.0,207680,,,Facundo Diaz Acosta,L,183.0,ARG,24.06,111815,,,Cameron Norrie,L,188.0,GBR,29.374,6-2 6-3,3,R32,82.0,1.0,5.0,54.0,40.0,28.0,5.0,9.0,3.0,5.0,1.0,1.0,50.0,33.0,19.0,4.0,8.0,5.0,10.0,78.0,714.0,48.0,1124.0
2025-301,Auckland,Hard,28.0,250,20250106,9.0,104792,,,Gael Monfils,R,193.0,FRA,38.349,124079,,,Pedro Martinez,R,185.0,ESP,27.699,1-6 7-6(5) 6-3,3,R32,144.0,8.0,3.0,86.0,51.0,38.0,17.0,15.0,1.0,5.0,1.0,3.0,83.0,58.0,41.0,15.0,13.0,3.0,5.0,52.0,1030.0,43.0,1220.0
2025-301,Auckland,Hard,28.0,250,20250106,10.0,105526,,,Jan-Lennard Struff,R,193.0,GER,34.702,900002,,,Yunchaokete Bu,R,185.0,CHN,22.965,6-3 6-4,3,R32,81.0,13.0,1.0,50.0,31.0,26.0,12.0,10.0,0.0,1.0,6.0,1.0,73.0,45.0,29.0,11.0,9.0,8.0,11.0,42.0,1225.0,65.0,784.0
2025-301,Auckland,Hard,28.0,250,20250106,11.0,210460,,,Nishesh Basavareddy,R,180.0,USA,19.682,207681,,,Francisco Comesana,R,178.0,ARG,24.252,6-2 6-2,3,R32,69.0,6.0,0.0,51.0,36.0,25.0,11.0,8.0,2.0,2.0,6.0,2.0,52.0,34.0,19.0,7.0,8.0,5.0,9.0,133.0,453.0,85.0,661.0
2025-301,Auckland,Hard,28.0,250,20250106,12.0,210150,,,Jakub Mensik,R,196.0,CZE,19.348,105807,,,Pablo Carreno Busta,R,188.0,ESP,33.489,6-2 4-6 7-5,3,R32,131.0,18.0,2.0,88.0,55.0,45.0,18.0,15.0,1.0,2.0,3.0,3.0,100.0,63.0,45.0,17.0,15.0,4.0,7.0,49.0,1122.0,184.0,317.0
2025-301,Auckland,Hard,28.0,250,20250106,13.0,210460,,,Nishesh Basavareddy,R,180.0,USA,19.682,126214,,,Alejandro Tabilo,L,188.0,CHI,27.598,6-4 5-7 6-4,3,R16,145.0,9.0,2.0,99.0,66.0,48.0,19.0,16.0,6.0,7.0,12.0,2.0,108.0,73.0,53.0,18.0,16.0,11.0,13.0,133.0,453.0,23.0,1943.0
2025-301,Auckland,Hard,28.0,250,20250106,14.0,200267,,,Zizou Bergs,R,185.0,BEL,25.596,208134,,,Luca Nardi,R,185.0,ITA,21.421,6-1 6-4,3,R16,81.0,7.0,2.0,47.0,26.0,21.0,12.0,9.0,3.0,5.0,3.0,6.0,69.0,34.0,19.0,13.0,8.0,7.0,12.0,66.0,783.0,90.0,637.0
2025-301,Auckland,Hard,28.0,250,20250106,15.0,210506,,,Alex Michelsen,R,193.0,USA,20.367,132283,,,Lorenzo Sonego,R,191.0,ITA,29.659,7-6(3) 6-2,3,R16,117.0,1.0,2.0,70.0,50.0,39.0,11.0,10.0,3.0,3.0,6.0,1.0,89.0,71.0,45.0,8.0,10.0,8.0,10.0,41.0,1245.0,54.0,1026.0
2025-301,Auckland,Hard,28.0,250,20250106,16.0,207680,,,Facundo Diaz Acosta,L,183.0,ARG,24.06,202104,,,Sebastian Baez,R,170.0,ARG,24.025,6-4 7-6(1),3,R16,128.0,4.0,5.0,79.0,44.0,32.0,18.0,11.0,4.0,7.0,1.0,1.0,75.0,50.0,31.0,12.0,11.0,5.0,9.0,78.0,714.0,28.0,1690.0
2025-301,Auckland,Hard,28.0,250,20250106,17.0,106148,,,Roberto Carballes Baena,R,183.0,ESP,31.792,202103,,,Francisco Cerundolo,R,185.0,ARG,26.401,6-2 7-5,3,R16,91.0,3.0,0.0,69.0,51.0,37.0,11.0,10.0,2.0,2.0,6.0,3.0,59.0,35.0,24.0,12.0,10.0,2.0,5.0,59.0,981.0,31.0,1620.0
2025-301,Auckland,Hard,28.0,250,20250106,18.0,104792,,,Gael Monfils,R,193.0,FRA,38.349,105526,,,Jan-Lennard Struff,R,193.0,GER,34.702,6-1 7-6(5),3,R16,88.0,14.0,4.0,62.0,41.0,37.0,10.0,10.0,1.0,1.0,5.0,2.0,56.0,28.0,20.0,16.0,9.0,0.0,2.0,52.0,1030.0,42.0,1225.0
2025-301,Auckland,Hard,28.0,250,20250106,19.0,132686,,,Nuno Borges,R,185.0,POR,27.88,208363,,,Mariano Navone,R,178.0,ARG,23.858,4-6 7-5 6-4,3,R16,151.0,6.0,0.0,111.0,75.0,47.0,19.0,16.0,4.0,8.0,4.0,3.0,102.0,63.0,41.0,20.0,16.0,5.0,10.0,36.0,1370.0,46.0,1148.0
2025-301,Auckland,Hard,28.0,250,20250106,20.0,210150,,,Jakub Mensik,R,196.0,CZE,19.348,210097,,,Ben Shelton,L,193.0,USA,22.245,7-6(2) 4-6 7-5,3,R16,158.0,10.0,7.0,119.0,71.0,57.0,25.0,17.0,5.0,6.0,7.0,2.0,127.0,84.0,54.0,27.0,17.0,11.0,12.0,49.0,1122.0,21.0,2330.0
2025-301,Auckland,Hard,28.0,250,20250106,21.0,210460,,,Nishesh Basavareddy,R,180.0,USA,19.682,210506,,,Alex Michelsen,R,193.0,USA,20.367,2-6 6-2 6-4,3,QF,102.0,4.0,2.0,79.0,46.0,37.0,17.0,13.0,5.0,7.0,5.0,2.0,73.0,46.0,36.0,9.0,13.0,3.0,6.0,133.0,453.0,41.0,1245.0
2025-301,Auckland,Hard,28.0,250,20250106,22.0,104792,,,Gael Monfils,R,193.0,FRA,38.349,207680,,,Facundo Diaz Acosta,L,183.0,ARG,24.06,6-3 6-1,3,QF,77.0,4.0,1.0,52.0,33.0,28.0,7.0,8.0,3.0,3.0,0.0,1.0,60.0,40.0,25.0,7.0,8.0,3.0,7.0,52.0,1030.0,78.0,714.0
2025-301,Auckland,Hard,28.0,250,20250106,23.0,200267,,,Zizou Bergs,R,185.0,BEL,25.596,106148,,,Roberto Carballes Baena,R,183.0,ESP,31.792,1-6 6-2 6-3,3,QF,112.0,2.0,2.0,65.0,37.0,26.0,13.0,12.0,1.0,5.0,2.0,4.0,74.0,45.0,32.0,8.0,12.0,6.0,11.0,66.0,783.0,59.0,981.0
2025-301,Auckland,Hard,28.0,250,20250106,24.0,132686,,,Nuno Borges,R,185.0,POR,27.88,210150,,,Jakub Mensik,R,196.0,CZE,19.348,6-7(4) 6-2 7-6(4),3,QF,147.0,5.0,0.0,104.0,75.0,53.0,16.0,16.0,3.0,5.0,17.0,9.0,118.0,70.0,53.0,20.0,16.0,4.0,8.0,36.0,1370.0,49.0,1122.0
2025-301,Auckland,Hard,28.0,250,20250106,25.0,104792,,,Gael Monfils,R,193.0,FRA,38.349,210460,,,Nishesh Basavareddy,R,180.0,USA,19.682,7-6(5) 6-4,3,SF,106.0,7.0,2.0,88.0,48.0,36.0,22.0,11.0,5.0,5.0,3.0,0.0,59.0,38.0,27.0,17.0,11.0,1.0,2.0,52.0,1030.0,133.0,453.0
2025-301,Auckland,Hard,28.0,250,20250106,26.0,200267,,,Zizou Bergs,R,185.0,BEL,25.596,132686,,,Nuno Borges,R,185.0,POR,27.88,6-2 3-6 7-5,3,SF,136.0,6.0,1.0,87.0,48.0,31.0,20.0,14.0,3.0,7.0,0.0,2.0,94.0,58.0,34.0,19.0,15.0,7.0,13.0,66.0,783.0,36.0,1370.0
2025-301,Auckland,Hard,28.0,250,20250106,27.0,104792,,,Gael Monfils,R,193.0,FRA,38.349,200267,,,Zizou Bergs,R,185.0,BEL,25.596,6-3 6-4,3,F,97.0,4.0,4.0,60.0,33.0,29.0,15.0,10.0,6.0,6.0,2.0,3.0,64.0,42.0,30.0,10.0,9.0,3.0,5.0,52.0,1030.0,66.0,783.0
2025-580,Australian Open,Hard,128.0,G,20250113,1.0,126203,4.0,,Taylor Fritz,R,196.0,USA,27.211,202385,,,Jenson Brooksby,R,193.0,USA,24.216,6-2 6-0 6-3,5,R128,106.0,7.0,1.0,70.0,47.0,39.0,14.0,12.0,2.0,2.0,1.0,4.0,80.0,47.0,31.0,7.0,11.0,1.0,7.0,4.0,5350.0,,
2025-580,Australian Open,Hard,128.0,G,20250113,2.0,106421,5.0,,Daniil Medvedev,R,198.0,RUS,28.923,208937,,WC,Kasidit Samrej,R,191.0,THA,23.981,6-2 4-6 3-6 6-1 6-2,5,R128,188.0,24.0,8.0,104.0,58.0,53.0,28.0,21.0,4.0,6.0,4.0,6.0,155.0,91.0,59.0,29.0,21.0,7.0,13.0,5.0,5030.0,418.0,109.0
2025-580,Australian Open,Hard,128.0,G,20250113,3.0,200282,8.0,,Alex de Minaur,R,183.0,AUS,25.906,122298,,,Botic van de Zandschulp,R,191.0,NED,29.279,6-1 7-5 6-4,5,R128,142.0,13.0,4.0,93.0,59.0,48.0,17.0,15.0,4.0,5.0,5.0,7.0,90.0,45.0,29.0,21.0,14.0,5.0,10.0,8.0,3535.0,84.0,672.0
2025-580,Australian Open,Hard,128.0,G,20250113,4.0,211663,,Q,Joao Fonseca,R,188.0,BRA,18.398,126094,9.0,,Andrey Rublev,R,188.0,RUS,27.233,7-6(1) 6-3 7-6(5),5,R128,147.0,14.0,1.0,120.0,84.0,66.0,19.0,17.0,5.0,6.0,13.0,5.0,105.0,73.0,50.0,18.0,16.0,8.0,10.0,112.0,520.0,9.0,3520.0
2025-580,Australian Open,Hard,128.0,G,20250113,5.0,208029,13.0,,Holger Rune,R,188.0,DEN,21.711,111190,,,Zhizhen Zhang,R,193.0,CHN,28.244,4-6 6-3 6-4 3-6 6-4,5,R128,190.0,10.0,4.0,131.0,86.0,62.0,31.0,24.0,3.0,6.0,21.0,2.0,142.0,92.0,71.0,22.0,24.0,6.0,10.0,13.0,2910.0,49.0,1140.0
2025-580,Australian Open,Hard,128.0,G,20250113,6.0,207518,16.0,,Lorenzo Musetti,R,185.0,ITA,22.867,208286,,,Matteo Arnaldi,R,185.0,ITA,23.89,7-6(4) 4-6 7-6(5) 6-3,5,R128,246.0,6.0,5.0,147.0,89.0,56.0,30.0,22.0,8.0,16.0,7.0,13.0,183.0,96.0,60.0,40.0,21.0,19.0,28.0,15.0,2600.0,39.0,1305.0
2025-580,Australian Open,Hard,128.0,G,20250113,7.0,128034,18.0,,Hubert Hurkacz,R,196.0,POL,27.921,134868,,,Tallon Griekspoor,R,188.0,NED,28.534,7-5 6-4 6-4,5,R128,143.0,14.0,1.0,83.0,63.0,49.0,13.0,16.0,0.0,1.0,10.0,5.0,120.0,71.0,50.0,22.0,16.0,14.0,18.0,17.0,2555.0,40.0,1280.0
2025-580,Australian Open,Hard,128.0,G,20250113,8.0,111575,19.0,,Karen Khachanov,R,198.0,RUS,28.649,105173,,,Adrian Mannarino,L,180.0,FRA,36.542,7-6(5) 6-3 6-3,5,R128,140.0,6.0,4.0,81.0,53.0,44.0,14.0,15.0,1.0,4.0,4.0,7.0,106.0,47.0,30.0,26.0,15.0,4.0,10.0,19.0,2410.0,75.0,751.0
2025-580,Australian Open,Hard,128.0,G,20250113,9.0,210097,21.0,,Ben Shelton,L,193.0,USA,22.264,206909,,,Brandon Nakashima,R,188.0,USA,23.447,7-6(3) 7-5 7-5,5,R128,160.0,12.0,3.0,113.0,67.0,49.0,30.0,18.0,2.0,3.0,9.0,2.0,111.0,73.0,52.0,22.0,18.0,5.0,8.0,20.0,2280.0,35.0,1355.0
2025-580,Australian Open,Hard,128.0,G,20250113,10.0,144895,,,Corentin Moutet,L,180.0,FRA,25.739,200615,25.0,,Alexei Popyrin,R,196.0,AUS,25.443,4-6 6-3 6-4 6-4,5,R128,214.0,6.0,2.0,124.0,72.0,54.0,30.0,20.0,9.0,12.0,1.0,7.0,144.0,93.0,62.0,20.0,19.0,14.0,19.0,69.0,772.0,24.0,1840.0
2025-580,Australian Open,Hard,128.0,G,20250113,11.0,104792,,,Gael Monfils,R,193.0,FRA,38.368,208659,30.0,,Giovanni Mpetshi Perricard,R,203.0,FRA,21.52,7-6(7) 6-3 6-7(6) 6-7(5) 6-4,5,R128,226.0,18.0,16.0,174.0,102.0,86.0,42.0,28.0,0.0,0.0,19.0,9.0,181.0,113.0,84.0,42.0,27.0,10.0,12.0,41.0,1280.0,30.0,1651.0
2025-580,Australian Open,Hard,128.0,G,20250113,12.0,202103,31.0,,Francisco Cerundolo,R,185.0,ARG,26.42,122330,,,Alexander Bublik,R,196.0,KAZ,27.576,7-6(1) 6-3 6-2,5,R128,109.0,6.0,3.0,83.0,50.0,42.0,19.0,15.0,1.0,3.0,10.0,15.0,106.0,57.0,41.0,14.0,14.0,8.0,13.0,31.0,1620.0,37.0,1330.0
2025-580,Australian Open,Hard,128.0,G,20250113,13.0,144869,,,Tomas Martin Etcheverry,R,196.0,ARG,25.492,207925,32.0,,Flavio Cobolli,R,183.0,ITA,22.691,6-7(8) 6-3 7-5 6-1,5,R128,215.0,16.0,3.0,136.0,84.0,64.0,30.0,20.0,7.0,8.0,10.0,3.0,150.0,86.0,52.0,37.0,20.0,9.0,15.0,38.0,1315.0,32.0,1512.0
2025-580,Australian Open,Hard,128.0,G,20250113,14.0,127157,,,Daniel Altmaier,R,188.0,GER,26.338,207681,,,Francisco Comesana,R,178.0,ARG,24.271,6-2 3-6 7-6(4) 4-6 6-4,5,R128,202.0,13.0,5.0,132.0,84.0,74.0,26.0,25.0,2.0,4.0,18.0,5.0,146.0,92.0,78.0,24.0,24.0,3.0,6.0,101.0,582.0,85.0,662.0
2025-580,Australian Open,Hard,128.0,G,20250113,15.0,126610,,,Matteo Berrettini,R,196.0,ITA,28.756,111815,,,Cameron Norrie,L,188.0,GBR,29.394,6-7(4) 6-4 6-1 6-3,5,R128,176.0,32.0,7.0,114.0,80.0,68.0,16.0,19.0,5.0,5.0,13.0,2.0,138.0,91.0,61.0,22.0,19.0,9.0,14.0,34.0,1380.0,52.0,1082.0
2025-580,Australian Open,Hard,128.0,G,20250113,16.0,900001,,Q,Tristan Boyer,R,188.0,USA,23.732,105948,,,Federico Coria,R,180.0,ARG,32.849,6-3 6-7(3) 4-6 7-5 6-1,5,R128,231.0,10.0,1.0,139.0,97.0,78.0,24.0,25.0,2.0,5.0,10.0,8.0,163.0,104.0,72.0,28.0,25.0,6.0,12.0,136.0,448.0,96.0,617.0
2025-580,Australian Open,Hard,128.0,G,20250113,17.0,105807,,,Pablo Carreno Busta,R,188.0,ESP,33.509,111794,,Q,Kamil Majchrzak,R,183.0,POL,29.002,6-4 6-4 6-3,5,R128,123.0,6.0,1.0,86.0,62.0,46.0,14.0,15.0,5.0,5.0,4.0,2.0,88.0,62.0,43.0,12.0,14.0,5.0,9.0,182.0,317.0,122.0,491.0
2025-580,Australian Open,Hard,128.0,G,20250113,18.0,209113,,,Gabriel Diallo,R,203.0,CAN,23.305,208134,,,Luca Nardi,R,185.0,ITA,21.44,6-7(1) 7-6(3) 5-7 6-1 6-2,5,R128,249.0,21.0,8.0,167.0,104.0,78.0,32.0,26.0,11.0,15.0,9.0,13.0,167.0,94.0,63.0,38.0,25.0,9.0,16.0,86.0,646.0,83.0,675.0
2025-580,Australian Open,Hard,128.0,G,20250113,19.0,207680,,,Facundo Diaz Acosta,L,183.0,ARG,24.079,200267,,,Zizou Bergs,R,185.0,BEL,25.615,6-7(5) 6-4 1-6 6-3 6-4,5,R128,246.0,8.0,9.0,154.0,93.0,72.0,31.0,24.0,8.0,11.0,12.0,9.0,161.0,86.0,64.0,40.0,24.0,12.0,16.0,73.0,758.0,60.0,948.0
2025-580,Australian Open,Hard,128.0,G,20250113,20.0,106426,,Q,Cristian Garin,R,185.0,CHI,28.624,106432,,,Borna Coric,R,188.0,CRO,28.164,7-5 6-1 6-2,5,R128,123.0,7.0,2.0,62.0,34.0,30.0,20.0,14.0,0.0,1.0,3.0,4.0,85.0,44.0,27.0,18.0,13.0,6.0,13.0,150.0,382.0,87.0,639.0
2025-580,Australian Open,Hard,128.0,G,20250113,21.0,106218,,,Marcos Giron,R,180.0,USA,31.474,105870,,,Yannick Hanfmann,R,193.0,GER,33.169,2-6 7-5 6-1 7-5,5,R128,182.0,9.0,3.0,116.0,70.0,48.0,25.0,20.0,3.0,8.0,11.0,2.0,138.0,87.0,57.0,21.0,19.0,16.0,23.0,46.0,1175.0,95.0,618.0
2025-580,Australian Open,Hard,128.0,G,20250113,22.0,200175,,,Miomir Kecmanovic,R,183.0,SRB,25.372,105583,,,Dusan Lajovic,R,183.0,SRB,34.541,7-5 3-6 6-3 3-6 6-3,5,R128,206.0,10.0,5.0,172.0,102.0,71.0,36.0,24.0,16.0,20.0,17.0,3.0,158.0,101.0,69.0,29.0,24.0,7.0,12.0,51.0,1096.0,80.0,717.0
2025-580,Australian Open,Hard,128.0,G,20250113,23.0,106283,,Q,Mitchell Krueger,R,188.0,USA,31.003,208014,,,Rinky Hijikata,R,178.0,AUS,23.888,6-4 6-4 6-3,5,R128,131.0,6.0,1.0,79.0,62.0,42.0,11.0,15.0,5.0,8.0,8.0,8.0,103.0,57.0,37.0,18.0,14.0,8.0,15.0,146.0,396.0,72.0,759.0
2025-580,Australian Open,Hard,128.0,G,20250113,24.0,133430,,,Denis Shapovalov,L,185.0,CAN,25.749,105138,,,Roberto Bautista Agut,R,183.0,ESP,36.75,3-6 6-4 6-4 7-6(8),5,R128,191.0,24.0,15.0,131.0,63.0,55.0,26.0,21.0,6.0,10.0,2.0,5.0,136.0,99.0,59.0,22.0,20.0,13.0,17.0,56.0,1006.0,53.0,1067.0
2025-580,Australian Open,Hard,128.0,G,20250113,25.0,132283,,,Lorenzo Sonego,R,191.0,ITA,29.678,104527,,WC,Stan Wawrinka,R,183.0,SUI,39.797,6-4 5-7 7-5 7-5,5,R128,191.0,12.0,6.0,132.0,82.0,69.0,27.0,23.0,9.0,11.0,6.0,3.0,112.0,56.0,41.0,40.0,23.0,1.0,5.0,55.0,1026.0,156.0,371.0
2025-580,Australian Open,Hard,128.0,G,20250113,26.0,210530,,Q,Learner Tien,L,180.0,USA,19.116,200116,,,Camilo Ugo Carabelli,R,185.0,ARG,25.577,4-6 7-6(3) 6-3 5-7 6-4,5,R128,236.0,7.0,16.0,168.0,102.0,74.0,29.0,27.0,7.0,14.0,10.0,9.0,178.0,112.0,81.0,26.0,26.0,13.0,20.0,121.0,493.0,94.0,624.0
2025-580,Australian Open,Hard,128.0,G,20250113,27.0,206173,1.0,,Jannik Sinner,R,191.0,ITA,23.411,111797,,,Nicolas Jarry,R,201.0,CHI,29.259,7-6(2) 7-6(5) 6-1,5,R128,160.0,7.0,1.0,101.0,58.0,48.0,30.0,16.0,2.0,2.0,13.0,4.0,98.0,71.0,52.0,13.0,15.0,3.0,5.0,1.0,11830.0,36.0,1340.0
2025-580,Australian Open,Hard,128.0,G,20250113,28.0,207989,3.0,,Carlos Alcaraz,R,183.0,ESP,21.695,207686,,,Alexander Shevchenko,R,188.0,KAZ,24.123,6-1 7-5 6-1,5,R128,114.0,6.0,4.0,81.0,48.0,33.0,22.0,13.0,2.0,4.0,0.0,0.0,89.0,53.0,28.0,14.0,13.0,11.0,19.0,3.0,7010.0,77.0,743.0
2025-580,Australian Open,Hard,128.0,G,20250113,29.0,104925,7.0,,Novak Djokovic,R,188.0,SRB,37.648,210460,,WC,Nishesh Basavareddy,R,180.0,USA,19.702,4-6 6-3 6-4 6-2,5,R128,179.0,23.0,4.0,106.0,72.0,56.0,21.0,19.0,2.0,3.0,4.0,8.0,129.0,71.0,51.0,26.0,18.0,7.0,11.0,7.0,3900.0,107.0,566.0
2025-580,Australian Open,Hard,128.0,G,20250113,30.0,208859,,LL,Francesco Passaro,R,180.0,ITA,24.016,105777,10.0,,Grigor Dimitrov,R,191.0,BUL,33.665,7-5 2-1 RET,5,R128,65.0,5.0,0.0,39.0,22.0,16.0,12.0,8.0,0.0,0.0,6.0,4.0,54.0,38.0,25.0,7.0,7.0,2.0,4.0,104.0,571.0,10.0,3200.0
2025-580,Australian Open,Hard,128.0,G,20250113,31.0,210506,,,Alex Michelsen,R,193.0,USA,20.386,126774,11.0,,Stefanos Tsitsipas,R,193.0,GRE,26.423,7-5 6-3 2-6 6-4,5,R128,163.0,8.0,8.0,124.0,85.0,59.0,20.0,20.0,3.0,7.0,13.0,2.0,116.0,72.0,50.0,23.0,19.0,7.0,12.0,42.0,1270.0,12.0,3195.0
2025-580,Australian Open,Hard,128.0,G,20250113,32.0,126205,12.0,,Tommy Paul,R,185.0,USA,27.661,900000,,,Christopher O'Connell,R,183.0,AUS,30.615,6-2 3-6 6-1 6-7(5) 7-5,5,R128,240.0,15.0,3.0,149.0,91.0,73.0,29.0,24.0,6.0,8.0,11.0,1.0,178.0,114.0,76.0,29.0,24.0,14.0,20.0,11.0,3195.0,70.0,770.0
2025-580,Australian Open,Hard,128.0,G,20250113,33.0,207733,15.0,,Jack Draper,L,193.0,GBR,23.061,208363,,,Mariano Navone,R,178.0,ARG,23.877,4-6 6-3 3-6 6-3 6-2,5,R128,241.0,13.0,3.0,160.0,93.0,62.0,32.0,23.0,12.0,17.0,5.0,4.0,160.0,108.0,64.0,27.0,22.0,10.0,17.0,18.0,2530.0,47.0,1173.0
2025-580,Australian Open,Hard,128.0,G,20250113,34.0,126207,17.0,,Frances Tiafoe,R,188.0,USA,26.982,126239,,,Arthur Rinderknech,R,196.0,FRA,29.478,7-6(2) 6-3 4-6 6-7(4) 6-3,5,R128,248.0,14.0,8.0,169.0,98.0,77.0,40.0,26.0,8.0,10.0,33.0,10.0,161.0,94.0,79.0,30.0,26.0,5.0,10.0,16.0,2560.0,61.0,927.0
2025-580,Australian Open,Hard,128.0,G,20250113,35.0,200624,22.0,,Sebastian Korda,R,196.0,USA,24.526,127760,,Q,Lukas Klein,R,193.0,SVK,26.815,6-3 0-6 6-3 7-6(6),5,R128,147.0,7.0,3.0,113.0,68.0,44.0,25.0,18.0,6.0,10.0,11.0,4.0,108.0,64.0,45.0,24.0,18.0,4.0,8.0,22.0,2065.0,144.0,405.0
2025-580,Australian Open,Hard,128.0,G,20250113,36.0,106148,,,Roberto Carballes Baena,R,183.0,ESP,31.811,126214,23.0,,Alejandro Tabilo,L,188.0,CHI,27.617,1-6 6-2 6-3 7-6(1),5,R128,171.0,7.0,2.0,113.0,75.0,49.0,23.0,18.0,8.0,12.0,9.0,2.0,110.0,66.0,46.0,17.0,18.0,5.0,10.0,57.0,981.0,26.0,1705.0
2025-580,Australian Open,Hard,128.0,G,20250113,37.0,111442,27.0,,Jordan Thompson,R,183.0,AUS,30.735,136440,,Q,Dominik Koepfer,L,180.0,GER,30.71,7-6(3) 6-4 4-6 6-3,5,R128,195.0,18.0,3.0,128.0,67.0,52.0,36.0,21.0,8.0,12.0,5.0,6.0,116.0,69.0,51.0,24.0,20.0,3.0,8.0,27.0,1695.0,124.0,485.0
2025-580,Australian Open,Hard,128.0,G,20250113,38.0,209070,,,Arthur Cazaux,R,183.0,FRA,22.393,202104,28.0,,Sebastian Baez,R,170.0,ARG,24.044,6-3 5-7 3-6 6-0 6-3,5,R128,224.0,10.0,1.0,143.0,84.0,60.0,33.0,23.0,7.0,11.0,1.0,3.0,129.0,97.0,65.0,15.0,22.0,6.0,13.0,78.0,732.0,28.0,1690.0
2025-580,Australian Open,Hard,128.0,G,20250113,39.0,200000,29.0,,Felix Auger-Aliassime,R,193.0,CAN,24.433,105526,,,Jan-Lennard Struff,R,193.0,GER,34.721,6-3 6-0 4-6 6-1,5,R128,144.0,19.0,3.0,93.0,65.0,52.0,14.0,16.0,2.0,4.0,15.0,4.0,114.0,67.0,35.0,22.0,16.0,12.0,20.0,23.0,1905.0,43.0,1240.0
2025-580,Australian Open,Hard,128.0,G,20250113,40.0,126127,,,Benjamin Bonzi,R,183.0,FRA,28.597,105676,,,David Goffin,R,180.0,BEL,34.103,6-1 6-2 7-6(7),5,R128,133.0,12.0,3.0,105.0,62.0,43.0,23.0,14.0,5.0,8.0,8.0,3.0,85.0,43.0,27.0,16.0,13.0,7.0,14.0,64.0,819.0,54.0,1029.0
2025-580,Australian Open,Hard,128.0,G,20250113,41.0,132686,,,Nuno Borges,R,185.0,POR,27.899,124186,,,Alexandre Muller,R,183.0,FRA,27.948,6-7(2) 6-3 6-2 7-5,5,R128,175.0,20.0,5.0,123.0,85.0,66.0,21.0,21.0,4.0,5.0,7.0,2.0,125.0,83.0,58.0,19.0,20.0,5.0,10.0,33.0,1445.0,58.0,965.0
2025-580,Australian Open,Hard,128.0,G,20250113,42.0,200221,,,Alejandro Davidovich Fokina,R,180.0,ESP,25.61,209992,,,Juncheng Shang,L,180.0,CHN,19.945,7-6(1) 5-2 RET,5,R128,111.0,0.0,4.0,58.0,30.0,21.0,15.0,10.0,1.0,4.0,3.0,4.0,89.0,51.0,29.0,14.0,9.0,7.0,12.0,66.0,790.0,50.0,1115.0
2025-580,Australian Open,Hard,128.0,G,20250113,43.0,105902,,,James Duckworth,R,183.0,AUS,32.98,208502,,,Dominic Stricker,L,183.0,SUI,22.412,6-2 6-4 6-2,5,R128,96.0,10.0,1.0,69.0,40.0,34.0,19.0,13.0,1.0,1.0,7.0,3.0,78.0,45.0,30.0,15.0,13.0,1.0,6.0,89.0,637.0,304.0,173.0
2025-580,Australian Open,Hard,128.0,G,20250113,44.0,210262,,Q,Jaime Faria,R,188.0,POR,21.44,200303,,,Pavel Kotov,R,191.0,RUS,26.155,6-1 6-1 7-5,5,R128,105.0,10.0,3.0,70.0,44.0,34.0,20.0,13.0,2.0,2.0,9.0,7.0,84.0,42.0,29.0,15.0,13.0,4.0,10.0,125.0,481.0,97.0,612.0
2025-580,Australian Open,Hard,128.0,G,20250113,45.0,207985,,,Jacob Fearnley,R,183.0,GBR,23.499,106401,,,Nick Kyrgios,R,193.0,AUS,29.717,7-6(3) 6-3 7-6(2),5,R128,139.0,17.0,8.0,110.0,68.0,55.0,27.0,17.0,2.0,3.0,13.0,8.0,119.0,87.0,60.0,14.0,16.0,9.0,11.0,92.0,632.0,,
2025-580,Australian Open,Hard,128.0,G,20250113,46.0,106423,,,Thanasi Kokkinakis,R,193.0,AUS,28.761,126128,,,Roman Safiullin,R,185.0,RUS,27.436,3-6 6-3 6-3 7-6(5),5,R128,245.0,23.0,1.0,158.0,106.0,76.0,18.0,20.0,18.0,22.0,14.0,2.0,130.0,91.0,59.0,18.0,19.0,2.0,8.0,71.0,766.0,63.0,823.0
2025-580,Australian Open,Hard,128.0,G,20250113,47.0,206681,,,Fabian Marozsan,R,193.0,HUN,25.268,205734,,,Thiago Seyboth Wild,R,185.0,BRA,24.846,6-3 6-7(5) 7-5 5-7 7-5,5,R128,236.0,20.0,1.0,165.0,118.0,88.0,32.0,29.0,2.0,4.0,23.0,6.0,190.0,132.0,102.0,24.0,28.0,12.0,16.0,59.0,960.0,79.0,732.0
2025-580,Australian Open,Hard,128.0,G,20250113,48.0,210317,,WC,James McCabe,R,188.0,AUS,21.528,212021,,Q,Martin Landaluce,R,193.0,ESP,19.014,6-4 6-3 6-4,5,R128,127.0,14.0,2.0,82.0,63.0,52.0,12.0,15.0,1.0,1.0,9.0,8.0,92.0,54.0,41.0,15.0,14.0,6.0,9.0,258.0,216.0,142.0,414.0
2025-580,Australian Open,Hard,128.0,G,20250113,49.0,210150,,,Jakub Mensik,R,196.0,CZE,19.368,105932,,Q,Nikoloz Basilashvili,R,185.0,GEO,32.89,6-1 6-7(3) 6-3 6-3,5,R128,153.0,31.0,8.0,125.0,68.0,56.0,29.0,19.0,11.0,12.0,10.0,9.0,116.0,58.0,45.0,24.0,18.0,5.0,11.0,48.0,1162.0,206.0,273.0
2025-580,Australian Open,Hard,128.0,G,20250113,50.0,106415,,,Yoshihito Nishioka,L,170.0,JPN,29.298,144826,,Q,Aziz Dougaz,L,188.0,TUN,27.803,3-6 6-4 7-6(3) 6-3,5,R128,179.0,3.0,1.0,117.0,70.0,50.0,31.0,20.0,5.0,8.0,18.0,7.0,135.0,85.0,63.0,16.0,20.0,6.0,11.0,65.0,807.0,231.0,254.0
2025-580,Australian Open,Hard,128.0,G,20250113,51.0,209262,,WC,Tristan Schoolkate,R,183.0,AUS,23.88,106121,,,Taro Daniel,R,191.0,JPN,31.962,6-7(6) 7-6(4) 6-1 6-4,5,R128,194.0,23.0,4.0,133.0,72.0,61.0,35.0,21.0,8.0,10.0,8.0,1.0,128.0,86.0,63.0,20.0,20.0,7.0,12.0,173.0,336.0,113.0,519.0
2025-580,Australian Open,Hard,128.0,G,20250113,52.0,126846,,,Aleksandar Vukic,R,188.0,AUS,28.772,106000,,,Damir Dzumhur,R,175.0,BIH,32.652,6-7(3) 6-0 3-6 6-3 6-4,5,R128,199.0,24.0,3.0,131.0,76.0,57.0,30.0,23.0,6.0,10.0,3.0,4.0,149.0,94.0,52.0,34.0,23.0,7.0,15.0,68.0,778.0,82.0,679.0
2025-580,Australian Open,Hard,128.0,G,20250113,53.0,100644,2.0,,Alexander Zverev,R,198.0,GER,27.734,106298,,WC,Lucas Pouille,R,185.0,FRA,30.888,6-4 6-4 6-4,5,R128,141.0,18.0,2.0,88.0,64.0,50.0,15.0,15.0,2.0,2.0,3.0,7.0,113.0,62.0,45.0,21.0,15.0,15.0,18.0,2.0,7635.0,103.0,575.0
2025-580,Australian Open,Hard,128.0,G,20250113,54.0,134770,6.0,,Casper Ruud,R,183.0,NOR,26.062,144719,,,Jaume Munar,R,183.0,ESP,27.693,6-3 1-6 7-5 2-6 6-1,5,R128,201.0,7.0,2.0,123.0,83.0,57.0,23.0,22.0,3.0,8.0,10.0,3.0,138.0,90.0,66.0,18.0,21.0,7.0,12.0,6.0,4210.0,62.0,922.0
2025-580,Australian Open,Hard,128.0,G,20250113,55.0,200005,14.0,,Ugo Humbert,L,188.0,FRA,26.552,209263,,Q,Matteo Gigante,L,180.0,ITA,23.025,7-6(5) 7-5 6-4,5,R128,169.0,9.0,4.0,107.0,67.0,50.0,25.0,17.0,2.0,3.0,16.0,7.0,119.0,75.0,58.0,21.0,17.0,6.0,9.0,14.0,2765.0,145.0,403.0
2025-580,Australian Open,Hard,128.0,G,20250113,56.0,209950,20.0,,Arthur Fils,R,185.0,FRA,20.589,202261,,,Otto Virtanen,R,193.0,FIN,23.565,3-6 7-6(4) 6-4 6-4,5,R128,165.0,15.0,2.0,116.0,74.0,60.0,23.0,21.0,2.0,4.0,11.0,12.0,146.0,80.0,59.0,32.0,20.0,7.0,10.0,21.0,2280.0,93.0,627.0
2025-580,Australian Open,Hard,128.0,G,20250113,57.0,208103,24.0,,Jiri Lehecka,R,185.0,CZE,23.181,111454,,WC,Li Tu,R,183.0,AUS,28.632,6-1 3-6 6-3 7-6(1),5,R128,140.0,13.0,2.0,103.0,67.0,54.0,26.0,19.0,3.0,4.0,8.0,4.0,107.0,66.0,50.0,21.0,18.0,3.0,6.0,29.0,1660.0,168.0,342.0
2025-580,Australian Open,Hard,128.0,G,20250113,58.0,207830,26.0,,Tomas Machac,R,183.0,CZE,24.252,111576,,,Sumit Nagal,R,178.0,IND,27.411,6-3 6-1 7-5,5,R128,125.0,7.0,4.0,82.0,40.0,31.0,25.0,14.0,5.0,7.0,0.0,5.0,85.0,58.0,31.0,10.0,14.0,8.0,15.0,25.0,1805.0,91.0,635.0
2025-580,Australian Open,Hard,128.0,G,20250113,59.0,200384,,,Hugo Gaston,L,173.0,FRA,24.298,117357,,WC,Omar Jasika,L,183.0,AUS,27.658,6-2 3-6 6-2 6-2,5,R128,150.0,12.0,2.0,101.0,61.0,46.0,22.0,17.0,7.0,9.0,2.0,3.0,109.0,85.0,51.0,9.0,16.0,4.0,11.0,81.0,703.0,179.0,323.0
2025-580,Australian Open,Hard,128.0,G,20250113,60.0,200273,,Q,Hady Habib,R,188.0,LBN,26.398,900002,,,Yunchaokete Bu,R,185.0,CHN,22.984,7-6(4) 6-4 7-6(6),5,R128,151.0,18.0,2.0,89.0,59.0,52.0,23.0,17.0,0.0,1.0,13.0,3.0,112.0,64.0,44.0,30.0,17.0,3.0,5.0,219.0,264.0,67.0,784.0
2025-580,Australian Open,Hard,128.0,G,20250113,61.0,111460,,,Quentin Halys,R,191.0,FRA,28.216,200443,,,Adam Walton,R,183.0,AUS,25.744,4-6 4-6 6-4 7-6(4) 7-5,5,R128,218.0,31.0,6.0,164.0,99.0,83.0,32.0,27.0,4.0,6.0,11.0,1.0,157.0,105.0,78.0,35.0,27.0,3.0,5.0,74.0,756.0,90.0,636.0
2025-580,Australian Open,Hard,128.0,G,20250113,62.0,124079,,,Pedro Martinez,R,185.0,ESP,27.718,209260,,,Luciano Darderi,R,183.0,ITA,22.913,6-3 4-1 RET,5,R128,72.0,1.0,2.0,42.0,32.0,23.0,6.0,7.0,4.0,5.0,3.0,4.0,57.0,36.0,20.0,6.0,7.0,3.0,7.0,44.0,1220.0,45.0,1198.0
2025-580,Australian Open,Hard,128.0,G,20250113,63.0,105453,,,Kei Nishikori,R,178.0,JPN,35.042,106329,,Q,Thiago Monteiro,L,183.0,BRA,30.623,4-6 6-7(4) 7-5 6-2 6-3,5,R128,246.0,17.0,3.0,140.0,101.0,82.0,22.0,26.0,6.0,7.0,21.0,5.0,169.0,108.0,80.0,31.0,25.0,14.0,19.0,76.0,743.0,105.0,566.0
2025-580,Australian Open,Hard,128.0,G,20250113,64.0,124187,,,Reilly Opelka,R,211.0,USA,27.379,900051,,Q,Gauthier Onclin,R,180.0,BEL,23.88,3-6 7-6(4) 6-3 6-2,5,R128,191.0,38.0,5.0,160.0,115.0,85.0,15.0,19.0,10.0,13.0,2.0,4.0,121.0,83.0,54.0,20.0,19.0,3.0,7.0,170.0,341.0,239.0,242.0
2025-580,Australian Open,Hard,128.0,G,20250113,65.0,206173,1.0,,Jannik Sinner,R,191.0,ITA,23.411,209262,,WC,Tristan Schoolkate,R,183.0,AUS,23.88,4-6 6-4 6-1 6-3,5,R64,166.0,14.0,5.0,100.0,62.0,48.0,21.0,18.0,0.0,1.0,13.0,10.0,138.0,83.0,59.0,19.0,18.0,8.0,13.0,1.0,11830.0,173.0,336.0
2025-580,Australian Open,Hard,128.0,G,20250113,66.0,126203,4.0,,Taylor Fritz,R,196.0,USA,27.211,106426,,Q,Cristian Garin,R,185.0,CHI,28.624,6-2 6-1 6-0,5,R64,82.0,8.0,1.0,60.0,40.0,32.0,12.0,11.0,0.0,0.0,2.0,3.0,62.0,40.0,20.0,7.0,10.0,2.0,9.0,4.0,5350.0,150.0,382.0
2025-580,Australian Open,Hard,128.0,G,20250113,67.0,210530,,Q,Learner Tien,L,180.0,USA,19.116,106421,5.0,,Daniil Medvedev,R,198.0,RUS,28.923,6-3 7-6(4) 6-7(8) 1-6 7-6(7),5,R64,288.0,7.0,4.0,201.0,142.0,86.0,26.0,26.0,14.0,24.0,20.0,9.0,169.0,95.0,67.0,32.0,26.0,6.0,15.0,121.0,493.0,5.0,5030.0
2025-580,Australian Open,Hard,128.0,G,20250113,68.0,200282,8.0,,Alex de Minaur,R,183.0,AUS,25.906,900001,,Q,Tristan Boyer,R,188.0,USA,23.732,6-2 6-4 6-3,5,R64,119.0,6.0,3.0,64.0,34.0,30.0,21.0,14.0,1.0,2.0,3.0,2.0,96.0,63.0,40.0,11.0,13.0,8.0,14.0,8.0,3535.0,136.0,448.0
2025-580,Australian Open,Hard,128.0,G,20250113,69.0,208029,13.0,,Holger Rune,R,188.0,DEN,21.711,126610,,,Matteo Berrettini,R,196.0,ITA,28.756,7-6(3) 2-6 6-3 7-6(6),5,R64,207.0,8.0,6.0,127.0,81.0,59.0,28.0,21.0,6.0,10.0,16.0,2.0,149.0,108.0,70.0,23.0,20.0,7.0,10.0,13.0,2910.0,34.0,1380.0
2025-580,Australian Open,Hard,128.0,G,20250113,70.0,207518,16.0,,Lorenzo Musetti,R,185.0,ITA,22.867,133430,,,Denis Shapovalov,L,185.0,CAN,25.749,7-6(3) 7-6(6) 6-2,5,R64,162.0,3.0,4.0,111.0,76.0,58.0,19.0,16.0,4.0,5.0,5.0,15.0,112.0,65.0,46.0,20.0,16.0,8.0,11.0,15.0,2600.0,56.0,1006.0
2025-580,Australian Open,Hard,128.0,G,20250113,71.0,206681,,,Fabian Marozsan,R,193.0,HUN,25.268,126207,17.0,,Frances Tiafoe,R,188.0,USA,26.982,6-7(3) 6-4 3-6 6-4 6-1,5,R64,197.0,14.0,6.0,172.0,101.0,74.0,39.0,24.0,17.0,20.0,19.0,10.0,150.0,85.0,67.0,28.0,24.0,11.0,17.0,59.0,960.0,16.0,2560.0
2025-580,Australian Open,Hard,128.0,G,20250113,72.0,200175,,,Miomir Kecmanovic,R,183.0,SRB,25.372,128034,18.0,,Hubert Hurkacz,R,196.0,POL,27.921,6-4 6-4 6-2,5,R64,111.0,6.0,0.0,84.0,49.0,38.0,24.0,14.0,3.0,3.0,14.0,6.0,82.0,53.0,41.0,11.0,14.0,7.0,11.0,51.0,1096.0,17.0,2555.0
2025-580,Australian Open,Hard,128.0,G,20250113,73.0,111575,19.0,,Karen Khachanov,R,198.0,RUS,28.649,209113,,,Gabriel Diallo,R,203.0,CAN,23.305,7-6(4) 4-6 6-3 6-3,5,R64,194.0,10.0,1.0,122.0,71.0,56.0,32.0,20.0,4.0,5.0,15.0,4.0,135.0,87.0,66.0,22.0,20.0,7.0,10.0,19.0,2410.0,86.0,646.0
2025-580,Australian Open,Hard,128.0,G,20250113,74.0,210097,21.0,,Ben Shelton,L,193.0,USA,22.264,105807,,,Pablo Carreno Busta,R,188.0,ESP,33.509,6-3 6-3 6-7(4) 6-4,5,R64,156.0,17.0,4.0,111.0,68.0,58.0,30.0,20.0,6.0,6.0,3.0,1.0,109.0,74.0,59.0,19.0,20.0,1.0,5.0,20.0,2280.0,182.0,317.0
2025-580,Australian Open,Hard,128.0,G,20250113,75.0,202103,31.0,,Francisco Cerundolo,R,185.0,ARG,26.42,207680,,,Facundo Diaz Acosta,L,183.0,ARG,24.079,6-2 1-0 RET,5,R64,40.0,2.0,0.0,26.0,17.0,12.0,5.0,5.0,1.0,2.0,0.0,2.0,27.0,18.0,7.0,3.0,4.0,2.0,6.0,31.0,1620.0,73.0,758.0
2025-580,Australian Open,Hard,128.0,G,20250113,76.0,106218,,,Marcos Giron,R,180.0,USA,31.474,144869,,,Tomas Martin Etcheverry,R,196.0,ARG,25.492,7-5 3-6 7-5 3-6 6-4,5,R64,246.0,8.0,1.0,163.0,98.0,64.0,34.0,26.0,11.0,19.0,14.0,1.0,153.0,94.0,60.0,30.0,26.0,6.0,14.0,46.0,1175.0,38.0,1315.0
2025-580,Australian Open,Hard,128.0,G,20250113,77.0,210506,,,Alex Michelsen,R,193.0,USA,20.386,210317,,WC,James McCabe,R,188.0,AUS,21.528,7-5 6-3 7-6(4),5,R64,135.0,8.0,2.0,96.0,76.0,61.0,14.0,17.0,0.0,0.0,10.0,4.0,110.0,65.0,48.0,19.0,16.0,12.0,14.0,42.0,1270.0,258.0,216.0
2025-580,Australian Open,Hard,128.0,G,20250113,78.0,104792,,,Gael Monfils,R,193.0,FRA,38.368,127157,,,Daniel Altmaier,R,188.0,GER,26.338,7-5 6-3 7-6(3),5,R64,139.0,12.0,8.0,99.0,57.0,47.0,21.0,17.0,2.0,5.0,4.0,2.0,99.0,55.0,36.0,22.0,16.0,5.0,10.0,41.0,1280.0,101.0,582.0
2025-580,Australian Open,Hard,128.0,G,20250113,79.0,144895,,,Corentin Moutet,L,180.0,FRA,25.739,106283,,Q,Mitchell Krueger,R,188.0,USA,31.003,4-6 6-4 7-6(3) 6-4,5,R64,217.0,7.0,5.0,147.0,97.0,66.0,24.0,21.0,5.0,9.0,4.0,5.0,137.0,82.0,55.0,30.0,21.0,6.0,11.0,69.0,772.0,146.0,396.0
2025-580,Australian Open,Hard,128.0,G,20250113,80.0,132283,,,Lorenzo Sonego,R,191.0,ITA,29.678,211663,,Q,Joao Fonseca,R,188.0,BRA,18.398,6-7(6) 6-3 6-1 3-6 6-3,5,R64,217.0,12.0,3.0,140.0,93.0,72.0,27.0,23.0,5.0,6.0,11.0,6.0,146.0,88.0,62.0,29.0,23.0,7.0,12.0,55.0,1026.0,112.0,520.0
2025-580,Australian Open,Hard,128.0,G,20250113,81.0,100644,2.0,,Alexander Zverev,R,198.0,GER,27.734,124079,,,Pedro Martinez,R,185.0,ESP,27.718,6-1 6-4 6-1,5,R64,114.0,8.0,2.0,73.0,54.0,41.0,12.0,12.0,6.0,6.0,0.0,4.0,72.0,49.0,26.0,8.0,12.0,7.0,13.0,2.0,7635.0,44.0,1220.0
2025-580,Australian Open,Hard,128.0,G,20250113,82.0,207989,3.0,,Carlos Alcaraz,R,183.0,ESP,21.695,106415,,,Yoshihito Nishioka,L,170.0,JPN,29.298,6-0 6-1 6-4,5,R64,81.0,14.0,3.0,60.0,36.0,32.0,17.0,12.0,0.0,0.0,1.0,3.0,61.0,33.0,19.0,11.0,11.0,4.0,10.0,3.0,7010.0,65.0,807.0
2025-580,Australian Open,Hard,128.0,G,20250113,83.0,210150,,,Jakub Mensik,R,196.0,CZE,19.368,134770,6.0,,Casper Ruud,R,183.0,NOR,26.062,6-2 3-6 6-1 6-4,5,R64,164.0,22.0,1.0,108.0,65.0,46.0,28.0,17.0,7.0,8.0,7.0,6.0,121.0,75.0,47.0,22.0,17.0,11.0,16.0,48.0,1162.0,6.0,4210.0
2025-580,Australian Open,Hard,128.0,G,20250113,84.0,104925,7.0,,Novak Djokovic,R,188.0,SRB,37.648,210262,,Q,Jaime Faria,R,188.0,POR,21.44,6-1 6-7(4) 6-3 6-2,5,R64,180.0,14.0,2.0,113.0,74.0,56.0,22.0,18.0,5.0,7.0,14.0,6.0,107.0,63.0,40.0,17.0,18.0,5.0,12.0,7.0,3900.0,125.0,481.0
2025-580,Australian Open,Hard,128.0,G,20250113,85.0,126205,12.0,,Tommy Paul,R,185.0,USA,27.661,105453,,,Kei Nishikori,R,178.0,JPN,35.042,6-7(3) 6-0 6-3 6-1,5,R64,161.0,8.0,2.0,104.0,74.0,55.0,11.0,17.0,1.0,5.0,0.0,5.0,129.0,86.0,41.0,18.0,17.0,7.0,18.0,11.0,3195.0,76.0,743.0
2025-580,Australian Open,Hard,128.0,G,20250113,86.0,200005,14.0,,Ugo Humbert,L,188.0,FRA,26.552,200273,,Q,Hady Habib,R,188.0,LBN,26.398,6-3 6-4 6-4,5,R64,101.0,17.0,1.0,75.0,50.0,43.0,18.0,15.0,0.0,0.0,11.0,4.0,89.0,58.0,42.0,14.0,14.0,7.0,10.0,14.0,2765.0,219.0,264.0
2025-580,Australian Open,Hard,128.0,G,20250113,87.0,207733,15.0,,Jack Draper,L,193.0,GBR,23.061,106423,,,Thanasi Kokkinakis,R,193.0,AUS,28.761,6-7(3) 6-3 3-6 7-5 6-3,5,R64,275.0,12.0,4.0,157.0,97.0,69.0,40.0,26.0,4.0,7.0,11.0,4.0,164.0,115.0,86.0,19.0,25.0,6.0,11.0,18.0,2530.0,71.0,766.0
2025-580,Australian Open,Hard,128.0,G,20250113,88.0,209950,20.0,,Arthur Fils,R,185.0,FRA,20.589,111460,,,Quentin Halys,R,191.0,FRA,28.216,6-2 4-6 7-6(2) 7-5,5,R64,172.0,12.0,5.0,120.0,79.0,64.0,24.0,21.0,5.0,6.0,24.0,4.0,125.0,81.0,59.0,23.0,21.0,4.0,7.0,21.0,2280.0,74.0,756.0
2025-580,Australian Open,Hard,128.0,G,20250113,89.0,126846,,,Aleksandar Vukic,R,188.0,AUS,28.772,200624,22.0,,Sebastian Korda,R,196.0,USA,24.526,6-4 3-6 2-6 6-3 7-5,5,R64,197.0,17.0,5.0,150.0,94.0,66.0,33.0,24.0,10.0,14.0,21.0,4.0,131.0,81.0,61.0,29.0,24.0,2.0,6.0,68.0,778.0,22.0,2065.0
2025-580,Australian Open,Hard,128.0,G,20250113,90.0,208103,24.0,,Jiri Lehecka,R,185.0,CZE,23.181,200384,,,Hugo Gaston,L,173.0,FRA,24.298,6-3 3-1 RET,5,R64,57.0,6.0,2.0,44.0,19.0,19.0,11.0,7.0,3.0,4.0,1.0,1.0,57.0,39.0,23.0,5.0,6.0,5.0,8.0,29.0,1660.0,81.0,703.0
2025-580,Australian Open,Hard,128.0,G,20250113,91.0,207830,26.0,,Tomas Machac,R,183.0,CZE,24.252,124187,,,Reilly Opelka,R,211.0,USA,27.379,3-6 7-6(1) 6-7(5) 7-6(4) 6-4,5,R64,205.0,16.0,7.0,167.0,105.0,88.0,36.0,28.0,7.0,8.0,40.0,16.0,173.0,115.0,102.0,24.0,27.0,4.0,5.0,25.0,1805.0,170.0,341.0
2025-580,Australian Open,Hard,128.0,G,20250113,92.0,132686,,,Nuno Borges,R,185.0,POR,27.899,111442,27.0,,Jordan Thompson,R,183.0,AUS,30.735,6-3 6-2 6-4,5,R64,107.0,6.0,0.0,81.0,62.0,46.0,15.0,14.0,2.0,2.0,6.0,2.0,81.0,51.0,32.0,14.0,13.0,5.0,9.0,33.0,1445.0,27.0,1695.0
2025-580,Australian Open,Hard,128.0,G,20250113,93.0,200221,,,Alejandro Davidovich Fokina,R,180.0,ESP,25.61,200000,29.0,,Felix Auger-Aliassime,R,193.0,CAN,24.433,6-7(7) 6-7(5) 6-4 6-1 6-3,5,R64,291.0,7.0,3.0,176.0,112.0,78.0,36.0,25.0,6.0,10.0,11.0,6.0,152.0,108.0,69.0,22.0,25.0,9.0,18.0,66.0,790.0,23.0,1905.0
2025-580,Australian Open,Hard,128.0,G,20250113,94.0,126127,,,Benjamin Bonzi,R,183.0,FRA,28.597,208859,,LL,Francesco Passaro,R,180.0,ITA,24.016,6-2 6-4 3-6 6-4,5,R64,130.0,2.0,1.0,104.0,75.0,54.0,19.0,19.0,7.0,9.0,8.0,3.0,100.0,71.0,50.0,18.0,18.0,4.0,9.0,64.0,819.0,104.0,571.0
2025-580,Australian Open,Hard,128.0,G,20250113,95.0,106148,,,Roberto Carballes Baena,R,183.0,ESP,31.811,105902,,,James Duckworth,R,183.0,AUS,32.98,6-4 6-2 7-5,5,R64,171.0,10.0,1.0,77.0,51.0,42.0,19.0,15.0,0.0,0.0,6.0,3.0,111.0,67.0,41.0,22.0,15.0,11.0,15.0,57.0,981.0,89.0,637.0
2025-580,Australian Open,Hard,128.0,G,20250113,96.0,207985,,,Jacob Fearnley,R,183.0,GBR,23.499,209070,,,Arthur Cazaux,R,183.0,FRA,22.393,3-6 7-5 6-2 6-3,5,R64,177.0,9.0,9.0,111.0,69.0,51.0,21.0,19.0,4.0,8.0,5.0,2.0,106.0,62.0,41.0,21.0,19.0,6.0,13.0,92.0,632.0,78.0,732.0
2025-580,Australian Open,Hard,128.0,G,20250113,97.0,206173,1.0,,Jannik Sinner,R,191.0,ITA,23.411,106218,,,Marcos Giron,R,180.0,USA,31.474,6-3 6-4 6-2,5,R32,121.0,8.0,2.0,83.0,50.0,41.0,17.0,14.0,6.0,7.0,2.0,2.0,82.0,48.0,32.0,12.0,13.0,5.0,10.0,1.0,11830.0,46.0,1175.0
2025-580,Australian Open,Hard,128.0,G,20250113,98.0,104792,,,Gael Monfils,R,193.0,FRA,38.368,126203,4.0,,Taylor Fritz,R,196.0,USA,27.211,3-6 7-5 7-6(1) 6-4,5,R32,188.0,24.0,4.0,121.0,74.0,61.0,32.0,22.0,3.0,4.0,12.0,0.0,130.0,87.0,65.0,25.0,21.0,4.0,6.0,41.0,1280.0,4.0,5350.0
2025-580,Australian Open,Hard,128.0,G,20250113,99.0,200282,8.0,,Alex de Minaur,R,183.0,AUS,25.906,202103,31.0,,Francisco Cerundolo,R,185.0,ARG,26.42,5-7 7-6(3) 6-3 6-3,5,R32,233.0,7.0,9.0,137.0,67.0,47.0,39.0,21.0,4.0,9.0,5.0,6.0,152.0,79.0,50.0,34.0,21.0,9.0,16.0,8.0,3535.0,31.0,1620.0
2025-580,Australian Open,Hard,128.0,G,20250113,100.0,208029,13.0,,Holger Rune,R,188.0,DEN,21.711,200175,,,Miomir Kecmanovic,R,183.0,SRB,25.372,6-7(5) 6-3 4-6 6-4 6-4,5,R32,207.0,16.0,5.0,158.0,95.0,73.0,28.0,26.0,3.0,8.0,4.0,6.0,149.0,95.0,66.0,27.0,25.0,8.0,15.0,13.0,2910.0,51.0,1096.0
2025-580,Australian Open,Hard,128.0,G,20250113,101.0,210097,21.0,,Ben Shelton,L,193.0,USA,22.264,207518,16.0,,Lorenzo Musetti,R,185.0,ITA,22.867,6-3 3-6 6-4 7-6(5),5,R32,172.0,11.0,3.0,119.0,83.0,67.0,17.0,20.0,4.0,6.0,2.0,3.0,116.0,69.0,51.0,28.0,20.0,3.0,6.0,20.0,2280.0,15.0,2600.0
2025-580,Australian Open,Hard,128.0,G,20250113,102.0,210506,,,Alex Michelsen,R,193.0,USA,20.386,111575,19.0,,Karen Khachanov,R,198.0,RUS,28.649,6-3 7-6(5) 6-2,5,R32,134.0,8.0,4.0,99.0,62.0,45.0,22.0,15.0,2.0,3.0,14.0,1.0,83.0,52.0,38.0,15.0,14.0,0.0,4.0,42.0,1270.0,19.0,2410.0
2025-580,Australian Open,Hard,128.0,G,20250113,103.0,132283,,,Lorenzo Sonego,R,191.0,ITA,29.678,206681,,,Fabian Marozsan,R,193.0,HUN,25.268,6-7(3) 7-6(6) 6-1 6-2,5,R32,196.0,15.0,3.0,130.0,81.0,69.0,26.0,20.0,5.0,5.0,9.0,7.0,134.0,86.0,63.0,23.0,19.0,11.0,15.0,55.0,1026.0,59.0,960.0
2025-580,Australian Open,Hard,128.0,G,20250113,104.0,210530,,Q,Learner Tien,L,180.0,USA,19.116,144895,,,Corentin Moutet,L,180.0,FRA,25.739,7-6(10) 6-3 6-3,5,R32,169.0,1.0,5.0,107.0,56.0,41.0,28.0,15.0,10.0,13.0,3.0,2.0,107.0,75.0,45.0,15.0,15.0,9.0,15.0,121.0,493.0,69.0,772.0
2025-580,Australian Open,Hard,128.0,G,20250113,105.0,100644,2.0,,Alexander Zverev,R,198.0,GER,27.734,207985,,,Jacob Fearnley,R,183.0,GBR,23.499,6-3 6-4 6-4,5,R32,122.0,7.0,1.0,81.0,58.0,46.0,12.0,15.0,4.0,6.0,6.0,6.0,79.0,52.0,32.0,13.0,14.0,7.0,12.0,2.0,7635.0,92.0,632.0
2025-580,Australian Open,Hard,128.0,G,20250113,106.0,207989,3.0,,Carlos Alcaraz,R,183.0,ESP,21.695,132686,,,Nuno Borges,R,185.0,POR,27.899,6-2 6-4 6-7(3) 6-2,5,R32,175.0,9.0,3.0,109.0,67.0,56.0,24.0,19.0,3.0,3.0,3.0,1.0,137.0,94.0,60.0,23.0,19.0,8.0,13.0,3.0,7010.0,33.0,1445.0
2025-580,Australian Open,Hard,128.0,G,20250113,107.0,104925,7.0,,Novak Djokovic,R,188.0,SRB,37.648,207830,26.0,,Tomas Machac,R,183.0,CZE,24.252,6-1 6-4 6-4,5,R32,142.0,9.0,4.0,79.0,51.0,41.0,15.0,14.0,2.0,3.0,4.0,5.0,87.0,55.0,35.0,12.0,13.0,10.0,15.0,7.0,3900.0,25.0,1805.0
2025-580,Australian Open,Hard,128.0,G,20250113,108.0,126205,12.0,,Tommy Paul,R,185.0,USA,27.661,106148,,,Roberto Carballes Baena,R,183.0,ESP,31.811,7-6(0) 6-2 6-0,5,R32,143.0,7.0,2.0,86.0,47.0,37.0,20.0,13.0,3.0,5.0,3.0,10.0,98.0,54.0,37.0,9.0,13.0,9.0,16.0,11.0,3195.0,57.0,981.0
2025-580,Australian Open,Hard,128.0,G,20250113,109.0,200005,14.0,,Ugo Humbert,L,188.0,FRA,26.552,209950,20.0,,Arthur Fils,R,185.0,FRA,20.589,4-6 7-5 6-4 1-0 RET,5,R32,157.0,3.0,6.0,102.0,65.0,50.0,14.0,17.0,4.0,7.0,6.0,3.0,101.0,62.0,42.0,18.0,16.0,5.0,10.0,14.0,2765.0,21.0,2280.0
2025-580,Australian Open,Hard,128.0,G,20250113,110.0,207733,15.0,,Jack Draper,L,193.0,GBR,23.061,126846,,,Aleksandar Vukic,R,188.0,AUS,28.772,6-4 2-6 5-7 7-6(5) 7-6(8),5,R32,238.0,29.0,4.0,164.0,112.0,84.0,27.0,27.0,8.0,14.0,22.0,6.0,188.0,119.0,93.0,28.0,27.0,14.0,18.0,18.0,2530.0,68.0,778.0
2025-580,Australian Open,Hard,128.0,G,20250113,111.0,208103,24.0,,Jiri Lehecka,R,185.0,CZE,23.181,126127,,,Benjamin Bonzi,R,183.0,FRA,28.597,6-2 6-3 6-3,5,R32,107.0,9.0,1.0,76.0,52.0,42.0,14.0,13.0,2.0,2.0,1.0,2.0,85.0,51.0,29.0,19.0,13.0,3.0,8.0,29.0,1660.0,64.0,819.0
2025-580,Australian Open,Hard,128.0,G,20250113,112.0,200221,,,Alejandro Davidovich Fokina,R,180.0,ESP,25.61,210150,,,Jakub Mensik,R,196.0,CZE,19.368,3-6 4-6 7-6(7) 6-4 6-2,5,R32,210.0,4.0,3.0,156.0,108.0,74.0,25.0,25.0,17.0,22.0,16.0,7.0,142.0,81.0,67.0,24.0,24.0,3.0,9.0,66.0,790.0,48.0,1162.0
2025-580,Australian Open,Hard,128.0,G,20250113,113.0,206173,1.0,,Jannik Sinner,R,191.0,ITA,23.411,208029,13.0,,Holger Rune,R,188.0,DEN,21.711,6-3 3-6 6-3 6-2,5,R16,193.0,14.0,6.0,105.0,59.0,49.0,27.0,18.0,4.0,5.0,5.0,4.0,110.0,68.0,45.0,21.0,17.0,4.0,8.0,1.0,11830.0,13.0,2910.0
2025-580,Australian Open,Hard,128.0,G,20250113,114.0,200282,8.0,,Alex de Minaur,R,183.0,AUS,25.906,210506,,,Alex Michelsen,R,193.0,USA,20.386,6-0 7-6(5) 6-3,5,R16,129.0,5.0,1.0,90.0,38.0,30.0,33.0,14.0,3.0,4.0,3.0,1.0,87.0,58.0,35.0,14.0,13.0,6.0,11.0,8.0,3535.0,42.0,1270.0
2025-580,Australian Open,Hard,128.0,G,20250113,115.0,210097,21.0,,Ben Shelton,L,193.0,USA,22.264,104792,,,Gael Monfils,R,193.0,FRA,38.368,7-6(3) 6-7(3) 7-6(2) 1-0 RET,5,R16,177.0,7.0,3.0,120.0,83.0,67.0,20.0,19.0,5.0,6.0,12.0,9.0,124.0,74.0,61.0,23.0,18.0,2.0,4.0,20.0,2280.0,41.0,1280.0
2025-580,Australian Open,Hard,128.0,G,20250113,116.0,132283,,,Lorenzo Sonego,R,191.0,ITA,29.678,210530,,Q,Learner Tien,L,180.0,USA,19.116,6-3 6-2 3-6 6-1,5,R16,145.0,20.0,2.0,95.0,63.0,57.0,14.0,17.0,3.0,4.0,4.0,7.0,102.0,58.0,43.0,14.0,16.0,6.0,11.0,55.0,1026.0,121.0,493.0
2025-580,Australian Open,Hard,128.0,G,20250113,117.0,100644,2.0,,Alexander Zverev,R,198.0,GER,27.734,200005,14.0,,Ugo Humbert,L,188.0,FRA,26.552,6-1 2-6 6-3 6-2,5,R16,136.0,19.0,3.0,86.0,61.0,51.0,12.0,16.0,5.0,7.0,12.0,3.0,104.0,74.0,51.0,7.0,16.0,10.0,16.0,2.0,7635.0,14.0,2765.0
2025-580,Australian Open,Hard,128.0,G,20250113,118.0,207989,3.0,,Carlos Alcaraz,R,183.0,ESP,21.695,207733,15.0,,Jack Draper,L,193.0,GBR,23.061,7-5 6-1 RET,5,R16,95.0,6.0,5.0,59.0,40.0,33.0,7.0,10.0,2.0,3.0,5.0,2.0,68.0,40.0,22.0,12.0,9.0,8.0,12.0,3.0,7010.0,18.0,2530.0
2025-580,Australian Open,Hard,128.0,G,20250113,119.0,104925,7.0,,Novak Djokovic,R,188.0,SRB,37.648,208103,24.0,,Jiri Lehecka,R,185.0,CZE,23.181,6-3 6-4 7-6(4),5,R16,159.0,9.0,3.0,92.0,54.0,44.0,24.0,16.0,2.0,3.0,11.0,4.0,106.0,60.0,47.0,19.0,15.0,8.0,11.0,7.0,3900.0,29.0,1660.0
2025-580,Australian Open,Hard,128.0,G,20250113,120.0,126205,12.0,,Tommy Paul,R,185.0,USA,27.661,200221,,,Alejandro Davidovich Fokina,R,180.0,ESP,25.61,6-1 6-1 6-1,5,R16,87.0,8.0,0.0,67.0,45.0,38.0,12.0,11.0,3.0,3.0,2.0,0.0,61.0,36.0,18.0,8.0,10.0,6.0,13.0,11.0,3195.0,66.0,790.0
2025-580,Australian Open,Hard,128.0,G,20250113,121.0,206173,1.0,,Jannik Sinner,R,191.0,ITA,23.411,200282,8.0,,Alex de Minaur,R,183.0,AUS,25.906,6-3 6-2 6-1,5,QF,108.0,2.0,0.0,59.0,38.0,32.0,17.0,12.0,1.0,1.0,2.0,1.0,78.0,40.0,26.0,15.0,12.0,4.0,10.0,1.0,11830.0,8.0,3535.0
2025-580,Australian Open,Hard,128.0,G,20250113,122.0,210097,21.0,,Ben Shelton,L,193.0,USA,22.264,132283,,,Lorenzo Sonego,R,191.0,ITA,29.678,6-4 7-5 4-6 7-6(4),5,QF,230.0,9.0,4.0,141.0,100.0,75.0,24.0,22.0,6.0,8.0,3.0,1.0,153.0,101.0,72.0,27.0,22.0,8.0,11.0,20.0,2280.0,55.0,1026.0
2025-580,Australian Open,Hard,128.0,G,20250113,123.0,100644,2.0,,Alexander Zverev,R,198.0,GER,27.734,126205,12.0,,Tommy Paul,R,185.0,USA,27.661,7-6(1) 7-6(0) 2-6 6-1,5,QF,208.0,7.0,5.0,135.0,93.0,67.0,22.0,20.0,7.0,11.0,9.0,2.0,118.0,76.0,51.0,21.0,19.0,3.0,7.0,2.0,7635.0,11.0,3195.0
2025-580,Australian Open,Hard,128.0,G,20250113,124.0,104925,7.0,,Novak Djokovic,R,188.0,SRB,37.648,207989,3.0,,Carlos Alcaraz,R,183.0,ESP,21.695,4-6 6-4 6-3 6-4,5,QF,217.0,5.0,3.0,136.0,86.0,54.0,29.0,20.0,7.0,11.0,10.0,5.0,125.0,92.0,62.0,11.0,19.0,7.0,13.0,7.0,3900.0,3.0,7010.0
2025-580,Australian Open,Hard,128.0,G,20250113,125.0,206173,1.0,,Jannik Sinner,R,191.0,ITA,23.411,210097,21.0,,Ben Shelton,L,193.0,USA,22.264,7-6(2) 6-2 6-2,5,SF,156.0,8.0,0.0,89.0,51.0,38.0,24.0,14.0,5.0,7.0,7.0,6.0,118.0,70.0,40.0,22.0,14.0,7.0,13.0,1.0,11830.0,20.0,2280.0
2025-580,Australian Open,Hard,128.0,G,20250113,126.0,100644,2.0,,Alexander Zverev,R,198.0,GER,27.734,104925,7.0,,Novak Djokovic,R,188.0,SRB,37.648,7-6(5) RET,5,SF,81.0,8.0,1.0,38.0,29.0,24.0,7.0,6.0,3.0,3.0,5.0,0.0,54.0,29.0,21.0,15.0,6.0,5.0,5.0,2.0,7635.0,7.0,3900.0
2025-580,Australian Open,Hard,128.0,G,20250113,127.0,206173,1.0,,Jannik Sinner,R,191.0,ITA,23.411,100644,2.0,,Alexander Zverev,R,198.0,GER,27.734,6-3 7-6(4) 6-3,5,F,162.0,6.0,2.0,95.0,57.0,48.0,24.0,15.0,0.0,0.0,12.0,2.0,95.0,65.0,45.0,15.0,15.0,8.0,10.0,1.0,11830.0,2.0,7635.0
2025-375,Montpellier,Hard,28.0,250,20250127,1.0,206499,,Q,Aleksandar Kovacevic,R,183.0,USA,26.415,105676,6.0,,David Goffin,R,180.0,BEL,34.141,6-2 3-6 6-4,3,R32,114.0,9.0,5.0,83.0,46.0,38.0,16.0,14.0,4.0,6.0,8.0,1.0,75.0,45.0,34.0,16.0,13.0,3.0,6.0,102.0,577.0,56.0,994.0
2025-375,Montpellier,Hard,28.0,250,20250127,2.0,105932,,Q,Nikoloz Basilashvili,R,185.0,GEO,32.928,105062,,,Mikhail Kukushkin,R,183.0,KAZ,37.09,6-3 3-6 5-0 RET,3,R32,104.0,8.0,1.0,71.0,38.0,30.0,17.0,12.0,2.0,4.0,8.0,0.0,69.0,38.0,22.0,16.0,11.0,4.0,8.0,178.0,323.0,112.0,541.0
2025-375,Montpellier,Hard,28.0,250,20250127,3.0,207411,,,Jesper de Jong,R,180.0,NED,24.66,111460,,WC,Quentin Halys,R,191.0,FRA,28.255,7-6(7) 2-0 RET,3,R32,72.0,6.0,3.0,46.0,25.0,21.0,15.0,7.0,0.0,0.0,11.0,4.0,51.0,30.0,25.0,8.0,7.0,1.0,2.0,131.0,466.0,74.0,756.0
2025-375,Montpellier,Hard,28.0,250,20250127,4.0,134868,5.0,,Tallon Griekspoor,R,188.0,NED,28.572,122298,,,Botic van de Zandschulp,R,191.0,NED,29.317,7-5 6-3,3,R32,95.0,8.0,2.0,77.0,47.0,34.0,13.0,11.0,5.0,7.0,4.0,10.0,57.0,28.0,21.0,10.0,10.0,0.0,4.0,46.0,1190.0,84.0,672.0
2025-375,Montpellier,Hard,28.0,250,20250127,5.0,126239,7.0,,Arthur Rinderknech,R,196.0,FRA,29.517,208004,,,Harold Mayot,R,180.0,FRA,22.979,7-6(2) 2-6 6-1,3,R32,130.0,16.0,7.0,106.0,61.0,48.0,21.0,14.0,14.0,16.0,5.0,1.0,75.0,51.0,41.0,11.0,13.0,1.0,3.0,61.0,924.0,130.0,472.0
2025-375,Montpellier,Hard,28.0,250,20250127,6.0,208233,,,Mattia Bellucci,L,175.0,ITA,23.658,106298,,,Lucas Pouille,R,185.0,FRA,30.927,6-4 6-4,3,R32,100.0,8.0,1.0,70.0,40.0,34.0,14.0,10.0,10.0,10.0,6.0,5.0,69.0,34.0,31.0,11.0,10.0,7.0,9.0,98.0,605.0,104.0,575.0
2025-375,Montpellier,Hard,28.0,250,20250127,7.0,111153,,,Christopher Eubanks,R,201.0,USA,28.731,208230,,Q,Alibek Kachmazov,R,185.0,RUS,22.448,7-5 6-4,3,R32,80.0,8.0,1.0,62.0,47.0,38.0,6.0,11.0,3.0,4.0,4.0,1.0,61.0,38.0,26.0,11.0,11.0,1.0,4.0,111.0,548.0,199.0,299.0
2025-375,Montpellier,Hard,28.0,250,20250127,8.0,104755,,,Richard Gasquet,R,183.0,FRA,38.612,105173,,,Adrian Mannarino,L,180.0,FRA,36.58,6-3 6-2,3,R32,75.0,4.0,3.0,48.0,28.0,26.0,11.0,9.0,0.0,0.0,1.0,2.0,56.0,36.0,22.0,9.0,8.0,3.0,6.0,132.0,460.0,108.0,561.0
2025-375,Montpellier,Hard,28.0,250,20250127,9.0,106005,,Q,Constant Lestienne,R,180.0,FRA,32.682,106432,,,Borna Coric,R,188.0,CRO,28.203,6-3 7-5,3,R32,98.0,2.0,2.0,62.0,42.0,33.0,10.0,11.0,1.0,2.0,7.0,0.0,61.0,41.0,29.0,8.0,10.0,2.0,5.0,177.0,323.0,103.0,575.0
2025-375,Montpellier,Hard,28.0,250,20250127,10.0,900002,8.0,,Yunchaokete Bu,R,185.0,CHN,23.023,127157,,,Daniel Altmaier,R,188.0,GER,26.376,7-6(1) 6-3,3,R32,103.0,4.0,0.0,61.0,38.0,31.0,16.0,10.0,2.0,2.0,6.0,1.0,79.0,56.0,35.0,12.0,11.0,2.0,4.0,71.0,787.0,91.0,622.0
2025-375,Montpellier,Hard,28.0,250,20250127,11.0,209070,,,Arthur Cazaux,R,183.0,FRA,22.431,104527,,WC,Stan Wawrinka,R,183.0,SUI,39.836,6-4 6-3,3,R32,88.0,0.0,0.0,56.0,34.0,29.0,11.0,9.0,2.0,2.0,8.0,1.0,64.0,33.0,24.0,14.0,10.0,5.0,8.0,101.0,582.0,154.0,361.0
2025-375,Montpellier,Hard,28.0,250,20250127,12.0,136440,,,Dominik Koepfer,L,180.0,GER,30.749,106296,,WC,Gregoire Barrere,R,183.0,FRA,30.946,6-4 7-6(5),3,R32,95.0,6.0,2.0,81.0,52.0,42.0,10.0,11.0,7.0,9.0,2.0,4.0,64.0,37.0,25.0,15.0,11.0,0.0,3.0,118.0,515.0,144.0,406.0
2025-375,Montpellier,Hard,28.0,250,20250127,13.0,207411,,,Jesper de Jong,R,180.0,NED,24.66,207925,3.0,,Flavio Cobolli,R,183.0,ITA,22.73,6-3 7-6(2),3,R16,116.0,9.0,1.0,64.0,30.0,27.0,20.0,11.0,3.0,4.0,2.0,0.0,72.0,43.0,26.0,16.0,10.0,4.0,6.0,131.0,466.0,34.0,1392.0
2025-375,Montpellier,Hard,28.0,250,20250127,14.0,134868,5.0,,Tallon Griekspoor,R,188.0,NED,28.572,104755,,,Richard Gasquet,R,183.0,FRA,38.612,6-3 3-6 7-5,3,R16,123.0,18.0,2.0,97.0,68.0,51.0,15.0,15.0,8.0,9.0,11.0,3.0,85.0,49.0,40.0,19.0,15.0,3.0,5.0,46.0,1190.0,132.0,460.0
2025-375,Montpellier,Hard,28.0,250,20250127,15.0,105932,,Q,Nikoloz Basilashvili,R,185.0,GEO,32.928,126239,7.0,,Arthur Rinderknech,R,196.0,FRA,29.517,6-0 7-6(4),3,R16,97.0,7.0,1.0,66.0,42.0,29.0,14.0,9.0,3.0,4.0,7.0,3.0,72.0,47.0,28.0,8.0,9.0,4.0,8.0,178.0,323.0,61.0,924.0
2025-375,Montpellier,Hard,28.0,250,20250127,16.0,206499,,Q,Aleksandar Kovacevic,R,183.0,USA,26.415,208233,,,Mattia Bellucci,L,175.0,ITA,23.658,7-5 7-6(5),3,R16,105.0,9.0,1.0,71.0,44.0,39.0,17.0,12.0,1.0,1.0,15.0,0.0,71.0,47.0,37.0,16.0,12.0,0.0,1.0,102.0,577.0,98.0,605.0
2025-375,Montpellier,Hard,28.0,250,20250127,17.0,126094,1.0,WC,Andrey Rublev,R,188.0,RUS,27.272,111153,,,Christopher Eubanks,R,201.0,USA,28.731,6-4 6-3,3,R16,64.0,4.0,0.0,48.0,28.0,25.0,12.0,9.0,3.0,3.0,8.0,1.0,52.0,42.0,27.0,5.0,10.0,3.0,6.0,10.0,3130.0,111.0,548.0
2025-375,Montpellier,Hard,28.0,250,20250127,18.0,200000,2.0,,Felix Auger-Aliassime,R,193.0,CAN,24.471,209070,,,Arthur Cazaux,R,183.0,FRA,22.431,6-4 7-6(5),3,R16,107.0,11.0,2.0,55.0,43.0,36.0,7.0,11.0,0.0,1.0,5.0,3.0,72.0,47.0,31.0,13.0,11.0,4.0,6.0,23.0,1855.0,101.0,582.0
2025-375,Montpellier,Hard,28.0,250,20250127,19.0,122330,4.0,,Alexander Bublik,R,196.0,KAZ,27.614,136440,,,Dominik Koepfer,L,180.0,GER,30.749,6-4 6-2,3,R16,70.0,10.0,5.0,59.0,41.0,31.0,9.0,9.0,3.0,4.0,1.0,2.0,53.0,31.0,22.0,8.0,9.0,2.0,6.0,39.0,1330.0,118.0,515.0
2025-375,Montpellier,Hard,28.0,250,20250127,20.0,900002,8.0,,Yunchaokete Bu,R,185.0,CHN,23.023,106005,,Q,Constant Lestienne,R,180.0,FRA,32.682,6-2 6-1,3,R16,63.0,9.0,0.0,39.0,22.0,19.0,11.0,7.0,1.0,1.0,4.0,4.0,61.0,32.0,22.0,7.0,8.0,9.0,14.0,71.0,787.0,177.0,323.0
2025-375,Montpellier,Hard,28.0,250,20250127,21.0,126094,1.0,WC,Andrey Rublev,R,188.0,RUS,27.272,105932,,Q,Nikoloz Basilashvili,R,185.0,GEO,32.928,5-2 RET,3,QF,26.0,7.0,0.0,18.0,10.0,9.0,6.0,3.0,0.0,0.0,4.0,1.0,21.0,8.0,6.0,6.0,4.0,0.0,2.0,10.0,3130.0,178.0,323.0
2025-375,Montpellier,Hard,28.0,250,20250127,22.0,200000,2.0,,Felix Auger-Aliassime,R,193.0,CAN,24.471,900002,8.0,,Yunchaokete Bu,R,185.0,CHN,23.023,6-3 6-4,3,QF,83.0,11.0,0.0,51.0,35.0,30.0,11.0,10.0,0.0,0.0,3.0,0.0,53.0,27.0,22.0,13.0,9.0,3.0,5.0,23.0,1855.0,71.0,787.0
2025-375,Montpellier,Hard,28.0,250,20250127,23.0,206499,,Q,Aleksandar Kovacevic,R,183.0,USA,26.415,122330,4.0,,Alexander Bublik,R,196.0,KAZ,27.614,6-3 6-2,3,QF,76.0,4.0,0.0,59.0,37.0,31.0,11.0,9.0,8.0,8.0,12.0,7.0,65.0,37.0,28.0,9.0,8.0,6.0,9.0,102.0,577.0,39.0,1330.0
2025-375,Montpellier,Hard,28.0,250,20250127,24.0,207411,,,Jesper de Jong,R,180.0,NED,24.66,134868,5.0,,Tallon Griekspoor,R,188.0,NED,28.572,7-6(5) 6-4,3,QF,106.0,8.0,1.0,80.0,55.0,44.0,14.0,11.0,6.0,6.0,12.0,3.0,68.0,43.0,35.0,14.0,11.0,2.0,3.0,131.0,466.0,46.0,1190.0
2025-375,Montpellier,Hard,28.0,250,20250127,25.0,206499,,Q,Aleksandar Kovacevic,R,183.0,USA,26.415,126094,1.0,WC,Andrey Rublev,R,188.0,RUS,27.272,7-5 6-4,3,SF,95.0,9.0,1.0,77.0,41.0,33.0,18.0,11.0,4.0,5.0,8.0,2.0,55.0,35.0,27.0,10.0,11.0,2.0,5.0,102.0,577.0,10.0,3130.0
2025-375,Montpellier,Hard,28.0,250,20250127,26.0,200000,2.0,,Felix Auger-Aliassime,R,193.0,CAN,24.471,207411,,,Jesper de Jong,R,180.0,NED,24.66,6-4 7-6(4),3,SF,123.0,12.0,6.0,70.0,42.0,31.0,16.0,11.0,2.0,3.0,11.0,2.0,86.0,57.0,40.0,11.0,11.0,11.0,13.0,23.0,1855.0,131.0,466.0
2025-375,Montpellier,Hard,28.0,250,20250127,27.0,200000,2.0,,Felix Auger-Aliassime,R,193.0,CAN,24.471,206499,,Q,Aleksandar Kovacevic,R,183.0,USA,26.415,6-2 6-7(7) 7-6(2),3,F,159.0,19.0,1.0,105.0,78.0,61.0,17.0,16.0,1.0,1.0,7.0,2.0,99.0,60.0,44.0,26.0,16.0,1.0,3.0,23.0,1855.0,102.0,577.0
2025-M-DC-2025-QLS-M-SWE-ARG-01,Davis Cup QLS R1: SWE vs ARG,Hard,4.0,D,20250131,1.0,200282,,,Alex de Minaur,R,183.0,AUS,25.955,144707,,,Mikael Ymer,R,185.0,SWE,26.396,7-5 6-1,3,RR,,,,,,,,,,,,,,,,,,,,8.0,3735.0,,
2025-M-DC-2025-QLS-M-SWE-ARG-01,Davis Cup QLS R1: SWE vs ARG,Hard,4.0,D,20250131,2.0,126846,,,Aleksandar Vukic,R,188.0,AUS,28.821,209863,,,Leo Borg,R,183.0,SWE,21.717,6-4 6-4,3,RR,,,,,,,,,,,,,,,,,,,,66.0,868.0,484.0,82.0
2025-M-DC-2025-QLS-M-SWE-ARG-01,Davis Cup QLS R1: SWE vs ARG,Hard,4.0,D,20250131,3.0,209863,,,Leo Borg,R,183.0,SWE,21.717,900052,,,John Peers,R,188.0,AUS,36.52,7-5 6-4,3,RR,,,,,,,,,,,,,,,,,,,,484.0,82.0,,
2025-M-DC-2025-QLS-M-CAN-HUN-01,Davis Cup QLS R1: CAN vs HUN,Hard,4.0,D,20250131,1.0,206681,,,Fabian Marozsan,R,193.0,HUN,25.317,200008,,,Alexis Galarneau,R,180.0,CAN,25.919,6-3 3-6 6-3,3,RR,,,,,,,,,,,,,,,,,,,,58.0,960.0,176.0,326.0
2025-M-DC-2025-QLS-M-CAN-HUN-01,Davis Cup QLS R1: CAN vs HUN,Hard,4.0,D,20250131,2.0,105916,,,Marton Fucsovics,R,188.0,HUN,32.98,209113,,,Gabriel Diallo,R,203.0,CAN,23.354,3-6 6-2 6-2,3,RR,,,,,,,,,,,,,,,,,,,,96.0,616.0,85.0,672.0
2025-M-DC-2025-QLS-M-CAN-HUN-01,Davis Cup QLS R1: CAN vs HUN,Hard,4.0,D,20250131,3.0,209113,,,Gabriel Diallo,R,203.0,CAN,23.354,206681,,,Fabian Marozsan,R,193.0,HUN,25.317,6-1 6-3,3,RR,,,,,,,,,,,,,,,,,,,,85.0,672.0,58.0,960.0
2025-M-DC-2025-QLS-M-CAN-HUN-01,Davis Cup QLS R1: CAN vs HUN,Hard,4.0,D,20250131,4.0,105916,,,Marton Fucsovics,R,188.0,HUN,32.98,200008,,,Alexis Galarneau,R,180.0,CAN,25.919,7-6(8) 6-4,3,RR,,,,,,,,,,,,,,,,,,,,96.0,616.0,176.0,326.0
2025-M-DC-2025-QLS-M-ISR-GER-01,Davis Cup QLS R1: ISR vs GER,Hard,4.0,D,20250131,1.0,109739,,,Maximilian Marterer,L,188.0,GER,29.632,200075,,,Yshai Oliel,L,188.0,ISR,25.073,6-2 5-7 6-4,3,RR,,,,,,,,,,,,,,,,,,,,198.0,303.0,531.0,69.0
2025-M-DC-2025-QLS-M-ISR-GER-01,Davis Cup QLS R1: ISR vs GER,Hard,4.0,D,20250131,2.0,105870,,,Yannick Hanfmann,R,193.0,GER,33.218,131951,,,Daniel Cukierman,R,,ISR,29.566,6-4 6-4,3,RR,,,,,,,,,,,,,,,,,,,,92.0,618.0,556.0,63.0
2025-M-DC-2025-QLS-M-ISR-GER-01,Davis Cup QLS R1: ISR vs GER,Hard,4.0,D,20250131,3.0,900003,,,Ofek Shimanov,R,178.0,ISR,19.581,109054,,,Daniel Masur,R,183.0,GER,30.237,7-6(2) 3-6 [10-8],3,RR,,,,,,,,,,,,,,,,,,,,1226.0,7.0,265.0,202.0
2025-M-DC-2025-QLS-M-TPE-USA-01,Davis Cup QLS R1: TPE vs USA,Hard,4.0,D,20250131,1.0,106218,,,Marcos Giron,R,180.0,USA,31.524,202358,,,Chun-Hsin Tseng,R,175.0,TPE,23.483,6-2 6-2,3,RR,,,,,,,,,,,,,,,,,,,,43.0,1265.0,119.0,509.0
2025-M-DC-2025-QLS-M-TPE-USA-01,Davis Cup QLS R1: TPE vs USA,Hard,4.0,D,20250131,2.0,210506,,,Alex Michelsen,R,193.0,USA,20.435,126555,,,Tung-Lin Wu,R,188.0,TPE,26.724,7-6(4) 6-3,3,RR,,,,,,,,,,,,,,,,,,,,36.0,1370.0,240.0,241.0
2025-M-DC-2025-QLS-M-TPE-USA-01,Davis Cup QLS R1: TPE vs USA,Hard,4.0,D,20250131,3.0,111456,,,Mackenzie McDonald,R,178.0,USA,29.796,105946,,,Tsung-Hao Huang,R,173.0,TPE,25.194,6-2 6-3,3,RR,,,,,,,,,,,,,,,,,,,,125.0,488.0,680.0,42.0
2025-M-DC-2025-QLS-M-DEN-SRB-01,Davis Cup QLS R1: DEN vs SRB,Hard,4.0,D,20250131,1.0,200175,,,Miomir Kecmanovic,R,183.0,SRB,25.421,209284,,,Elmer Moller,R,183.0,DEN,21.566,3-6 6-2 6-1,3,RR,,,,,,,,,,,,,,,,,,,,55.0,996.0,149.0,372.0
2025-M-DC-2025-QLS-M-DEN-SRB-01,Davis Cup QLS R1: DEN vs SRB,Hard,4.0,D,20250131,2.0,209098,,,Hamad Medjedovic,R,188.0,SRB,21.541,208029,,,Holger Rune,R,188.0,DEN,21.76,2-6 6-3 6-1,3,RR,,,,,,,,,,,,,,,,,,,,94.0,617.0,12.0,3060.0
2025-M-DC-2025-QLS-M-DEN-SRB-01,Davis Cup QLS R1: DEN vs SRB,Hard,4.0,D,20250131,3.0,208029,,,Holger Rune,R,188.0,DEN,21.76,200175,,,Miomir Kecmanovic,R,183.0,SRB,25.421,6-2 6-4,3,RR,,,,,,,,,,,,,,,,,,,,12.0,3060.0,55.0,996.0
2025-M-DC-2025-QLS-M-DEN-SRB-01,Davis Cup QLS R1: DEN vs SRB,Hard,4.0,D,20250131,4.0,209284,,,Elmer Moller,R,183.0,DEN,21.566,209098,,,Hamad Medjedovic,R,188.0,SRB,21.541,1-6 6-4 6-3,3,RR,,,,,,,,,,,,,,,,,,,,149.0,372.0,94.0,617.0
2025-M-DC-2025-QLS-M-CRO-SVK-01,Davis Cup QLS R1: CRO vs SVK,Hard,4.0,D,20250131,1.0,207213,,,Duje Ajdukovic,R,188.0,CRO,23.986,127760,,,Lukas Klein,R,193.0,SVK,26.864,7-6(4) 6-3,3,RR,,,,,,,,,,,,,,,,,,,,158.0,354.0,153.0,365.0
2025-M-DC-2025-QLS-M-CRO-SVK-01,Davis Cup QLS R1: CRO vs SVK,Hard,4.0,D,20250131,2.0,209976,,,Dino Prizmic,R,188.0,CRO,19.491,106075,,,Jozef Kovalik,R,183.0,SVK,32.241,6-2 6-2,3,RR,,,,,,,,,,,,,,,,,,,,368.0,134.0,127.0,484.0
2025-M-DC-2025-QLS-M-CRO-SVK-01,Davis Cup QLS R1: CRO vs SVK,Hard,4.0,D,20250131,3.0,105613,,,Norbert Gombos,R,193.0,SVK,34.47,212063,,,Matej Dodig,R,188.0,CRO,19.537,6-4 6-4,3,RR,,,,,,,,,,,,,,,,,,,,408.0,115.0,263.0,204.0
2025-M-DC-2025-QLS-M-FRA-BRA-01,Davis Cup QLS R1: FRA vs BRA,Hard,4.0,D,20250131,1.0,200005,,,Ugo Humbert,L,188.0,FRA,26.601,211663,,,Joao Fonseca,R,188.0,BRA,18.448,7-5 6-3,3,RR,,,,,,,,,,,,,,,,,,,,15.0,2865.0,99.0,600.0
2025-M-DC-2025-QLS-M-FRA-BRA-01,Davis Cup QLS R1: FRA vs BRA,Hard,4.0,D,20250131,2.0,209950,,,Arthur Fils,R,185.0,FRA,20.638,205734,,,Thiago Seyboth Wild,R,185.0,BRA,24.895,6-1 6-4,3,RR,,,,,,,,,,,,,,,,,,,,19.0,2330.0,76.0,732.0
2025-M-DC-2025-QLS-M-FRA-BRA-01,Davis Cup QLS R1: FRA vs BRA,Hard,4.0,D,20250131,3.0,208659,,,Giovanni Mpetshi Perricard,R,203.0,FRA,21.569,207799,,,Matheus Pucinelli De Almeida,R,183.0,BRA,23.836,6-4 6-4,3,RR,,,,,,,,,,,,,,,,,,,,30.0,1645.0,302.0,173.0
2025-M-DC-2025-QLS-M-ESP-SUI-01,Davis Cup QLS R1: ESP vs SUI,Hard,4.0,D,20250131,1.0,124079,,,Pedro Martinez,R,185.0,ESP,27.767,208502,,,Dominic Stricker,L,183.0,SUI,22.461,6-4 7-6(7),3,RR,,,,,,,,,,,,,,,,,,,,44.0,1220.0,287.0,183.0
2025-M-DC-2025-QLS-M-ESP-SUI-01,Davis Cup QLS R1: ESP vs SUI,Hard,4.0,D,20250131,2.0,106148,,,Roberto Carballes Baena,R,183.0,ESP,31.86,208843,,,Jerome Kym,R,198.0,SUI,21.969,6-4 6-4,3,RR,,,,,,,,,,,,,,,,,,,,51.0,1071.0,136.0,444.0
2025-M-DC-2025-QLS-M-ESP-SUI-01,Davis Cup QLS R1: ESP vs SUI,Hard,4.0,D,20250131,3.0,200329,,,Remy Bertola,R,175.0,SUI,26.42,212021,,,Martin Landaluce,R,193.0,ESP,19.064,6-7(2) 6-3 [16-14],3,RR,,,,,,,,,,,,,,,,,,,,283.0,185.0,135.0,448.0
2025-M-DC-2025-QLS-M-CZE-KOR-01,Davis Cup QLS R1: CZE vs KOR,Hard,4.0,D,20250131,1.0,208103,,,Jiri Lehecka,R,185.0,CZE,23.231,900053,,,Gerard Campana Lee,R,183.0,KOR,20.334,6-3 6-3,3,RR,,,,,,,,,,,,,,,,,,,,24.0,1810.0,381.0,127.0
2025-M-DC-2025-QLS-M-CZE-KOR-01,Davis Cup QLS R1: CZE vs KOR,Hard,4.0,D,20250131,2.0,207830,,,Tomas Machac,R,183.0,CZE,24.301,900033,,,Soonwoo Kwon,R,180.0,KOR,27.165,6-2 6-2,3,RR,,,,,,,,,,,,,,,,,,,,25.0,1805.0,363.0,135.0
2025-M-DC-2025-QLS-M-CZE-KOR-01,Davis Cup QLS R1: CZE vs KOR,Hard,4.0,D,20250131,3.0,900004,,,Maxim Mrva,R,178.0,CZE,17.5,900054,,,Sanhui Shin,R,178.0,KOR,27.874,7-6(4) 7-6(5),3,RR,,,,,,,,,,,,,,,,,,,,881.0,20.0,665.0,44.0
2025-M-DC-2025-QLS-M-JPN-GBR-01,Davis Cup QLS R1: JPN vs GBR,Hard,4.0,D,20250131,1.0,106415,,,Yoshihito Nishioka,L,170.0,JPN,29.347,126129,,,Billy Harris,R,193.0,GBR,30.018,7-5 6-1,3,RR,,,,,,,,,,,,,,,,,,,,67.0,847.0,129.0,481.0
2025-M-DC-2025-QLS-M-JPN-GBR-01,Davis Cup QLS R1: JPN vs GBR,Hard,4.0,D,20250131,2.0,207985,,,Jacob Fearnley,R,183.0,GBR,23.548,105453,,,Kei Nishikori,R,178.0,JPN,35.091,6-3 6-3,3,RR,,,,,,,,,,,,,,,,,,,,77.0,731.0,70.0,793.0
2025-M-DC-2025-QLS-M-JPN-GBR-01,Davis Cup QLS R1: JPN vs GBR,Hard,4.0,D,20250131,3.0,106415,,,Yoshihito Nishioka,L,170.0,JPN,29.347,207985,,,Jacob Fearnley,R,183.0,GBR,23.548,6-3 7-6(0),3,RR,,,,,,,,,,,,,,,,,,,,67.0,847.0,77.0,731.0
2025-M-DC-2025-QLS-M-JPN-GBR-01,Davis Cup QLS R1: JPN vs GBR,Hard,4.0,D,20250131,4.0,105453,,,Kei Nishikori,R,178.0,JPN,35.091,126129,,,Billy Harris,R,193.0,GBR,30.018,6-2 6-3,3,RR,,,,,,,,,,,,,,,,,,,,70.0,793.0,129.0,481.0
2025-M-DC-2025-QLS-M-AUT-FIN-01,Davis Cup QLS R1: AUT vs FIN,Hard,4.0,D,20250131,1.0,209903,,,Lukas Neumayer,R,183.0,AUT,22.404,202261,,,Otto Virtanen,R,193.0,FIN,23.614,6-4 6-7(4) 6-3,3,RR,,,,,,,,,,,,,,,,,,,,219.0,269.0,97.0,614.0
2025-M-DC-2025-QLS-M-AUT-FIN-01,Davis Cup QLS R1: AUT vs FIN,Hard,4.0,D,20250131,2.0,200514,,,Jurij Rodionov,L,191.0,AUT,25.714,144814,,,Eero Vasa,R,185.0,FIN,27.997,2-6 6-3 6-3,3,RR,,,,,,,,,,,,,,,,,,,,155.0,359.0,568.0,61.0
2025-M-DC-2025-QLS-M-AUT-FIN-01,Davis Cup QLS R1: AUT vs FIN,Hard,4.0,D,20250131,3.0,209209,,,Filip Misolic,R,180.0,AUT,23.483,144814,,,Eero Vasa,R,185.0,FIN,27.997,6-4 6-0,3,RR,,,,,,,,,,,,,,,,,,,,314.0,164.0,568.0,61.0
2025-M-DC-2025-QLS-M-BEL-CHI-01,Davis Cup QLS R1: BEL vs CHI,Hard,4.0,D,20250131,1.0,200267,,,Zizou Bergs,R,185.0,BEL,25.665,144642,,,Tomas Barrios Vera,R,191.0,CHI,27.143,6-4 6-3,3,RR,,,,,,,,,,,,,,,,,,,,60.0,932.0,137.0,432.0
2025-M-DC-2025-QLS-M-BEL-CHI-01,Davis Cup QLS R1: BEL vs CHI,Hard,4.0,D,20250131,2.0,106426,,,Cristian Garin,R,185.0,CHI,28.674,210696,,,Alexander Blockx,R,193.0,BEL,19.817,7-6(6) 6-1,3,RR,,,,,,,,,,,,,,,,,,,,133.0,452.0,146.0,380.0
2025-M-DC-2025-QLS-M-BEL-CHI-01,Davis Cup QLS R1: BEL vs CHI,Hard,4.0,D,20250131,3.0,200267,,,Zizou Bergs,R,185.0,BEL,25.665,106426,,,Cristian Garin,R,185.0,CHI,28.674,6-3 4-6 7-5,3,RR,,,,,,,,,,,,,,,,,,,,60.0,932.0,133.0,452.0
2025-M-DC-2025-QLS-M-NOR-ARG-01,Davis Cup QLS R1: NOR vs ARG,Hard,4.0,D,20250131,1.0,144869,,,Tomas Martin Etcheverry,R,196.0,ARG,25.541,149282,,,Nicolai Budkov Kjaer,R,191.0,NOR,18.418,7-5 2-6 7-6(5),3,RR,,,,,,,,,,,,,,,,,,,,42.0,1265.0,506.0,77.0
2025-M-DC-2025-QLS-M-NOR-ARG-01,Davis Cup QLS R1: NOR vs ARG,Hard,4.0,D,20250131,2.0,134770,,,Casper Ruud,R,183.0,NOR,26.111,208363,,,Mariano Navone,R,178.0,ARG,23.926,6-3 6-3,3,RR,,,,,,,,,,,,,,,,,,,,5.0,4160.0,49.0,1158.0
2025-M-DC-2025-QLS-M-NOR-ARG-01,Davis Cup QLS R1: NOR vs ARG,Hard,4.0,D,20250131,3.0,134770,,,Casper Ruud,R,183.0,NOR,26.111,144869,,,Tomas Martin Etcheverry,R,196.0,ARG,25.541,6-3 6-3,3,RR,,,,,,,,,,,,,,,,,,,,5.0,4160.0,42.0,1265.0
2025-M-DC-2025-QLS-M-NOR-ARG-01,Davis Cup QLS R1: NOR vs ARG,Hard,4.0,D,20250131,4.0,208363,,,Mariano Navone,R,178.0,ARG,23.926,149282,,,Nicolai Budkov Kjaer,R,191.0,NOR,18.418,4-6 6-3 6-4,3,RR,,,,,,,,,,,,,,,,,,,,49.0,1158.0,506.0,77.0
2025-M-DC-2025-WG1-PO-ECU-URU-01,Davis Cup WG1 PO: ECU vs URU,Hard,4.0,D,20250201,1.0,200748,,,Andres Andrade,R,180.0,ECU,26.136,208028,,,Francisco Llanes,R,178.0,URU,22.798,6-4 6-0,3,RR,,,,,,,,,,,,,,,,,,,,241.0,239.0,,
2025-M-DC-2025-WG1-PO-ECU-URU-01,Davis Cup WG1 PO: ECU vs URU,Hard,4.0,D,20250201,2.0,208364,,,Franco Roncadelli,L,185.0,URU,24.988,208223,,,Alvaro Guillen Meza,R,175.0,ECU,22.084,7-6(6) 6-0,3,RR,,,,,,,,,,,,,,,,,,,,372.0,134.0,257.0,211.0
2025-M-DC-2025-WG1-PO-ECU-URU-01,Davis Cup WG1 PO: ECU vs URU,Hard,4.0,D,20250201,3.0,200748,,,Andres Andrade,R,180.0,ECU,26.136,208364,,,Franco Roncadelli,L,185.0,URU,24.988,6-4 6-1,3,RR,,,,,,,,,,,,,,,,,,,,241.0,239.0,372.0,134.0
2025-M-DC-2025-WG1-PO-GRE-EGY-01,Davis Cup WG1 PO: GRE vs EGY,Clay,4.0,D,20250201,1.0,105633,,,Mohamed Safwat,R,180.0,EGY,34.371,900055,,,Christos Antonopoulos,R,178.0,GRE,26.541,6-2 6-2,3,RR,,,,,,,,,,,,,,,,,,,,460.0,90.0,1640.0,2.0
2025-M-DC-2025-WG1-PO-GRE-EGY-01,Davis Cup WG1 PO: GRE vs EGY,Clay,4.0,D,20250201,2.0,208852,,,Stefanos Sakellaridis,R,198.0,GRE,20.386,105747,,,Karim-Mohamed Maamoun,R,175.0,EGY,33.818,6-1 6-2,3,RR,,,,,,,,,,,,,,,,,,,,471.0,87.0,882.0,20.0
2025-M-DC-2025-WG1-PO-GRE-EGY-01,Davis Cup WG1 PO: GRE vs EGY,Clay,4.0,D,20250201,3.0,208852,,,Stefanos Sakellaridis,R,198.0,GRE,20.386,105633,,,Mohamed Safwat,R,180.0,EGY,34.371,6-4 3-6 6-2,3,RR,,,,,,,,,,,,,,,,,,,,471.0,87.0,460.0,90.0
2025-M-DC-2025-WG1-PO-GRE-EGY-01,Davis Cup WG1 PO: GRE vs EGY,Clay,4.0,D,20250201,4.0,209362,,,Aristotelis Thanos,R,193.0,GRE,23.822,209871,,,Amr Elsayed Abdou Ah Mohamed,,,EGY,25.916,6-0 6-3,3,RR,,,,,,,,,,,,,,,,,,,,592.0,57.0,,
2025-M-DC-2025-WG1-PO-IND-TOG-01,Davis Cup WG1 PO: IND vs TOG,Hard,4.0,D,20250201,1.0,900005,,,Mukund Sasikumar,R,185.0,IND,28.049,209964,,,Liova Ajavon,,,TOG,25.629,6-2 6-1,3,RR,,,,,,,,,,,,,,,,,,,,,,,
2025-M-DC-2025-WG1-PO-IND-TOG-01,Davis Cup WG1 PO: IND vs TOG,Hard,4.0,D,20250201,2.0,106368,,,Ramkumar Ramanathan,R,188.0,IND,30.234,133933,,,Thomas Yaka Kofi Setodji,,,TOG,,6-0 6-2,3,RR,,,,,,,,,,,,,,,,,,,,406.0,116.0,,
2025-M-DC-2025-WG1-PO-IND-TOG-01,Davis Cup WG1 PO: IND vs TOG,Hard,4.0,D,20250201,3.0,900006,,,Karan Singh,R,185.0,IND,21.593,900044,,,Hod'abalo Padio,,,TOG,20.052,6-2 6-3,3,RR,,,,,,,,,,,,,,,,,,,,496.0,79.0,,
2025-M-DC-2025-WG1-PO-KAZ-PAK-01,Davis Cup WG1 PO: KAZ vs PAK,Hard,4.0,D,20250201,1.0,207686,,,Alexander Shevchenko,R,188.0,KAZ,24.175,207836,,,Muzammil Murtaza,,,PAK,25.224,6-2 6-1,3,RR,,,,,,,,,,,,,,,,,,,,75.0,743.0,,
2025-M-DC-2025-WG1-PO-KAZ-PAK-01,Davis Cup WG1 PO: KAZ vs PAK,Hard,4.0,D,20250201,2.0,202320,,,Beibit Zhukayev,R,198.0,KAZ,24.307,900048,,,Huzaifa Abdul Rehman,,,PAK,22.179,7-5 6-0,3,RR,,,,,,,,,,,,,,,,,,,,230.0,260.0,,
2025-M-DC-2025-WG1-PO-KAZ-PAK-01,Davis Cup WG1 PO: KAZ vs PAK,Hard,4.0,D,20250201,3.0,106187,,,Denis Yevseyev,R,188.0,KAZ,31.699,103529,,,Ahmad Nael Qureshi,,,PAK,,6-0 6-0,3,RR,,,,,,,,,,,,,,,,,,,,264.0,204.0,,
2025-M-DC-2025-WG1-PO-LUX-LTU-01,Davis Cup WG1 PO: LUX vs LTU,Hard,4.0,D,20250201,1.0,210220,,,Edas Butvilas,R,191.0,LTU,20.528,208210,,,Chris Rodesch,R,198.0,LUX,23.543,6-3 6-1,3,RR,,,,,,,,,,,,,,,,,,,,247.0,229.0,282.0,185.0
2025-M-DC-2025-WG1-PO-LUX-LTU-01,Davis Cup WG1 PO: LUX vs LTU,Hard,4.0,D,20250201,2.0,200270,,,Alex Knaff,R,193.0,LUX,27.184,209147,,,Vilius Gaubas,R,178.0,LTU,20.093,6-4 3-6 6-2,3,RR,,,,,,,,,,,,,,,,,,,,718.0,37.0,192.0,311.0
2025-M-DC-2025-WG1-PO-LUX-LTU-01,Davis Cup WG1 PO: LUX vs LTU,Hard,4.0,D,20250201,3.0,208210,,,Chris Rodesch,R,198.0,LUX,23.543,209147,,,Vilius Gaubas,R,178.0,LTU,20.093,6-4 6-4,3,RR,,,,,,,,,,,,,,,,,,,,282.0,185.0,192.0,311.0
2025-M-DC-2025-WG1-PO-MON-POR-01,Davis Cup WG1 PO: MON vs POR,Clay,4.0,D,20250201,1.0,200473,,,Valentin Vacherot,R,193.0,MON,26.212,210262,,,Jaime Faria,R,188.0,POR,21.492,6-4 6-7(5) 6-2,3,RR,,,,,,,,,,,,,,,,,,,,201.0,294.0,109.0,561.0
2025-M-DC-2025-WG1-PO-MON-POR-01,Davis Cup WG1 PO: MON vs POR,Clay,4.0,D,20250201,2.0,132686,,,Nuno Borges,R,185.0,POR,27.951,104112,,,Benjamin Balleret,R,183.0,MON,42.048,6-3 6-1,3,RR,,,,,,,,,,,,,,,,,,,,37.0,1345.0,,
2025-M-DC-2025-WG1-PO-MON-POR-01,Davis Cup WG1 PO: MON vs POR,Clay,4.0,D,20250201,3.0,200473,,,Valentin Vacherot,R,193.0,MON,26.212,132686,,,Nuno Borges,R,185.0,POR,27.951,4-6 6-1 6-2,3,RR,,,,,,,,,,,,,,,,,,,,201.0,294.0,37.0,1345.0
2025-M-DC-2025-WG1-PO-MON-POR-01,Davis Cup WG1 PO: MON vs POR,Clay,4.0,D,20250201,4.0,210012,,,Henrique Rocha,R,180.0,POR,20.824,106033,,,Romain Arneodo,R,175.0,MON,32.496,7-5 7-5,3,RR,,,,,,,,,,,,,,,,,,,,161.0,350.0,,
2025-M-DC-2025-WG1-PO-TUR-MEX-01,Davis Cup WG1 PO: TUR vs MEX,Hard,4.0,D,20250201,1.0,144985,,,Ergi Kirkin,R,180.0,TUR,26.015,900030,,,Alex Hernandez,R,175.0,MEX,25.613,7-5 5-7 7-5,3,RR,,,,,,,,,,,,,,,,,,,,303.0,172.0,658.0,45.0
2025-M-DC-2025-WG1-PO-TUR-MEX-01,Davis Cup WG1 PO: TUR vs MEX,Hard,4.0,D,20250201,2.0,207129,,,Yanki Erel,L,178.0,TUR,24.353,210202,,,Rodrigo Pacheco Mendez,L,191.0,MEX,19.773,6-4 1-6 6-1,3,RR,,,,,,,,,,,,,,,,,,,,596.0,57.0,371.0,134.0
2025-M-DC-2025-WG1-PO-TUR-MEX-01,Davis Cup WG1 PO: TUR vs MEX,Hard,4.0,D,20250201,3.0,900007,,,Atakan Karahan,R,,TUR,18.776,900056,,,Rafael De Alba,R,175.0,MEX,22.886,6-3 6-3,3,RR,,,,,,,,,,,,,,,,,,,,1413.0,4.0,1319.0,5.0
2025-M-DC-2025-WG1-PO-TUR-MEX-01,Davis Cup WG1 PO: TUR vs MEX,Hard,4.0,D,20250201,4.0,900008,,,Mert Naci Turker,,,,26.464,900057,,,Eugenio Gonzalez Fitzmaurice,,,MEX,21.826,6-1 6-2,3,RR,,,,,,,,,,,,,,,,,,,,890.0,20.0,,
2025-M-DC-2025-WG1-PO-COL-BAR-01,Davis Cup WG1 PO: COL vs BRB,Clay,4.0,D,20250131,1.0,200711,,,Nicolas Mejia,R,183.0,COL,24.972,207971,,,Xavier Lawrence,,,BAR,26.111,6-2 6-0,3,RR,,,,,,,,,,,,,,,,,,,,214.0,274.0,,
2025-M-DC-2025-WG1-PO-COL-BAR-01,Davis Cup WG1 PO: COL vs BRB,Clay,4.0,D,20250131,2.0,105985,,,Darian King,R,188.0,BAR,32.767,202075,,,Adria Soriano Barrera,R,191.0,COL,25.667,6-2 6-4,3,RR,,,,,,,,,,,,,,,,,,,,1869.0,1.0,345.0,143.0
2025-M-DC-2025-WG1-PO-COL-BAR-01,Davis Cup WG1 PO: COL vs BRB,Clay,4.0,D,20250131,3.0,105985,,,Darian King,R,188.0,BAR,32.767,200711,,,Nicolas Mejia,R,183.0,COL,24.972,6-3 6-4,3,RR,,,,,,,,,,,,,,,,,,,,1869.0,1.0,214.0,274.0
2025-M-DC-2025-WG1-PO-COL-BAR-01,Davis Cup WG1 PO: COL vs BRB,Clay,4.0,D,20250131,4.0,202075,,,Adria Soriano Barrera,R,191.0,COL,25.667,209868,,,Kaipo Marshall,,,BAR,22.867,6-2 6-2,3,RR,,,,,,,,,,,,,,,,,,,,345.0,143.0,,
2025-M-DC-2025-WG1-PO-GEO-POL-01,Davis Cup WG1 PO: GEO vs POL,Hard,4.0,D,20250131,1.0,111794,,,Kamil Majchrzak,R,183.0,POL,29.051,126762,,,Aleksandre Bakshi,L,180.0,GEO,27.548,6-3 7-6(4),3,RR,,,,,,,,,,,,,,,,,,,,115.0,521.0,489.0,81.0
2025-M-DC-2025-WG1-PO-GEO-POL-01,Davis Cup WG1 PO: GEO vs POL,Hard,4.0,D,20250131,2.0,209874,,,Maks Kasnikowski,R,180.0,POL,21.574,208182,,,Saba Purtseladze,R,191.0,GEO,23.45,6-3 5-7 6-4,3,RR,,,,,,,,,,,,,,,,,,,,217.0,270.0,450.0,93.0
2025-M-DC-2025-WG1-PO-GEO-POL-01,Davis Cup WG1 PO: GEO vs POL,Hard,4.0,D,20250131,3.0,206600,,,Zura Tkemaladze,R,188.0,GEO,24.66,210105,,,Martyn Pawelski,R,196.0,POL,20.233,5-7 7-6(5) [10-8],3,RR,,,,,,,,,,,,,,,,,,,,716.0,37.0,775.0,31.0
2025-M-DC-2025-WG1-PO-LBN-PER-01,Davis Cup WG1 PO: LBN vs PER,Clay,4.0,D,20250131,1.0,209860,,,Ignacio Buse,R,183.0,PER,20.854,133975,,,Benjamin Hassan,R,183.0,LBN,29.99,6-3 6-2,3,RR,,,,,,,,,,,,,,,,,,,,237.0,245.0,231.0,260.0
2025-M-DC-2025-WG1-PO-LBN-PER-01,Davis Cup WG1 PO: LBN vs PER,Clay,4.0,D,20250131,2.0,208293,,,Gonzalo Bueno,R,173.0,PER,20.83,200273,,,Hady Habib,R,188.0,LBN,26.448,6-3 2-6 6-4,3,RR,,,,,,,,,,,,,,,,,,,,256.0,213.0,166.0,341.0
2025-M-DC-2025-WG1-PO-LBN-PER-01,Davis Cup WG1 PO: LBN vs PER,Clay,4.0,D,20250131,3.0,138485,,,Conner Huertas del Pino,R,188.0,PER,29.117,900047,,,Fadi Bidan,,,LBN,19.083,7-6(4) 7-6(3),3,RR,,,,,,,,,,,,,,,,,,,,,,1233.0,7.0
2025-M-DC-2025-WG1-PO-ROU-BUL-01,Davis Cup WG1 PO: ROU vs BUL,Hard,4.0,D,20250131,1.0,206470,,,Cezar Cretu,R,188.0,ROU,23.773,209318,,,Petr Nesterov,R,,BUL,21.906,6-7(6) 6-3 7-6(3),3,RR,,,,,,,,,,,,,,,,,,,,315.0,164.0,437.0,100.0
2025-M-DC-2025-WG1-PO-ROU-BUL-01,Davis Cup WG1 PO: ROU vs BUL,Hard,4.0,D,20250131,2.0,210721,,,Iliyan Radulov,R,187.0,BUL,19.641,202262,,,Filip Cristian Jianu,R,180.0,ROU,23.37,6-3 7-6(3),3,RR,,,,,,,,,,,,,,,,,,,,533.0,69.0,234.0,254.0
2025-M-DC-2025-WG1-PO-ROU-BUL-01,Davis Cup WG1 PO: ROU vs BUL,Hard,4.0,D,20250131,3.0,202090,,,Adrian Andreev,R,175.0,BUL,23.723,202262,,,Filip Cristian Jianu,R,180.0,ROU,23.37,6-3 3-6 6-3,3,RR,,,,,,,,,,,,,,,,,,,,233.0,255.0,234.0,254.0
2025-M-DC-2025-WG1-PO-TUN-UKR-01,Davis Cup WG1 PO: TUN vs UKR,Hard,4.0,D,20250131,1.0,126964,,,Vitaliy Sachko,R,188.0,UKR,27.551,144826,,,Aziz Dougaz,L,188.0,TUN,27.852,6-3 6-7(6) 6-3,3,RR,,,,,,,,,,,,,,,,,,,,392.0,122.0,227.0,265.0
2025-M-DC-2025-WG1-PO-TUN-UKR-01,Davis Cup WG1 PO: TUN vs UKR,Hard,4.0,D,20250131,2.0,121411,,,Moez Echargui,R,178.0,TUN,32.057,209191,,,Oleksandr Ovcharenko,R,185.0,UKR,23.291,7-6(1) 6-2,3,RR,,,,,,,,,,,,,,,,,,,,511.0,76.0,311.0,166.0
2025-M-DC-2025-WG1-PO-TUN-UKR-01,Davis Cup WG1 PO: TUN vs UKR,Hard,4.0,D,20250131,3.0,209191,,,Oleksandr Ovcharenko,R,185.0,UKR,23.291,144826,,,Aziz Dougaz,L,188.0,TUN,27.852,6-2 6-2,3,RR,,,,,,,,,,,,,,,,,,,,311.0,166.0,227.0,265.0
2025-M-DC-2025-WG1-PO-TUN-UKR-01,Davis Cup WG1 PO: TUN vs UKR,Hard,4.0,D,20250131,4.0,121411,,,Moez Echargui,R,178.0,TUN,32.057,126964,,,Vitaliy Sachko,R,188.0,UKR,27.551,7-5 6-1,3,RR,,,,,,,,,,,,,,,,,,,,511.0,76.0,392.0,122.0
2025-M-DC-2025-WG1-PO-UZB-BIH-01,Davis Cup WG1 PO: UZB vs BIH,Hard,4.0,D,20250131,1.0,126939,,,Khumoyun Sultanov,R,180.0,UZB,26.264,105806,,,Mirza Basic,R,188.0,BIH,33.558,6-4 3-6 7-6(4),3,RR,,,,,,,,,,,,,,,,,,,,236.0,245.0,563.0,62.0
2025-M-DC-2025-WG1-PO-UZB-BIH-01,Davis Cup WG1 PO: UZB vs BIH,Hard,4.0,D,20250131,2.0,106000,,,Damir Dzumhur,R,175.0,BIH,32.701,200672,,,Sergey Fomin,R,180.0,UZB,23.997,7-6(7) 6-3,3,RR,,,,,,,,,,,,,,,,,,,,88.0,646.0,561.0,63.0
2025-M-DC-2025-WG1-PO-UZB-BIH-01,Davis Cup WG1 PO: UZB vs BIH,Hard,4.0,D,20250131,3.0,106000,,,Damir Dzumhur,R,175.0,BIH,32.701,126939,,,Khumoyun Sultanov,R,180.0,UZB,26.264,6-4 1-6 6-3,3,RR,,,,,,,,,,,,,,,,,,,,88.0,646.0,236.0,245.0
2025-M-DC-2025-WG2-PO-BEN-LAT-01,Davis Cup WG2 PO: BEN vs LAT,Hard,4.0,D,20250201,1.0,207669,,,Robert Strombachs,R,191.0,LAT,25.383,105278,,,Alexis Klegou,R,,BEN,36.019,7-5 4-6 6-3,3,RR,,,,,,,,,,,,,,,,,,,,407.0,116.0,,
2025-M-DC-2025-WG2-PO-BEN-LAT-02,Davis Cup WG2 PO: BEN vs LAT,Hard,4.0,D,20250201,1.0,900009,,,Patrick Agbo-Panzo,,,BEN,22.089,211571,,,Daniels Tens,,,LAT,19.409,6-3 6-2,3,RR,,,,,,,,,,,,,,,,,,,,,,,
2025-M-DC-2025-WG2-PO-BEN-LAT-03,Davis Cup WG2 PO: BEN vs LAT,Hard,4.0,D,20250201,1.0,207669,,,Robert Strombachs,R,191.0,LAT,25.383,900009,,,Patrick Agbo-Panzo,,,BEN,22.089,6-1 6-1,3,RR,,,,,,,,,,,,,,,,,,,,407.0,116.0,,
2025-M-DC-2025-WG2-PO-BEN-LAT-04,Davis Cup WG2 PO: BEN vs LAT,Hard,4.0,D,20250201,1.0,208414,,,Sylvestre Monnou,,,BEN,22.196,211571,,,Daniels Tens,,,LAT,19.409,6-3 6-3,3,RR,,,,,,,,,,,,,,,,,,,,,,,
2025-M-DC-2025-WG2-PO-DOM-BOL-01,Davis Cup WG2 PO: DOM vs BOL,Hard,4.0,D,20250201,1.0,126209,,,Peter Bertran,R,183.0,DOM,28.912,105156,,,Federico Zeballos,R,185.0,BOL,36.676,2-6 7-6(4) 6-4,3,RR,,,,,,,,,,,,,,,,,,,,461.0,90.0,1573.0,2.0
2025-M-DC-2025-WG2-PO-DOM-BOL-02,Davis Cup WG2 PO: DOM vs BOL,Hard,4.0,D,20250201,1.0,900010,,,Roberto Cid Subervi,R,193.0,DOM,31.425,207881,,,Raul Garcia,,,BOL,22.913,6-3 6-3,3,RR,,,,,,,,,,,,,,,,,,,,,,1599.0,2.0
2025-M-DC-2025-WG2-PO-DOM-BOL-03,Davis Cup WG2 PO: DOM vs BOL,Hard,4.0,D,20250201,1.0,900010,,,Roberto Cid Subervi,R,193.0,DOM,31.425,105156,,,Federico Zeballos,R,185.0,BOL,36.676,7-6(2) 6-4,3,RR,,,,,,,,,,,,,,,,,,,,,,1573.0,2.0
2025-M-DC-2025-WG2-PO-ESA-MDA-01,Davis Cup WG2 PO: ESA vs MDA,Hard,4.0,D,20250201,1.0,209943,,,Ilya Snitari,R,188.0,MDA,22.872,105656,,,Marcelo Arevalo,R,191.0,ESA,34.294,1-6 6-1 6-4,3,RR,,,,,,,,,,,,,,,,,,,,587.0,58.0,,
2025-M-DC-2025-WG2-PO-ESA-MDA-02,Davis Cup WG2 PO: ESA vs MDA,Hard,4.0,D,20250201,1.0,211570,,,Cesar Cruz,,,ESA,18.393,104215,,,Andrei Gorban,,,MDA,41.541,6-4 6-1,3,RR,,,,,,,,,,,,,,,,,,,,,,,
2025-M-DC-2025-WG2-PO-ESA-MDA-03,Davis Cup WG2 PO: ESA vs MDA,Hard,4.0,D,20250201,1.0,209943,,,Ilya Snitari,R,188.0,MDA,22.872,211570,,,Cesar Cruz,,,ESA,18.393,6-1 6-4,3,RR,,,,,,,,,,,,,,,,,,,,587.0,58.0,,
2025-M-DC-2025-WG2-PO-ESA-MDA-04,Davis Cup WG2 PO: ESA vs MDA,Hard,4.0,D,20250201,1.0,105656,,,Marcelo Arevalo,R,191.0,ESA,34.294,900058,,,Ilie Cazac,,,MDA,18.513,6-1 6-0,3,RR,,,,,,,,,,,,,,,,,,,,,,,
2025-M-DC-2025-WG2-PO-JAM-NZL-01,Davis Cup WG2 PO: JAM vs NZL,Hard,4.0,D,20250201,1.0,211638,,,Jack Loutit,L,,NZL,20.611,209080,,,Blaise Bicknell,R,191.0,JAM,23.184,3-6 6-2 6-1,3,RR,,,,,,,,,,,,,,,,,,,,919.0,18.0,1078.0,11.0
2025-M-DC-2025-WG2-PO-JAM-NZL-02,Davis Cup WG2 PO: JAM vs NZL,Hard,4.0,D,20250201,1.0,202120,,,Rowland Phillips,,,JAM,31.025,208485,,,Kiranpal Pannu,R,185.0,NZL,28.068,6-3 3-6 6-3,3,RR,,,,,,,,,,,,,,,,,,,,,,494.0,80.0
2025-M-DC-2025-WG2-PO-JAM-NZL-03,Davis Cup WG2 PO: JAM vs NZL,Hard,4.0,D,20250201,1.0,209080,,,Blaise Bicknell,R,191.0,JAM,23.184,208055,,,Ajeet Rai,R,188.0,NZL,26.04,6-3 6-4,3,RR,,,,,,,,,,,,,,,,,,,,1078.0,11.0,485.0,82.0
2025-M-DC-2025-WG2-PO-JAM-NZL-04,Davis Cup WG2 PO: JAM vs NZL,Hard,4.0,D,20250201,1.0,211638,,,Jack Loutit,L,,NZL,20.611,202120,,,Rowland Phillips,,,JAM,31.025,3-6 6-3 6-3,3,RR,,,,,,,,,,,,,,,,,,,,919.0,18.0,,
2025-M-DC-2025-WG2-PO-NAM-HKG-01,Davis Cup WG2 PO: NAM vs HKG,Hard,4.0,D,20250201,1.0,900011,,,Connor Henry Van Schalkwyk,R,,NAM,20.181,124022,,,Chun Hun Wong,R,170.0,HKG,29.259,4-6 6-4 6-1,3,RR,,,,,,,,,,,,,,,,,,,,1124.0,9.0,,
2025-M-DC-2025-WG2-PO-NAM-HKG-02,Davis Cup WG2 PO: NAM vs HKG,Hard,4.0,D,20250201,1.0,209409,,,Coleman Wong,R,191.0,HKG,20.657,900012,,,Codie Schalk Van Schalkwyk,,,NAM,22.782,7-5 7-5,3,RR,,,,,,,,,,,,,,,,,,,,165.0,342.0,,
2025-M-DC-2025-WG2-PO-NAM-HKG-03,Davis Cup WG2 PO: NAM vs HKG,Hard,4.0,D,20250201,1.0,209409,,,Coleman Wong,R,191.0,HKG,20.657,900011,,,Connor Henry Van Schalkwyk,R,,NAM,20.181,7-6(2) 7-6(8),3,RR,,,,,,,,,,,,,,,,,,,,165.0,342.0,1124.0,9.0
2025-M-DC-2025-WG2-PO-NAM-HKG-04,Davis Cup WG2 PO: NAM vs HKG,Hard,4.0,D,20250201,1.0,900012,,,Codie Schalk Van Schalkwyk,,,NAM,22.782,900059,,,Tsz Fu Wong,R,175.0,HKG,19.357,7-6(2) 6-4,3,RR,,,,,,,,,,,,,,,,,,,,,,,
2025-M-DC-2025-WG2-PO-RSA-NGR-01,Davis Cup WG2 PO: RSA vs NGR,Hard,4.0,D,20250201,1.0,202475,,,Philip Henning,R,180.0,RSA,24.227,900060,,,David Ekpenyong,R,,NGR,19.091,6-1 6-1,3,RR,,,,,,,,,,,,,,,,,,,,329.0,154.0,,
2025-M-DC-2025-WG2-PO-RSA-NGR-02,Davis Cup WG2 PO: RSA vs NGR,Hard,4.0,D,20250201,1.0,900013,,,Christopher Bulus,R,183.0,NGR,24.189,144748,,,Kris Van Wyk,R,185.0,RSA,28.342,3-6 6-3 7-6(4),3,RR,,,,,,,,,,,,,,,,,,,,1018.0,13.0,358.0,138.0
2025-M-DC-2025-WG2-PO-RSA-NGR-03,Davis Cup WG2 PO: RSA vs NGR,Hard,4.0,D,20250201,1.0,202475,,,Philip Henning,R,180.0,RSA,24.227,900013,,,Christopher Bulus,R,183.0,NGR,24.189,6-7(4) 6-4 6-4,3,RR,,,,,,,,,,,,,,,,,,,,329.0,154.0,1018.0,13.0
2025-M-DC-2025-WG2-PO-SLO-INA-01,Davis Cup WG2 PO: SLO vs INA,Clay,4.0,D,20250201,1.0,900014,,,Filip Jeff Planinsek,R,188.0,SLO,23.595,900061,,,M Rifki Fitriadi,R,175.0,INA,26.026,6-1 6-3,3,RR,,,,,,,,,,,,,,,,,,,,746.0,33.0,943.0,17.0
2025-M-DC-2025-WG2-PO-SLO-INA-02,Davis Cup WG2 PO: SLO vs INA,Clay,4.0,D,20250201,1.0,210107,,,Bor Artnak,R,193.0,SLO,20.663,211326,,,Gunawan Trismuwantara,,,INA,22.064,6-2 6-1,3,RR,,,,,,,,,,,,,,,,,,,,447.0,94.0,,
2025-M-DC-2025-WG2-PO-SLO-INA-03,Davis Cup WG2 PO: SLO vs INA,Clay,4.0,D,20250201,1.0,210107,,,Bor Artnak,R,193.0,SLO,20.663,211573,,,Lucky Candra Kurniawan,,,INA,21.12,6-1 6-4,3,RR,,,,,,,,,,,,,,,,,,,,447.0,94.0,,
2025-M-DC-2025-WG2-PO-CYP-THA-01,Davis Cup WG2 PO: CYP vs THA,Hard,,D,20250131,1.0,144949,,,Menelaos Efstathiou,R,183.0,CYP,25.919,210382,,,Maximus Jones,R,185.0,THA,20.405,2-6 6-3 6-2,3,RR,,,,,,,,,,,,,,,,,,,,1115.0,10.0,714.0,37.0
2025-M-DC-2025-WG2-PO-CYP-THA-02,Davis Cup WG2 PO: CYP vs THA,Hard,,D,20250131,1.0,210308,,,Stylianos Christodoulou,,,CYP,20.241,208937,,,Kasidit Samrej,R,191.0,THA,24.03,1-6 6-0 6-4,3,RR,,,,,,,,,,,,,,,,,,,,2068.0,1.0,423.0,109.0
2025-M-DC-2025-WG2-PO-CYP-THA-03,Davis Cup WG2 PO: CYP vs THA,Hard,,D,20250131,1.0,900015,,,Andreas Timini,,,CYP,18.601,207788,,,Thanapet Chanta,R,168.0,THA,25.396,6-3 6-3,3,RR,,,,,,,,,,,,,,,,,,,,2068.0,1.0,706.0,38.0
2025-M-DC-2025-WG2-PO-EST-VEN-01,Davis Cup WG2 PO: EST vs VEN,Hard,,D,20250131,1.0,210312,,,Oliver Ojakaar,R,191.0,EST,19.973,900062,,,Ignacio Parisca Romera,,,VEN,19.45,6-7(6) 6-4 6-4,3,RR,,,,,,,,,,,,,,,,,,,,942.0,17.0,,
2025-M-DC-2025-WG2-PO-EST-VEN-02,Davis Cup WG2 PO: EST vs VEN,Hard,,D,20250131,1.0,210136,,,Mark Lajal,R,191.0,EST,21.725,900063,,,Ricardo Rodriguez - Pace,,,VEN,31.762,6-1 6-0,3,RR,,,,,,,,,,,,,,,,,,,,204.0,291.0,1114.0,10.0
2025-M-DC-2025-WG2-PO-EST-VEN-03,Davis Cup WG2 PO: EST vs VEN,Hard,,D,20250131,1.0,900016,,,Markus Molder,R,183.0,EST,19.729,900062,,,Ignacio Parisca Romera,,,VEN,19.45,6-3 6-2,3,RR,,,,,,,,,,,,,,,,,,,,1116.0,10.0,,
2025-M-DC-2025-WG2-PO-IRL-KSA-01,Davis Cup WG2 PO: IRL vs KSA,Hard,,D,20250131,1.0,210686,,,Michael Agwi,R,193.0,IRL,21.41,900064,,,Saud Alhogbani,,,KSA,22.045,6-4 6-0,3,RR,,,,,,,,,,,,,,,,,,,,429.0,105.0,,
2025-M-DC-2025-WG2-PO-IRL-KSA-02,Davis Cup WG2 PO: IRL vs KSA,Hard,,D,20250131,1.0,900017,,,Osgar O'Hoisin,R,193.0,IRL,28.411,900065,,,Ammar Alhogbani,,,KSA,26.13,6-4 6-4,3,RR,,,,,,,,,,,,,,,,,,,,1288.0,6.0,1698.0,2.0
2025-M-DC-2025-WG2-PO-IRL-KSA-03,Davis Cup WG2 PO: IRL vs KSA,Hard,,D,20250131,1.0,900018,,,Ammar Elamin,R,185.0,IRL,22.62,900066,,,Abdulmajeed Bukhari,,,KSA,25.99,6-1 6-4,3,RR,,,,,,,,,,,,,,,,,,,,1367.0,5.0,,
2025-M-DC-2025-WG2-PO-IRL-KSA-04,Davis Cup WG2 PO: IRL vs KSA,Hard,,D,20250131,1.0,149283,,,Freddy Murray,,,IRL,21.533,900067,,,Abdulmalek Burasais,,,KSA,33.251,6-0 6-2,3,RR,,,,,,,,,,,,,,,,,,,,1869.0,1.0,,
2025-M-DC-2025-WG2-PO-CHN-MNE-01,Davis Cup WG2 PO: CHN vs MNE,Hard,,D,20250131,1.0,200666,,,Jie Cui,R,183.0,CHN,27.02,900068,,,Petar Jovanovic,,,MNE,21.528,6-4 7-6(4),3,RR,,,,,,,,,,,,,,,,,,,,280.0,188.0,938.0,17.0
2025-M-DC-2025-WG2-PO-CHN-MNE-02,Davis Cup WG2 PO: CHN vs MNE,Hard,,D,20250131,1.0,111190,,,Zhizhen Zhang,R,193.0,CHN,28.293,900069,,,Aleksa Krivokapic,,,MNE,21.717,6-4 6-4,3,RR,,,,,,,,,,,,,,,,,,,,50.0,1100.0,,
2025-M-DC-2025-WG2-PO-CHN-MNE-03,Davis Cup WG2 PO: CHN vs MNE,Hard,,D,20250131,1.0,111806,,,Fajing Sun,R,178.0,CHN,28.329,900068,,,Petar Jovanovic,,,MNE,21.528,6-3 7-5,3,RR,,,,,,,,,,,,,,,,,,,,277.0,192.0,938.0,17.0
2025-M-DC-2025-WG2-PO-MAR-ZIM-01,Davis Cup WG2 PO: MAR vs ZIM,Hard,,D,20250131,1.0,900019,,,Taha Baadi,R,183.0,MAR,23.537,144747,,,Courtney John Lock,R,193.0,ZIM,28.287,6-2 6-4,3,RR,,,,,,,,,,,,,,,,,,,,749.0,33.0,2068.0,1.0
2025-M-DC-2025-WG2-PO-MAR-ZIM-02,Davis Cup WG2 PO: MAR vs ZIM,Hard,,D,20250131,1.0,200611,,,Elliot Benchetrit,R,193.0,MAR,26.333,200250,,,Ethan Denzel Sibanda,,,ZIM,20.641,6-2 6-3,3,RR,,,,,,,,,,,,,,,,,,,,608.0,54.0,,
2025-M-DC-2025-WG2-PO-MAR-ZIM-03,Davis Cup WG2 PO: MAR vs ZIM,Hard,,D,20250131,1.0,900020,,,Karim Bennani,,,MAR,17.413,900070,,,Ronan Tashinga Mtisi,,,ZIM,17.128,6-4 6-3,3,RR,,,,,,,,,,,,,,,,,,,,1170.0,8.0,,
2025-424,Dallas,Hard,32.0,500,20250203,1.0,126203,1.0,,Taylor Fritz,R,196.0,USA,27.269,126239,,,Arthur Rinderknech,R,196.0,FRA,29.536,6-4 6-2,3,R32,66.0,11.0,0.0,43.0,29.0,27.0,9.0,9.0,0.0,0.0,5.0,1.0,58.0,37.0,27.0,6.0,9.0,6.0,9.0,4.0,5050.0,60.0,936.0
2025-424,Dallas,Hard,32.0,500,20250203,2.0,207830,6.0,,Tomas Machac,R,183.0,CZE,24.309,105453,,,Kei Nishikori,R,178.0,JPN,35.099,6-2 6-2,3,R32,62.0,7.0,1.0,48.0,29.0,24.0,11.0,8.0,4.0,4.0,2.0,0.0,48.0,31.0,19.0,7.0,8.0,3.0,7.0,25.0,1805.0,71.0,793.0
2025-424,Dallas,Hard,32.0,500,20250203,3.0,111581,,Q,Michael Mmoh,R,188.0,USA,27.066,106148,,,Roberto Carballes Baena,R,183.0,ESP,31.869,6-1 3-6 6-4,3,R32,166.0,9.0,0.0,89.0,57.0,32.0,15.0,13.0,5.0,10.0,3.0,0.0,85.0,60.0,28.0,13.0,13.0,4.0,11.0,422.0,106.0,51.0,1071.0
2025-424,Dallas,Hard,32.0,500,20250203,4.0,144719,,,Jaume Munar,R,183.0,ESP,27.751,900002,,,Yunchaokete Bu,R,185.0,CHN,23.042,7-5 6-2,3,R32,114.0,3.0,2.0,58.0,40.0,29.0,10.0,10.0,3.0,4.0,8.0,0.0,69.0,44.0,28.0,10.0,10.0,8.0,12.0,64.0,882.0,68.0,830.0
2025-424,Dallas,Hard,32.0,500,20250203,5.0,106415,,,Yoshihito Nishioka,L,170.0,JPN,29.355,206909,,,Brandon Nakashima,R,188.0,USA,23.504,6-4 7-6(6),3,R32,101.0,3.0,2.0,65.0,38.0,31.0,19.0,11.0,0.0,0.0,8.0,1.0,69.0,49.0,35.0,14.0,11.0,4.0,5.0,67.0,847.0,42.0,1250.0
2025-424,Dallas,Hard,32.0,500,20250203,6.0,124187,,WC,Reilly Opelka,R,211.0,USA,27.436,207686,,,Alexander Shevchenko,R,188.0,KAZ,24.181,7-6(3) 6-4,3,R32,76.0,18.0,0.0,63.0,41.0,34.0,15.0,11.0,0.0,0.0,8.0,2.0,61.0,44.0,36.0,7.0,11.0,0.0,1.0,145.0,391.0,82.0,693.0
2025-424,Dallas,Hard,32.0,500,20250203,7.0,133430,,,Denis Shapovalov,L,185.0,CAN,25.807,200175,,,Miomir Kecmanovic,R,183.0,SRB,25.429,6-3 6-7(5) 6-3,3,R32,120.0,20.0,4.0,98.0,59.0,52.0,19.0,16.0,4.0,5.0,4.0,4.0,93.0,64.0,47.0,14.0,14.0,3.0,6.0,54.0,1021.0,55.0,996.0
2025-424,Dallas,Hard,32.0,500,20250203,8.0,134770,2.0,,Casper Ruud,R,183.0,NOR,26.119,105902,,LL,James Duckworth,R,183.0,AUS,33.038,7-5 4-6 6-2,3,R32,130.0,8.0,4.0,91.0,62.0,48.0,17.0,15.0,10.0,11.0,12.0,2.0,92.0,65.0,45.0,14.0,15.0,3.0,6.0,5.0,4160.0,86.0,665.0
2025-424,Dallas,Hard,32.0,500,20250203,9.0,126205,3.0,,Tommy Paul,R,185.0,USA,27.718,202385,,WC,Jenson Brooksby,R,193.0,USA,24.274,6-7(6) 6-3 6-4,3,R32,159.0,7.0,4.0,98.0,62.0,45.0,18.0,15.0,6.0,9.0,3.0,1.0,108.0,81.0,49.0,12.0,16.0,4.0,10.0,9.0,3495.0,1093.0,10.0
2025-424,Dallas,Hard,32.0,500,20250203,10.0,210097,4.0,,Ben Shelton,L,193.0,USA,22.322,126846,,,Aleksandar Vukic,R,188.0,AUS,28.83,6-3 6-3,3,R32,63.0,6.0,4.0,49.0,29.0,26.0,11.0,9.0,0.0,0.0,4.0,1.0,50.0,35.0,24.0,6.0,9.0,1.0,4.0,13.0,2980.0,66.0,868.0
2025-424,Dallas,Hard,32.0,500,20250203,11.0,111815,,,Cameron Norrie,L,188.0,GBR,29.451,210506,7.0,,Alex Michelsen,R,193.0,USA,20.444,2-6 7-6(1) 6-1,3,R32,122.0,7.0,2.0,107.0,77.0,52.0,13.0,14.0,11.0,14.0,7.0,2.0,77.0,57.0,44.0,8.0,13.0,5.0,8.0,63.0,892.0,36.0,1370.0
2025-424,Dallas,Hard,32.0,500,20250203,12.0,126207,5.0,,Frances Tiafoe,R,188.0,USA,27.039,106121,,,Taro Daniel,R,191.0,JPN,32.019,6-1 3-6 6-4,3,R32,104.0,8.0,3.0,77.0,43.0,32.0,19.0,13.0,3.0,5.0,4.0,3.0,75.0,47.0,36.0,9.0,13.0,4.0,8.0,18.0,2560.0,117.0,519.0
2025-424,Dallas,Hard,32.0,500,20250203,13.0,208286,8.0,,Matteo Arnaldi,R,185.0,ITA,23.948,111153,,Q,Christopher Eubanks,R,201.0,USA,28.75,6-3 6-4,3,R32,79.0,5.0,4.0,62.0,38.0,29.0,15.0,10.0,2.0,2.0,7.0,1.0,55.0,42.0,32.0,4.0,9.0,2.0,4.0,39.0,1265.0,104.0,567.0
2025-424,Dallas,Hard,32.0,500,20250203,14.0,200221,,,Alejandro Davidovich Fokina,R,180.0,ESP,25.667,200587,,Q,Brandon Holt,R,185.0,USA,26.831,6-1 7-5,3,R32,81.0,6.0,0.0,61.0,43.0,32.0,12.0,10.0,3.0,3.0,4.0,1.0,58.0,40.0,25.0,7.0,9.0,3.0,6.0,59.0,940.0,179.0,324.0
2025-424,Dallas,Hard,32.0,500,20250203,15.0,208014,,,Rinky Hijikata,R,178.0,AUS,23.945,105173,,,Adrian Mannarino,L,180.0,FRA,36.6,7-5 6-3,3,R32,86.0,5.0,0.0,61.0,42.0,33.0,12.0,11.0,0.0,0.0,8.0,1.0,61.0,40.0,29.0,10.0,10.0,1.0,3.0,73.0,759.0,107.0,561.0
2025-424,Dallas,Hard,32.0,500,20250203,16.0,210319,,Q,Ethan Quinn,R,191.0,USA,20.898,208260,,WC,Trevor Svajda,R,175.0,USA,18.793,6-4 6-2,3,R32,85.0,9.0,1.0,55.0,43.0,33.0,7.0,9.0,2.0,2.0,0.0,1.0,74.0,52.0,30.0,10.0,9.0,6.0,9.0,199.0,307.0,669.0,43.0
2025-424,Dallas,Hard,32.0,500,20250203,17.0,133430,,,Denis Shapovalov,L,185.0,CAN,25.807,126203,1.0,,Taylor Fritz,R,196.0,USA,27.269,2-6 6-3 7-6(2),3,R16,123.0,15.0,7.0,102.0,60.0,45.0,23.0,15.0,7.0,9.0,9.0,3.0,82.0,58.0,45.0,12.0,14.0,1.0,2.0,54.0,1021.0,4.0,5050.0
2025-424,Dallas,Hard,32.0,500,20250203,18.0,134770,2.0,,Casper Ruud,R,183.0,NOR,26.119,111581,,Q,Michael Mmoh,R,188.0,USA,27.066,6-1 6-4,3,R16,70.0,7.0,0.0,49.0,37.0,26.0,9.0,9.0,1.0,2.0,5.0,3.0,43.0,28.0,16.0,6.0,8.0,4.0,8.0,5.0,4160.0,422.0,106.0
2025-424,Dallas,Hard,32.0,500,20250203,19.0,126205,3.0,,Tommy Paul,R,185.0,USA,27.718,210319,,Q,Ethan Quinn,R,191.0,USA,20.898,6-4 5-7 6-4,3,R16,133.0,9.0,1.0,89.0,54.0,41.0,20.0,16.0,0.0,2.0,9.0,2.0,94.0,67.0,48.0,14.0,16.0,3.0,6.0,9.0,3495.0,199.0,307.0
2025-424,Dallas,Hard,32.0,500,20250203,20.0,144719,,,Jaume Munar,R,183.0,ESP,27.751,210097,4.0,,Ben Shelton,L,193.0,USA,22.322,6-2 7-6(3),3,R16,94.0,2.0,3.0,63.0,47.0,39.0,8.0,10.0,2.0,2.0,7.0,2.0,61.0,36.0,27.0,12.0,10.0,0.0,2.0,64.0,882.0,13.0,2980.0
2025-424,Dallas,Hard,32.0,500,20250203,21.0,106415,,,Yoshihito Nishioka,L,170.0,JPN,29.355,126207,5.0,,Frances Tiafoe,R,188.0,USA,27.039,3-6 6-4 6-3,3,R16,125.0,7.0,2.0,92.0,64.0,45.0,16.0,14.0,6.0,8.0,12.0,4.0,83.0,50.0,38.0,16.0,14.0,2.0,5.0,67.0,847.0,18.0,2560.0
2025-424,Dallas,Hard,32.0,500,20250203,22.0,207830,6.0,,Tomas Machac,R,183.0,CZE,24.309,208014,,,Rinky Hijikata,R,178.0,AUS,23.945,6-4 7-6(0),3,R16,87.0,10.0,2.0,60.0,38.0,28.0,14.0,11.0,0.0,2.0,1.0,2.0,70.0,42.0,26.0,15.0,11.0,5.0,8.0,25.0,1805.0,73.0,759.0
2025-424,Dallas,Hard,32.0,500,20250203,23.0,208286,8.0,,Matteo Arnaldi,R,185.0,ITA,23.948,200221,,,Alejandro Davidovich Fokina,R,180.0,ESP,25.667,6-1 6-3,3,R16,67.0,2.0,0.0,50.0,31.0,25.0,10.0,8.0,2.0,2.0,2.0,0.0,49.0,35.0,19.0,6.0,8.0,6.0,10.0,39.0,1265.0,59.0,940.0
2025-424,Dallas,Hard,32.0,500,20250203,24.0,124187,,WC,Reilly Opelka,R,211.0,USA,27.436,111815,,,Cameron Norrie,L,188.0,GBR,29.451,4-6 7-6(5) 6-4,3,R16,150.0,18.0,2.0,103.0,58.0,47.0,25.0,16.0,5.0,6.0,7.0,2.0,100.0,66.0,52.0,19.0,16.0,3.0,4.0,145.0,391.0,63.0,892.0
2025-424,Dallas,Hard,32.0,500,20250203,25.0,134770,2.0,,Casper Ruud,R,183.0,NOR,26.119,106415,,,Yoshihito Nishioka,L,170.0,JPN,29.355,7-5 3-2 RET,3,QF,80.0,4.0,1.0,49.0,39.0,29.0,6.0,9.0,0.0,1.0,1.0,0.0,60.0,46.0,30.0,5.0,8.0,5.0,7.0,5.0,4160.0,67.0,847.0
2025-424,Dallas,Hard,32.0,500,20250203,26.0,126205,3.0,,Tommy Paul,R,185.0,USA,27.718,124187,,WC,Reilly Opelka,R,211.0,USA,27.436,7-6(3) 6-2,3,QF,90.0,3.0,6.0,65.0,41.0,34.0,15.0,10.0,0.0,0.0,9.0,2.0,78.0,50.0,33.0,15.0,10.0,5.0,7.0,9.0,3495.0,145.0,391.0
2025-424,Dallas,Hard,32.0,500,20250203,27.0,133430,,,Denis Shapovalov,L,185.0,CAN,25.807,207830,6.0,,Tomas Machac,R,183.0,CZE,24.309,7-6(5) 6-0,3,QF,74.0,6.0,5.0,54.0,30.0,22.0,16.0,9.0,1.0,2.0,3.0,0.0,56.0,40.0,21.0,9.0,9.0,2.0,6.0,54.0,1021.0,25.0,1805.0
2025-424,Dallas,Hard,32.0,500,20250203,28.0,144719,,,Jaume Munar,R,183.0,ESP,27.751,208286,8.0,,Matteo Arnaldi,R,185.0,ITA,23.948,6-4 3-6 6-3,3,QF,136.0,4.0,5.0,89.0,57.0,43.0,20.0,14.0,4.0,5.0,4.0,4.0,90.0,58.0,45.0,16.0,14.0,3.0,5.0,64.0,882.0,39.0,1265.0
2025-424,Dallas,Hard,32.0,500,20250203,29.0,134770,2.0,,Casper Ruud,R,183.0,NOR,26.119,144719,,,Jaume Munar,R,183.0,ESP,27.751,6-2 2-6 7-6(4),3,SF,149.0,4.0,2.0,90.0,65.0,44.0,10.0,14.0,3.0,6.0,6.0,1.0,91.0,61.0,40.0,16.0,14.0,3.0,6.0,5.0,4160.0,64.0,882.0
2025-424,Dallas,Hard,32.0,500,20250203,30.0,133430,,,Denis Shapovalov,L,185.0,CAN,25.807,126205,3.0,,Tommy Paul,R,185.0,USA,27.718,7-5 6-3,3,SF,94.0,6.0,4.0,78.0,50.0,39.0,13.0,11.0,3.0,3.0,2.0,0.0,57.0,34.0,24.0,12.0,10.0,1.0,3.0,54.0,1021.0,9.0,3495.0
2025-424,Dallas,Hard,32.0,500,20250203,31.0,133430,,,Denis Shapovalov,L,185.0,CAN,25.807,134770,2.0,,Casper Ruud,R,183.0,NOR,26.119,7-6(5) 6-3,3,F,100.0,13.0,2.0,73.0,50.0,36.0,15.0,11.0,1.0,1.0,5.0,1.0,73.0,55.0,35.0,12.0,10.0,4.0,5.0,54.0,1021.0,5.0,4160.0
2025-407,Rotterdam,Hard,32.0,500,20250203,1.0,209950,7.0,,Arthur Fils,R,185.0,FRA,20.646,106005,,Q,Constant Lestienne,R,180.0,FRA,32.701,6-7(4) 6-2 6-1,3,R32,128.0,14.0,0.0,90.0,49.0,36.0,24.0,13.0,3.0,4.0,1.0,3.0,87.0,47.0,28.0,21.0,14.0,7.0,13.0,19.0,2330.0,169.0,336.0
2025-407,Rotterdam,Hard,32.0,500,20250203,2.0,127157,,LL,Daniel Altmaier,R,188.0,GER,26.396,206499,,SE,Aleksandar Kovacevic,R,183.0,USA,26.434,1-6 6-4 6-3,3,R32,108.0,9.0,1.0,72.0,37.0,31.0,18.0,13.0,1.0,3.0,3.0,2.0,75.0,43.0,33.0,15.0,13.0,2.0,4.0,93.0,622.0,75.0,748.0
2025-407,Rotterdam,Hard,32.0,500,20250203,3.0,134868,,,Tallon Griekspoor,R,188.0,NED,28.591,126610,,,Matteo Berrettini,R,196.0,ITA,28.813,6-3 6-7(2) 7-6(4),3,R32,142.0,8.0,3.0,103.0,61.0,51.0,26.0,17.0,1.0,1.0,13.0,3.0,86.0,56.0,48.0,23.0,16.0,0.0,1.0,43.0,1230.0,33.0,1430.0
2025-407,Rotterdam,Hard,32.0,500,20250203,4.0,206681,,,Fabian Marozsan,R,193.0,HUN,25.325,105526,,,Jan-Lennard Struff,R,193.0,GER,34.779,6-3 4-6 7-6(3),3,R32,115.0,7.0,1.0,102.0,69.0,53.0,19.0,16.0,1.0,2.0,13.0,4.0,93.0,47.0,39.0,27.0,15.0,3.0,4.0,57.0,960.0,45.0,1200.0
2025-407,Rotterdam,Hard,32.0,500,20250203,5.0,131934,,Q,Andrea Vavassori,R,193.0,ITA,29.752,200000,,,Felix Auger-Aliassime,R,193.0,CAN,24.49,6-7(3) 6-4 RET,3,R32,100.0,5.0,5.0,70.0,43.0,36.0,13.0,11.0,3.0,4.0,5.0,3.0,64.0,43.0,33.0,12.0,11.0,1.0,3.0,317.0,163.0,23.0,2005.0
2025-407,Rotterdam,Hard,32.0,500,20250203,6.0,207989,1.0,,Carlos Alcaraz,R,183.0,ESP,21.752,122298,,WC,Botic van de Zandschulp,R,191.0,NED,29.336,7-6(3) 3-6 6-1,3,R32,154.0,3.0,5.0,95.0,53.0,36.0,22.0,14.0,4.0,7.0,4.0,8.0,100.0,63.0,41.0,16.0,14.0,5.0,9.0,3.0,7010.0,84.0,672.0
2025-407,Rotterdam,Hard,32.0,500,20250203,7.0,200282,3.0,,Alex de Minaur,R,183.0,AUS,25.963,105676,,,David Goffin,R,180.0,BEL,34.16,6-2 6-4,3,R32,96.0,4.0,1.0,60.0,28.0,20.0,22.0,9.0,3.0,3.0,2.0,0.0,72.0,37.0,27.0,14.0,9.0,7.0,10.0,8.0,3735.0,56.0,994.0
2025-407,Rotterdam,Hard,32.0,500,20250203,8.0,126094,4.0,,Andrey Rublev,R,188.0,RUS,27.291,111190,,,Zhizhen Zhang,R,193.0,CHN,28.301,6-3 6-4,3,R32,82.0,7.0,1.0,61.0,37.0,29.0,15.0,10.0,1.0,1.0,8.0,4.0,70.0,38.0,27.0,16.0,9.0,6.0,8.0,10.0,3220.0,50.0,1100.0
2025-407,Rotterdam,Hard,32.0,500,20250203,9.0,208029,5.0,,Holger Rune,R,188.0,DEN,21.769,132283,,,Lorenzo Sonego,R,191.0,ITA,29.736,7-6(4) 6-4,3,R32,131.0,5.0,0.0,72.0,41.0,32.0,18.0,11.0,1.0,2.0,3.0,2.0,98.0,58.0,38.0,18.0,11.0,11.0,13.0,14.0,2970.0,34.0,1376.0
2025-407,Rotterdam,Hard,32.0,500,20250203,10.0,208103,,,Jiri Lehecka,R,185.0,CZE,23.239,200615,,,Alexei Popyrin,R,196.0,AUS,25.5,7-5 6-2,3,R32,87.0,5.0,3.0,66.0,45.0,33.0,12.0,10.0,2.0,2.0,3.0,2.0,54.0,32.0,25.0,8.0,10.0,1.0,4.0,24.0,1810.0,26.0,1800.0
2025-407,Rotterdam,Hard,32.0,500,20250203,11.0,124079,,,Pedro Martinez,R,185.0,ESP,27.775,105138,,,Roberto Bautista Agut,R,183.0,ESP,36.808,6-3 6-2,3,R32,101.0,0.0,2.0,52.0,30.0,18.0,16.0,8.0,5.0,6.0,1.0,2.0,66.0,38.0,21.0,11.0,9.0,8.0,13.0,44.0,1205.0,52.0,1067.0
2025-407,Rotterdam,Hard,32.0,500,20250203,12.0,210150,,,Jakub Mensik,R,196.0,CZE,19.425,122330,,,Alexander Bublik,R,196.0,KAZ,27.633,6-4 6-4,3,R32,59.0,10.0,3.0,50.0,33.0,29.0,10.0,10.0,0.0,1.0,5.0,2.0,58.0,32.0,27.0,10.0,10.0,4.0,7.0,47.0,1182.0,49.0,1130.0
2025-407,Rotterdam,Hard,32.0,500,20250203,13.0,106421,2.0,,Daniil Medvedev,R,198.0,RUS,28.98,104527,,WC,Stan Wawrinka,R,183.0,SUI,39.855,6-7(8) 6-4 6-1,3,R32,147.0,7.0,6.0,88.0,57.0,42.0,15.0,14.0,5.0,7.0,4.0,4.0,106.0,55.0,39.0,17.0,15.0,5.0,11.0,7.0,3780.0,155.0,361.0
2025-407,Rotterdam,Hard,32.0,500,20250203,14.0,126774,6.0,WC,Stefanos Tsitsipas,R,193.0,GRE,26.48,208004,,Q,Harold Mayot,R,180.0,FRA,22.998,6-1 7-5,3,R32,83.0,4.0,2.0,55.0,31.0,27.0,16.0,10.0,0.0,0.0,1.0,1.0,65.0,39.0,22.0,15.0,9.0,10.0,13.0,12.0,3005.0,138.0,428.0
2025-407,Rotterdam,Hard,32.0,500,20250203,15.0,128034,8.0,,Hubert Hurkacz,R,196.0,POL,27.978,207925,,,Flavio Cobolli,R,183.0,ITA,22.749,6-3 6-2,3,R32,77.0,7.0,1.0,48.0,27.0,23.0,14.0,9.0,1.0,1.0,4.0,3.0,55.0,33.0,21.0,10.0,8.0,3.0,6.0,21.0,2205.0,35.0,1372.0
2025-407,Rotterdam,Hard,32.0,500,20250203,16.0,208233,,Q,Mattia Bellucci,L,175.0,ITA,23.677,900071,,WC,Mees Rottgering,L,180.0,NED,17.58,6-3 6-2,3,R32,102.0,10.0,4.0,59.0,39.0,31.0,9.0,9.0,5.0,6.0,0.0,2.0,70.0,40.0,23.0,13.0,8.0,5.0,9.0,92.0,624.0,839.0,24.0
2025-407,Rotterdam,Hard,32.0,500,20250203,17.0,207989,1.0,,Carlos Alcaraz,R,183.0,ESP,21.752,131934,,Q,Andrea Vavassori,R,193.0,ITA,29.752,6-2 6-1,3,R16,63.0,1.0,0.0,36.0,26.0,22.0,7.0,7.0,1.0,1.0,4.0,4.0,59.0,36.0,19.0,8.0,8.0,3.0,8.0,3.0,7010.0,317.0,163.0
2025-407,Rotterdam,Hard,32.0,500,20250203,18.0,200282,3.0,,Alex de Minaur,R,183.0,AUS,25.963,210150,,,Jakub Mensik,R,196.0,CZE,19.425,6-4 6-4,3,R16,88.0,2.0,2.0,52.0,35.0,29.0,13.0,10.0,0.0,0.0,12.0,5.0,76.0,43.0,34.0,10.0,10.0,6.0,8.0,8.0,3735.0,47.0,1182.0
2025-407,Rotterdam,Hard,32.0,500,20250203,19.0,126094,4.0,,Andrey Rublev,R,188.0,RUS,27.291,206681,,,Fabian Marozsan,R,193.0,HUN,25.325,7-6(2) 7-6(7),3,R16,105.0,10.0,0.0,78.0,46.0,34.0,20.0,12.0,2.0,4.0,7.0,3.0,79.0,54.0,36.0,15.0,12.0,1.0,3.0,10.0,3220.0,57.0,960.0
2025-407,Rotterdam,Hard,32.0,500,20250203,20.0,124079,,,Pedro Martinez,R,185.0,ESP,27.775,208029,5.0,,Holger Rune,R,188.0,DEN,21.769,6-4 6-1,3,R16,83.0,0.0,2.0,49.0,34.0,25.0,11.0,9.0,1.0,2.0,2.0,1.0,58.0,33.0,17.0,13.0,8.0,4.0,8.0,44.0,1205.0,14.0,2970.0
2025-407,Rotterdam,Hard,32.0,500,20250203,21.0,126774,6.0,WC,Stefanos Tsitsipas,R,193.0,GRE,26.48,134868,,,Tallon Griekspoor,R,188.0,NED,28.591,6-7(5) 7-6(6) 7-5,3,R16,179.0,12.0,5.0,116.0,71.0,57.0,26.0,18.0,3.0,5.0,10.0,2.0,131.0,89.0,65.0,21.0,18.0,6.0,9.0,12.0,3005.0,43.0,1230.0
2025-407,Rotterdam,Hard,32.0,500,20250203,22.0,127157,,LL,Daniel Altmaier,R,188.0,GER,26.396,209950,7.0,,Arthur Fils,R,185.0,FRA,20.646,6-4 3-6 7-5,3,R16,146.0,11.0,1.0,86.0,53.0,39.0,16.0,15.0,1.0,4.0,6.0,4.0,116.0,68.0,45.0,24.0,16.0,9.0,13.0,93.0,622.0,19.0,2330.0
2025-407,Rotterdam,Hard,32.0,500,20250203,23.0,208233,,Q,Mattia Bellucci,L,175.0,ITA,23.677,106421,2.0,,Daniil Medvedev,R,198.0,RUS,28.98,6-3 6-7(6) 6-3,3,R16,174.0,2.0,1.0,131.0,85.0,56.0,25.0,16.0,11.0,12.0,9.0,8.0,93.0,53.0,44.0,17.0,14.0,5.0,8.0,92.0,624.0,7.0,3780.0
2025-407,Rotterdam,Hard,32.0,500,20250203,24.0,128034,8.0,,Hubert Hurkacz,R,196.0,POL,27.978,208103,,,Jiri Lehecka,R,185.0,CZE,23.239,7-5 2-0 RET,3,R16,55.0,6.0,0.0,43.0,29.0,24.0,8.0,7.0,4.0,4.0,3.0,0.0,38.0,26.0,16.0,8.0,7.0,0.0,2.0,21.0,2205.0,24.0,1810.0
2025-407,Rotterdam,Hard,32.0,500,20250203,25.0,207989,1.0,,Carlos Alcaraz,R,183.0,ESP,21.752,124079,,,Pedro Martinez,R,185.0,ESP,27.775,6-2 6-1,3,QF,70.0,7.0,2.0,36.0,23.0,21.0,8.0,7.0,0.0,0.0,0.0,4.0,57.0,39.0,20.0,6.0,8.0,5.0,10.0,3.0,7010.0,44.0,1205.0
2025-407,Rotterdam,Hard,32.0,500,20250203,26.0,200282,3.0,,Alex de Minaur,R,183.0,AUS,25.963,127157,,LL,Daniel Altmaier,R,188.0,GER,26.396,6-1 6-4,3,QF,87.0,0.0,2.0,54.0,26.0,20.0,18.0,9.0,4.0,5.0,3.0,1.0,60.0,30.0,21.0,10.0,8.0,4.0,8.0,8.0,3735.0,93.0,622.0
2025-407,Rotterdam,Hard,32.0,500,20250203,27.0,128034,8.0,,Hubert Hurkacz,R,196.0,POL,27.978,126094,4.0,,Andrey Rublev,R,188.0,RUS,27.291,6-7(5) 6-3 6-4,3,QF,144.0,17.0,1.0,94.0,60.0,48.0,19.0,16.0,4.0,5.0,5.0,6.0,114.0,71.0,51.0,17.0,15.0,7.0,10.0,21.0,2205.0,10.0,3220.0
2025-407,Rotterdam,Hard,32.0,500,20250203,28.0,208233,,Q,Mattia Bellucci,L,175.0,ITA,23.677,126774,6.0,WC,Stefanos Tsitsipas,R,193.0,GRE,26.48,6-4 6-2,3,QF,85.0,5.0,2.0,57.0,33.0,25.0,16.0,9.0,4.0,4.0,4.0,1.0,58.0,35.0,25.0,9.0,9.0,7.0,10.0,92.0,624.0,12.0,3005.0
2025-407,Rotterdam,Hard,32.0,500,20250203,29.0,207989,1.0,,Carlos Alcaraz,R,183.0,ESP,21.752,128034,8.0,,Hubert Hurkacz,R,196.0,POL,27.978,6-4 6-7(5) 6-3,3,SF,140.0,5.0,4.0,96.0,59.0,47.0,20.0,16.0,5.0,6.0,10.0,1.0,99.0,62.0,45.0,19.0,15.0,6.0,9.0,3.0,7010.0,21.0,2205.0
2025-407,Rotterdam,Hard,32.0,500,20250203,30.0,200282,3.0,,Alex de Minaur,R,183.0,AUS,25.963,208233,,Q,Mattia Bellucci,L,175.0,ITA,23.677,6-1 6-2,3,SF,67.0,1.0,1.0,44.0,18.0,14.0,18.0,8.0,0.0,0.0,0.0,2.0,45.0,24.0,17.0,5.0,7.0,0.0,4.0,8.0,3735.0,92.0,624.0
2025-407,Rotterdam,Hard,32.0,500,20250203,31.0,207989,1.0,,Carlos Alcaraz,R,183.0,ESP,21.752,200282,3.0,,Alex de Minaur,R,183.0,AUS,25.963,6-4 3-6 6-2,3,F,114.0,2.0,1.0,76.0,51.0,34.0,16.0,13.0,3.0,5.0,1.0,4.0,78.0,48.0,35.0,14.0,14.0,4.0,8.0,3.0,7010.0,8.0,3735.0
2025-496,Marseille,Hard,28.0,250,20250210,1.0,126409,,Q,Hugo Grenier,R,196.0,FRA,28.887,900072,,Q,Arthur Gea,R,180.0,FRA,20.107,7-5 6-4,3,R32,102.0,8.0,3.0,62.0,43.0,37.0,11.0,11.0,6.0,6.0,5.0,1.0,71.0,43.0,31.0,14.0,11.0,7.0,9.0,202.0,306.0,306.0,171.0
2025-496,Marseille,Hard,28.0,250,20250210,2.0,105732,,Q,Pierre-Hugues Herbert,R,188.0,FRA,33.903,208004,,,Harold Mayot,R,180.0,FRA,23.017,2-6 7-5 6-3,3,R32,154.0,16.0,13.0,119.0,55.0,45.0,25.0,15.0,10.0,13.0,6.0,2.0,99.0,58.0,40.0,19.0,14.0,9.0,12.0,192.0,315.0,136.0,447.0
2025-496,Marseille,Hard,28.0,250,20250210,3.0,132686,8.0,,Nuno Borges,R,185.0,POR,27.975,104527,,WC,Stan Wawrinka,R,183.0,SUI,39.874,6-7(4) 7-6(1) 6-3,3,R32,151.0,5.0,3.0,99.0,66.0,47.0,25.0,17.0,1.0,3.0,12.0,3.0,116.0,59.0,41.0,31.0,16.0,5.0,8.0,39.0,1345.0,158.0,361.0
2025-496,Marseille,Hard,28.0,250,20250210,4.0,127157,,,Daniel Altmaier,R,188.0,GER,26.415,208134,,,Luca Nardi,R,185.0,ITA,21.517,6-2 6-2,3,R32,82.0,10.0,1.0,53.0,30.0,25.0,12.0,8.0,4.0,4.0,0.0,1.0,67.0,36.0,26.0,7.0,8.0,7.0,11.0,80.0,728.0,83.0,681.0
2025-496,Marseille,Hard,28.0,250,20250210,5.0,200267,,,Zizou Bergs,R,185.0,BEL,25.692,206889,,Q,Clement Chidekh,R,180.0,FRA,23.663,6-4 6-4,3,R32,82.0,10.0,2.0,58.0,33.0,27.0,14.0,10.0,1.0,2.0,0.0,3.0,55.0,30.0,22.0,11.0,10.0,1.0,4.0,62.0,932.0,189.0,317.0
2025-496,Marseille,Hard,28.0,250,20250210,6.0,122330,,,Alexander Bublik,R,196.0,KAZ,27.652,104755,,WC,Richard Gasquet,R,183.0,FRA,38.65,6-4 6-4,3,R32,81.0,13.0,1.0,55.0,32.0,27.0,14.0,10.0,2.0,3.0,2.0,5.0,62.0,28.0,21.0,16.0,10.0,2.0,5.0,48.0,1130.0,128.0,478.0
2025-496,Marseille,Hard,28.0,250,20250210,7.0,105526,,,Jan-Lennard Struff,R,193.0,GER,34.798,131905,,LL,Manuel Guinard,R,198.0,FRA,29.24,7-5 7-6(4),3,R32,117.0,18.0,5.0,86.0,54.0,38.0,16.0,12.0,2.0,5.0,7.0,10.0,97.0,47.0,34.0,20.0,12.0,8.0,12.0,46.0,1200.0,280.0,191.0
2025-496,Marseille,Hard,28.0,250,20250210,8.0,209414,,LL,Luca Van Assche,R,178.0,FRA,20.753,126127,,,Benjamin Bonzi,R,183.0,FRA,28.674,3-6 6-3 7-6(7),3,R32,131.0,10.0,6.0,100.0,65.0,51.0,14.0,15.0,5.0,8.0,9.0,4.0,86.0,53.0,43.0,14.0,15.0,3.0,6.0,164.0,346.0,64.0,911.0
2025-496,Marseille,Hard,28.0,250,20250210,9.0,111190,,,Zhizhen Zhang,R,193.0,CHN,28.32,111460,,,Quentin Halys,R,191.0,FRA,28.293,6-3 6-7(2) 7-6(3),3,R32,139.0,10.0,4.0,102.0,66.0,51.0,25.0,16.0,2.0,2.0,22.0,7.0,110.0,58.0,50.0,24.0,17.0,2.0,4.0,52.0,1050.0,74.0,756.0
2025-496,Marseille,Hard,28.0,250,20250210,10.0,202261,,,Otto Virtanen,R,193.0,FIN,23.641,200624,5.0,,Sebastian Korda,R,196.0,USA,24.602,6-7(3) 7-6(4) 6-4,3,R32,152.0,19.0,4.0,120.0,72.0,55.0,23.0,17.0,6.0,8.0,11.0,4.0,105.0,69.0,50.0,20.0,17.0,2.0,5.0,98.0,614.0,23.0,2000.0
2025-496,Marseille,Hard,28.0,250,20250210,11.0,132283,7.0,,Lorenzo Sonego,R,191.0,ITA,29.755,122298,,,Botic van de Zandschulp,R,191.0,NED,29.355,6-1 3-6 6-3,3,R32,119.0,7.0,0.0,79.0,55.0,40.0,13.0,13.0,0.0,1.0,6.0,3.0,72.0,45.0,33.0,13.0,12.0,4.0,7.0,35.0,1376.0,85.0,672.0
2025-496,Marseille,Hard,28.0,250,20250210,12.0,209098,,,Hamad Medjedovic,R,188.0,SRB,21.569,209920,,ALT,Raphael Collignon,R,191.0,BEL,23.077,6-3 6-4,3,R32,87.0,5.0,1.0,59.0,42.0,34.0,11.0,10.0,5.0,5.0,6.0,6.0,76.0,54.0,36.0,8.0,9.0,8.0,10.0,96.0,617.0,122.0,491.0
2025-496,Marseille,Hard,28.0,250,20250210,13.0,106421,1.0,WC,Daniil Medvedev,R,198.0,RUS,28.999,105732,,Q,Pierre-Hugues Herbert,R,188.0,FRA,33.903,6-2 6-4,3,R16,69.0,6.0,3.0,49.0,29.0,26.0,13.0,9.0,1.0,1.0,3.0,6.0,52.0,29.0,20.0,8.0,9.0,1.0,4.0,8.0,3830.0,192.0,315.0
2025-496,Marseille,Hard,28.0,250,20250210,14.0,111190,,,Zhizhen Zhang,R,193.0,CHN,28.32,128034,4.0,,Hubert Hurkacz,R,196.0,POL,27.997,6-4 6-7(1) 6-3,3,R16,128.0,10.0,5.0,95.0,59.0,45.0,24.0,16.0,3.0,3.0,14.0,3.0,95.0,52.0,44.0,21.0,15.0,8.0,10.0,52.0,1050.0,20.0,2305.0
2025-496,Marseille,Hard,28.0,250,20250210,15.0,200267,,,Zizou Bergs,R,185.0,BEL,25.692,132686,8.0,,Nuno Borges,R,185.0,POR,27.975,6-2 6-7(5) 6-2,3,R16,130.0,13.0,4.0,87.0,57.0,48.0,17.0,14.0,2.0,2.0,2.0,4.0,94.0,58.0,39.0,20.0,14.0,6.0,10.0,62.0,932.0,39.0,1345.0
2025-496,Marseille,Hard,28.0,250,20250210,16.0,105526,,,Jan-Lennard Struff,R,193.0,GER,34.798,126409,,Q,Hugo Grenier,R,196.0,FRA,28.887,6-4 5-7 6-4,3,R16,134.0,16.0,4.0,96.0,59.0,44.0,16.0,16.0,3.0,7.0,14.0,5.0,115.0,77.0,51.0,14.0,16.0,8.0,13.0,46.0,1200.0,202.0,306.0
2025-496,Marseille,Hard,28.0,250,20250210,17.0,200005,2.0,,Ugo Humbert,L,188.0,FRA,26.628,122330,,,Alexander Bublik,R,196.0,KAZ,27.652,7-6(7) 6-4,3,R16,93.0,9.0,1.0,67.0,40.0,31.0,17.0,11.0,1.0,2.0,10.0,4.0,71.0,39.0,30.0,16.0,11.0,2.0,4.0,17.0,2625.0,48.0,1130.0
2025-496,Marseille,Hard,28.0,250,20250210,18.0,209098,,,Hamad Medjedovic,R,188.0,SRB,21.569,111575,3.0,,Karen Khachanov,R,198.0,RUS,28.726,6-2 6-3,3,R16,72.0,3.0,2.0,55.0,36.0,26.0,11.0,9.0,4.0,5.0,5.0,3.0,48.0,22.0,14.0,10.0,8.0,5.0,9.0,96.0,617.0,21.0,2210.0
2025-496,Marseille,Hard,28.0,250,20250210,19.0,132283,7.0,,Lorenzo Sonego,R,191.0,ITA,29.755,209414,,LL,Luca Van Assche,R,178.0,FRA,20.753,W/O,3,R16,,,,,,,,,,,,,,,,,,,,35.0,1376.0,164.0,346.0
2025-496,Marseille,Hard,28.0,250,20250210,20.0,127157,,,Daniel Altmaier,R,188.0,GER,26.415,202261,,,Otto Virtanen,R,193.0,FIN,23.641,6-4 6-3,3,R16,87.0,9.0,0.0,73.0,40.0,29.0,17.0,9.0,10.0,11.0,5.0,3.0,62.0,34.0,20.0,14.0,10.0,6.0,10.0,80.0,728.0,98.0,614.0
2025-496,Marseille,Hard,28.0,250,20250210,21.0,106421,1.0,WC,Daniil Medvedev,R,198.0,RUS,28.999,105526,,,Jan-Lennard Struff,R,193.0,GER,34.798,6-3 6-2,3,QF,78.0,6.0,3.0,54.0,34.0,26.0,11.0,8.0,5.0,5.0,4.0,4.0,65.0,41.0,24.0,10.0,9.0,8.0,12.0,8.0,3830.0,46.0,1200.0
2025-496,Marseille,Hard,28.0,250,20250210,22.0,200005,2.0,,Ugo Humbert,L,188.0,FRA,26.628,132283,7.0,,Lorenzo Sonego,R,191.0,ITA,29.755,6-4 6-4,3,QF,98.0,5.0,2.0,63.0,34.0,29.0,17.0,10.0,3.0,3.0,8.0,1.0,64.0,40.0,27.0,14.0,10.0,4.0,6.0,17.0,2625.0,35.0,1376.0
2025-496,Marseille,Hard,28.0,250,20250210,23.0,200267,,,Zizou Bergs,R,185.0,BEL,25.692,111190,,,Zhizhen Zhang,R,193.0,CHN,28.32,7-5 RET,3,QF,38.0,11.0,0.0,28.0,20.0,16.0,6.0,6.0,2.0,3.0,4.0,3.0,37.0,26.0,16.0,5.0,6.0,2.0,4.0,62.0,932.0,52.0,1050.0
2025-496,Marseille,Hard,28.0,250,20250210,24.0,209098,,,Hamad Medjedovic,R,188.0,SRB,21.569,127157,,,Daniel Altmaier,R,188.0,GER,26.415,7-5 6-7(7) 6-4,3,QF,162.0,8.0,2.0,102.0,74.0,58.0,15.0,17.0,3.0,4.0,10.0,2.0,111.0,69.0,51.0,20.0,17.0,7.0,10.0,96.0,617.0,80.0,728.0
2025-496,Marseille,Hard,28.0,250,20250210,25.0,209098,,,Hamad Medjedovic,R,188.0,SRB,21.569,106421,1.0,WC,Daniil Medvedev,R,198.0,RUS,28.999,6-3 6-2,3,SF,72.0,7.0,3.0,60.0,38.0,29.0,8.0,9.0,3.0,5.0,2.0,3.0,46.0,29.0,17.0,4.0,8.0,5.0,10.0,96.0,617.0,8.0,3830.0
2025-496,Marseille,Hard,28.0,250,20250210,26.0,200005,2.0,,Ugo Humbert,L,188.0,FRA,26.628,200267,,,Zizou Bergs,R,185.0,BEL,25.692,6-4 6-4,3,SF,90.0,5.0,2.0,60.0,35.0,29.0,16.0,10.0,1.0,1.0,5.0,2.0,58.0,31.0,23.0,14.0,10.0,4.0,6.0,17.0,2625.0,62.0,932.0
2025-496,Marseille,Hard,28.0,250,20250210,27.0,200005,2.0,,Ugo Humbert,L,188.0,FRA,26.628,209098,,,Hamad Medjedovic,R,188.0,SRB,21.569,7-6(4) 6-4,3,F,100.0,13.0,0.0,66.0,33.0,27.0,22.0,11.0,1.0,2.0,4.0,5.0,72.0,44.0,35.0,11.0,11.0,5.0,7.0,17.0,2625.0,96.0,617.0
2025-499,Delray Beach,Hard,28.0,250,20250210,1.0,210530,,WC,Learner Tien,L,180.0,USA,19.192,200443,,,Adam Walton,R,183.0,AUS,25.821,6-4 6-3,3,R32,86.0,5.0,5.0,65.0,40.0,27.0,12.0,10.0,5.0,7.0,4.0,1.0,56.0,34.0,23.0,8.0,9.0,5.0,9.0,82.0,707.0,89.0,655.0
2025-499,Delray Beach,Hard,28.0,250,20250210,2.0,200221,8.0,,Alejandro Davidovich Fokina,R,180.0,ESP,25.687,106121,,LL,Taro Daniel,R,191.0,JPN,32.038,6-2 7-6(2),3,R32,86.0,8.0,2.0,66.0,46.0,34.0,10.0,10.0,2.0,3.0,2.0,3.0,58.0,41.0,28.0,4.0,10.0,0.0,3.0,60.0,940.0,119.0,494.0
2025-499,Delray Beach,Hard,28.0,250,20250210,3.0,126239,9.0,,Arthur Rinderknech,R,196.0,FRA,29.555,122078,,LL,Dmitry Popko,R,191.0,KAZ,28.298,6-2 6-4,3,R32,83.0,3.0,0.0,54.0,38.0,29.0,10.0,9.0,0.0,0.0,2.0,1.0,64.0,30.0,20.0,16.0,9.0,4.0,7.0,65.0,899.0,208.0,289.0
2025-499,Delray Beach,Hard,28.0,250,20250210,4.0,900002,,,Yunchaokete Bu,R,185.0,CHN,23.061,208014,,,Rinky Hijikata,R,178.0,AUS,23.964,6-2 6-0,3,R32,59.0,4.0,1.0,36.0,19.0,16.0,12.0,7.0,0.0,0.0,2.0,1.0,48.0,29.0,13.0,7.0,7.0,3.0,8.0,69.0,830.0,72.0,784.0
2025-499,Delray Beach,Hard,28.0,250,20250210,5.0,111456,,WC,Mackenzie McDonald,R,178.0,USA,29.823,105453,,,Kei Nishikori,R,178.0,JPN,35.118,7-6(4) 4-6 7-5,3,R32,152.0,4.0,1.0,111.0,79.0,56.0,13.0,17.0,3.0,8.0,4.0,2.0,102.0,61.0,41.0,19.0,17.0,2.0,7.0,123.0,488.0,71.0,793.0
2025-499,Delray Beach,Hard,28.0,250,20250210,6.0,106415,,,Yoshihito Nishioka,L,170.0,JPN,29.374,126846,,,Aleksandar Vukic,R,188.0,AUS,28.849,6-3 6-4,3,R32,79.0,5.0,0.0,63.0,34.0,27.0,18.0,10.0,4.0,4.0,9.0,2.0,49.0,26.0,19.0,14.0,9.0,1.0,3.0,63.0,922.0,67.0,868.0
2025-499,Delray Beach,Hard,28.0,250,20250210,7.0,124187,,WC,Reilly Opelka,R,211.0,USA,27.455,111153,,,Christopher Eubanks,R,201.0,USA,28.769,6-3 7-6(7),3,R32,86.0,13.0,2.0,67.0,43.0,35.0,16.0,11.0,1.0,1.0,3.0,0.0,59.0,40.0,29.0,13.0,10.0,0.0,1.0,121.0,491.0,104.0,567.0
2025-499,Delray Beach,Hard,28.0,250,20250210,8.0,206909,6.0,,Brandon Nakashima,R,188.0,USA,23.524,900073,,Q,James Trotter,R,183.0,JPN,25.539,7-6(2) 6-1,3,R32,98.0,5.0,0.0,57.0,38.0,33.0,13.0,10.0,0.0,0.0,4.0,1.0,79.0,48.0,28.0,18.0,9.0,6.0,8.0,43.0,1250.0,182.0,321.0
2025-499,Delray Beach,Hard,28.0,250,20250210,9.0,200175,7.0,,Miomir Kecmanovic,R,183.0,SRB,25.448,127339,,,Borna Gojo,R,196.0,CRO,26.954,6-4 6-4,3,R32,70.0,3.0,0.0,51.0,37.0,32.0,5.0,10.0,0.0,1.0,11.0,2.0,58.0,39.0,27.0,9.0,10.0,2.0,5.0,56.0,996.0,414.0,111.0
2025-499,Delray Beach,Hard,28.0,250,20250210,10.0,111581,,Q,Michael Mmoh,R,188.0,USA,27.086,207686,,,Alexander Shevchenko,R,188.0,KAZ,24.2,7-5 7-6(5),3,R32,119.0,5.0,1.0,80.0,55.0,37.0,13.0,12.0,6.0,9.0,3.0,3.0,79.0,42.0,33.0,13.0,12.0,3.0,7.0,328.0,156.0,88.0,668.0
2025-499,Delray Beach,Hard,28.0,250,20250210,11.0,111815,,,Cameron Norrie,L,188.0,GBR,29.47,208260,,Q,Zachary Svajda,R,175.0,USA,22.201,7-5 6-4,3,R32,88.0,5.0,0.0,59.0,38.0,27.0,11.0,11.0,3.0,6.0,3.0,0.0,65.0,46.0,29.0,8.0,11.0,7.0,12.0,61.0,934.0,169.0,339.0
2025-499,Delray Beach,Hard,28.0,250,20250210,12.0,210319,,LL,Ethan Quinn,R,191.0,USA,20.917,900001,,Q,Tristan Boyer,R,188.0,USA,23.808,6-2 6-7(5) 7-6(2),3,R32,192.0,6.0,3.0,128.0,81.0,63.0,21.0,16.0,12.0,14.0,4.0,3.0,120.0,81.0,51.0,22.0,16.0,4.0,8.0,150.0,382.0,113.0,524.0
2025-499,Delray Beach,Hard,28.0,250,20250210,13.0,126203,1.0,,Taylor Fritz,R,196.0,USA,27.288,900002,,,Yunchaokete Bu,R,185.0,CHN,23.061,7-6(4) 6-2,3,R16,97.0,18.0,1.0,61.0,40.0,34.0,15.0,10.0,1.0,1.0,6.0,1.0,72.0,52.0,37.0,9.0,10.0,5.0,7.0,4.0,5100.0,69.0,830.0
2025-499,Delray Beach,Hard,28.0,250,20250210,14.0,208286,4.0,,Matteo Arnaldi,R,185.0,ITA,23.967,210530,,WC,Learner Tien,L,180.0,USA,19.192,7-6(4) 4-6 7-6(1),3,R16,169.0,24.0,2.0,119.0,77.0,60.0,17.0,17.0,10.0,14.0,3.0,4.0,109.0,78.0,52.0,18.0,17.0,5.0,8.0,38.0,1355.0,82.0,707.0
2025-499,Delray Beach,Hard,28.0,250,20250210,15.0,206909,6.0,,Brandon Nakashima,R,188.0,USA,23.524,124187,,WC,Reilly Opelka,R,211.0,USA,27.455,3-6 7-5 6-2,3,R16,112.0,14.0,1.0,66.0,45.0,38.0,16.0,14.0,0.0,1.0,17.0,6.0,105.0,58.0,42.0,21.0,15.0,5.0,8.0,43.0,1250.0,121.0,491.0
2025-499,Delray Beach,Hard,28.0,250,20250210,16.0,200221,8.0,,Alejandro Davidovich Fokina,R,180.0,ESP,25.687,111456,,WC,Mackenzie McDonald,R,178.0,USA,29.823,6-2 5-7 6-0,3,R16,136.0,8.0,3.0,102.0,78.0,49.0,9.0,13.0,8.0,11.0,3.0,4.0,89.0,57.0,31.0,13.0,13.0,9.0,16.0,60.0,940.0,123.0,488.0
2025-499,Delray Beach,Hard,28.0,250,20250210,17.0,210506,3.0,,Alex Michelsen,R,193.0,USA,20.463,111581,,Q,Michael Mmoh,R,188.0,USA,27.086,6-7(8) 3-0 RET,3,R16,111.0,6.0,1.0,61.0,39.0,30.0,9.0,7.0,2.0,2.0,7.0,5.0,69.0,51.0,30.0,9.0,8.0,6.0,8.0,37.0,1370.0,328.0,156.0
2025-499,Delray Beach,Hard,28.0,250,20250210,18.0,106218,5.0,,Marcos Giron,R,180.0,USA,31.551,210319,,LL,Ethan Quinn,R,191.0,USA,20.917,6-3 6-4,3,R16,79.0,2.0,1.0,44.0,24.0,23.0,13.0,9.0,0.0,0.0,8.0,3.0,66.0,43.0,32.0,8.0,10.0,4.0,7.0,49.0,1125.0,150.0,382.0
2025-499,Delray Beach,Hard,28.0,250,20250210,19.0,200175,7.0,,Miomir Kecmanovic,R,183.0,SRB,25.448,106415,,,Yoshihito Nishioka,L,170.0,JPN,29.374,W/O,3,R16,,,,,,,,,,,,,,,,,,,,56.0,996.0,63.0,922.0
2025-499,Delray Beach,Hard,28.0,250,20250210,20.0,111815,,,Cameron Norrie,L,188.0,GBR,29.47,126239,9.0,,Arthur Rinderknech,R,196.0,FRA,29.555,7-6(9) 6-2,3,R16,119.0,6.0,2.0,62.0,37.0,29.0,15.0,10.0,1.0,2.0,14.0,10.0,95.0,51.0,41.0,12.0,10.0,7.0,10.0,61.0,934.0,65.0,899.0
2025-499,Delray Beach,Hard,28.0,250,20250210,21.0,200221,8.0,,Alejandro Davidovich Fokina,R,180.0,ESP,25.687,126203,1.0,,Taylor Fritz,R,196.0,USA,27.288,7-6(4) 7-6(5),3,QF,145.0,2.0,0.0,91.0,70.0,47.0,9.0,12.0,5.0,8.0,13.0,3.0,77.0,49.0,34.0,14.0,12.0,0.0,3.0,60.0,940.0,4.0,5100.0
2025-499,Delray Beach,Hard,28.0,250,20250210,22.0,210506,3.0,,Alex Michelsen,R,193.0,USA,20.463,111815,,,Cameron Norrie,L,188.0,GBR,29.47,7-6(3) 7-5,3,QF,98.0,9.0,1.0,69.0,46.0,37.0,15.0,12.0,3.0,3.0,4.0,0.0,69.0,37.0,29.0,19.0,12.0,0.0,1.0,37.0,1370.0,61.0,934.0
2025-499,Delray Beach,Hard,28.0,250,20250210,23.0,208286,4.0,,Matteo Arnaldi,R,185.0,ITA,23.967,206909,6.0,,Brandon Nakashima,R,188.0,USA,23.524,7-6(2) 6-4,3,QF,102.0,8.0,0.0,60.0,34.0,27.0,21.0,11.0,1.0,1.0,5.0,2.0,68.0,47.0,33.0,11.0,11.0,1.0,2.0,38.0,1355.0,43.0,1250.0
2025-499,Delray Beach,Hard,28.0,250,20250210,24.0,200175,7.0,,Miomir Kecmanovic,R,183.0,SRB,25.448,106218,5.0,,Marcos Giron,R,180.0,USA,31.551,2-6 6-4 6-2,3,QF,100.0,12.0,0.0,68.0,44.0,36.0,13.0,13.0,2.0,4.0,12.0,3.0,77.0,56.0,40.0,11.0,13.0,2.0,5.0,56.0,996.0,49.0,1125.0
2025-499,Delray Beach,Hard,28.0,250,20250210,25.0,200175,7.0,,Miomir Kecmanovic,R,183.0,SRB,25.448,210506,3.0,,Alex Michelsen,R,193.0,USA,20.463,7-6(3) 6-3,3,SF,92.0,6.0,3.0,75.0,47.0,34.0,14.0,11.0,2.0,4.0,1.0,6.0,62.0,39.0,25.0,12.0,10.0,1.0,4.0,56.0,996.0,37.0,1370.0
2025-499,Delray Beach,Hard,28.0,250,20250210,26.0,200221,8.0,,Alejandro Davidovich Fokina,R,180.0,ESP,25.687,208286,4.0,,Matteo Arnaldi,R,185.0,ITA,23.967,6-4 6-4,3,SF,102.0,1.0,1.0,66.0,41.0,28.0,12.0,10.0,6.0,8.0,4.0,2.0,63.0,31.0,20.0,15.0,10.0,2.0,6.0,60.0,940.0,38.0,1355.0
2025-499,Delray Beach,Hard,28.0,250,20250210,27.0,200175,7.0,,Miomir Kecmanovic,R,183.0,SRB,25.448,200221,8.0,,Alejandro Davidovich Fokina,R,180.0,ESP,25.687,3-6 6-1 7-5,3,F,130.0,8.0,0.0,88.0,59.0,40.0,17.0,14.0,5.0,7.0,1.0,2.0,85.0,55.0,34.0,15.0,14.0,2.0,6.0,56.0,996.0,60.0,940.0
2025-506,Buenos Aires,Clay,28.0,250,20250210,1.0,106043,,WC,Diego Schwartzman,R,170.0,ARG,32.487,111797,7.0,,Nicolas Jarry,R,201.0,CHI,29.336,7-6(10) 4-6 6-3,3,R32,173.0,1.0,4.0,114.0,76.0,53.0,23.0,16.0,5.0,7.0,10.0,3.0,98.0,61.0,47.0,22.0,15.0,10.0,12.0,386.0,124.0,40.0,1340.0
2025-506,Buenos Aires,Clay,28.0,250,20250210,2.0,211663,,,Joao Fonseca,R,188.0,BRA,18.475,144869,8.0,,Tomas Martin Etcheverry,R,196.0,ARG,25.569,6-3 6-3,3,R32,85.0,3.0,2.0,52.0,36.0,24.0,10.0,9.0,1.0,2.0,5.0,1.0,61.0,37.0,27.0,6.0,9.0,5.0,9.0,99.0,600.0,44.0,1240.0
2025-506,Buenos Aires,Clay,28.0,250,20250210,3.0,105948,,LL,Federico Coria,R,180.0,ARG,32.925,200384,,,Hugo Gaston,L,173.0,FRA,24.375,6-3 6-2,3,R32,68.0,3.0,0.0,42.0,28.0,23.0,6.0,8.0,1.0,3.0,0.0,3.0,61.0,37.0,18.0,9.0,9.0,5.0,11.0,115.0,501.0,91.0,649.0
2025-506,Buenos Aires,Clay,28.0,250,20250210,4.0,144895,,,Corentin Moutet,L,180.0,FRA,25.815,111576,,LL,Sumit Nagal,R,178.0,IND,27.488,7-5 6-2,3,R32,112.0,4.0,1.0,69.0,52.0,33.0,9.0,10.0,4.0,6.0,1.0,3.0,80.0,51.0,33.0,8.0,10.0,4.0,9.0,66.0,872.0,129.0,473.0
2025-506,Buenos Aires,Clay,28.0,250,20250210,5.0,202103,5.0,,Francisco Cerundolo,R,185.0,ARG,26.497,209260,,,Luciano Darderi,R,183.0,ITA,22.99,6-4 6-4,3,R32,101.0,1.0,0.0,69.0,49.0,32.0,13.0,10.0,7.0,8.0,1.0,0.0,71.0,47.0,28.0,14.0,10.0,6.0,9.0,28.0,1670.0,59.0,945.0
2025-506,Buenos Aires,Clay,28.0,250,20250210,6.0,202104,6.0,,Sebastian Baez,R,170.0,ARG,24.12,200116,,WC,Camilo Ugo Carabelli,R,185.0,ARG,25.654,6-4 6-4,3,R32,113.0,3.0,2.0,77.0,52.0,34.0,13.0,10.0,6.0,7.0,1.0,5.0,64.0,44.0,30.0,7.0,10.0,2.0,5.0,31.0,1535.0,87.0,672.0
2025-506,Buenos Aires,Clay,28.0,250,20250210,7.0,207678,,Q,Juan Manuel Cerundolo,L,183.0,ARG,23.239,208882,,Q,Roman Andres Burruchaga,R,183.0,ARG,23.05,7-6(4) 5-7 7-5,3,R32,210.0,1.0,0.0,113.0,69.0,45.0,26.0,18.0,2.0,7.0,0.0,3.0,124.0,75.0,49.0,25.0,18.0,10.0,15.0,139.0,432.0,141.0,428.0
2025-506,Buenos Aires,Clay,28.0,250,20250210,8.0,124079,,,Pedro Martinez,R,185.0,ESP,27.795,106000,,,Damir Dzumhur,R,175.0,BIH,32.728,0-6 6-2 7-6(3),3,R32,180.0,1.0,3.0,112.0,84.0,47.0,12.0,13.0,12.0,18.0,2.0,1.0,104.0,77.0,44.0,11.0,13.0,9.0,14.0,41.0,1295.0,90.0,654.0
2025-506,Buenos Aires,Clay,28.0,250,20250210,9.0,111513,,Q,Laslo Djere,R,188.0,SRB,29.695,124186,,,Alexandre Muller,R,183.0,FRA,28.025,6-3 6-3,3,R32,75.0,8.0,1.0,46.0,28.0,27.0,10.0,9.0,1.0,1.0,2.0,0.0,53.0,34.0,23.0,8.0,9.0,2.0,5.0,112.0,525.0,58.0,953.0
2025-506,Buenos Aires,Clay,28.0,250,20250210,10.0,105583,,,Dusan Lajovic,R,183.0,SRB,34.617,106148,,,Roberto Carballes Baena,R,183.0,ESP,31.888,7-6(8) 7-5,3,R32,141.0,7.0,1.0,81.0,44.0,30.0,19.0,12.0,1.0,5.0,6.0,2.0,86.0,48.0,29.0,15.0,12.0,4.0,9.0,81.0,717.0,50.0,1071.0
2025-506,Buenos Aires,Clay,28.0,250,20250210,11.0,208363,,,Mariano Navone,R,178.0,ARG,23.953,207681,,WC,Francisco Comesana,R,178.0,ARG,24.348,6-4 6-4,3,R32,99.0,2.0,3.0,61.0,38.0,27.0,13.0,10.0,1.0,2.0,1.0,4.0,57.0,33.0,22.0,10.0,10.0,2.0,5.0,47.0,1158.0,84.0,674.0
2025-506,Buenos Aires,Clay,28.0,250,20250210,12.0,205734,,,Thiago Seyboth Wild,R,185.0,BRA,24.923,207680,,,Facundo Diaz Acosta,L,183.0,ARG,24.156,3-6 6-2 6-3,3,R32,128.0,4.0,2.0,77.0,49.0,35.0,16.0,13.0,2.0,4.0,10.0,5.0,80.0,51.0,33.0,15.0,13.0,7.0,11.0,77.0,732.0,75.0,748.0
2025-506,Buenos Aires,Clay,28.0,250,20250210,13.0,208363,,,Mariano Navone,R,178.0,ARG,23.953,208029,2.0,,Holger Rune,R,188.0,DEN,21.788,6-1 7-6(2),3,R16,102.0,4.0,0.0,65.0,42.0,32.0,15.0,10.0,5.0,5.0,0.0,1.0,67.0,45.0,26.0,12.0,9.0,1.0,3.0,47.0,1158.0,12.0,3010.0
2025-506,Buenos Aires,Clay,28.0,250,20250210,14.0,207518,3.0,,Lorenzo Musetti,R,185.0,ITA,22.943,144895,,,Corentin Moutet,L,180.0,FRA,25.815,6-2 6-3,3,R16,89.0,2.0,2.0,57.0,39.0,29.0,12.0,9.0,4.0,4.0,0.0,2.0,46.0,32.0,19.0,6.0,8.0,1.0,4.0,16.0,2650.0,66.0,872.0
2025-506,Buenos Aires,Clay,28.0,250,20250210,15.0,211663,,,Joao Fonseca,R,188.0,BRA,18.475,105948,,LL,Federico Coria,R,180.0,ARG,32.925,2-6 6-4 6-2,3,R16,132.0,1.0,2.0,80.0,48.0,33.0,15.0,13.0,3.0,6.0,8.0,2.0,87.0,54.0,38.0,13.0,13.0,3.0,7.0,99.0,600.0,115.0,501.0
2025-506,Buenos Aires,Clay,28.0,250,20250210,16.0,124079,,,Pedro Martinez,R,185.0,ESP,27.795,106043,,WC,Diego Schwartzman,R,170.0,ARG,32.487,6-2 6-2,3,R16,77.0,0.0,2.0,49.0,38.0,27.0,5.0,8.0,3.0,4.0,4.0,4.0,42.0,27.0,12.0,5.0,8.0,4.0,9.0,41.0,1295.0,386.0,124.0
2025-506,Buenos Aires,Clay,28.0,250,20250210,17.0,100644,1.0,,Alexander Zverev,R,198.0,GER,27.811,105583,,,Dusan Lajovic,R,183.0,SRB,34.617,6-4 6-4,3,R16,97.0,6.0,4.0,63.0,45.0,36.0,7.0,10.0,3.0,4.0,4.0,2.0,81.0,61.0,39.0,7.0,10.0,4.0,7.0,2.0,8135.0,81.0,717.0
2025-506,Buenos Aires,Clay,28.0,250,20250210,18.0,111513,,Q,Laslo Djere,R,188.0,SRB,29.695,126214,4.0,,Alejandro Tabilo,L,188.0,CHI,27.693,2-6 6-1 7-6(2),3,R16,133.0,7.0,3.0,78.0,48.0,36.0,18.0,13.0,3.0,5.0,4.0,3.0,104.0,65.0,44.0,17.0,14.0,6.0,9.0,112.0,525.0,27.0,1705.0
2025-506,Buenos Aires,Clay,28.0,250,20250210,19.0,202103,5.0,,Francisco Cerundolo,R,185.0,ARG,26.497,207678,,Q,Juan Manuel Cerundolo,L,183.0,ARG,23.239,6-2 6-3,3,R16,77.0,2.0,1.0,54.0,35.0,26.0,14.0,9.0,4.0,4.0,1.0,3.0,55.0,31.0,17.0,11.0,8.0,4.0,7.0,28.0,1670.0,139.0,432.0
2025-506,Buenos Aires,Clay,28.0,250,20250210,20.0,205734,,,Thiago Seyboth Wild,R,185.0,BRA,24.923,202104,6.0,,Sebastian Baez,R,170.0,ARG,24.12,6-3 6-4,3,R16,89.0,4.0,4.0,63.0,38.0,27.0,16.0,10.0,6.0,7.0,1.0,1.0,52.0,39.0,27.0,3.0,9.0,1.0,4.0,77.0,732.0,31.0,1535.0
2025-506,Buenos Aires,Clay,28.0,250,20250210,21.0,202103,5.0,,Francisco Cerundolo,R,185.0,ARG,26.497,100644,1.0,,Alexander Zverev,R,198.0,GER,27.811,3-6 6-3 6-2,3,QF,132.0,2.0,4.0,87.0,62.0,40.0,15.0,13.0,5.0,7.0,5.0,3.0,82.0,59.0,40.0,8.0,13.0,1.0,5.0,28.0,1670.0,2.0,8135.0
2025-506,Buenos Aires,Clay,28.0,250,20250210,22.0,111513,,Q,Laslo Djere,R,188.0,SRB,29.695,205734,,,Thiago Seyboth Wild,R,185.0,BRA,24.923,7-6(3) 6-3,3,QF,98.0,7.0,0.0,63.0,43.0,37.0,13.0,11.0,2.0,2.0,3.0,0.0,68.0,42.0,26.0,18.0,10.0,3.0,4.0,112.0,525.0,77.0,732.0
2025-506,Buenos Aires,Clay,28.0,250,20250210,23.0,211663,,,Joao Fonseca,R,188.0,BRA,18.475,208363,,,Mariano Navone,R,178.0,ARG,23.953,3-6 6-4 7-5,3,QF,174.0,10.0,3.0,110.0,73.0,44.0,18.0,15.0,9.0,14.0,2.0,0.0,102.0,61.0,30.0,29.0,16.0,6.0,12.0,99.0,600.0,47.0,1158.0
2025-506,Buenos Aires,Clay,28.0,250,20250210,24.0,124079,,,Pedro Martinez,R,185.0,ESP,27.795,207518,,,Lorenzo Musetti,R,185.0,ITA,22.943,W/O,3,QF,,,,,,,,,,,,,,,,,,,,41.0,1295.0,16.0,2650.0
2025-506,Buenos Aires,Clay,28.0,250,20250210,25.0,202103,5.0,,Francisco Cerundolo,R,185.0,ARG,26.497,124079,,,Pedro Martinez,R,185.0,ESP,27.795,6-2 6-4,3,SF,93.0,8.0,0.0,65.0,46.0,33.0,11.0,9.0,7.0,7.0,0.0,0.0,60.0,44.0,25.0,10.0,9.0,2.0,5.0,28.0,1670.0,41.0,1295.0
2025-506,Buenos Aires,Clay,28.0,250,20250210,26.0,211663,,,Joao Fonseca,R,188.0,BRA,18.475,111513,,Q,Laslo Djere,R,188.0,SRB,29.695,7-6(3) 5-7 6-1,3,SF,156.0,8.0,2.0,93.0,66.0,51.0,15.0,16.0,4.0,6.0,2.0,3.0,107.0,61.0,44.0,23.0,15.0,8.0,11.0,99.0,600.0,112.0,525.0
2025-506,Buenos Aires,Clay,28.0,250,20250210,27.0,211663,,,Joao Fonseca,R,188.0,BRA,18.475,202103,5.0,,Francisco Cerundolo,R,185.0,ARG,26.497,6-4 7-6(1),3,F,105.0,4.0,2.0,75.0,48.0,35.0,12.0,11.0,1.0,4.0,3.0,1.0,68.0,43.0,23.0,16.0,11.0,5.0,9.0,99.0,600.0,28.0,1670.0
2025-451,Doha,Hard,32.0,500,20250217,1.0,200282,2.0,,Alex de Minaur,R,183.0,AUS,26.001,126128,,,Roman Safiullin,R,185.0,RUS,27.532,6-1 7-5,3,R32,98.0,3.0,2.0,68.0,38.0,29.0,15.0,10.0,4.0,5.0,6.0,0.0,63.0,43.0,24.0,11.0,9.0,4.0,8.0,8.0,3735.0,71.0,823.0
2025-451,Doha,Hard,32.0,500,20250217,2.0,126610,,,Matteo Berrettini,R,196.0,ITA,28.851,104925,3.0,,Novak Djokovic,R,188.0,SRB,37.744,7-6(4) 6-2,3,R32,93.0,13.0,1.0,63.0,47.0,40.0,8.0,10.0,3.0,3.0,9.0,1.0,65.0,45.0,38.0,6.0,10.0,4.0,6.0,35.0,1430.0,7.0,3900.0
2025-451,Doha,Hard,32.0,500,20250217,3.0,106421,4.0,,Daniil Medvedev,R,198.0,RUS,29.018,111575,,,Karen Khachanov,R,198.0,RUS,28.745,4-6 7-5 6-3,3,R32,151.0,10.0,0.0,103.0,72.0,56.0,15.0,16.0,6.0,7.0,6.0,1.0,92.0,56.0,40.0,20.0,15.0,3.0,5.0,6.0,3930.0,21.0,2210.0
2025-451,Doha,Hard,32.0,500,20250217,4.0,126094,5.0,,Andrey Rublev,R,188.0,RUS,27.329,122330,,,Alexander Bublik,R,196.0,KAZ,27.671,6-3 6-4,3,R32,70.0,6.0,3.0,62.0,46.0,33.0,9.0,10.0,2.0,3.0,11.0,4.0,55.0,35.0,25.0,7.0,9.0,2.0,5.0,10.0,3220.0,48.0,1105.0
2025-451,Doha,Hard,32.0,500,20250217,5.0,209098,,SE,Hamad Medjedovic,R,188.0,SRB,21.588,126774,6.0,,Stefanos Tsitsipas,R,193.0,GRE,26.519,7-6(6) 5-7 7-6(5),3,R32,164.0,9.0,3.0,112.0,74.0,59.0,20.0,18.0,0.0,2.0,12.0,2.0,106.0,69.0,56.0,24.0,18.0,1.0,2.0,73.0,782.0,11.0,3095.0
2025-451,Doha,Hard,32.0,500,20250217,6.0,200000,,,Felix Auger-Aliassime,R,193.0,CAN,24.528,111460,,Q,Quentin Halys,R,191.0,FRA,28.312,4-6 6-4 7-6(2),3,R32,154.0,13.0,3.0,94.0,62.0,49.0,19.0,16.0,4.0,6.0,12.0,4.0,128.0,87.0,58.0,21.0,16.0,9.0,11.0,23.0,1965.0,79.0,734.0
2025-451,Doha,Hard,32.0,500,20250217,7.0,200267,,,Zizou Bergs,R,185.0,BEL,25.711,105138,,,Roberto Bautista Agut,R,183.0,ESP,36.846,6-4 7-6(4),3,R32,114.0,7.0,0.0,61.0,34.0,25.0,17.0,11.0,0.0,2.0,1.0,2.0,77.0,43.0,31.0,15.0,11.0,5.0,8.0,58.0,1007.0,54.0,1052.0
2025-451,Doha,Hard,32.0,500,20250217,8.0,132686,,,Nuno Borges,R,185.0,POR,27.995,202261,,LL,Otto Virtanen,R,193.0,FIN,23.661,7-6(6) 6-3,3,R32,82.0,3.0,0.0,69.0,55.0,40.0,5.0,11.0,1.0,3.0,6.0,2.0,71.0,53.0,36.0,7.0,10.0,4.0,7.0,39.0,1345.0,92.0,639.0
2025-451,Doha,Hard,32.0,500,20250217,9.0,134868,,,Tallon Griekspoor,R,188.0,NED,28.63,105526,,,Jan-Lennard Struff,R,193.0,GER,34.817,7-6(5) 7-6(7),3,R32,126.0,8.0,5.0,92.0,65.0,50.0,14.0,12.0,5.0,6.0,10.0,1.0,98.0,71.0,52.0,12.0,12.0,6.0,7.0,51.0,1080.0,44.0,1200.0
2025-451,Doha,Hard,32.0,500,20250217,10.0,208134,,Q,Luca Nardi,R,185.0,ITA,21.536,111190,,,Zhizhen Zhang,R,193.0,CHN,28.339,6-4 6-3,3,R32,76.0,5.0,2.0,59.0,38.0,29.0,11.0,10.0,1.0,2.0,5.0,1.0,53.0,37.0,23.0,8.0,9.0,2.0,5.0,85.0,674.0,49.0,1100.0
2025-451,Doha,Hard,32.0,500,20250217,11.0,122298,,Q,Botic van de Zandschulp,R,191.0,NED,29.374,209406,,WC,Abdullah Shelbayh,L,180.0,JOR,21.257,7-5 6-3,3,R32,97.0,3.0,2.0,60.0,43.0,32.0,9.0,11.0,2.0,4.0,1.0,4.0,64.0,34.0,20.0,14.0,10.0,6.0,10.0,87.0,672.0,267.0,201.0
2025-451,Doha,Hard,32.0,500,20250217,12.0,207989,1.0,,Carlos Alcaraz,R,183.0,ESP,21.791,105227,,PR,Marin Cilic,R,198.0,CRO,36.389,6-4 6-4,3,R32,99.0,4.0,2.0,59.0,37.0,26.0,15.0,10.0,5.0,6.0,3.0,5.0,75.0,49.0,34.0,9.0,10.0,7.0,10.0,3.0,7410.0,192.0,313.0
2025-451,Doha,Hard,32.0,500,20250217,13.0,208103,,,Jiri Lehecka,R,185.0,CZE,23.277,105777,7.0,,Grigor Dimitrov,R,191.0,BUL,33.76,6-4 6-4,3,R32,75.0,8.0,0.0,54.0,40.0,35.0,6.0,10.0,2.0,2.0,11.0,1.0,55.0,30.0,23.0,12.0,10.0,1.0,3.0,25.0,1835.0,15.0,2745.0
2025-451,Doha,Hard,32.0,500,20250217,14.0,207733,8.0,,Jack Draper,L,193.0,GBR,23.157,200615,,,Alexei Popyrin,R,196.0,AUS,25.539,6-2 7-6(4),3,R32,84.0,8.0,0.0,63.0,45.0,34.0,12.0,10.0,1.0,1.0,4.0,1.0,60.0,41.0,27.0,13.0,10.0,2.0,4.0,16.0,2680.0,27.0,1800.0
2025-451,Doha,Hard,32.0,500,20250217,15.0,206681,,,Fabian Marozsan,R,193.0,HUN,25.363,144826,,WC,Aziz Dougaz,L,188.0,TUN,27.899,7-5 6-3,3,R32,88.0,7.0,0.0,63.0,38.0,29.0,18.0,11.0,1.0,1.0,6.0,2.0,73.0,54.0,37.0,8.0,10.0,11.0,13.0,57.0,1010.0,216.0,265.0
2025-451,Doha,Hard,32.0,500,20250217,16.0,900000,,Q,Christopher O'Connell,R,183.0,AUS,30.71,200273,,WC,Hady Habib,R,188.0,LBN,26.494,7-6(7) 7-6(3),3,R32,116.0,12.0,2.0,86.0,53.0,41.0,20.0,12.0,1.0,2.0,6.0,1.0,90.0,65.0,44.0,16.0,12.0,4.0,5.0,82.0,730.0,166.0,341.0
2025-451,Doha,Hard,32.0,500,20250217,17.0,207989,1.0,,Carlos Alcaraz,R,183.0,ESP,21.791,208134,,Q,Luca Nardi,R,185.0,ITA,21.536,6-1 4-6 6-3,3,R16,112.0,3.0,0.0,73.0,51.0,36.0,15.0,13.0,3.0,5.0,2.0,5.0,85.0,54.0,36.0,13.0,13.0,6.0,11.0,3.0,7410.0,85.0,674.0
2025-451,Doha,Hard,32.0,500,20250217,18.0,200282,2.0,,Alex de Minaur,R,183.0,AUS,26.001,122298,,Q,Botic van de Zandschulp,R,191.0,NED,29.374,6-4 6-4,3,R16,120.0,4.0,3.0,70.0,34.0,25.0,24.0,10.0,4.0,4.0,1.0,4.0,75.0,36.0,23.0,20.0,10.0,3.0,5.0,8.0,3735.0,87.0,672.0
2025-451,Doha,Hard,32.0,500,20250217,19.0,106421,4.0,,Daniil Medvedev,R,198.0,RUS,29.018,200267,,,Zizou Bergs,R,185.0,BEL,25.711,6-2 6-1,3,R16,56.0,4.0,2.0,36.0,27.0,23.0,5.0,7.0,0.0,0.0,2.0,2.0,44.0,31.0,17.0,3.0,8.0,4.0,9.0,6.0,3930.0,58.0,1007.0
2025-451,Doha,Hard,32.0,500,20250217,20.0,126094,5.0,,Andrey Rublev,R,188.0,RUS,27.329,132686,,,Nuno Borges,R,185.0,POR,27.995,6-3 6-4,3,R16,61.0,11.0,0.0,49.0,40.0,33.0,8.0,10.0,0.0,0.0,6.0,2.0,52.0,40.0,28.0,5.0,9.0,4.0,6.0,10.0,3220.0,39.0,1345.0
2025-451,Doha,Hard,32.0,500,20250217,21.0,207733,8.0,,Jack Draper,L,193.0,GBR,23.157,900000,,Q,Christopher O'Connell,R,183.0,AUS,30.71,6-2 6-1,3,R16,58.0,5.0,1.0,33.0,18.0,15.0,13.0,7.0,0.0,0.0,5.0,0.0,55.0,38.0,19.0,6.0,8.0,4.0,9.0,16.0,2680.0,82.0,730.0
2025-451,Doha,Hard,32.0,500,20250217,22.0,200000,,,Felix Auger-Aliassime,R,193.0,CAN,24.528,209098,,SE,Hamad Medjedovic,R,188.0,SRB,21.588,W/O,3,R16,,0.0,0.0,0.0,0.0,0.0,0.0,0.0,0.0,0.0,0.0,0.0,0.0,0.0,0.0,0.0,0.0,0.0,0.0,23.0,1965.0,73.0,782.0
2025-451,Doha,Hard,32.0,500,20250217,23.0,126610,,,Matteo Berrettini,R,196.0,ITA,28.851,134868,,,Tallon Griekspoor,R,188.0,NED,28.63,7-6(4) 6-7(6) 6-4,3,R16,147.0,23.0,2.0,96.0,72.0,64.0,16.0,17.0,0.0,0.0,10.0,2.0,109.0,86.0,68.0,13.0,17.0,1.0,2.0,35.0,1430.0,51.0,1080.0
2025-451,Doha,Hard,32.0,500,20250217,24.0,208103,,,Jiri Lehecka,R,185.0,CZE,23.277,206681,,,Fabian Marozsan,R,193.0,HUN,25.363,6-4 6-2,3,R16,63.0,5.0,0.0,46.0,33.0,24.0,12.0,9.0,0.0,0.0,3.0,2.0,58.0,36.0,26.0,7.0,9.0,3.0,6.0,25.0,1835.0,57.0,1010.0
2025-451,Doha,Hard,32.0,500,20250217,25.0,208103,,,Jiri Lehecka,R,185.0,CZE,23.277,207989,1.0,,Carlos Alcaraz,R,183.0,ESP,21.791,6-3 3-6 6-4,3,QF,129.0,8.0,2.0,96.0,60.0,44.0,13.0,14.0,4.0,7.0,7.0,3.0,76.0,54.0,40.0,9.0,14.0,4.0,8.0,25.0,1835.0,3.0,7410.0
2025-451,Doha,Hard,32.0,500,20250217,26.0,126094,5.0,,Andrey Rublev,R,188.0,RUS,27.329,200282,2.0,,Alex de Minaur,R,183.0,AUS,26.001,6-1 3-6 7-6(8),3,QF,159.0,8.0,1.0,93.0,67.0,43.0,17.0,14.0,2.0,4.0,4.0,3.0,114.0,67.0,43.0,23.0,14.0,8.0,11.0,10.0,3220.0,8.0,3735.0
2025-451,Doha,Hard,32.0,500,20250217,27.0,200000,,,Felix Auger-Aliassime,R,193.0,CAN,24.528,106421,4.0,,Daniil Medvedev,R,198.0,RUS,29.018,6-3 RET,3,QF,31.0,4.0,0.0,18.0,11.0,10.0,6.0,4.0,0.0,0.0,2.0,1.0,27.0,20.0,12.0,3.0,5.0,1.0,3.0,23.0,1965.0,6.0,3930.0
2025-451,Doha,Hard,32.0,500,20250217,28.0,207733,8.0,,Jack Draper,L,193.0,GBR,23.157,126610,,,Matteo Berrettini,R,196.0,ITA,28.851,4-6 6-4 6-3,3,QF,141.0,8.0,3.0,82.0,59.0,45.0,15.0,15.0,3.0,4.0,16.0,0.0,111.0,84.0,56.0,14.0,14.0,11.0,13.0,16.0,2680.0,35.0,1430.0
2025-451,Doha,Hard,32.0,500,20250217,29.0,126094,5.0,,Andrey Rublev,R,188.0,RUS,27.329,200000,,,Felix Auger-Aliassime,R,193.0,CAN,24.528,7-5 4-6 7-6(5),3,SF,166.0,8.0,3.0,105.0,73.0,61.0,16.0,17.0,3.0,4.0,21.0,2.0,112.0,76.0,57.0,22.0,17.0,7.0,8.0,10.0,3220.0,23.0,1965.0
2025-451,Doha,Hard,32.0,500,20250217,30.0,207733,8.0,,Jack Draper,L,193.0,GBR,23.157,208103,,,Jiri Lehecka,R,185.0,CZE,23.277,3-6 7-6(2) 6-3,3,SF,142.0,14.0,1.0,82.0,51.0,45.0,13.0,14.0,0.0,2.0,7.0,1.0,124.0,72.0,49.0,25.0,16.0,7.0,10.0,16.0,2680.0,25.0,1835.0
2025-451,Doha,Hard,32.0,500,20250217,31.0,126094,5.0,,Andrey Rublev,R,188.0,RUS,27.329,207733,8.0,,Jack Draper,L,193.0,GBR,23.157,7-5 5-7 6-1,3,F,124.0,10.0,0.0,85.0,57.0,45.0,19.0,16.0,2.0,3.0,12.0,2.0,90.0,59.0,41.0,17.0,15.0,4.0,7.0,10.0,3220.0,16.0,2680.0
2025-6932,Rio de Janeiro,Clay,32.0,500,20250217,1.0,100644,1.0,,Alexander Zverev,R,198.0,GER,27.83,900002,,,Yunchaokete Bu,R,185.0,CHN,23.08,7-6(4) 6-4,3,R32,124.0,3.0,3.0,75.0,45.0,32.0,17.0,11.0,2.0,4.0,5.0,1.0,74.0,46.0,33.0,11.0,11.0,3.0,6.0,2.0,8135.0,69.0,847.0
2025-6932,Rio de Janeiro,Clay,32.0,500,20250217,2.0,202103,4.0,,Francisco Cerundolo,R,185.0,ARG,26.516,200384,,,Hugo Gaston,L,173.0,FRA,24.394,7-6(9) 6-0,3,R32,101.0,4.0,3.0,70.0,40.0,28.0,14.0,9.0,6.0,9.0,2.0,4.0,78.0,43.0,26.0,13.0,9.0,8.0,14.0,26.0,1825.0,93.0,636.0
2025-6932,Rio de Janeiro,Clay,32.0,500,20250217,3.0,202104,5.0,,Sebastian Baez,R,170.0,ARG,24.14,208882,,LL,Roman Andres Burruchaga,R,183.0,ARG,23.069,6-3 7-5,3,R32,97.0,2.0,2.0,63.0,45.0,28.0,14.0,11.0,4.0,6.0,1.0,3.0,57.0,30.0,17.0,14.0,10.0,3.0,7.0,31.0,1510.0,137.0,435.0
2025-6932,Rio de Janeiro,Clay,32.0,500,20250217,4.0,200116,,LL,Camilo Ugo Carabelli,R,185.0,ARG,25.673,124079,7.0,,Pedro Martinez,R,185.0,ESP,27.814,4-6 6-3 6-3,3,R32,143.0,5.0,2.0,96.0,67.0,46.0,10.0,14.0,5.0,9.0,0.0,5.0,76.0,59.0,35.0,7.0,14.0,2.0,8.0,91.0,644.0,37.0,1385.0
2025-6932,Rio de Janeiro,Clay,32.0,500,20250217,5.0,144869,8.0,,Tomas Martin Etcheverry,R,196.0,ARG,25.588,144895,,,Corentin Moutet,L,180.0,FRA,25.834,6-3 7-6(1),3,R32,111.0,2.0,3.0,65.0,50.0,39.0,7.0,10.0,5.0,6.0,4.0,1.0,67.0,42.0,27.0,13.0,11.0,3.0,6.0,43.0,1215.0,66.0,897.0
2025-6932,Rio de Janeiro,Clay,32.0,500,20250217,6.0,209260,,,Luciano Darderi,R,183.0,ITA,23.009,106198,,Q,Hugo Dellien,R,180.0,BOL,31.674,7-6(2) 2-2 RET,3,R32,87.0,11.0,2.0,57.0,36.0,23.0,14.0,8.0,0.0,2.0,1.0,1.0,56.0,43.0,28.0,5.0,8.0,3.0,5.0,61.0,945.0,108.0,553.0
2025-6932,Rio de Janeiro,Clay,32.0,500,20250217,7.0,106000,,,Damir Dzumhur,R,175.0,BIH,32.747,105583,,,Dusan Lajovic,R,183.0,SRB,34.637,6-3 6-4,3,R32,89.0,3.0,1.0,59.0,38.0,26.0,17.0,10.0,1.0,1.0,3.0,1.0,69.0,52.0,33.0,7.0,9.0,7.0,9.0,97.0,619.0,83.0,692.0
2025-6932,Rio de Janeiro,Clay,32.0,500,20250217,8.0,210262,,LL,Jaime Faria,R,188.0,POR,21.536,144642,,Q,Tomas Barrios Vera,R,191.0,CHI,27.19,6-2 7-5,3,R32,87.0,6.0,5.0,59.0,31.0,26.0,14.0,10.0,3.0,4.0,2.0,3.0,61.0,37.0,26.0,9.0,10.0,4.0,8.0,107.0,561.0,139.0,432.0
2025-6932,Rio de Janeiro,Clay,32.0,500,20250217,9.0,124186,,,Alexandre Muller,R,183.0,FRA,28.044,211663,,SE,Joao Fonseca,R,188.0,BRA,18.494,6-1 7-6(4),3,R32,92.0,2.0,2.0,66.0,44.0,34.0,15.0,10.0,2.0,2.0,5.0,2.0,71.0,51.0,36.0,6.0,9.0,8.0,10.0,60.0,953.0,68.0,850.0
2025-6932,Rio de Janeiro,Clay,32.0,500,20250217,10.0,208363,,,Mariano Navone,R,178.0,ARG,23.973,106148,,,Roberto Carballes Baena,R,183.0,ESP,31.907,6-4 6-3,3,R32,96.0,3.0,2.0,61.0,39.0,29.0,8.0,9.0,5.0,7.0,1.0,2.0,55.0,35.0,20.0,8.0,10.0,1.0,6.0,46.0,1195.0,53.0,1071.0
2025-6932,Rio de Janeiro,Clay,32.0,500,20250217,11.0,202358,,Q,Chun-Hsin Tseng,R,175.0,TPE,23.529,126214,3.0,,Alejandro Tabilo,L,188.0,CHI,27.713,6-2 7-5,3,R32,96.0,6.0,2.0,64.0,39.0,29.0,13.0,10.0,7.0,9.0,0.0,4.0,72.0,37.0,22.0,13.0,10.0,8.0,13.0,125.0,480.0,28.0,1690.0
2025-6932,Rio de Janeiro,Clay,32.0,500,20250217,12.0,111797,6.0,,Nicolas Jarry,R,201.0,CHI,29.355,207678,,Q,Juan Manuel Cerundolo,L,183.0,ARG,23.258,4-6 6-3 6-4,3,R32,145.0,12.0,3.0,92.0,59.0,43.0,19.0,15.0,3.0,5.0,4.0,7.0,100.0,64.0,44.0,18.0,14.0,9.0,12.0,47.0,1175.0,127.0,464.0
2025-6932,Rio de Janeiro,Clay,32.0,500,20250217,13.0,207681,,,Francisco Comesana,R,178.0,ARG,24.367,208361,,WC,Gustavo Heide,R,191.0,BRA,22.971,7-6(2) 6-7(7) 6-3,3,R32,201.0,16.0,4.0,106.0,66.0,57.0,21.0,17.0,6.0,7.0,10.0,12.0,139.0,78.0,57.0,29.0,16.0,16.0,18.0,86.0,673.0,162.0,359.0
2025-6932,Rio de Janeiro,Clay,32.0,500,20250217,14.0,106329,,WC,Thiago Monteiro,L,183.0,BRA,30.719,207680,,,Facundo Diaz Acosta,L,183.0,ARG,24.175,3-6 6-3 7-6(3),3,R32,159.0,6.0,3.0,93.0,57.0,44.0,20.0,15.0,1.0,2.0,8.0,3.0,89.0,58.0,46.0,17.0,15.0,4.0,5.0,99.0,590.0,119.0,498.0
2025-6932,Rio de Janeiro,Clay,32.0,500,20250217,15.0,144719,,,Jaume Munar,R,183.0,ESP,27.789,205734,,,Thiago Seyboth Wild,R,185.0,BRA,24.942,6-4 3-6 6-0,3,R32,115.0,3.0,3.0,71.0,47.0,34.0,11.0,12.0,5.0,7.0,1.0,2.0,70.0,44.0,28.0,13.0,13.0,2.0,7.0,55.0,1032.0,75.0,757.0
2025-6932,Rio de Janeiro,Clay,32.0,500,20250217,16.0,207686,,,Alexander Shevchenko,R,188.0,KAZ,24.219,200335,,WC,Felipe Meligeni Alves,R,185.0,BRA,26.995,6-4 6-2,3,R32,85.0,10.0,1.0,60.0,38.0,22.0,13.0,9.0,4.0,7.0,3.0,2.0,58.0,35.0,19.0,6.0,9.0,9.0,15.0,103.0,568.0,149.0,382.0
2025-6932,Rio de Janeiro,Clay,32.0,500,20250217,17.0,202103,4.0,,Francisco Cerundolo,R,185.0,ARG,26.516,209260,,,Luciano Darderi,R,183.0,ITA,23.009,6-7(1) 6-3 6-2,3,R16,129.0,6.0,4.0,90.0,58.0,48.0,14.0,15.0,2.0,3.0,4.0,2.0,81.0,51.0,36.0,14.0,14.0,5.0,9.0,26.0,1825.0,61.0,945.0
2025-6932,Rio de Janeiro,Clay,32.0,500,20250217,18.0,124186,,,Alexandre Muller,R,183.0,FRA,28.044,144869,8.0,,Tomas Martin Etcheverry,R,196.0,ARG,25.588,7-5 7-6(5),3,R16,128.0,5.0,1.0,78.0,47.0,37.0,17.0,12.0,5.0,7.0,5.0,0.0,74.0,45.0,34.0,11.0,12.0,2.0,5.0,60.0,953.0,43.0,1215.0
2025-6932,Rio de Janeiro,Clay,32.0,500,20250217,19.0,210262,,LL,Jaime Faria,R,188.0,POR,21.536,144719,,,Jaume Munar,R,183.0,ESP,27.789,6-4 2-6 6-3,3,R16,122.0,6.0,3.0,67.0,37.0,30.0,17.0,13.0,1.0,3.0,0.0,1.0,89.0,67.0,43.0,14.0,14.0,2.0,5.0,107.0,561.0,55.0,1032.0
2025-6932,Rio de Janeiro,Clay,32.0,500,20250217,20.0,200116,,LL,Camilo Ugo Carabelli,R,185.0,ARG,25.673,106000,,,Damir Dzumhur,R,175.0,BIH,32.747,6-4 6-4,3,R16,106.0,0.0,1.0,54.0,34.0,26.0,9.0,10.0,1.0,3.0,3.0,3.0,76.0,48.0,27.0,16.0,10.0,6.0,10.0,91.0,644.0,97.0,619.0
2025-6932,Rio de Janeiro,Clay,32.0,500,20250217,21.0,100644,1.0,,Alexander Zverev,R,198.0,GER,27.83,207686,,,Alexander Shevchenko,R,188.0,KAZ,24.219,7-6(1) 7-6(6),3,R16,148.0,6.0,4.0,78.0,51.0,34.0,18.0,12.0,2.0,5.0,5.0,7.0,115.0,68.0,45.0,18.0,12.0,9.0,12.0,2.0,8135.0,103.0,568.0
2025-6932,Rio de Janeiro,Clay,32.0,500,20250217,22.0,202104,5.0,,Sebastian Baez,R,170.0,ARG,24.14,208363,,,Mariano Navone,R,178.0,ARG,23.973,6-4 1-6 6-3,3,R16,128.0,0.0,3.0,88.0,61.0,38.0,11.0,13.0,10.0,15.0,2.0,3.0,76.0,49.0,29.0,15.0,13.0,7.0,12.0,31.0,1510.0,46.0,1195.0
2025-6932,Rio de Janeiro,Clay,32.0,500,20250217,23.0,207681,,,Francisco Comesana,R,178.0,ARG,24.367,111797,6.0,,Nicolas Jarry,R,201.0,CHI,29.355,7-6(4) 6-7(1) 7-6(6),3,R16,194.0,12.0,4.0,128.0,80.0,61.0,26.0,18.0,5.0,7.0,11.0,3.0,108.0,66.0,53.0,29.0,18.0,2.0,4.0,86.0,673.0,47.0,1175.0
2025-6932,Rio de Janeiro,Clay,32.0,500,20250217,24.0,202358,,Q,Chun-Hsin Tseng,R,175.0,TPE,23.529,106329,,WC,Thiago Monteiro,L,183.0,BRA,30.719,6-7(4) 6-3 7-6(4),3,R16,200.0,12.0,4.0,131.0,72.0,52.0,30.0,17.0,6.0,9.0,5.0,5.0,98.0,60.0,43.0,18.0,16.0,4.0,8.0,125.0,480.0,99.0,590.0
2025-6932,Rio de Janeiro,Clay,32.0,500,20250217,25.0,207681,,,Francisco Comesana,R,178.0,ARG,24.367,100644,1.0,,Alexander Zverev,R,198.0,GER,27.83,4-6 6-3 6-4,3,QF,151.0,4.0,1.0,94.0,56.0,40.0,21.0,15.0,3.0,6.0,8.0,4.0,76.0,48.0,31.0,17.0,14.0,3.0,7.0,86.0,673.0,2.0,8135.0
2025-6932,Rio de Janeiro,Clay,32.0,500,20250217,26.0,124186,,,Alexandre Muller,R,183.0,FRA,28.044,202103,4.0,,Francisco Cerundolo,R,185.0,ARG,26.516,7-5 6-1,3,QF,76.0,2.0,0.0,60.0,41.0,31.0,10.0,10.0,3.0,4.0,0.0,2.0,48.0,26.0,16.0,11.0,9.0,4.0,8.0,60.0,953.0,26.0,1825.0
2025-6932,Rio de Janeiro,Clay,32.0,500,20250217,27.0,202104,5.0,,Sebastian Baez,R,170.0,ARG,24.14,202358,,Q,Chun-Hsin Tseng,R,175.0,TPE,23.529,6-4 6-1,3,QF,95.0,2.0,2.0,57.0,44.0,29.0,7.0,9.0,1.0,3.0,0.0,1.0,60.0,32.0,16.0,12.0,8.0,7.0,12.0,31.0,1510.0,125.0,480.0
2025-6932,Rio de Janeiro,Clay,32.0,500,20250217,28.0,200116,,LL,Camilo Ugo Carabelli,R,185.0,ARG,25.673,210262,,LL,Jaime Faria,R,188.0,POR,21.536,7-6(5) 6-4,3,QF,116.0,8.0,0.0,75.0,45.0,35.0,16.0,11.0,1.0,2.0,9.0,4.0,85.0,56.0,43.0,9.0,11.0,7.0,9.0,91.0,644.0,107.0,561.0
2025-6932,Rio de Janeiro,Clay,32.0,500,20250217,29.0,202104,5.0,,Sebastian Baez,R,170.0,ARG,24.14,200116,,LL,Camilo Ugo Carabelli,R,185.0,ARG,25.673,3-6 6-1 6-1,3,SF,105.0,7.0,0.0,65.0,49.0,31.0,11.0,11.0,3.0,5.0,1.0,1.0,70.0,43.0,29.0,7.0,12.0,4.0,10.0,31.0,1510.0,91.0,644.0
2025-6932,Rio de Janeiro,Clay,32.0,500,20250217,30.0,124186,,,Alexandre Muller,R,183.0,FRA,28.044,207681,,,Francisco Comesana,R,178.0,ARG,24.367,7-5 6-7(3) 6-3,3,SF,175.0,1.0,2.0,112.0,71.0,52.0,19.0,17.0,5.0,8.0,5.0,4.0,105.0,63.0,43.0,18.0,16.0,5.0,10.0,60.0,953.0,86.0,673.0
2025-6932,Rio de Janeiro,Clay,32.0,500,20250217,31.0,202104,5.0,,Sebastian Baez,R,170.0,ARG,24.14,124186,,,Alexandre Muller,R,183.0,FRA,28.044,6-2 6-3,3,F,86.0,3.0,0.0,47.0,33.0,24.0,7.0,8.0,4.0,5.0,2.0,3.0,69.0,47.0,28.0,7.0,9.0,7.0,12.0,31.0,1510.0,60.0,953.0
2025-495,Dubai,Hard,32.0,500,20250224,1.0,106421,1.0,,Daniil Medvedev,R,198.0,RUS,29.038,105526,,,Jan-Lennard Struff,R,193.0,GER,34.836,6-4 7-6(4),3,R32,104.0,7.0,3.0,71.0,39.0,31.0,20.0,11.0,4.0,4.0,2.0,2.0,94.0,62.0,44.0,14.0,11.0,9.0,10.0,6.0,4030.0,46.0,1200.0
2025-495,Dubai,Hard,32.0,500,20250224,2.0,105227,,PR,Marin Cilic,R,198.0,CRO,36.408,200282,2.0,,Alex de Minaur,R,183.0,AUS,26.021,6-2 3-6 6-3,3,R32,137.0,3.0,3.0,90.0,54.0,37.0,20.0,13.0,5.0,7.0,2.0,4.0,74.0,36.0,24.0,18.0,13.0,0.0,4.0,186.0,313.0,8.0,3785.0
2025-495,Dubai,Hard,32.0,500,20250224,3.0,111460,,Q,Quentin Halys,R,191.0,FRA,28.331,126094,3.0,,Andrey Rublev,R,188.0,RUS,27.348,3-6 6-4 7-6(5),3,R32,132.0,18.0,6.0,98.0,54.0,43.0,25.0,15.0,10.0,12.0,5.0,2.0,91.0,54.0,44.0,21.0,16.0,4.0,6.0,77.0,751.0,9.0,3670.0
2025-495,Dubai,Hard,32.0,500,20250224,4.0,200005,5.0,,Ugo Humbert,L,188.0,FRA,26.667,208103,,,Jiri Lehecka,R,185.0,CZE,23.296,6-3 6-0,3,R32,68.0,6.0,0.0,48.0,29.0,24.0,11.0,8.0,2.0,2.0,1.0,1.0,55.0,36.0,19.0,6.0,7.0,6.0,10.0,15.0,2825.0,22.0,2035.0
2025-495,Dubai,Hard,32.0,500,20250224,5.0,900000,,Q,Christopher O'Connell,R,183.0,AUS,30.73,105777,6.0,,Grigor Dimitrov,R,191.0,BUL,33.78,6-0 RET,3,R32,26.0,2.0,0.0,17.0,9.0,7.0,5.0,3.0,0.0,0.0,0.0,2.0,21.0,12.0,5.0,2.0,3.0,4.0,7.0,75.0,780.0,16.0,2745.0
2025-495,Dubai,Hard,32.0,500,20250224,6.0,132686,,,Nuno Borges,R,185.0,POR,28.014,209950,8.0,,Arthur Fils,R,185.0,FRA,20.704,6-2 6-1,3,R32,61.0,4.0,1.0,44.0,29.0,22.0,10.0,7.0,3.0,3.0,2.0,3.0,57.0,32.0,19.0,8.0,8.0,7.0,12.0,38.0,1345.0,19.0,2355.0
2025-495,Dubai,Hard,32.0,500,20250224,7.0,200000,,,Felix Auger-Aliassime,R,193.0,CAN,24.548,122330,,,Alexander Bublik,R,196.0,KAZ,27.691,7-6(7) 6-7(4) 6-3,3,R32,169.0,8.0,5.0,113.0,81.0,62.0,17.0,16.0,6.0,7.0,16.0,7.0,126.0,79.0,52.0,27.0,17.0,14.0,17.0,21.0,2155.0,51.0,1065.0
2025-495,Dubai,Hard,32.0,500,20250224,8.0,126610,,,Matteo Berrettini,R,196.0,ITA,28.871,104792,,,Gael Monfils,R,193.0,FRA,38.483,7-5 6-4,3,R32,83.0,9.0,2.0,53.0,39.0,35.0,5.0,11.0,4.0,6.0,5.0,4.0,63.0,37.0,24.0,12.0,11.0,0.0,4.0,30.0,1530.0,40.0,1280.0
2025-495,Dubai,Hard,32.0,500,20250224,9.0,134868,,,Tallon Griekspoor,R,188.0,NED,28.649,126128,,Q,Roman Safiullin,R,185.0,RUS,27.551,5-7 7-6(4) 7-6(1),3,R32,179.0,17.0,5.0,130.0,92.0,67.0,20.0,18.0,10.0,12.0,10.0,7.0,115.0,64.0,50.0,30.0,18.0,2.0,3.0,47.0,1120.0,72.0,823.0
2025-495,Dubai,Hard,32.0,500,20250224,10.0,208134,,LL,Luca Nardi,R,185.0,ITA,21.555,105916,,Q,Marton Fucsovics,R,188.0,HUN,33.046,1-6 6-2 6-3,3,R32,132.0,2.0,6.0,111.0,56.0,38.0,25.0,12.0,12.0,15.0,4.0,6.0,69.0,39.0,26.0,14.0,12.0,2.0,6.0,79.0,749.0,88.0,666.0
2025-495,Dubai,Hard,32.0,500,20250224,11.0,208134,,LL,Luca Nardi,R,185.0,ITA,21.555,105916,,Q,Marton Fucsovics,R,188.0,HUN,33.046,1-6 6-2 6-3,3,R32,102.0,6.0,5.0,75.0,43.0,26.0,17.0,11.0,1.0,4.0,10.0,3.0,69.0,46.0,36.0,12.0,11.0,3.0,5.0,79.0,749.0,88.0,666.0
2025-495,Dubai,Hard,32.0,500,20250224,12.0,126774,4.0,,Stefanos Tsitsipas,R,193.0,GRE,26.538,132283,,,Lorenzo Sonego,R,191.0,ITA,29.793,7-6(4) 6-3,3,R32,97.0,3.0,1.0,60.0,42.0,34.0,13.0,11.0,1.0,2.0,1.0,1.0,67.0,42.0,30.0,12.0,10.0,4.0,6.0,11.0,3005.0,35.0,1401.0
2025-495,Dubai,Hard,32.0,500,20250224,13.0,105138,,,Roberto Bautista Agut,R,183.0,ESP,36.865,206681,,,Fabian Marozsan,R,193.0,HUN,25.383,3-6 6-3 7-6(4),3,R32,156.0,10.0,3.0,116.0,87.0,62.0,10.0,15.0,8.0,10.0,9.0,3.0,97.0,49.0,39.0,24.0,15.0,1.0,3.0,53.0,1052.0,55.0,1035.0
2025-495,Dubai,Hard,32.0,500,20250224,14.0,200267,,,Zizou Bergs,R,185.0,BEL,25.73,144826,,WC,Aziz Dougaz,L,188.0,TUN,27.918,6-3 6-3,3,R32,74.0,1.0,0.0,50.0,27.0,20.0,16.0,9.0,0.0,1.0,3.0,1.0,46.0,28.0,18.0,5.0,9.0,1.0,5.0,56.0,1035.0,211.0,265.0
2025-495,Dubai,Hard,32.0,500,20250224,15.0,111575,,,Karen Khachanov,R,198.0,RUS,28.764,105554,,WC,Daniel Evans,R,175.0,GBR,34.76,6-1 6-3,3,R32,80.0,0.0,1.0,49.0,27.0,20.0,15.0,8.0,3.0,4.0,0.0,4.0,50.0,28.0,19.0,4.0,8.0,5.0,10.0,24.0,1960.0,177.0,321.0
2025-495,Dubai,Hard,32.0,500,20250224,16.0,208659,,,Giovanni Mpetshi Perricard,R,203.0,FRA,21.634,111190,,,Zhizhen Zhang,R,193.0,CHN,28.359,6-3 7-6(3),3,R32,87.0,13.0,2.0,71.0,49.0,42.0,12.0,11.0,2.0,2.0,7.0,1.0,70.0,48.0,37.0,11.0,10.0,6.0,7.0,29.0,1580.0,49.0,1075.0
2025-495,Dubai,Hard,32.0,500,20250224,17.0,200615,,,Alexei Popyrin,R,196.0,AUS,25.558,200273,,WC,Hady Habib,R,188.0,LBN,26.513,6-2 6-4,3,R32,65.0,8.0,1.0,45.0,30.0,28.0,9.0,9.0,0.0,0.0,9.0,1.0,52.0,27.0,20.0,12.0,9.0,3.0,6.0,27.0,1700.0,168.0,339.0
2025-495,Dubai,Hard,32.0,500,20250224,18.0,106421,1.0,,Daniil Medvedev,R,198.0,RUS,29.038,208659,,,Giovanni Mpetshi Perricard,R,203.0,FRA,21.634,6-4 6-4,3,R16,82.0,6.0,1.0,48.0,24.0,23.0,17.0,10.0,0.0,0.0,3.0,6.0,74.0,49.0,33.0,12.0,10.0,8.0,10.0,6.0,4030.0,29.0,1580.0
2025-495,Dubai,Hard,32.0,500,20250224,19.0,126774,4.0,,Stefanos Tsitsipas,R,193.0,GRE,26.538,111575,,,Karen Khachanov,R,198.0,RUS,28.764,7-6(4) 2-6 6-4,3,R16,148.0,7.0,7.0,99.0,61.0,49.0,17.0,15.0,6.0,9.0,7.0,2.0,108.0,63.0,50.0,21.0,15.0,7.0,9.0,11.0,3005.0,24.0,1960.0
2025-495,Dubai,Hard,32.0,500,20250224,20.0,134868,,,Tallon Griekspoor,R,188.0,NED,28.649,200005,5.0,,Ugo Humbert,L,188.0,FRA,26.667,4-6 6-3 6-2,3,R16,120.0,13.0,2.0,93.0,62.0,47.0,15.0,14.0,6.0,7.0,8.0,0.0,76.0,43.0,32.0,17.0,13.0,4.0,7.0,47.0,1120.0,15.0,2825.0
2025-495,Dubai,Hard,32.0,500,20250224,21.0,200000,,,Felix Auger-Aliassime,R,193.0,CAN,24.548,132686,,,Nuno Borges,R,185.0,POR,28.014,4-6 6-3 7-5,3,R16,139.0,9.0,1.0,92.0,67.0,52.0,12.0,16.0,4.0,6.0,9.0,3.0,94.0,67.0,48.0,11.0,15.0,7.0,10.0,21.0,2155.0,38.0,1345.0
2025-495,Dubai,Hard,32.0,500,20250224,22.0,126610,,,Matteo Berrettini,R,196.0,ITA,28.871,900000,,Q,Christopher O'Connell,R,183.0,AUS,30.73,7-6(2) 6-2,3,R16,90.0,15.0,0.0,52.0,35.0,31.0,14.0,10.0,0.0,0.0,4.0,0.0,74.0,51.0,27.0,16.0,10.0,5.0,7.0,30.0,1530.0,75.0,780.0
2025-495,Dubai,Hard,32.0,500,20250224,23.0,105227,,PR,Marin Cilic,R,198.0,CRO,36.408,200615,,,Alexei Popyrin,R,196.0,AUS,25.558,5-7 6-3 6-4,3,R16,134.0,6.0,1.0,98.0,63.0,50.0,16.0,16.0,3.0,4.0,16.0,1.0,78.0,55.0,46.0,11.0,15.0,4.0,6.0,186.0,313.0,27.0,1700.0
2025-495,Dubai,Hard,32.0,500,20250224,24.0,111460,,Q,Quentin Halys,R,191.0,FRA,28.331,105138,,,Roberto Bautista Agut,R,183.0,ESP,36.865,7-6(5) 6-4,3,R16,99.0,15.0,3.0,73.0,40.0,36.0,16.0,11.0,5.0,6.0,4.0,4.0,69.0,49.0,39.0,8.0,11.0,3.0,5.0,77.0,751.0,53.0,1052.0
2025-495,Dubai,Hard,32.0,500,20250224,25.0,208134,,LL,Luca Nardi,R,185.0,ITA,21.555,200267,,,Zizou Bergs,R,185.0,BEL,25.73,6-4 7-6(3),3,R16,100.0,5.0,2.0,73.0,45.0,33.0,15.0,11.0,5.0,7.0,4.0,3.0,64.0,31.0,24.0,14.0,11.0,0.0,3.0,79.0,749.0,56.0,1035.0
2025-495,Dubai,Hard,32.0,500,20250224,26.0,134868,,,Tallon Griekspoor,R,188.0,NED,28.649,106421,1.0,,Daniil Medvedev,R,198.0,RUS,29.038,2-6 7-6(7) 7-5,3,QF,156.0,5.0,1.0,112.0,81.0,55.0,16.0,16.0,11.0,14.0,15.0,4.0,109.0,78.0,55.0,19.0,16.0,5.0,7.0,47.0,1120.0,6.0,4030.0
2025-495,Dubai,Hard,32.0,500,20250224,27.0,126774,4.0,,Stefanos Tsitsipas,R,193.0,GRE,26.538,126610,,,Matteo Berrettini,R,196.0,ITA,28.871,7-6(5) 1-6 6-4,3,QF,117.0,7.0,2.0,84.0,55.0,45.0,15.0,14.0,4.0,6.0,6.0,0.0,80.0,62.0,49.0,14.0,15.0,3.0,4.0,11.0,3005.0,30.0,1530.0
2025-495,Dubai,Hard,32.0,500,20250224,28.0,200000,,,Felix Auger-Aliassime,R,193.0,CAN,24.548,105227,,PR,Marin Cilic,R,198.0,CRO,36.408,6-4 3-6 6-2,3,QF,136.0,13.0,2.0,79.0,53.0,41.0,13.0,13.0,6.0,7.0,3.0,4.0,85.0,55.0,42.0,14.0,14.0,7.0,10.0,21.0,2155.0,186.0,313.0
2025-495,Dubai,Hard,32.0,500,20250224,29.0,111460,,Q,Quentin Halys,R,191.0,FRA,28.331,208134,,LL,Luca Nardi,R,185.0,ITA,21.555,2-6 6-3 7-6(5),3,QF,126.0,12.0,4.0,99.0,59.0,46.0,19.0,15.0,6.0,9.0,2.0,1.0,83.0,46.0,37.0,23.0,14.0,8.0,10.0,77.0,751.0,79.0,749.0
2025-495,Dubai,Hard,32.0,500,20250224,30.0,126774,4.0,,Stefanos Tsitsipas,R,193.0,GRE,26.538,134868,,,Tallon Griekspoor,R,188.0,NED,28.649,6-4 6-4,3,SF,83.0,7.0,2.0,50.0,32.0,29.0,11.0,10.0,0.0,0.0,6.0,1.0,65.0,45.0,32.0,10.0,10.0,2.0,4.0,11.0,3005.0,47.0,1120.0
2025-495,Dubai,Hard,32.0,500,20250224,31.0,200000,,,Felix Auger-Aliassime,R,193.0,CAN,24.548,111460,,Q,Quentin Halys,R,191.0,FRA,28.331,5-7 6-4 6-3,3,SF,136.0,10.0,5.0,101.0,66.0,49.0,15.0,15.0,7.0,9.0,5.0,1.0,89.0,61.0,40.0,16.0,16.0,3.0,7.0,21.0,2155.0,77.0,751.0
2025-495,Dubai,Hard,32.0,500,20250224,32.0,126774,4.0,,Stefanos Tsitsipas,R,193.0,GRE,26.538,200000,,,Felix Auger-Aliassime,R,193.0,CAN,24.548,6-3 6-3,3,F,88.0,4.0,4.0,66.0,42.0,35.0,9.0,9.0,7.0,7.0,4.0,2.0,52.0,34.0,24.0,7.0,9.0,3.0,6.0,11.0,3005.0,21.0,2155.0
2025-807,Acapulco,Hard,32.0,500,20250224,1.0,100644,1.0,,Alexander Zverev,R,198.0,GER,27.849,208286,,,Matteo Arnaldi,R,185.0,ITA,24.005,6-7(2) 6-3 6-4,3,R32,164.0,8.0,1.0,98.0,63.0,49.0,21.0,16.0,3.0,3.0,6.0,1.0,86.0,55.0,43.0,19.0,15.0,2.0,4.0,2.0,8135.0,33.0,1430.0
2025-807,Acapulco,Hard,32.0,500,20250224,2.0,208029,4.0,,Holger Rune,R,188.0,DEN,21.826,106148,,,Roberto Carballes Baena,R,183.0,ESP,31.926,7-6(4) 6-3,3,R32,118.0,3.0,0.0,69.0,41.0,32.0,12.0,11.0,2.0,4.0,1.0,1.0,66.0,48.0,31.0,7.0,10.0,3.0,6.0,13.0,2970.0,50.0,1071.0
2025-807,Acapulco,Hard,32.0,500,20250224,3.0,126207,7.0,,Frances Tiafoe,R,188.0,USA,27.097,124186,,,Alexandre Muller,R,183.0,FRA,28.063,6-4 6-2,3,R32,70.0,5.0,3.0,57.0,29.0,23.0,12.0,9.0,3.0,5.0,1.0,0.0,55.0,36.0,17.0,10.0,9.0,2.0,7.0,18.0,2485.0,41.0,1270.0
2025-807,Acapulco,Hard,32.0,500,20250224,4.0,133430,9.0,,Denis Shapovalov,L,185.0,CAN,25.864,210460,,Q,Nishesh Basavareddy,R,180.0,USA,19.817,7-5 6-2,3,R32,98.0,6.0,9.0,57.0,26.0,20.0,17.0,10.0,3.0,5.0,1.0,2.0,74.0,47.0,26.0,11.0,10.0,7.0,12.0,32.0,1496.0,106.0,562.0
2025-807,Acapulco,Hard,32.0,500,20250224,5.0,200221,,,Alejandro Davidovich Fokina,R,180.0,ESP,25.725,208233,,LL,Mattia Bellucci,L,175.0,ITA,23.734,1-6 7-6(6) 6-2,3,R32,139.0,5.0,1.0,74.0,50.0,38.0,14.0,13.0,3.0,5.0,5.0,4.0,92.0,54.0,40.0,17.0,14.0,5.0,7.0,48.0,1095.0,70.0,833.0
2025-807,Acapulco,Hard,32.0,500,20250224,6.0,210506,,,Alex Michelsen,R,193.0,USA,20.501,900002,,WC,Yunchaokete Bu,R,185.0,CHN,23.099,2-6 7-6(5) 7-6(5),3,R32,173.0,6.0,3.0,121.0,83.0,53.0,14.0,16.0,6.0,13.0,10.0,3.0,105.0,65.0,46.0,15.0,16.0,4.0,9.0,34.0,1420.0,68.0,847.0
2025-807,Acapulco,Hard,32.0,500,20250224,7.0,206909,,,Brandon Nakashima,R,188.0,USA,23.562,126127,,,Benjamin Bonzi,R,183.0,FRA,28.712,7-6(6) 7-5,3,R32,136.0,5.0,1.0,83.0,46.0,36.0,18.0,12.0,5.0,7.0,2.0,0.0,95.0,53.0,35.0,21.0,12.0,13.0,16.0,42.0,1265.0,62.0,910.0
2025-807,Acapulco,Hard,32.0,500,20250224,8.0,210202,,WC,Rodrigo Pacheco Mendez,L,191.0,MEX,19.836,126846,,,Aleksandar Vukic,R,188.0,AUS,28.887,7-5 4-6 7-6(4),3,R32,181.0,12.0,1.0,102.0,71.0,55.0,18.0,17.0,6.0,8.0,16.0,3.0,128.0,79.0,56.0,23.0,17.0,10.0,12.0,355.0,142.0,66.0,868.0
2025-807,Acapulco,Hard,32.0,500,20250224,9.0,134770,2.0,,Casper Ruud,R,183.0,NOR,26.177,126239,,,Arthur Rinderknech,R,196.0,FRA,29.593,6-4 6-3,3,R32,102.0,6.0,0.0,57.0,45.0,35.0,5.0,10.0,2.0,3.0,7.0,1.0,68.0,51.0,29.0,8.0,9.0,6.0,9.0,5.0,4325.0,61.0,911.0
2025-807,Acapulco,Hard,32.0,500,20250224,10.0,126205,3.0,,Tommy Paul,R,185.0,USA,27.775,209113,,Q,Gabriel Diallo,R,203.0,CAN,23.42,6-2 6-2,3,R32,74.0,0.0,3.0,57.0,31.0,21.0,17.0,8.0,5.0,5.0,4.0,2.0,47.0,26.0,15.0,10.0,8.0,3.0,7.0,10.0,3280.0,89.0,665.0
2025-807,Acapulco,Hard,32.0,500,20250224,11.0,210097,5.0,,Ben Shelton,L,193.0,USA,22.379,207925,,,Flavio Cobolli,R,183.0,ITA,22.806,7-6(4) 7-6(4),3,R32,121.0,13.0,2.0,78.0,54.0,41.0,15.0,12.0,3.0,4.0,2.0,0.0,79.0,41.0,33.0,21.0,12.0,4.0,5.0,14.0,2930.0,39.0,1345.0
2025-807,Acapulco,Hard,32.0,500,20250224,12.0,207830,8.0,,Tomas Machac,R,183.0,CZE,24.367,210150,,,Jakub Mensik,R,196.0,CZE,19.483,6-4 2-6 6-3,3,R32,134.0,2.0,4.0,82.0,49.0,34.0,15.0,13.0,3.0,7.0,12.0,9.0,89.0,42.0,29.0,18.0,14.0,6.0,11.0,25.0,1855.0,54.0,1042.0
2025-807,Acapulco,Hard,32.0,500,20250224,13.0,127157,,WC,Daniel Altmaier,R,188.0,GER,26.453,200175,,,Miomir Kecmanovic,R,183.0,SRB,25.487,4-6 6-4 6-3,3,R32,131.0,15.0,1.0,90.0,60.0,40.0,14.0,15.0,3.0,7.0,4.0,0.0,79.0,48.0,34.0,12.0,14.0,2.0,7.0,76.0,768.0,44.0,1236.0
2025-807,Acapulco,Hard,32.0,500,20250224,14.0,106218,,,Marcos Giron,R,180.0,USA,31.589,200443,,Q,Adam Walton,R,183.0,AUS,25.859,7-6(4) 6-2,3,R32,94.0,12.0,1.0,55.0,37.0,30.0,12.0,10.0,1.0,2.0,3.0,0.0,69.0,51.0,31.0,8.0,10.0,4.0,7.0,52.0,1060.0,97.0,616.0
2025-807,Acapulco,Hard,32.0,500,20250224,15.0,105676,,,David Goffin,R,180.0,BEL,34.218,208014,,,Rinky Hijikata,R,178.0,AUS,24.003,6-2 6-3,3,R32,84.0,3.0,0.0,35.0,23.0,19.0,10.0,8.0,0.0,1.0,0.0,5.0,79.0,45.0,24.0,14.0,9.0,10.0,15.0,63.0,906.0,82.0,735.0
2025-807,Acapulco,Hard,32.0,500,20250224,16.0,210530,,Q,Learner Tien,L,180.0,USA,19.231,111815,,,Cameron Norrie,L,188.0,GBR,29.509,7-6(5) 6-3,3,R32,111.0,2.0,1.0,61.0,43.0,29.0,8.0,10.0,2.0,5.0,6.0,1.0,77.0,54.0,30.0,8.0,11.0,2.0,7.0,83.0,732.0,74.0,784.0
2025-807,Acapulco,Hard,32.0,500,20250224,17.0,210530,,Q,Learner Tien,L,180.0,USA,19.231,100644,1.0,,Alexander Zverev,R,198.0,GER,27.849,6-3 6-4,3,R16,88.0,4.0,0.0,58.0,40.0,28.0,11.0,10.0,2.0,3.0,6.0,0.0,59.0,44.0,30.0,5.0,9.0,3.0,6.0,83.0,732.0,2.0,8135.0
2025-807,Acapulco,Hard,32.0,500,20250224,18.0,210202,,WC,Rodrigo Pacheco Mendez,L,191.0,MEX,19.836,134770,2.0,,Casper Ruud,R,183.0,NOR,26.177,W/O,3,R16,,,,,,,,,,,,,,,,,,,,355.0,142.0,5.0,4325.0
2025-807,Acapulco,Hard,32.0,500,20250224,19.0,106218,,,Marcos Giron,R,180.0,USA,31.589,126205,3.0,,Tommy Paul,R,185.0,USA,27.775,W/O,3,R16,,,,,,,,,,,,,,,,,,,,52.0,1060.0,10.0,3280.0
2025-807,Acapulco,Hard,32.0,500,20250224,20.0,206909,,,Brandon Nakashima,R,188.0,USA,23.562,208029,4.0,,Holger Rune,R,188.0,DEN,21.826,3-0 RET,3,R16,10.0,2.0,0.0,10.0,5.0,5.0,3.0,2.0,0.0,0.0,0.0,0.0,6.0,3.0,1.0,1.0,1.0,0.0,1.0,42.0,1265.0,13.0,2970.0
2025-807,Acapulco,Hard,32.0,500,20250224,21.0,105676,,,David Goffin,R,180.0,BEL,34.218,210097,5.0,,Ben Shelton,L,193.0,USA,22.379,7-6(3) 6-3,3,R16,105.0,1.0,1.0,61.0,38.0,28.0,17.0,11.0,0.0,1.0,6.0,4.0,72.0,43.0,30.0,14.0,10.0,6.0,8.0,63.0,906.0,14.0,2930.0
2025-807,Acapulco,Hard,32.0,500,20250224,22.0,200221,,,Alejandro Davidovich Fokina,R,180.0,ESP,25.725,126207,7.0,,Frances Tiafoe,R,188.0,USA,27.097,6-3 6-7(6) 6-3,3,R16,147.0,10.0,2.0,96.0,69.0,51.0,14.0,16.0,3.0,6.0,10.0,3.0,98.0,59.0,42.0,17.0,14.0,10.0,15.0,48.0,1095.0,18.0,2485.0
2025-807,Acapulco,Hard,32.0,500,20250224,23.0,207830,8.0,,Tomas Machac,R,183.0,CZE,24.367,127157,,WC,Daniel Altmaier,R,188.0,GER,26.453,7-6(3) 6-1,3,R16,98.0,5.0,3.0,69.0,42.0,33.0,15.0,10.0,1.0,2.0,3.0,0.0,61.0,41.0,23.0,12.0,9.0,2.0,5.0,25.0,1855.0,76.0,768.0
2025-807,Acapulco,Hard,32.0,500,20250224,24.0,133430,9.0,,Denis Shapovalov,L,185.0,CAN,25.864,210506,,,Alex Michelsen,R,193.0,USA,20.501,6-4 6-3,3,R16,84.0,3.0,3.0,53.0,30.0,20.0,17.0,10.0,3.0,5.0,0.0,5.0,56.0,34.0,16.0,11.0,9.0,2.0,6.0,32.0,1496.0,34.0,1420.0
2025-807,Acapulco,Hard,32.0,500,20250224,25.0,207830,8.0,,Tomas Machac,R,183.0,CZE,24.367,210530,,Q,Learner Tien,L,180.0,USA,19.231,6-3 7-5,3,QF,98.0,1.0,2.0,56.0,32.0,22.0,12.0,10.0,1.0,4.0,3.0,3.0,83.0,51.0,28.0,12.0,11.0,8.0,14.0,25.0,1855.0,83.0,732.0
2025-807,Acapulco,Hard,32.0,500,20250224,26.0,133430,9.0,,Denis Shapovalov,L,185.0,CAN,25.864,106218,,,Marcos Giron,R,180.0,USA,31.589,4-6 6-3 6-2,3,QF,130.0,3.0,3.0,80.0,55.0,34.0,17.0,14.0,2.0,5.0,2.0,0.0,83.0,54.0,37.0,10.0,13.0,5.0,10.0,32.0,1496.0,52.0,1060.0
2025-807,Acapulco,Hard,32.0,500,20250224,27.0,200221,,,Alejandro Davidovich Fokina,R,180.0,ESP,25.725,210202,,WC,Rodrigo Pacheco Mendez,L,191.0,MEX,19.836,6-2 6-2,3,QF,68.0,1.0,3.0,47.0,32.0,25.0,6.0,8.0,1.0,2.0,3.0,2.0,47.0,31.0,17.0,5.0,8.0,4.0,9.0,48.0,1095.0,355.0,142.0
2025-807,Acapulco,Hard,32.0,500,20250224,28.0,206909,,,Brandon Nakashima,R,188.0,USA,23.562,105676,,,David Goffin,R,180.0,BEL,34.218,7-6(4) 6-2,3,QF,122.0,12.0,1.0,78.0,51.0,34.0,10.0,10.0,5.0,8.0,1.0,2.0,78.0,42.0,22.0,17.0,10.0,6.0,11.0,42.0,1265.0,63.0,906.0
2025-807,Acapulco,Hard,32.0,500,20250224,29.0,207830,8.0,,Tomas Machac,R,183.0,CZE,24.367,206909,,,Brandon Nakashima,R,188.0,USA,23.562,6-4 1-6 6-4,3,SF,123.0,4.0,2.0,79.0,47.0,33.0,18.0,13.0,5.0,8.0,7.0,0.0,83.0,53.0,39.0,16.0,14.0,3.0,6.0,25.0,1855.0,42.0,1265.0
2025-807,Acapulco,Hard,32.0,500,20250224,30.0,200221,,,Alejandro Davidovich Fokina,R,180.0,ESP,25.725,133430,9.0,,Denis Shapovalov,L,185.0,CAN,25.864,7-6(3) 7-6(1),3,SF,135.0,0.0,2.0,81.0,57.0,37.0,12.0,12.0,3.0,7.0,2.0,3.0,94.0,51.0,32.0,19.0,12.0,6.0,10.0,48.0,1095.0,32.0,1496.0
2025-807,Acapulco,Hard,32.0,500,20250224,31.0,207830,8.0,,Tomas Machac,R,183.0,CZE,24.367,200221,,,Alejandro Davidovich Fokina,R,180.0,ESP,25.725,7-6(6) 6-2,3,F,97.0,11.0,2.0,61.0,39.0,37.0,12.0,10.0,1.0,1.0,4.0,2.0,71.0,42.0,26.0,18.0,10.0,1.0,3.0,25.0,1855.0,48.0,1095.0
2025-8996,Santiago,Hard,28.0,250,20250224,1.0,144869,5.0,,Tomas Martin Etcheverry,R,196.0,ARG,25.607,200384,,,Hugo Gaston,L,173.0,FRA,24.413,6-2 6-3,3,R32,92.0,4.0,0.0,49.0,26.0,16.0,17.0,8.0,6.0,7.0,0.0,6.0,65.0,30.0,17.0,14.0,9.0,9.0,14.0,43.0,1240.0,92.0,636.0
2025-8996,Santiago,Hard,28.0,250,20250224,2.0,208363,6.0,,Mariano Navone,R,178.0,ARG,23.992,207686,,,Alexander Shevchenko,R,188.0,KAZ,24.238,6-2 6-2,3,R32,66.0,0.0,2.0,48.0,31.0,23.0,10.0,8.0,2.0,3.0,2.0,1.0,45.0,31.0,19.0,2.0,8.0,2.0,7.0,64.0,890.0,95.0,618.0
2025-8996,Santiago,Hard,28.0,250,20250224,3.0,200116,,,Camilo Ugo Carabelli,R,185.0,ARG,25.692,111797,7.0,,Nicolas Jarry,R,201.0,CHI,29.374,5-7 6-3 7-6(9),3,R32,173.0,3.0,4.0,119.0,73.0,56.0,27.0,17.0,6.0,7.0,7.0,6.0,108.0,57.0,48.0,27.0,16.0,2.0,3.0,69.0,847.0,45.0,1225.0
2025-8996,Santiago,Hard,28.0,250,20250224,4.0,210262,,,Jaime Faria,R,188.0,POR,21.555,209260,8.0,,Luciano Darderi,R,183.0,ITA,23.028,6-3 6-4,3,R32,79.0,12.0,3.0,59.0,40.0,33.0,11.0,10.0,4.0,4.0,1.0,2.0,60.0,33.0,24.0,13.0,9.0,5.0,7.0,87.0,674.0,59.0,985.0
2025-8996,Santiago,Hard,28.0,250,20250224,5.0,207681,,,Francisco Comesana,R,178.0,ARG,24.386,200335,,Q,Felipe Meligeni Alves,R,185.0,BRA,27.014,7-6(3) 7-6(4),3,R32,122.0,8.0,1.0,84.0,51.0,39.0,23.0,12.0,8.0,8.0,4.0,1.0,91.0,65.0,47.0,13.0,12.0,9.0,9.0,67.0,848.0,193.0,307.0
2025-8996,Santiago,Hard,28.0,250,20250224,6.0,105948,,,Federico Coria,R,180.0,ARG,32.964,144642,,WC,Tomas Barrios Vera,R,191.0,CHI,27.209,6-1 6-0,3,R32,69.0,2.0,3.0,36.0,22.0,18.0,7.0,6.0,0.0,0.0,3.0,1.0,54.0,34.0,17.0,4.0,7.0,3.0,9.0,136.0,433.0,145.0,407.0
2025-8996,Santiago,Hard,28.0,250,20250224,7.0,106000,,,Damir Dzumhur,R,175.0,BIH,32.767,144895,,,Corentin Moutet,L,180.0,FRA,25.854,6-2 3-6 6-2,3,R32,139.0,0.0,4.0,87.0,66.0,44.0,10.0,12.0,5.0,7.0,2.0,3.0,76.0,51.0,29.0,16.0,13.0,6.0,11.0,90.0,662.0,65.0,872.0
2025-8996,Santiago,Hard,28.0,250,20250224,8.0,106329,,,Thiago Monteiro,L,183.0,BRA,30.738,207678,,Q,Juan Manuel Cerundolo,L,183.0,ARG,23.277,6-3 3-6 7-6(2),3,R32,171.0,3.0,9.0,100.0,63.0,42.0,17.0,15.0,6.0,10.0,10.0,6.0,98.0,50.0,38.0,22.0,15.0,9.0,13.0,108.0,540.0,123.0,476.0
2025-8996,Santiago,Hard,28.0,250,20250224,9.0,111513,,,Laslo Djere,R,188.0,SRB,29.733,209860,,WC,Ignacio Buse,R,183.0,PER,20.92,6-3 6-4,3,R32,114.0,5.0,3.0,66.0,42.0,31.0,11.0,9.0,2.0,3.0,1.0,4.0,87.0,49.0,30.0,16.0,10.0,8.0,12.0,103.0,571.0,226.0,245.0
2025-8996,Santiago,Hard,28.0,250,20250224,10.0,106426,,WC,Cristian Garin,R,185.0,CHI,28.739,126663,,Q,Juan Pablo Ficovich,R,188.0,ARG,28.085,2-6 6-4 6-4,3,R32,150.0,9.0,2.0,87.0,58.0,39.0,17.0,14.0,4.0,7.0,3.0,1.0,110.0,66.0,43.0,24.0,14.0,13.0,16.0,147.0,402.0,174.0,330.0
2025-8996,Santiago,Hard,28.0,250,20250224,11.0,105870,,,Yannick Hanfmann,R,193.0,GER,33.284,207680,,,Facundo Diaz Acosta,L,183.0,ARG,24.194,7-5 6-3,3,R32,92.0,3.0,1.0,51.0,33.0,27.0,10.0,10.0,1.0,3.0,4.0,6.0,72.0,40.0,25.0,12.0,11.0,5.0,10.0,109.0,534.0,130.0,448.0
2025-8996,Santiago,Hard,28.0,250,20250224,12.0,208361,,Q,Gustavo Heide,R,191.0,BRA,22.99,205734,,,Thiago Seyboth Wild,R,185.0,BRA,24.961,7-5 6-2,3,R32,104.0,7.0,4.0,62.0,39.0,29.0,17.0,10.0,3.0,3.0,5.0,6.0,77.0,45.0,31.0,14.0,10.0,4.0,7.0,160.0,359.0,86.0,682.0
2025-8996,Santiago,Hard,28.0,250,20250224,13.0,105948,,,Federico Coria,R,180.0,ARG,32.964,126214,2.0,,Alejandro Tabilo,L,188.0,CHI,27.732,7-6(11) 4-6 6-3,3,R16,157.0,10.0,3.0,101.0,64.0,45.0,21.0,16.0,4.0,7.0,8.0,4.0,115.0,69.0,46.0,25.0,15.0,9.0,12.0,136.0,433.0,28.0,1690.0
2025-8996,Santiago,Hard,28.0,250,20250224,14.0,202104,3.0,,Sebastian Baez,R,170.0,ARG,24.159,207681,,,Francisco Comesana,R,178.0,ARG,24.386,6-3 5-7 7-6(5),3,R16,153.0,1.0,2.0,100.0,70.0,47.0,17.0,16.0,1.0,4.0,11.0,3.0,121.0,68.0,45.0,27.0,17.0,9.0,13.0,31.0,1510.0,67.0,848.0
2025-8996,Santiago,Hard,28.0,250,20250224,15.0,106000,,,Damir Dzumhur,R,175.0,BIH,32.767,208363,6.0,,Mariano Navone,R,178.0,ARG,23.992,6-4 3-6 6-3,3,R16,156.0,0.0,3.0,110.0,74.0,44.0,20.0,14.0,7.0,10.0,3.0,5.0,87.0,61.0,39.0,14.0,14.0,3.0,7.0,90.0,662.0,64.0,890.0
2025-8996,Santiago,Hard,28.0,250,20250224,16.0,200116,,,Camilo Ugo Carabelli,R,185.0,ARG,25.692,106329,,,Thiago Monteiro,L,183.0,BRA,30.738,4-6 7-6(2) 6-3,3,R16,161.0,7.0,6.0,96.0,67.0,57.0,9.0,15.0,6.0,7.0,5.0,4.0,104.0,66.0,48.0,20.0,16.0,6.0,8.0,69.0,847.0,108.0,540.0
2025-8996,Santiago,Hard,28.0,250,20250224,17.0,202103,1.0,,Francisco Cerundolo,R,185.0,ARG,26.535,105870,,,Yannick Hanfmann,R,193.0,GER,33.284,6-2 4-6 7-6(5),3,R16,148.0,9.0,3.0,110.0,65.0,45.0,25.0,15.0,10.0,13.0,3.0,3.0,94.0,63.0,41.0,17.0,15.0,3.0,7.0,26.0,1725.0,109.0,534.0
2025-8996,Santiago,Hard,28.0,250,20250224,18.0,111513,,,Laslo Djere,R,188.0,SRB,29.733,124079,4.0,,Pedro Martinez,R,185.0,ESP,27.833,6-1 6-4,3,R16,82.0,13.0,3.0,55.0,39.0,33.0,7.0,9.0,4.0,4.0,0.0,3.0,57.0,41.0,25.0,4.0,8.0,7.0,10.0,103.0,571.0,36.0,1385.0
2025-8996,Santiago,Hard,28.0,250,20250224,19.0,144869,5.0,,Tomas Martin Etcheverry,R,196.0,ARG,25.607,106426,,WC,Cristian Garin,R,185.0,CHI,28.739,6-2 6-4,3,R16,95.0,6.0,3.0,60.0,39.0,28.0,12.0,9.0,4.0,5.0,1.0,1.0,51.0,27.0,15.0,14.0,9.0,4.0,8.0,43.0,1240.0,147.0,402.0
2025-8996,Santiago,Hard,28.0,250,20250224,20.0,210262,,,Jaime Faria,R,188.0,POR,21.555,208361,,Q,Gustavo Heide,R,191.0,BRA,22.99,6-7(2) 7-6(5) 6-4,3,R16,167.0,16.0,8.0,109.0,62.0,52.0,28.0,17.0,4.0,4.0,12.0,10.0,130.0,67.0,57.0,33.0,17.0,12.0,13.0,87.0,674.0,160.0,359.0
2025-8996,Santiago,Hard,28.0,250,20250224,21.0,202103,1.0,,Francisco Cerundolo,R,185.0,ARG,26.535,144869,5.0,,Tomas Martin Etcheverry,R,196.0,ARG,25.607,4-6 6-3 7-5,3,QF,174.0,5.0,3.0,99.0,58.0,48.0,18.0,16.0,3.0,5.0,9.0,4.0,121.0,71.0,46.0,23.0,15.0,11.0,14.0,26.0,1725.0,43.0,1240.0
2025-8996,Santiago,Hard,28.0,250,20250224,22.0,202104,3.0,,Sebastian Baez,R,170.0,ARG,24.159,106000,,,Damir Dzumhur,R,175.0,BIH,32.767,6-4 6-4,3,QF,96.0,2.0,0.0,66.0,43.0,25.0,9.0,10.0,3.0,7.0,0.0,3.0,65.0,46.0,22.0,7.0,10.0,4.0,10.0,31.0,1510.0,90.0,662.0
2025-8996,Santiago,Hard,28.0,250,20250224,23.0,111513,,,Laslo Djere,R,188.0,SRB,29.733,210262,,,Jaime Faria,R,188.0,POR,21.555,7-6(5) 4-6 6-4,3,QF,162.0,8.0,6.0,109.0,55.0,42.0,30.0,16.0,11.0,14.0,4.0,10.0,106.0,65.0,52.0,16.0,16.0,7.0,10.0,103.0,571.0,87.0,674.0
2025-8996,Santiago,Hard,28.0,250,20250224,24.0,200116,,,Camilo Ugo Carabelli,R,185.0,ARG,25.692,105948,,,Federico Coria,R,180.0,ARG,32.964,6-4 6-3,3,QF,89.0,2.0,2.0,56.0,38.0,25.0,8.0,10.0,1.0,5.0,2.0,2.0,63.0,41.0,21.0,7.0,9.0,9.0,15.0,69.0,847.0,136.0,433.0
2025-8996,Santiago,Hard,28.0,250,20250224,25.0,111513,,,Laslo Djere,R,188.0,SRB,29.733,202103,1.0,,Francisco Cerundolo,R,185.0,ARG,26.535,6-1 4-6 6-3,3,SF,121.0,4.0,3.0,83.0,50.0,36.0,19.0,13.0,5.0,6.0,2.0,3.0,87.0,55.0,38.0,13.0,13.0,5.0,9.0,103.0,571.0,26.0,1725.0
2025-8996,Santiago,Hard,28.0,250,20250224,26.0,202104,3.0,,Sebastian Baez,R,170.0,ARG,24.159,200116,,,Camilo Ugo Carabelli,R,185.0,ARG,25.692,6-1 3-6 6-2,3,SF,107.0,2.0,3.0,75.0,51.0,34.0,13.0,12.0,4.0,6.0,3.0,1.0,77.0,47.0,29.0,14.0,12.0,5.0,10.0,31.0,1510.0,69.0,847.0
2025-8996,Santiago,Hard,28.0,250,20250224,27.0,111513,,,Laslo Djere,R,188.0,SRB,29.733,202104,3.0,,Sebastian Baez,R,170.0,ARG,24.159,6-4 3-6 7-5,3,F,145.0,3.0,8.0,94.0,53.0,37.0,19.0,15.0,6.0,10.0,0.0,3.0,96.0,65.0,42.0,16.0,16.0,3.0,8.0,103.0,571.0,31.0,1510.0
2025-404,Indian Wells Masters,Hard,96.0,M,20250303,1.0,208286,,,Matteo Arnaldi,R,185.0,ITA,24.025,206499,,,Aleksandar Kovacevic,R,183.0,USA,26.511,6-3 5-7 6-4,3,R128,149.0,7.0,6.0,106.0,61.0,41.0,24.0,16.0,12.0,15.0,5.0,1.0,92.0,53.0,37.0,19.0,15.0,6.0,10.0,35.0,1390.0,94.0,630.0
2025-404,Indian Wells Masters,Hard,96.0,M,20250303,2.0,132686,,,Nuno Borges,R,185.0,POR,28.033,126239,,,Arthur Rinderknech,R,196.0,FRA,29.613,6-1 5-7 6-2,3,R128,140.0,6.0,2.0,108.0,78.0,53.0,15.0,14.0,11.0,13.0,5.0,1.0,104.0,67.0,37.0,18.0,13.0,7.0,12.0,36.0,1385.0,73.0,824.0
2025-404,Indian Wells Masters,Hard,96.0,M,20250303,3.0,202385,,PR,Jenson Brooksby,R,193.0,USA,24.35,126127,,,Benjamin Bonzi,R,183.0,FRA,28.731,1-6 7-5 7-5,3,R128,150.0,1.0,2.0,100.0,51.0,36.0,24.0,15.0,11.0,15.0,0.0,1.0,102.0,72.0,44.0,18.0,16.0,4.0,8.0,937.0,17.0,62.0,910.0
2025-404,Indian Wells Masters,Hard,96.0,M,20250303,4.0,211663,,WC,Joao Fonseca,R,188.0,BRA,18.533,207985,,,Jacob Fearnley,R,183.0,GBR,23.633,6-2 1-6 6-3,3,R128,120.0,3.0,2.0,84.0,49.0,34.0,17.0,12.0,6.0,9.0,3.0,3.0,90.0,49.0,27.0,23.0,12.0,3.0,7.0,80.0,750.0,81.0,747.0
2025-404,Indian Wells Masters,Hard,96.0,M,20250303,5.0,200384,,Q,Hugo Gaston,L,173.0,FRA,24.433,209260,,,Luciano Darderi,R,183.0,ITA,23.047,6-3 6-3,3,R128,82.0,5.0,1.0,60.0,28.0,25.0,13.0,9.0,4.0,5.0,2.0,0.0,57.0,36.0,22.0,8.0,9.0,2.0,6.0,93.0,636.0,60.0,945.0
2025-404,Indian Wells Masters,Hard,96.0,M,20250303,6.0,209263,,Q,Matteo Gigante,L,180.0,ITA,23.159,202104,,,Sebastian Baez,R,170.0,ARG,24.178,3-6 6-1 6-4,3,R128,117.0,3.0,6.0,76.0,46.0,28.0,16.0,13.0,3.0,7.0,0.0,3.0,89.0,56.0,32.0,13.0,13.0,7.0,13.0,217.0,256.0,34.0,1425.0
2025-404,Indian Wells Masters,Hard,96.0,M,20250303,7.0,105676,,,David Goffin,R,180.0,BEL,34.237,132283,,,Lorenzo Sonego,R,191.0,ITA,29.812,6-4 7-5,3,R128,102.0,2.0,1.0,60.0,27.0,16.0,15.0,11.0,0.0,5.0,1.0,2.0,68.0,43.0,22.0,7.0,11.0,4.0,11.0,56.0,1006.0,37.0,1376.0
2025-404,Indian Wells Masters,Hard,96.0,M,20250303,8.0,111460,,,Quentin Halys,R,191.0,FRA,28.35,105807,,Q,Pablo Carreno Busta,R,188.0,ESP,33.643,6-3 6-4,3,R128,90.0,9.0,3.0,59.0,39.0,33.0,7.0,10.0,5.0,7.0,2.0,1.0,60.0,39.0,22.0,11.0,9.0,4.0,8.0,59.0,976.0,112.0,524.0
2025-404,Indian Wells Masters,Hard,96.0,M,20250303,9.0,208014,,,Rinky Hijikata,R,178.0,AUS,24.022,207686,,,Alexander Shevchenko,R,188.0,KAZ,24.257,6-1 6-3,3,R128,64.0,1.0,1.0,48.0,35.0,22.0,6.0,8.0,2.0,4.0,0.0,5.0,53.0,35.0,16.0,7.0,8.0,3.0,9.0,83.0,732.0,98.0,618.0
2025-404,Indian Wells Masters,Hard,96.0,M,20250303,10.0,105583,,,Dusan Lajovic,R,183.0,SRB,34.675,111454,,Q,Li Tu,R,183.0,AUS,28.767,6-2 6-0,3,R128,56.0,1.0,0.0,45.0,34.0,27.0,5.0,7.0,3.0,3.0,2.0,1.0,46.0,21.0,13.0,7.0,7.0,4.0,9.0,108.0,555.0,177.0,326.0
2025-404,Indian Wells Masters,Hard,96.0,M,20250303,11.0,111456,,WC,Mackenzie McDonald,R,178.0,USA,29.881,200221,,,Alejandro Davidovich Fokina,R,180.0,ESP,25.744,2-6 6-3 6-2,3,R128,111.0,2.0,1.0,80.0,45.0,24.0,22.0,13.0,5.0,9.0,2.0,4.0,73.0,40.0,20.0,20.0,12.0,3.0,8.0,109.0,555.0,39.0,1325.0
2025-404,Indian Wells Masters,Hard,96.0,M,20250303,12.0,210150,,,Jakub Mensik,R,196.0,CZE,19.502,144869,,,Tomas Martin Etcheverry,R,196.0,ARG,25.626,6-4 7-6(6),3,R128,112.0,9.0,6.0,79.0,44.0,32.0,17.0,11.0,7.0,10.0,4.0,3.0,63.0,44.0,26.0,9.0,11.0,1.0,5.0,57.0,992.0,45.0,1265.0
2025-404,Indian Wells Masters,Hard,96.0,M,20250303,13.0,104792,,,Gael Monfils,R,193.0,FRA,38.502,105526,,,Jan-Lennard Struff,R,193.0,GER,34.856,6-4 6-4,3,R128,84.0,7.0,4.0,62.0,35.0,29.0,14.0,10.0,5.0,6.0,4.0,1.0,68.0,36.0,29.0,12.0,10.0,4.0,7.0,42.0,1280.0,46.0,1200.0
2025-404,Indian Wells Masters,Hard,96.0,M,20250303,14.0,208363,,,Mariano Navone,R,178.0,ARG,24.011,210530,,,Learner Tien,L,180.0,USA,19.25,7-5 6-4,3,R128,115.0,4.0,1.0,64.0,42.0,31.0,12.0,11.0,1.0,2.0,1.0,7.0,87.0,49.0,30.0,20.0,11.0,4.0,7.0,63.0,905.0,68.0,857.0
2025-404,Indian Wells Masters,Hard,96.0,M,20250303,15.0,122298,,LL,Botic van de Zandschulp,R,191.0,NED,29.413,106401,,PR,Nick Kyrgios,R,193.0,AUS,29.851,7-6(7) 3-0 RET,3,R128,83.0,2.0,3.0,59.0,35.0,25.0,13.0,8.0,5.0,7.0,6.0,2.0,59.0,34.0,23.0,9.0,7.0,1.0,4.0,85.0,710.0,1099.0,10.0
2025-404,Indian Wells Masters,Hard,96.0,M,20250303,16.0,200443,,Q,Adam Walton,R,183.0,AUS,25.878,206748,,Q,Giulio Zeppieri,L,183.0,ITA,23.236,7-5 6-1,3,R128,75.0,0.0,1.0,51.0,38.0,29.0,6.0,9.0,2.0,3.0,3.0,2.0,67.0,38.0,21.0,13.0,10.0,7.0,12.0,96.0,629.0,394.0,125.0
2025-404,Indian Wells Masters,Hard,96.0,M,20250303,17.0,200267,,,Zizou Bergs,R,185.0,BEL,25.749,210319,,Q,Ethan Quinn,R,191.0,USA,20.975,7-6(2) 6-3,3,R128,106.0,5.0,1.0,75.0,46.0,34.0,17.0,11.0,4.0,5.0,5.0,1.0,73.0,46.0,28.0,15.0,10.0,5.0,7.0,53.0,1060.0,137.0,432.0
2025-404,Indian Wells Masters,Hard,96.0,M,20250303,18.0,900001,,WC,Tristan Boyer,R,188.0,USA,23.866,126846,,,Aleksandar Vukic,R,188.0,AUS,28.906,4-6 6-2 7-6(4),3,R128,139.0,6.0,2.0,93.0,61.0,41.0,19.0,15.0,4.0,7.0,10.0,8.0,101.0,56.0,41.0,21.0,15.0,6.0,10.0,117.0,501.0,64.0,868.0
2025-404,Indian Wells Masters,Hard,96.0,M,20250303,19.0,900002,,,Yunchaokete Bu,R,185.0,CHN,23.118,210460,,WC,Nishesh Basavareddy,R,180.0,USA,19.836,7-5 6-4,3,R128,102.0,1.0,1.0,62.0,33.0,27.0,17.0,11.0,0.0,1.0,3.0,4.0,68.0,37.0,29.0,12.0,11.0,4.0,7.0,71.0,833.0,101.0,587.0
2025-404,Indian Wells Masters,Hard,96.0,M,20250303,20.0,209113,,LL,Gabriel Diallo,R,203.0,CAN,23.439,111190,,,Zhizhen Zhang,R,193.0,CHN,28.378,2-6 6-2 7-6(7),3,R128,168.0,9.0,3.0,100.0,69.0,48.0,17.0,14.0,6.0,8.0,11.0,2.0,96.0,64.0,49.0,16.0,14.0,7.0,9.0,88.0,690.0,51.0,1075.0
2025-404,Indian Wells Masters,Hard,96.0,M,20250303,21.0,106000,,Q,Damir Dzumhur,R,175.0,BIH,32.786,105138,,,Roberto Bautista Agut,R,183.0,ESP,36.884,6-4 1-6 7-6(4),3,R128,149.0,1.0,1.0,86.0,57.0,36.0,13.0,14.0,3.0,8.0,2.0,2.0,102.0,61.0,37.0,23.0,15.0,4.0,8.0,84.0,712.0,50.0,1089.0
2025-404,Indian Wells Masters,Hard,96.0,M,20250303,22.0,106218,,,Marcos Giron,R,180.0,USA,31.608,105932,,Q,Nikoloz Basilashvili,R,185.0,GEO,33.024,7-5 7-6(3),3,R128,110.0,11.0,1.0,72.0,45.0,33.0,16.0,12.0,1.0,2.0,2.0,2.0,93.0,46.0,32.0,24.0,12.0,5.0,7.0,48.0,1150.0,152.0,383.0
2025-404,Indian Wells Masters,Hard,96.0,M,20250303,23.0,134868,,,Tallon Griekspoor,R,188.0,NED,28.668,200175,,,Miomir Kecmanovic,R,183.0,SRB,25.506,6-7(5) 6-4 6-3,3,R128,135.0,12.0,6.0,99.0,59.0,46.0,23.0,15.0,3.0,3.0,6.0,3.0,93.0,55.0,43.0,19.0,16.0,2.0,5.0,43.0,1270.0,49.0,1146.0
2025-404,Indian Wells Masters,Hard,96.0,M,20250303,24.0,206681,,,Fabian Marozsan,R,193.0,HUN,25.402,124079,,,Pedro Martinez,R,185.0,ESP,27.852,6-3 6-2,3,R128,63.0,10.0,0.0,46.0,31.0,25.0,12.0,9.0,1.0,1.0,1.0,3.0,49.0,31.0,22.0,5.0,8.0,5.0,8.0,54.0,1035.0,41.0,1295.0
2025-404,Indian Wells Masters,Hard,96.0,M,20250303,25.0,144895,,,Corentin Moutet,L,180.0,FRA,25.873,111442,,,Jordan Thompson,R,183.0,AUS,30.869,6-4 4-6 6-3,3,R128,160.0,4.0,2.0,87.0,52.0,36.0,19.0,15.0,1.0,4.0,2.0,4.0,106.0,50.0,33.0,29.0,14.0,11.0,15.0,79.0,759.0,38.0,1375.0
2025-404,Indian Wells Masters,Hard,96.0,M,20250303,26.0,105453,,,Kei Nishikori,R,178.0,JPN,35.176,144719,,,Jaume Munar,R,183.0,ESP,27.828,6-2 5-7 7-6(3),3,R128,177.0,2.0,6.0,128.0,86.0,55.0,20.0,16.0,10.0,14.0,6.0,6.0,98.0,65.0,40.0,17.0,16.0,3.0,8.0,76.0,793.0,58.0,992.0
2025-404,Indian Wells Masters,Hard,96.0,M,20250303,27.0,111815,,,Cameron Norrie,L,188.0,GBR,29.528,208134,,,Luca Nardi,R,185.0,ITA,21.574,6-0 6-3,3,R128,64.0,6.0,1.0,43.0,26.0,23.0,10.0,8.0,1.0,1.0,1.0,2.0,48.0,23.0,14.0,8.0,7.0,6.0,10.0,77.0,784.0,67.0,862.0
2025-404,Indian Wells Masters,Hard,96.0,M,20250303,28.0,900000,,,Christopher O'Connell,R,183.0,AUS,30.749,106148,,,Roberto Carballes Baena,R,183.0,ESP,31.945,6-3 0-6 6-1,3,R128,116.0,2.0,3.0,62.0,40.0,25.0,12.0,11.0,5.0,8.0,2.0,3.0,85.0,57.0,33.0,15.0,11.0,9.0,13.0,75.0,805.0,52.0,1071.0
2025-404,Indian Wells Masters,Hard,96.0,M,20250303,29.0,126128,,,Roman Safiullin,R,185.0,RUS,27.57,124187,,WC,Reilly Opelka,R,211.0,USA,27.513,7-5 6-4,3,R128,86.0,2.0,4.0,63.0,44.0,34.0,10.0,11.0,3.0,4.0,12.0,5.0,63.0,40.0,31.0,7.0,11.0,3.0,6.0,69.0,848.0,114.0,516.0
2025-404,Indian Wells Masters,Hard,96.0,M,20250303,30.0,205734,,,Thiago Seyboth Wild,R,185.0,BRA,24.98,124186,,,Alexandre Muller,R,183.0,FRA,28.082,4-6 7-5 7-6(6),3,R128,175.0,14.0,6.0,118.0,69.0,53.0,21.0,17.0,11.0,15.0,2.0,2.0,118.0,82.0,49.0,21.0,17.0,11.0,15.0,91.0,657.0,44.0,1270.0
2025-404,Indian Wells Masters,Hard,96.0,M,20250303,31.0,900021,,Q,Colton Smith,R,183.0,USA,21.996,207925,,,Flavio Cobolli,R,183.0,ITA,22.825,3-6 6-2 6-2,3,R128,111.0,5.0,3.0,79.0,55.0,35.0,11.0,12.0,11.0,15.0,4.0,7.0,80.0,33.0,22.0,17.0,13.0,2.0,9.0,261.0,209.0,40.0,1295.0
2025-404,Indian Wells Masters,Hard,96.0,M,20250303,32.0,133297,,Q,Yosuke Watanuki,R,180.0,JPN,26.891,122330,,,Alexander Bublik,R,196.0,KAZ,27.71,6-3 3-6 6-3,3,R128,98.0,13.0,2.0,76.0,49.0,37.0,18.0,14.0,3.0,4.0,13.0,8.0,81.0,43.0,35.0,17.0,13.0,9.0,11.0,349.0,144.0,82.0,745.0
2025-404,Indian Wells Masters,Hard,96.0,M,20250303,33.0,207989,2.0,,Carlos Alcaraz,R,183.0,ESP,21.829,111460,,,Quentin Halys,R,191.0,FRA,28.35,6-4 6-2,3,R64,67.0,7.0,3.0,48.0,21.0,20.0,17.0,9.0,1.0,1.0,2.0,0.0,49.0,31.0,23.0,9.0,9.0,2.0,5.0,3.0,7510.0,59.0,976.0
2025-404,Indian Wells Masters,Hard,96.0,M,20250303,34.0,126203,3.0,,Taylor Fritz,R,196.0,USA,27.346,209263,,Q,Matteo Gigante,L,180.0,ITA,23.159,6-3 7-5,3,R64,88.0,5.0,1.0,64.0,39.0,35.0,10.0,11.0,5.0,6.0,2.0,5.0,58.0,27.0,20.0,15.0,10.0,2.0,5.0,4.0,4900.0,217.0,256.0
2025-404,Indian Wells Masters,Hard,96.0,M,20250303,35.0,122298,,LL,Botic van de Zandschulp,R,191.0,NED,29.413,104925,6.0,,Novak Djokovic,R,188.0,SRB,37.782,6-2 3-6 6-1,3,R64,121.0,4.0,4.0,82.0,58.0,35.0,17.0,12.0,2.0,4.0,0.0,3.0,73.0,49.0,31.0,7.0,12.0,3.0,8.0,85.0,710.0,7.0,3900.0
2025-404,Indian Wells Masters,Hard,96.0,M,20250303,36.0,208286,,,Matteo Arnaldi,R,185.0,ITA,24.025,126094,7.0,,Andrey Rublev,R,188.0,RUS,27.368,6-4 7-5,3,R64,107.0,0.0,0.0,70.0,30.0,17.0,22.0,11.0,7.0,11.0,2.0,5.0,61.0,33.0,20.0,10.0,11.0,4.0,10.0,35.0,1390.0,8.0,3480.0
2025-404,Indian Wells Masters,Hard,96.0,M,20250303,37.0,200282,9.0,,Alex de Minaur,R,183.0,AUS,26.04,105676,,,David Goffin,R,180.0,BEL,34.237,6-2 6-2,3,R64,74.0,2.0,4.0,43.0,25.0,23.0,10.0,8.0,3.0,3.0,2.0,2.0,56.0,19.0,10.0,19.0,8.0,7.0,11.0,10.0,3335.0,56.0,1006.0
2025-404,Indian Wells Masters,Hard,96.0,M,20250303,38.0,210097,11.0,,Ben Shelton,L,193.0,USA,22.398,208363,,,Mariano Navone,R,178.0,ARG,24.011,6-3 6-2,3,R64,77.0,5.0,1.0,56.0,35.0,28.0,10.0,9.0,0.0,0.0,0.0,0.0,46.0,30.0,18.0,9.0,8.0,3.0,6.0,12.0,2880.0,63.0,905.0
2025-404,Indian Wells Masters,Hard,96.0,M,20250303,39.0,207733,13.0,,Jack Draper,L,193.0,GBR,23.195,211663,,WC,Joao Fonseca,R,188.0,BRA,18.533,6-4 6-0,3,R64,75.0,6.0,6.0,60.0,33.0,25.0,12.0,8.0,6.0,7.0,0.0,1.0,46.0,24.0,14.0,8.0,8.0,3.0,8.0,14.0,2810.0,80.0,750.0
2025-404,Indian Wells Masters,Hard,96.0,M,20250303,40.0,105777,14.0,,Grigor Dimitrov,R,191.0,BUL,33.799,132686,,,Nuno Borges,R,185.0,POR,28.033,6-3 6-4,3,R64,93.0,6.0,5.0,76.0,46.0,36.0,14.0,10.0,7.0,8.0,2.0,2.0,60.0,41.0,26.0,9.0,9.0,5.0,8.0,15.0,2745.0,36.0,1385.0
2025-404,Indian Wells Masters,Hard,96.0,M,20250303,41.0,202385,,PR,Jenson Brooksby,R,193.0,USA,24.35,200000,17.0,,Felix Auger-Aliassime,R,193.0,CAN,24.567,6-4 6-2,3,R64,88.0,1.0,3.0,56.0,33.0,26.0,13.0,9.0,2.0,2.0,2.0,3.0,52.0,30.0,20.0,12.0,9.0,3.0,6.0,937.0,17.0,18.0,2455.0
2025-404,Indian Wells Masters,Hard,96.0,M,20250303,42.0,128034,21.0,,Hubert Hurkacz,R,196.0,POL,28.055,200384,,Q,Hugo Gaston,L,173.0,FRA,24.433,7-5 6-3,3,R64,89.0,13.0,1.0,76.0,46.0,36.0,15.0,11.0,4.0,4.0,1.0,4.0,56.0,23.0,22.0,16.0,10.0,1.0,3.0,22.0,2165.0,93.0,636.0
2025-404,Indian Wells Masters,Hard,96.0,M,20250303,43.0,111575,22.0,,Karen Khachanov,R,198.0,RUS,28.783,210150,,,Jakub Mensik,R,196.0,CZE,19.502,3-6 6-0 6-3,3,R64,119.0,2.0,2.0,76.0,46.0,33.0,15.0,12.0,5.0,7.0,7.0,5.0,80.0,42.0,29.0,16.0,12.0,7.0,12.0,23.0,1960.0,57.0,992.0
2025-404,Indian Wells Masters,Hard,96.0,M,20250303,44.0,104792,,,Gael Monfils,R,193.0,FRA,38.502,200624,24.0,,Sebastian Korda,R,196.0,USA,24.66,7-6(2) 7-6(4),3,R64,120.0,4.0,9.0,80.0,42.0,34.0,22.0,12.0,4.0,6.0,4.0,2.0,89.0,55.0,38.0,18.0,12.0,5.0,7.0,42.0,1280.0,25.0,1900.0
2025-404,Indian Wells Masters,Hard,96.0,M,20250303,45.0,202103,25.0,,Francisco Cerundolo,R,185.0,ARG,26.554,111456,,WC,Mackenzie McDonald,R,178.0,USA,29.881,4-6 7-6(3) 6-1,3,R64,138.0,4.0,3.0,80.0,49.0,31.0,20.0,14.0,1.0,4.0,2.0,2.0,121.0,82.0,47.0,19.0,15.0,7.0,12.0,26.0,1775.0,109.0,555.0
2025-404,Indian Wells Masters,Hard,96.0,M,20250303,46.0,133430,27.0,,Denis Shapovalov,L,185.0,CAN,25.884,200443,,Q,Adam Walton,R,183.0,AUS,25.878,6-3 6-2,3,R64,76.0,2.0,3.0,69.0,42.0,29.0,11.0,9.0,8.0,10.0,1.0,2.0,47.0,30.0,17.0,4.0,8.0,1.0,6.0,28.0,1696.0,96.0,629.0
2025-404,Indian Wells Masters,Hard,96.0,M,20250303,47.0,126214,30.0,,Alejandro Tabilo,L,188.0,CHI,27.751,105583,,,Dusan Lajovic,R,183.0,SRB,34.675,6-3 7-5,3,R64,92.0,6.0,2.0,74.0,41.0,30.0,21.0,11.0,2.0,2.0,3.0,2.0,66.0,41.0,28.0,12.0,10.0,2.0,4.0,31.0,1535.0,108.0,555.0
2025-404,Indian Wells Masters,Hard,96.0,M,20250303,48.0,206909,32.0,,Brandon Nakashima,R,188.0,USA,23.581,208014,,,Rinky Hijikata,R,178.0,AUS,24.022,7-5 6-1,3,R64,92.0,14.0,0.0,71.0,43.0,33.0,15.0,10.0,3.0,3.0,4.0,0.0,63.0,40.0,24.0,11.0,9.0,1.0,4.0,33.0,1430.0,83.0,732.0
2025-404,Indian Wells Masters,Hard,96.0,M,20250303,49.0,134868,,,Tallon Griekspoor,R,188.0,NED,28.668,100644,1.0,,Alexander Zverev,R,198.0,GER,27.869,4-6 7-6(5) 7-6(4),3,R64,187.0,10.0,9.0,135.0,90.0,63.0,19.0,17.0,9.0,14.0,6.0,2.0,106.0,66.0,44.0,24.0,17.0,5.0,9.0,43.0,1270.0,2.0,8135.0
2025-404,Indian Wells Masters,Hard,96.0,M,20250303,50.0,106218,,,Marcos Giron,R,180.0,USA,31.608,134770,4.0,,Casper Ruud,R,183.0,NOR,26.196,7-6(4) 3-6 6-2,3,R64,158.0,4.0,3.0,115.0,70.0,52.0,19.0,15.0,8.0,11.0,3.0,8.0,101.0,61.0,47.0,14.0,14.0,4.0,7.0,48.0,1150.0,5.0,4045.0
2025-404,Indian Wells Masters,Hard,96.0,M,20250303,51.0,106421,5.0,,Daniil Medvedev,R,198.0,RUS,29.057,900002,,,Yunchaokete Bu,R,185.0,CHN,23.118,6-2 6-2,3,R64,96.0,3.0,1.0,52.0,21.0,19.0,14.0,8.0,1.0,2.0,0.0,1.0,62.0,29.0,18.0,12.0,8.0,9.0,14.0,6.0,3930.0,71.0,833.0
2025-404,Indian Wells Masters,Hard,96.0,M,20250303,52.0,126774,8.0,,Stefanos Tsitsipas,R,193.0,GRE,26.557,205734,,,Thiago Seyboth Wild,R,185.0,BRA,24.98,6-2 6-4,3,R64,87.0,4.0,1.0,49.0,34.0,26.0,12.0,9.0,2.0,2.0,2.0,5.0,71.0,42.0,33.0,8.0,9.0,5.0,8.0,9.0,3405.0,91.0,657.0
2025-404,Indian Wells Masters,Hard,96.0,M,20250303,53.0,126205,10.0,,Tommy Paul,R,185.0,USA,27.795,900001,,WC,Tristan Boyer,R,188.0,USA,23.866,6-3 6-1,3,R64,69.0,4.0,1.0,41.0,22.0,16.0,14.0,8.0,1.0,2.0,1.0,3.0,60.0,34.0,21.0,7.0,8.0,2.0,7.0,11.0,3330.0,117.0,501.0
2025-404,Indian Wells Masters,Hard,96.0,M,20250303,54.0,208029,12.0,,Holger Rune,R,188.0,DEN,21.845,144895,,,Corentin Moutet,L,180.0,FRA,25.873,6-2 6-4,3,R64,106.0,2.0,1.0,50.0,34.0,24.0,9.0,9.0,3.0,5.0,2.0,2.0,63.0,43.0,21.0,10.0,9.0,6.0,11.0,13.0,2820.0,79.0,759.0
2025-404,Indian Wells Masters,Hard,96.0,M,20250303,55.0,207518,15.0,,Lorenzo Musetti,R,185.0,ITA,23.001,126128,,,Roman Safiullin,R,185.0,RUS,27.57,7-5 5-7 6-2,3,R64,162.0,5.0,4.0,107.0,68.0,46.0,17.0,16.0,4.0,8.0,2.0,7.0,100.0,57.0,34.0,20.0,16.0,6.0,12.0,16.0,2650.0,69.0,848.0
2025-404,Indian Wells Masters,Hard,96.0,M,20250303,56.0,126207,16.0,,Frances Tiafoe,R,188.0,USA,27.116,106000,,Q,Damir Dzumhur,R,175.0,BIH,32.786,7-6(4) 7-6(7),3,R64,129.0,5.0,5.0,99.0,55.0,38.0,22.0,12.0,2.0,7.0,2.0,3.0,89.0,57.0,31.0,18.0,12.0,5.0,10.0,17.0,2485.0,84.0,712.0
2025-404,Indian Wells Masters,Hard,96.0,M,20250303,57.0,200005,18.0,,Ugo Humbert,L,188.0,FRA,26.686,105453,,,Kei Nishikori,R,178.0,JPN,35.176,6-4 6-3,3,R64,88.0,7.0,3.0,70.0,35.0,27.0,17.0,10.0,4.0,6.0,1.0,2.0,47.0,29.0,17.0,8.0,9.0,1.0,5.0,19.0,2375.0,76.0,793.0
2025-404,Indian Wells Masters,Hard,96.0,M,20250303,58.0,133297,,Q,Yosuke Watanuki,R,180.0,JPN,26.891,207830,19.0,,Tomas Machac,R,183.0,CZE,24.386,4-6 4-2 RET,3,R64,56.0,4.0,2.0,42.0,22.0,19.0,10.0,8.0,2.0,4.0,5.0,3.0,44.0,30.0,24.0,4.0,8.0,0.0,2.0,349.0,144.0,20.0,2330.0
2025-404,Indian Wells Masters,Hard,96.0,M,20250303,59.0,209950,20.0,,Arthur Fils,R,185.0,FRA,20.723,209113,,LL,Gabriel Diallo,R,203.0,CAN,23.439,6-2 6-2,3,R64,67.0,0.0,0.0,37.0,25.0,22.0,7.0,8.0,0.0,1.0,3.0,2.0,55.0,32.0,15.0,9.0,8.0,3.0,8.0,21.0,2330.0,88.0,690.0
2025-404,Indian Wells Masters,Hard,96.0,M,20250303,60.0,111815,,,Cameron Norrie,L,188.0,GBR,29.528,208103,23.0,,Jiri Lehecka,R,185.0,CZE,23.316,3-6 6-4 7-5,3,R64,143.0,3.0,2.0,110.0,66.0,45.0,23.0,15.0,10.0,12.0,4.0,3.0,93.0,47.0,34.0,28.0,16.0,3.0,6.0,77.0,784.0,24.0,1935.0
2025-404,Indian Wells Masters,Hard,96.0,M,20250303,61.0,200615,26.0,,Alexei Popyrin,R,196.0,AUS,25.577,200267,,,Zizou Bergs,R,185.0,BEL,25.749,7-6(4) 7-5,3,R64,130.0,5.0,1.0,83.0,52.0,41.0,16.0,12.0,4.0,5.0,2.0,4.0,85.0,51.0,36.0,18.0,12.0,4.0,6.0,27.0,1750.0,53.0,1060.0
2025-404,Indian Wells Masters,Hard,96.0,M,20250303,62.0,126610,28.0,,Matteo Berrettini,R,196.0,ITA,28.89,900000,,,Christopher O'Connell,R,183.0,AUS,30.749,6-2 7-6(2),3,R64,94.0,7.0,1.0,63.0,40.0,28.0,17.0,10.0,1.0,1.0,4.0,3.0,61.0,40.0,28.0,9.0,10.0,1.0,3.0,29.0,1620.0,75.0,805.0
2025-404,Indian Wells Masters,Hard,96.0,M,20250303,63.0,208659,29.0,,Giovanni Mpetshi Perricard,R,203.0,FRA,21.654,206681,,,Fabian Marozsan,R,193.0,HUN,25.402,6-4 RET,3,R64,42.0,10.0,3.0,28.0,16.0,13.0,8.0,5.0,2.0,2.0,3.0,3.0,35.0,19.0,11.0,9.0,5.0,4.0,5.0,30.0,1616.0,54.0,1035.0
2025-404,Indian Wells Masters,Hard,96.0,M,20250303,64.0,210506,31.0,,Alex Michelsen,R,193.0,USA,20.52,900021,,Q,Colton Smith,R,183.0,USA,21.996,6-3 6-4,3,R64,108.0,2.0,3.0,88.0,52.0,35.0,20.0,10.0,5.0,6.0,3.0,1.0,62.0,37.0,25.0,12.0,9.0,4.0,7.0,32.0,1445.0,261.0,209.0
2025-404,Indian Wells Masters,Hard,96.0,M,20250303,65.0,207989,2.0,,Carlos Alcaraz,R,183.0,ESP,21.829,133430,27.0,,Denis Shapovalov,L,185.0,CAN,25.884,6-2 6-4,3,R32,83.0,2.0,5.0,63.0,45.0,31.0,10.0,9.0,3.0,4.0,2.0,8.0,59.0,31.0,23.0,10.0,9.0,4.0,8.0,3.0,7510.0,28.0,1696.0
2025-404,Indian Wells Masters,Hard,96.0,M,20250303,66.0,126203,3.0,,Taylor Fritz,R,196.0,USA,27.346,126214,30.0,,Alejandro Tabilo,L,188.0,CHI,27.751,4-6 6-3 6-1,3,R32,114.0,12.0,3.0,80.0,49.0,39.0,14.0,13.0,5.0,7.0,3.0,5.0,89.0,50.0,27.0,21.0,13.0,4.0,9.0,4.0,4900.0,31.0,1535.0
2025-404,Indian Wells Masters,Hard,96.0,M,20250303,67.0,200282,9.0,,Alex de Minaur,R,183.0,AUS,26.04,128034,21.0,,Hubert Hurkacz,R,196.0,POL,28.055,6-4 6-0,3,R32,73.0,2.0,3.0,49.0,20.0,16.0,19.0,8.0,1.0,1.0,7.0,1.0,43.0,25.0,14.0,7.0,8.0,0.0,4.0,10.0,3335.0,22.0,2165.0
2025-404,Indian Wells Masters,Hard,96.0,M,20250303,68.0,210097,11.0,,Ben Shelton,L,193.0,USA,22.398,111575,22.0,,Karen Khachanov,R,198.0,RUS,28.783,6-3 7-5,3,R32,95.0,8.0,3.0,77.0,48.0,33.0,16.0,11.0,4.0,5.0,7.0,3.0,61.0,40.0,28.0,8.0,10.0,7.0,10.0,12.0,2880.0,23.0,1960.0
2025-404,Indian Wells Masters,Hard,96.0,M,20250303,69.0,207733,13.0,,Jack Draper,L,193.0,GBR,23.195,202385,,PR,Jenson Brooksby,R,193.0,USA,24.35,7-5 6-4,3,R32,101.0,4.0,3.0,56.0,30.0,27.0,16.0,11.0,1.0,2.0,1.0,4.0,81.0,44.0,25.0,21.0,11.0,2.0,5.0,14.0,2810.0,937.0,17.0
2025-404,Indian Wells Masters,Hard,96.0,M,20250303,70.0,105777,14.0,,Grigor Dimitrov,R,191.0,BUL,33.799,104792,,,Gael Monfils,R,193.0,FRA,38.502,7-6(4) 4-6 7-6(2),3,R32,181.0,3.0,7.0,116.0,65.0,44.0,33.0,17.0,6.0,9.0,8.0,6.0,122.0,73.0,53.0,27.0,17.0,9.0,11.0,15.0,2745.0,42.0,1280.0
2025-404,Indian Wells Masters,Hard,96.0,M,20250303,71.0,202103,25.0,,Francisco Cerundolo,R,185.0,ARG,26.554,122298,,LL,Botic van de Zandschulp,R,191.0,NED,29.413,6-3 6-4,3,R32,101.0,2.0,2.0,71.0,38.0,25.0,20.0,10.0,4.0,5.0,1.0,2.0,57.0,37.0,24.0,9.0,9.0,1.0,4.0,26.0,1775.0,85.0,710.0
2025-404,Indian Wells Masters,Hard,96.0,M,20250303,72.0,206909,32.0,,Brandon Nakashima,R,188.0,USA,23.581,208286,,,Matteo Arnaldi,R,185.0,ITA,24.025,6-2 6-4,3,R32,74.0,4.0,0.0,45.0,27.0,24.0,13.0,9.0,1.0,1.0,2.0,5.0,56.0,32.0,23.0,9.0,9.0,3.0,6.0,33.0,1430.0,35.0,1390.0
2025-404,Indian Wells Masters,Hard,96.0,M,20250303,73.0,106421,5.0,,Daniil Medvedev,R,198.0,RUS,29.057,210506,31.0,,Alex Michelsen,R,193.0,USA,20.52,2-0 RET,3,R32,10.0,1.0,0.0,5.0,4.0,3.0,1.0,1.0,0.0,0.0,0.0,1.0,7.0,3.0,1.0,1.0,1.0,0.0,1.0,6.0,3930.0,32.0,1445.0
2025-404,Indian Wells Masters,Hard,96.0,M,20250303,74.0,126774,8.0,,Stefanos Tsitsipas,R,193.0,GRE,26.557,126610,28.0,,Matteo Berrettini,R,196.0,ITA,28.89,6-3 6-3,3,R32,68.0,0.0,2.0,44.0,26.0,24.0,12.0,9.0,0.0,0.0,6.0,1.0,52.0,37.0,26.0,4.0,9.0,3.0,6.0,9.0,3405.0,29.0,1620.0
2025-404,Indian Wells Masters,Hard,96.0,M,20250303,75.0,126205,10.0,,Tommy Paul,R,185.0,USA,27.795,111815,,,Cameron Norrie,L,188.0,GBR,29.528,6-3 7-5,3,R32,92.0,6.0,3.0,58.0,30.0,21.0,14.0,10.0,0.0,3.0,1.0,7.0,70.0,35.0,21.0,13.0,11.0,6.0,12.0,11.0,3330.0,77.0,784.0
2025-404,Indian Wells Masters,Hard,96.0,M,20250303,76.0,208029,12.0,,Holger Rune,R,188.0,DEN,21.845,200005,18.0,,Ugo Humbert,L,188.0,FRA,26.686,5-7 6-4 7-5,3,R32,155.0,6.0,9.0,110.0,56.0,42.0,28.0,17.0,7.0,10.0,10.0,5.0,104.0,55.0,39.0,24.0,17.0,6.0,10.0,13.0,2820.0,19.0,2375.0
2025-404,Indian Wells Masters,Hard,96.0,M,20250303,77.0,209950,20.0,,Arthur Fils,R,185.0,FRA,20.723,207518,15.0,,Lorenzo Musetti,R,185.0,ITA,23.001,3-6 7-6(4) 6-3,3,R32,151.0,6.0,3.0,103.0,65.0,44.0,20.0,16.0,3.0,7.0,6.0,3.0,90.0,54.0,38.0,19.0,14.0,3.0,6.0,21.0,2330.0,16.0,2650.0
2025-404,Indian Wells Masters,Hard,96.0,M,20250303,78.0,133297,,Q,Yosuke Watanuki,R,180.0,JPN,26.891,126207,16.0,,Frances Tiafoe,R,188.0,USA,27.116,6-4 7-6(6),3,R32,113.0,16.0,2.0,71.0,37.0,28.0,22.0,11.0,4.0,6.0,4.0,2.0,87.0,50.0,32.0,17.0,11.0,9.0,12.0,349.0,144.0,17.0,2485.0
2025-404,Indian Wells Masters,Hard,96.0,M,20250303,79.0,106218,,,Marcos Giron,R,180.0,USA,31.608,200615,26.0,,Alexei Popyrin,R,196.0,AUS,25.577,5-7 6-3 6-3,3,R32,152.0,7.0,2.0,111.0,67.0,43.0,28.0,15.0,14.0,15.0,5.0,4.0,86.0,38.0,27.0,28.0,15.0,5.0,8.0,48.0,1150.0,27.0,1750.0
2025-404,Indian Wells Masters,Hard,96.0,M,20250303,80.0,134868,,,Tallon Griekspoor,R,188.0,NED,28.668,208659,29.0,,Giovanni Mpetshi Perricard,R,203.0,FRA,21.654,7-6(3) 6-3,3,R32,76.0,10.0,1.0,60.0,32.0,26.0,21.0,11.0,1.0,2.0,5.0,5.0,55.0,28.0,22.0,17.0,10.0,3.0,5.0,43.0,1270.0,30.0,1616.0
2025-404,Indian Wells Masters,Hard,96.0,M,20250303,81.0,207989,2.0,,Carlos Alcaraz,R,183.0,ESP,21.829,105777,14.0,,Grigor Dimitrov,R,191.0,BUL,33.799,6-1 6-1,3,R16,74.0,6.0,2.0,40.0,30.0,23.0,7.0,7.0,3.0,3.0,1.0,4.0,63.0,34.0,17.0,11.0,7.0,9.0,14.0,3.0,7510.0,15.0,2745.0
2025-404,Indian Wells Masters,Hard,96.0,M,20250303,82.0,207733,13.0,,Jack Draper,L,193.0,GBR,23.195,126203,3.0,,Taylor Fritz,R,196.0,USA,27.346,7-5 6-4,3,R16,78.0,8.0,2.0,57.0,35.0,32.0,10.0,11.0,0.0,1.0,6.0,0.0,57.0,40.0,30.0,8.0,11.0,1.0,4.0,14.0,2810.0,4.0,4900.0
2025-404,Indian Wells Masters,Hard,96.0,M,20250303,83.0,202103,25.0,,Francisco Cerundolo,R,185.0,ARG,26.554,200282,9.0,,Alex de Minaur,R,183.0,AUS,26.04,7-5 6-3,3,R16,110.0,2.0,5.0,78.0,45.0,27.0,18.0,10.0,11.0,14.0,2.0,1.0,67.0,34.0,22.0,9.0,11.0,1.0,7.0,26.0,1775.0,10.0,3335.0
2025-404,Indian Wells Masters,Hard,96.0,M,20250303,84.0,210097,11.0,,Ben Shelton,L,193.0,USA,22.398,206909,32.0,,Brandon Nakashima,R,188.0,USA,23.581,7-6(6) 6-1,3,R16,94.0,6.0,1.0,61.0,40.0,29.0,14.0,10.0,3.0,4.0,0.0,1.0,62.0,30.0,18.0,17.0,9.0,2.0,5.0,12.0,2880.0,33.0,1430.0
2025-404,Indian Wells Masters,Hard,96.0,M,20250303,85.0,106421,5.0,,Daniil Medvedev,R,198.0,RUS,29.057,126205,10.0,,Tommy Paul,R,185.0,USA,27.795,6-4 6-0,3,R16,74.0,8.0,4.0,51.0,31.0,22.0,9.0,8.0,3.0,5.0,4.0,4.0,55.0,37.0,19.0,5.0,8.0,2.0,8.0,6.0,3930.0,11.0,3330.0
2025-404,Indian Wells Masters,Hard,96.0,M,20250303,86.0,208029,12.0,,Holger Rune,R,188.0,DEN,21.845,126774,8.0,,Stefanos Tsitsipas,R,193.0,GRE,26.557,6-4 6-4,3,R16,88.0,3.0,0.0,58.0,41.0,30.0,11.0,10.0,5.0,6.0,2.0,1.0,61.0,37.0,22.0,13.0,10.0,2.0,5.0,13.0,2820.0,9.0,3405.0
2025-404,Indian Wells Masters,Hard,96.0,M,20250303,87.0,209950,20.0,,Arthur Fils,R,185.0,FRA,20.723,106218,,,Marcos Giron,R,180.0,USA,31.608,6-2 2-6 6-3,3,R16,112.0,4.0,0.0,81.0,51.0,32.0,21.0,13.0,4.0,6.0,3.0,1.0,88.0,50.0,35.0,16.0,12.0,2.0,5.0,21.0,2330.0,48.0,1150.0
2025-404,Indian Wells Masters,Hard,96.0,M,20250303,88.0,134868,,,Tallon Griekspoor,R,188.0,NED,28.668,133297,,Q,Yosuke Watanuki,R,180.0,JPN,26.891,7-6(4) 6-1,3,R16,86.0,3.0,0.0,61.0,42.0,34.0,13.0,10.0,1.0,1.0,5.0,1.0,54.0,23.0,19.0,13.0,9.0,2.0,4.0,43.0,1270.0,349.0,144.0
2025-404,Indian Wells Masters,Hard,96.0,M,20250303,89.0,207989,2.0,,Carlos Alcaraz,R,183.0,ESP,21.829,202103,25.0,,Francisco Cerundolo,R,185.0,ARG,26.554,6-3 7-6(4),3,QF,103.0,5.0,5.0,73.0,48.0,36.0,15.0,11.0,8.0,9.0,1.0,4.0,73.0,57.0,38.0,5.0,10.0,1.0,3.0,3.0,7510.0,26.0,1775.0
2025-404,Indian Wells Masters,Hard,96.0,M,20250303,90.0,106421,5.0,,Daniil Medvedev,R,198.0,RUS,29.057,209950,20.0,,Arthur Fils,R,185.0,FRA,20.723,6-4 2-6 7-6(7),3,QF,145.0,5.0,3.0,88.0,54.0,34.0,25.0,15.0,4.0,8.0,2.0,7.0,106.0,61.0,45.0,21.0,15.0,8.0,11.0,6.0,3930.0,21.0,2330.0
2025-404,Indian Wells Masters,Hard,96.0,M,20250303,91.0,207733,13.0,,Jack Draper,L,193.0,GBR,23.195,210097,11.0,,Ben Shelton,L,193.0,USA,22.398,6-4 7-5,3,QF,99.0,3.0,1.0,68.0,49.0,33.0,14.0,11.0,0.0,1.0,3.0,5.0,75.0,42.0,28.0,16.0,11.0,2.0,5.0,14.0,2810.0,12.0,2880.0
2025-404,Indian Wells Masters,Hard,96.0,M,20250303,92.0,208029,12.0,,Holger Rune,R,188.0,DEN,21.845,134868,,,Tallon Griekspoor,R,188.0,NED,28.668,5-7 6-0 6-3,3,QF,128.0,6.0,0.0,74.0,51.0,39.0,11.0,14.0,1.0,4.0,3.0,3.0,95.0,60.0,38.0,10.0,13.0,9.0,15.0,13.0,2820.0,43.0,1270.0
2025-404,Indian Wells Masters,Hard,96.0,M,20250303,93.0,207733,13.0,,Jack Draper,L,193.0,GBR,23.195,207989,2.0,,Carlos Alcaraz,R,183.0,ESP,21.829,6-1 0-6 6-4,3,SF,104.0,4.0,2.0,69.0,47.0,30.0,11.0,12.0,5.0,9.0,3.0,4.0,70.0,39.0,25.0,14.0,11.0,1.0,5.0,14.0,2810.0,3.0,7510.0
2025-404,Indian Wells Masters,Hard,96.0,M,20250303,94.0,208029,12.0,,Holger Rune,R,188.0,DEN,21.845,106421,5.0,,Daniil Medvedev,R,198.0,RUS,29.057,7-5 6-4,3,SF,99.0,1.0,2.0,70.0,47.0,34.0,14.0,11.0,1.0,2.0,2.0,0.0,60.0,30.0,20.0,16.0,11.0,1.0,4.0,13.0,2820.0,6.0,3930.0
2025-404,Indian Wells Masters,Hard,96.0,M,20250303,95.0,207733,13.0,,Jack Draper,L,193.0,GBR,23.195,208029,12.0,,Holger Rune,R,188.0,DEN,21.845,6-2 6-2,3,F,69.0,10.0,0.0,46.0,26.0,24.0,10.0,8.0,0.0,0.0,1.0,2.0,52.0,34.0,20.0,7.0,8.0,3.0,7.0,14.0,2810.0,13.0,2820.0
2025-403,Miami Masters,Hard,96.0,M,20250317,1.0,208286,,,Matteo Arnaldi,R,185.0,ITA,24.063,200059,,WC,Yibing Wu,R,183.0,CHN,25.424,7-6(3) 4-6 6-3,3,R128,150.0,16.0,3.0,91.0,50.0,41.0,24.0,16.0,0.0,2.0,5.0,0.0,114.0,84.0,56.0,15.0,15.0,10.0,12.0,35.0,1410.0,421.0,113.0
2025-403,Miami Masters,Hard,96.0,M,20250317,2.0,200267,,,Zizou Bergs,R,185.0,BEL,25.788,132686,,,Nuno Borges,R,185.0,POR,28.071,7-6(2) 7-5,3,R128,143.0,9.0,2.0,98.0,57.0,41.0,20.0,12.0,8.0,10.0,5.0,5.0,82.0,53.0,33.0,15.0,12.0,4.0,7.0,51.0,1065.0,42.0,1280.0
2025-403,Miami Masters,Hard,96.0,M,20250317,3.0,900002,,,Yunchaokete Bu,R,185.0,CHN,23.157,111815,,,Cameron Norrie,L,188.0,GBR,29.566,6-4 6-2,3,R128,79.0,8.0,0.0,53.0,31.0,25.0,13.0,9.0,0.0,0.0,4.0,3.0,62.0,39.0,26.0,9.0,9.0,7.0,10.0,69.0,855.0,81.0,784.0
2025-403,Miami Masters,Hard,96.0,M,20250317,4.0,209260,,,Luciano Darderi,R,183.0,ITA,23.086,124079,,,Pedro Martinez,R,185.0,ESP,27.89,6-4 6-1,3,R128,63.0,6.0,1.0,43.0,31.0,30.0,6.0,9.0,0.0,0.0,1.0,3.0,41.0,22.0,14.0,11.0,8.0,2.0,5.0,61.0,945.0,40.0,1295.0
2025-403,Miami Masters,Hard,96.0,M,20250317,5.0,200221,,,Alejandro Davidovich Fokina,R,180.0,ESP,25.782,105526,,,Jan-Lennard Struff,R,193.0,GER,34.894,7-6(3) 6-3,3,R128,90.0,4.0,0.0,71.0,49.0,37.0,14.0,10.0,7.0,7.0,12.0,3.0,66.0,35.0,29.0,13.0,11.0,2.0,4.0,39.0,1325.0,49.0,1160.0
2025-403,Miami Masters,Hard,96.0,M,20250317,6.0,209113,,LL,Gabriel Diallo,R,203.0,CAN,23.477,144869,,,Tomas Martin Etcheverry,R,196.0,ARG,25.665,6-3 6-0,3,R128,74.0,6.0,1.0,49.0,35.0,27.0,5.0,8.0,3.0,4.0,0.0,1.0,42.0,20.0,9.0,9.0,7.0,3.0,8.0,87.0,730.0,44.0,1275.0
2025-403,Miami Masters,Hard,96.0,M,20250317,7.0,207985,,Q,Jacob Fearnley,R,183.0,GBR,23.671,126127,,,Benjamin Bonzi,R,183.0,FRA,28.769,7-6(6) 2-6 6-4,3,R128,139.0,13.0,4.0,100.0,65.0,47.0,16.0,15.0,4.0,7.0,6.0,1.0,98.0,64.0,49.0,17.0,15.0,1.0,3.0,83.0,770.0,63.0,920.0
2025-403,Miami Masters,Hard,96.0,M,20250317,8.0,211663,,,Joao Fonseca,R,188.0,BRA,18.571,210530,,,Learner Tien,L,180.0,USA,19.288,6-7(1) 6-3 6-4,3,R128,143.0,10.0,3.0,99.0,63.0,45.0,23.0,16.0,3.0,4.0,10.0,3.0,108.0,67.0,47.0,22.0,15.0,9.0,12.0,60.0,955.0,66.0,867.0
2025-403,Miami Masters,Hard,96.0,M,20250317,9.0,200384,,LL,Hugo Gaston,L,173.0,FRA,24.471,106415,,,Yoshihito Nishioka,L,170.0,JPN,29.47,6-4 3-1 RET,3,R128,61.0,2.0,2.0,45.0,22.0,14.0,15.0,7.0,1.0,2.0,1.0,3.0,47.0,27.0,18.0,8.0,7.0,2.0,5.0,88.0,711.0,68.0,859.0
2025-403,Miami Masters,Hard,96.0,M,20250317,10.0,210150,,,Jakub Mensik,R,196.0,CZE,19.54,105138,,,Roberto Bautista Agut,R,183.0,ESP,36.923,6-4 3-6 6-1,3,R128,113.0,23.0,3.0,86.0,57.0,48.0,9.0,13.0,7.0,8.0,1.0,1.0,71.0,53.0,38.0,7.0,13.0,2.0,5.0,54.0,1042.0,50.0,1089.0
2025-403,Miami Masters,Hard,96.0,M,20250317,11.0,124187,,PR,Reilly Opelka,R,211.0,USA,27.551,111153,,WC,Christopher Eubanks,R,201.0,USA,28.865,6-3 7-6(4),3,R128,85.0,15.0,5.0,66.0,42.0,39.0,13.0,11.0,1.0,1.0,6.0,0.0,65.0,45.0,37.0,9.0,10.0,3.0,4.0,114.0,529.0,104.0,563.0
2025-403,Miami Masters,Hard,96.0,M,20250317,12.0,126128,,,Roman Safiullin,R,185.0,RUS,27.608,202385,,PR,Jenson Brooksby,R,193.0,USA,24.389,6-3 3-6 6-3,3,R128,133.0,12.0,2.0,102.0,73.0,52.0,12.0,14.0,7.0,9.0,6.0,0.0,78.0,53.0,36.0,15.0,13.0,2.0,5.0,71.0,851.0,544.0,67.0
2025-403,Miami Masters,Hard,96.0,M,20250317,13.0,132283,,,Lorenzo Sonego,R,191.0,ITA,29.851,208363,,,Mariano Navone,R,178.0,ARG,24.049,7-5 7-5,3,R128,131.0,2.0,5.0,71.0,38.0,33.0,18.0,12.0,3.0,4.0,1.0,3.0,78.0,38.0,27.0,21.0,12.0,4.0,7.0,38.0,1356.0,62.0,925.0
2025-403,Miami Masters,Hard,96.0,M,20250317,14.0,111442,,,Jordan Thompson,R,183.0,AUS,30.908,106218,,,Marcos Giron,R,180.0,USA,31.647,3-6 6-4 7-5,3,R128,136.0,12.0,2.0,95.0,58.0,42.0,22.0,16.0,5.0,7.0,10.0,4.0,106.0,65.0,48.0,20.0,15.0,9.0,11.0,37.0,1375.0,45.0,1240.0
2025-403,Miami Masters,Hard,96.0,M,20250317,15.0,202058,,Q,Thiago Agustin Tirante,R,185.0,ARG,23.934,207925,,,Flavio Cobolli,R,183.0,ITA,22.864,6-1 3-6 6-3,3,R128,112.0,11.0,1.0,79.0,50.0,37.0,17.0,13.0,4.0,6.0,5.0,3.0,76.0,40.0,28.0,16.0,12.0,5.0,9.0,117.0,512.0,43.0,1280.0
2025-403,Miami Masters,Hard,96.0,M,20250317,16.0,209409,,WC,Coleman Wong,R,191.0,HKG,20.778,127157,,,Daniel Altmaier,R,188.0,GER,26.511,6-4 6-3,3,R128,71.0,5.0,1.0,52.0,35.0,32.0,10.0,10.0,4.0,4.0,6.0,0.0,48.0,36.0,27.0,5.0,9.0,1.0,3.0,182.0,312.0,82.0,783.0
2025-403,Miami Masters,Hard,96.0,M,20250317,17.0,122330,,,Alexander Bublik,R,196.0,KAZ,27.748,202104,,,Sebastian Baez,R,170.0,ARG,24.216,6-3 6-4,3,R128,69.0,9.0,3.0,54.0,34.0,30.0,10.0,10.0,2.0,3.0,0.0,1.0,51.0,40.0,25.0,6.0,9.0,3.0,6.0,80.0,785.0,36.0,1385.0
2025-403,Miami Masters,Hard,96.0,M,20250317,18.0,106148,,,Roberto Carballes Baena,R,183.0,ESP,31.984,900000,,Q,Christopher O'Connell,R,183.0,AUS,30.787,6-3 3-6 7-6(5),3,R128,154.0,7.0,3.0,93.0,56.0,42.0,18.0,15.0,2.0,5.0,12.0,3.0,113.0,74.0,46.0,23.0,15.0,7.0,10.0,53.0,1051.0,78.0,805.0
2025-403,Miami Masters,Hard,96.0,M,20250317,19.0,900022,,WC,Federico Cina,R,185.0,ITA,17.966,207681,,Q,Francisco Comesana,R,178.0,ARG,24.444,7-6(4) 7-6(2),3,R128,107.0,3.0,1.0,84.0,64.0,46.0,10.0,12.0,3.0,5.0,15.0,2.0,79.0,53.0,36.0,16.0,12.0,2.0,4.0,441.0,105.0,67.0,866.0
2025-403,Miami Masters,Hard,96.0,M,20250317,20.0,105676,,,David Goffin,R,180.0,BEL,34.275,126846,,,Aleksandar Vukic,R,188.0,AUS,28.945,2-6 6-4 6-2,3,R128,103.0,12.0,2.0,76.0,43.0,34.0,15.0,13.0,3.0,6.0,4.0,2.0,77.0,45.0,34.0,11.0,13.0,2.0,6.0,55.0,1003.0,77.0,814.0
2025-403,Miami Masters,Hard,96.0,M,20250317,21.0,111460,,,Quentin Halys,R,191.0,FRA,28.389,205734,,,Thiago Seyboth Wild,R,185.0,BRA,25.018,6-3 6-4,3,R128,75.0,13.0,3.0,62.0,35.0,29.0,15.0,10.0,1.0,1.0,8.0,1.0,54.0,39.0,28.0,6.0,9.0,4.0,6.0,57.0,981.0,96.0,617.0
2025-403,Miami Masters,Hard,96.0,M,20250317,22.0,208014,,,Rinky Hijikata,R,178.0,AUS,24.06,209098,,,Hamad Medjedovic,R,188.0,SRB,21.665,7-5 3-6 7-5,3,R128,147.0,4.0,2.0,95.0,67.0,44.0,13.0,16.0,6.0,11.0,14.0,3.0,107.0,70.0,44.0,18.0,17.0,4.0,10.0,86.0,752.0,73.0,829.0
2025-403,Miami Masters,Hard,96.0,M,20250317,23.0,200175,,,Miomir Kecmanovic,R,183.0,SRB,25.544,206499,,,Aleksandar Kovacevic,R,183.0,USA,26.549,6-4 6-4,3,R128,91.0,7.0,3.0,81.0,48.0,39.0,14.0,10.0,9.0,9.0,10.0,2.0,57.0,34.0,27.0,11.0,10.0,1.0,3.0,48.0,1161.0,79.0,800.0
2025-403,Miami Masters,Hard,96.0,M,20250317,24.0,106401,,PR,Nick Kyrgios,R,193.0,AUS,29.889,111456,,Q,Mackenzie McDonald,R,178.0,USA,29.919,3-6 6-3 6-4,3,R128,103.0,13.0,3.0,75.0,58.0,45.0,7.0,14.0,1.0,3.0,7.0,2.0,84.0,60.0,39.0,13.0,14.0,4.0,7.0,892.0,20.0,101.0,575.0
2025-403,Miami Masters,Hard,96.0,M,20250317,25.0,104792,,,Gael Monfils,R,193.0,FRA,38.541,206681,,,Fabian Marozsan,R,193.0,HUN,25.44,6-3 3-6 6-4,3,R128,105.0,15.0,3.0,83.0,54.0,42.0,15.0,14.0,5.0,7.0,5.0,0.0,93.0,71.0,45.0,12.0,14.0,4.0,7.0,46.0,1230.0,59.0,965.0
2025-403,Miami Masters,Hard,96.0,M,20250317,26.0,144895,,,Corentin Moutet,L,180.0,FRA,25.911,210696,,Q,Alexander Blockx,R,193.0,BEL,19.94,7-6(5) 6-4,3,R128,123.0,0.0,1.0,87.0,52.0,37.0,20.0,11.0,7.0,8.0,4.0,3.0,72.0,52.0,36.0,10.0,11.0,0.0,2.0,76.0,814.0,163.0,354.0
2025-403,Miami Masters,Hard,96.0,M,20250317,27.0,124186,,,Alexandre Muller,R,183.0,FRA,28.12,106203,,Q,Rei Sakamoto,R,193.0,JPN,18.73,6-4 6-4,3,R128,81.0,2.0,1.0,55.0,43.0,36.0,7.0,10.0,1.0,1.0,5.0,0.0,77.0,59.0,39.0,9.0,10.0,5.0,7.0,41.0,1287.0,330.0,157.0
2025-403,Miami Masters,Hard,96.0,M,20250317,28.0,144719,,,Jaume Munar,R,183.0,ESP,27.866,126239,,,Arthur Rinderknech,R,196.0,FRA,29.651,6-3 7-6(5),3,R128,106.0,3.0,2.0,71.0,43.0,34.0,14.0,11.0,0.0,0.0,13.0,3.0,75.0,51.0,36.0,11.0,10.0,4.0,5.0,56.0,992.0,74.0,821.0
2025-403,Miami Masters,Hard,96.0,M,20250317,29.0,209262,,Q,Tristan Schoolkate,R,183.0,AUS,24.052,210319,,Q,Ethan Quinn,R,191.0,USA,21.013,6-0 6-2,3,R128,61.0,11.0,1.0,42.0,28.0,24.0,6.0,7.0,0.0,0.0,5.0,2.0,42.0,25.0,13.0,5.0,7.0,1.0,6.0,129.0,450.0,135.0,432.0
2025-403,Miami Masters,Hard,96.0,M,20250317,30.0,208118,,WC,Eliot Spizzirri,R,185.0,USA,23.231,126129,,Q,Billy Harris,R,193.0,GBR,30.141,7-6(2) 3-6 6-2,3,R128,138.0,3.0,0.0,94.0,65.0,50.0,13.0,14.0,5.0,7.0,10.0,4.0,99.0,66.0,50.0,10.0,15.0,5.0,8.0,134.0,434.0,107.0,558.0
2025-403,Miami Masters,Hard,96.0,M,20250317,31.0,202358,,Q,Chun-Hsin Tseng,R,175.0,TPE,23.606,208233,,,Mattia Bellucci,L,175.0,ITA,23.792,7-6(5) 6-2,3,R128,92.0,2.0,0.0,56.0,28.0,23.0,22.0,10.0,1.0,1.0,6.0,4.0,67.0,35.0,28.0,13.0,10.0,2.0,4.0,115.0,529.0,72.0,838.0
2025-403,Miami Masters,Hard,96.0,M,20250317,32.0,200116,,LL,Camilo Ugo Carabelli,R,185.0,ARG,25.749,200587,,Q,Brandon Holt,R,185.0,USA,26.946,2-6 7-6(5) 6-4,3,R128,144.0,8.0,6.0,100.0,65.0,43.0,14.0,15.0,6.0,12.0,8.0,2.0,98.0,72.0,41.0,17.0,15.0,7.0,12.0,65.0,870.0,116.0,528.0
2025-403,Miami Masters,Hard,96.0,M,20250317,33.0,100644,1.0,,Alexander Zverev,R,198.0,GER,27.907,207985,,Q,Jacob Fearnley,R,183.0,GBR,23.671,6-2 6-4,3,R64,74.0,8.0,1.0,49.0,44.0,36.0,2.0,9.0,2.0,2.0,4.0,3.0,59.0,40.0,23.0,10.0,9.0,2.0,5.0,2.0,7945.0,83.0,770.0
2025-403,Miami Masters,Hard,96.0,M,20250317,34.0,126203,3.0,,Taylor Fritz,R,196.0,USA,27.384,132283,,,Lorenzo Sonego,R,191.0,ITA,29.851,7-6(2) 6-3,3,R64,108.0,9.0,0.0,62.0,39.0,32.0,16.0,11.0,0.0,0.0,10.0,0.0,87.0,66.0,46.0,7.0,10.0,6.0,7.0,4.0,4900.0,38.0,1356.0
2025-403,Miami Masters,Hard,96.0,M,20250317,35.0,210150,,,Jakub Mensik,R,196.0,CZE,19.54,207733,6.0,,Jack Draper,L,193.0,GBR,23.233,7-6(2) 7-6(3),3,R64,114.0,21.0,0.0,76.0,50.0,43.0,14.0,12.0,1.0,2.0,12.0,2.0,92.0,60.0,44.0,17.0,12.0,8.0,9.0,54.0,1042.0,7.0,3800.0
2025-403,Miami Masters,Hard,96.0,M,20250317,36.0,200267,,,Zizou Bergs,R,185.0,BEL,25.788,126094,8.0,,Andrey Rublev,R,188.0,RUS,27.406,7-5 6-4,3,R64,99.0,6.0,4.0,74.0,45.0,34.0,8.0,11.0,5.0,8.0,8.0,1.0,68.0,45.0,32.0,15.0,11.0,1.0,2.0,51.0,1065.0,9.0,3440.0
2025-403,Miami Masters,Hard,96.0,M,20250317,37.0,200282,10.0,,Alex de Minaur,R,183.0,AUS,26.078,900002,,,Yunchaokete Bu,R,185.0,CHN,23.157,6-4 6-4,3,R64,85.0,5.0,0.0,48.0,32.0,28.0,12.0,10.0,0.0,0.0,6.0,1.0,65.0,40.0,30.0,11.0,10.0,3.0,5.0,11.0,3335.0,69.0,855.0
2025-403,Miami Masters,Hard,96.0,M,20250317,38.0,124187,,PR,Reilly Opelka,R,211.0,USA,27.551,208029,11.0,,Holger Rune,R,188.0,DEN,21.884,4-6 6-3 7-6(5),3,R64,123.0,21.0,4.0,93.0,63.0,48.0,20.0,16.0,1.0,2.0,1.0,5.0,93.0,59.0,45.0,20.0,15.0,2.0,3.0,114.0,529.0,12.0,3270.0
2025-403,Miami Masters,Hard,96.0,M,20250317,39.0,209409,,WC,Coleman Wong,R,191.0,HKG,20.778,210097,13.0,,Ben Shelton,L,193.0,USA,22.437,7-6(3) 2-6 7-6(5),3,R64,136.0,8.0,0.0,108.0,71.0,51.0,19.0,16.0,5.0,8.0,17.0,2.0,99.0,67.0,53.0,18.0,16.0,2.0,3.0,182.0,312.0,14.0,2980.0
2025-403,Miami Masters,Hard,96.0,M,20250317,40.0,126207,16.0,,Frances Tiafoe,R,188.0,USA,27.154,200221,,,Alejandro Davidovich Fokina,R,180.0,ESP,25.782,7-5 7-6(5),3,R64,119.0,10.0,1.0,74.0,43.0,37.0,15.0,12.0,5.0,6.0,3.0,2.0,95.0,67.0,45.0,12.0,12.0,8.0,10.0,17.0,2485.0,39.0,1325.0
2025-403,Miami Masters,Hard,96.0,M,20250317,41.0,209950,17.0,,Arthur Fils,R,185.0,FRA,20.761,209113,,LL,Gabriel Diallo,R,203.0,CAN,23.477,6-4 2-3 RET,3,R64,70.0,1.0,2.0,40.0,28.0,24.0,6.0,7.0,1.0,1.0,5.0,2.0,48.0,32.0,27.0,5.0,8.0,1.0,2.0,18.0,2480.0,87.0,730.0
2025-403,Miami Masters,Hard,96.0,M,20250317,42.0,211663,,,Joao Fonseca,R,188.0,BRA,18.571,200005,19.0,,Ugo Humbert,L,188.0,FRA,26.724,6-4 6-3,3,R64,71.0,5.0,0.0,40.0,26.0,25.0,11.0,9.0,0.0,0.0,5.0,2.0,53.0,33.0,26.0,6.0,10.0,2.0,5.0,60.0,955.0,20.0,2375.0
2025-403,Miami Masters,Hard,96.0,M,20250317,43.0,207830,20.0,,Tomas Machac,R,183.0,CZE,24.424,208286,,,Matteo Arnaldi,R,185.0,ITA,24.063,6-2 1-6 6-3,3,R64,104.0,5.0,6.0,77.0,53.0,36.0,13.0,12.0,4.0,6.0,6.0,3.0,74.0,45.0,29.0,15.0,12.0,2.0,5.0,21.0,2310.0,35.0,1410.0
2025-403,Miami Masters,Hard,96.0,M,20250317,44.0,126128,,,Roman Safiullin,R,185.0,RUS,27.608,200615,25.0,,Alexei Popyrin,R,196.0,AUS,25.615,6-7(4) 6-3 7-5,3,R64,154.0,7.0,4.0,93.0,60.0,51.0,16.0,16.0,1.0,2.0,20.0,5.0,113.0,71.0,55.0,18.0,17.0,8.0,12.0,71.0,851.0,26.0,1800.0
2025-403,Miami Masters,Hard,96.0,M,20250317,45.0,133430,27.0,,Denis Shapovalov,L,185.0,CAN,25.922,202058,,Q,Thiago Agustin Tirante,R,185.0,ARG,23.934,6-3 6-7(1) 7-6(3),3,R64,144.0,6.0,11.0,108.0,55.0,41.0,28.0,17.0,4.0,7.0,8.0,1.0,101.0,68.0,49.0,15.0,16.0,1.0,5.0,28.0,1716.0,117.0,512.0
2025-403,Miami Masters,Hard,96.0,M,20250317,46.0,111442,,,Jordan Thompson,R,183.0,AUS,30.908,208659,28.0,,Giovanni Mpetshi Perricard,R,203.0,FRA,21.692,7-6(4) 7-6(1),3,R64,97.0,7.0,1.0,66.0,43.0,38.0,16.0,12.0,0.0,1.0,15.0,2.0,82.0,59.0,43.0,12.0,12.0,2.0,3.0,37.0,1375.0,29.0,1656.0
2025-403,Miami Masters,Hard,96.0,M,20250317,47.0,126610,29.0,,Matteo Berrettini,R,196.0,ITA,28.928,200384,,LL,Hugo Gaston,L,173.0,FRA,24.471,4-6 6-3 6-3,3,R64,117.0,10.0,2.0,71.0,53.0,43.0,11.0,14.0,0.0,1.0,5.0,1.0,96.0,53.0,38.0,20.0,14.0,7.0,10.0,30.0,1580.0,88.0,711.0
2025-403,Miami Masters,Hard,96.0,M,20250317,48.0,200443,,LL,Adam Walton,R,183.0,AUS,25.916,209260,,,Luciano Darderi,R,183.0,ITA,23.086,6-4 6-4,3,R64,92.0,15.0,0.0,66.0,40.0,32.0,16.0,10.0,3.0,3.0,7.0,0.0,66.0,41.0,27.0,14.0,10.0,6.0,8.0,89.0,666.0,61.0,945.0
2025-403,Miami Masters,Hard,96.0,M,20250317,49.0,105676,,,David Goffin,R,180.0,BEL,34.275,207989,2.0,,Carlos Alcaraz,R,183.0,ESP,21.867,5-7 6-4 6-3,3,R64,138.0,3.0,2.0,89.0,58.0,40.0,17.0,15.0,3.0,5.0,8.0,2.0,100.0,67.0,43.0,18.0,16.0,3.0,7.0,55.0,1003.0,3.0,6910.0
2025-403,Miami Masters,Hard,96.0,M,20250317,50.0,104925,4.0,,Novak Djokovic,R,188.0,SRB,37.821,208014,,,Rinky Hijikata,R,178.0,AUS,24.06,6-0 7-6(1),3,R64,79.0,9.0,1.0,49.0,39.0,33.0,8.0,9.0,2.0,2.0,2.0,1.0,63.0,43.0,29.0,7.0,9.0,7.0,10.0,5.0,3860.0,86.0,752.0
2025-403,Miami Masters,Hard,96.0,M,20250317,51.0,134770,5.0,,Casper Ruud,R,183.0,NOR,26.234,200175,,,Miomir Kecmanovic,R,183.0,SRB,25.544,3-6 6-4 6-4,3,R64,125.0,9.0,0.0,99.0,71.0,54.0,12.0,15.0,7.0,9.0,4.0,0.0,81.0,49.0,36.0,20.0,14.0,3.0,5.0,6.0,3855.0,48.0,1161.0
2025-403,Miami Masters,Hard,96.0,M,20250317,52.0,144719,,,Jaume Munar,R,183.0,ESP,27.866,106421,7.0,,Daniil Medvedev,R,198.0,RUS,29.095,6-2 6-3,3,R64,78.0,0.0,0.0,53.0,31.0,24.0,15.0,9.0,2.0,2.0,1.0,4.0,53.0,31.0,19.0,10.0,8.0,8.0,11.0,56.0,992.0,8.0,3680.0
2025-403,Miami Masters,Hard,96.0,M,20250317,53.0,126774,9.0,,Stefanos Tsitsipas,R,193.0,GRE,26.595,202358,,Q,Chun-Hsin Tseng,R,175.0,TPE,23.606,4-6 7-5 6-3,3,R64,134.0,9.0,3.0,86.0,59.0,44.0,17.0,16.0,4.0,6.0,7.0,0.0,82.0,50.0,35.0,19.0,15.0,5.0,8.0,10.0,3405.0,115.0,529.0
2025-403,Miami Masters,Hard,96.0,M,20250317,54.0,126205,12.0,,Tommy Paul,R,185.0,USA,27.833,122330,,,Alexander Bublik,R,196.0,KAZ,27.748,5-7 7-5 6-4,3,R64,130.0,17.0,2.0,100.0,58.0,46.0,27.0,17.0,3.0,4.0,19.0,10.0,112.0,66.0,52.0,22.0,17.0,10.0,12.0,13.0,3030.0,80.0,785.0
2025-403,Miami Masters,Hard,96.0,M,20250317,55.0,105777,14.0,,Grigor Dimitrov,R,191.0,BUL,33.837,900022,,WC,Federico Cina,R,185.0,ITA,17.966,6-1 6-4,3,R64,68.0,4.0,1.0,54.0,32.0,26.0,14.0,9.0,2.0,2.0,3.0,2.0,49.0,33.0,20.0,6.0,8.0,4.0,7.0,15.0,2745.0,441.0,105.0
2025-403,Miami Masters,Hard,96.0,M,20250317,56.0,207518,15.0,,Lorenzo Musetti,R,185.0,ITA,23.039,111460,,,Quentin Halys,R,191.0,FRA,28.389,3-6 7-6(4) 7-5,3,R64,147.0,4.0,3.0,120.0,79.0,53.0,25.0,16.0,3.0,5.0,17.0,7.0,105.0,61.0,50.0,20.0,17.0,4.0,6.0,16.0,2650.0,57.0,981.0
2025-403,Miami Masters,Hard,96.0,M,20250317,57.0,200000,18.0,,Felix Auger-Aliassime,R,193.0,CAN,24.605,209262,,Q,Tristan Schoolkate,R,183.0,AUS,24.052,6-4 6-4,3,R64,87.0,6.0,2.0,50.0,37.0,32.0,9.0,10.0,1.0,1.0,4.0,3.0,71.0,50.0,35.0,8.0,10.0,7.0,9.0,19.0,2415.0,129.0,450.0
2025-403,Miami Masters,Hard,96.0,M,20250317,58.0,111575,22.0,,Karen Khachanov,R,198.0,RUS,28.821,106401,,PR,Nick Kyrgios,R,193.0,AUS,29.889,7-6(3) 6-0,3,R64,76.0,8.0,1.0,53.0,40.0,34.0,8.0,9.0,2.0,2.0,8.0,2.0,64.0,40.0,25.0,10.0,9.0,3.0,6.0,23.0,2000.0,892.0,20.0
2025-403,Miami Masters,Hard,96.0,M,20250317,59.0,202103,23.0,,Francisco Cerundolo,R,185.0,ARG,26.593,124186,,,Alexandre Muller,R,183.0,FRA,28.12,6-1 6-2,3,R64,60.0,4.0,1.0,42.0,29.0,22.0,9.0,7.0,1.0,1.0,0.0,2.0,50.0,35.0,19.0,4.0,8.0,2.0,7.0,24.0,1925.0,41.0,1287.0
2025-403,Miami Masters,Hard,96.0,M,20250317,60.0,200624,24.0,,Sebastian Korda,R,196.0,USA,24.698,208118,,WC,Eliot Spizzirri,R,185.0,USA,23.231,6-4 6-2,3,R64,71.0,5.0,2.0,57.0,36.0,27.0,10.0,9.0,3.0,4.0,3.0,0.0,57.0,44.0,27.0,5.0,9.0,2.0,6.0,25.0,1860.0,134.0,434.0
2025-403,Miami Masters,Hard,96.0,M,20250317,61.0,104792,,,Gael Monfils,R,193.0,FRA,38.541,208103,26.0,,Jiri Lehecka,R,185.0,CZE,23.354,6-1 3-6 7-6(8),3,R64,126.0,14.0,3.0,89.0,59.0,47.0,16.0,14.0,4.0,5.0,8.0,3.0,97.0,53.0,36.0,26.0,14.0,4.0,6.0,46.0,1230.0,27.0,1745.0
2025-403,Miami Masters,Hard,96.0,M,20250317,62.0,126214,30.0,,Alejandro Tabilo,L,188.0,CHI,27.789,144895,,,Corentin Moutet,L,180.0,FRA,25.911,5-7 6-3 7-5,3,R64,171.0,5.0,1.0,115.0,79.0,54.0,14.0,17.0,5.0,9.0,9.0,1.0,107.0,77.0,42.0,18.0,16.0,9.0,14.0,31.0,1555.0,76.0,814.0
2025-403,Miami Masters,Hard,96.0,M,20250317,63.0,206909,31.0,,Brandon Nakashima,R,188.0,USA,23.619,106148,,,Roberto Carballes Baena,R,183.0,ESP,31.984,6-4 4-6 6-3,3,R64,142.0,14.0,3.0,101.0,69.0,52.0,14.0,15.0,5.0,7.0,5.0,1.0,86.0,48.0,35.0,18.0,14.0,2.0,5.0,32.0,1500.0,53.0,1051.0
2025-403,Miami Masters,Hard,96.0,M,20250317,64.0,200116,,LL,Camilo Ugo Carabelli,R,185.0,ARG,25.749,210506,32.0,,Alex Michelsen,R,193.0,USA,20.559,6-7(3) 7-5 6-3,3,R64,152.0,3.0,1.0,112.0,75.0,53.0,21.0,17.0,4.0,5.0,10.0,0.0,96.0,73.0,51.0,13.0,16.0,0.0,3.0,65.0,870.0,33.0,1465.0
2025-403,Miami Masters,Hard,96.0,M,20250317,65.0,100644,1.0,,Alexander Zverev,R,198.0,GER,27.907,111442,,,Jordan Thompson,R,183.0,AUS,30.908,7-5 6-4,3,R32,87.0,6.0,0.0,55.0,42.0,32.0,10.0,11.0,0.0,1.0,11.0,0.0,60.0,42.0,29.0,9.0,11.0,2.0,5.0,2.0,7945.0,37.0,1375.0
2025-403,Miami Masters,Hard,96.0,M,20250317,66.0,126203,3.0,,Taylor Fritz,R,196.0,USA,27.384,133430,27.0,,Denis Shapovalov,L,185.0,CAN,25.922,7-5 6-3,3,R32,86.0,9.0,1.0,59.0,38.0,32.0,12.0,11.0,3.0,4.0,6.0,6.0,52.0,37.0,23.0,8.0,10.0,1.0,4.0,4.0,4900.0,28.0,1716.0
2025-403,Miami Masters,Hard,96.0,M,20250317,67.0,200282,,,Alex de Minaur,R,183.0,AUS,26.078,211663,,,Joao Fonseca,R,188.0,BRA,18.571,5-7 7-5 6-3,3,R32,151.0,1.0,3.0,99.0,54.0,38.0,28.0,17.0,5.0,8.0,4.0,1.0,92.0,61.0,42.0,14.0,16.0,1.0,5.0,11.0,3335.0,60.0,955.0
2025-403,Miami Masters,Hard,96.0,M,20250317,68.0,209950,17.0,,Arthur Fils,R,185.0,FRA,20.761,126207,16.0,,Frances Tiafoe,R,188.0,USA,27.154,7-6(11) 5-7 6-2,3,R32,175.0,21.0,4.0,100.0,68.0,49.0,19.0,16.0,2.0,5.0,11.0,5.0,142.0,79.0,52.0,30.0,16.0,10.0,14.0,18.0,2480.0,17.0,2485.0
2025-403,Miami Masters,Hard,96.0,M,20250317,69.0,207830,20.0,,Tomas Machac,R,183.0,CZE,24.424,124187,,PR,Reilly Opelka,R,211.0,USA,27.551,7-6(1) 6-3,3,R32,74.0,8.0,1.0,58.0,39.0,35.0,13.0,11.0,0.0,0.0,19.0,2.0,59.0,44.0,34.0,6.0,10.0,0.0,1.0,21.0,2310.0,114.0,529.0
2025-403,Miami Masters,Hard,96.0,M,20250317,70.0,126610,29.0,,Matteo Berrettini,R,196.0,ITA,28.928,200267,,,Zizou Bergs,R,185.0,BEL,25.788,6-4 6-4,3,R32,94.0,3.0,1.0,56.0,37.0,28.0,12.0,10.0,0.0,1.0,10.0,5.0,69.0,39.0,26.0,13.0,10.0,9.0,12.0,30.0,1580.0,51.0,1065.0
2025-403,Miami Masters,Hard,96.0,M,20250317,71.0,210150,,,Jakub Mensik,R,196.0,CZE,19.54,126128,,,Roman Safiullin,R,185.0,RUS,27.608,6-4 6-4,3,R32,72.0,15.0,1.0,55.0,41.0,36.0,6.0,10.0,0.0,0.0,5.0,0.0,50.0,36.0,29.0,8.0,10.0,0.0,2.0,54.0,1042.0,71.0,851.0
2025-403,Miami Masters,Hard,96.0,M,20250317,72.0,200443,,LL,Adam Walton,R,183.0,AUS,25.916,209409,,WC,Coleman Wong,R,191.0,HKG,20.778,7-6(6) 4-6 6-4,3,R32,139.0,10.0,0.0,104.0,70.0,50.0,18.0,16.0,4.0,7.0,15.0,0.0,99.0,64.0,45.0,21.0,16.0,1.0,4.0,89.0,666.0,182.0,312.0
2025-403,Miami Masters,Hard,96.0,M,20250317,73.0,104925,4.0,,Novak Djokovic,R,188.0,SRB,37.821,200116,,LL,Camilo Ugo Carabelli,R,185.0,ARG,25.749,6-1 7-6(1),3,R32,105.0,10.0,2.0,64.0,49.0,39.0,7.0,10.0,0.0,1.0,3.0,2.0,64.0,32.0,23.0,15.0,9.0,4.0,7.0,5.0,3860.0,65.0,870.0
2025-403,Miami Masters,Hard,96.0,M,20250317,74.0,134770,5.0,,Casper Ruud,R,183.0,NOR,26.234,126214,30.0,,Alejandro Tabilo,L,188.0,CHI,27.789,6-4 7-6(4),3,R32,95.0,11.0,2.0,62.0,39.0,34.0,17.0,11.0,3.0,3.0,7.0,1.0,74.0,55.0,37.0,13.0,11.0,3.0,4.0,6.0,3855.0,31.0,1555.0
2025-403,Miami Masters,Hard,96.0,M,20250317,75.0,200624,24.0,,Sebastian Korda,R,196.0,USA,24.698,126774,9.0,,Stefanos Tsitsipas,R,193.0,GRE,26.595,7-6(4) 6-3,3,R32,95.0,8.0,2.0,74.0,45.0,34.0,14.0,11.0,4.0,6.0,5.0,1.0,58.0,35.0,25.0,10.0,10.0,1.0,4.0,25.0,1860.0,10.0,3405.0
2025-403,Miami Masters,Hard,96.0,M,20250317,76.0,202103,23.0,,Francisco Cerundolo,R,185.0,ARG,26.593,126205,12.0,,Tommy Paul,R,185.0,USA,27.833,6-2 7-6(4),3,R32,91.0,1.0,2.0,59.0,44.0,28.0,10.0,10.0,0.0,3.0,3.0,3.0,61.0,36.0,22.0,9.0,10.0,3.0,8.0,24.0,1925.0,13.0,3030.0
2025-403,Miami Masters,Hard,96.0,M,20250317,77.0,105777,14.0,,Grigor Dimitrov,R,191.0,BUL,33.837,111575,22.0,,Karen Khachanov,R,198.0,RUS,28.821,6-7(3) 6-4 7-5,3,R32,157.0,13.0,5.0,95.0,67.0,54.0,20.0,17.0,5.0,5.0,11.0,1.0,110.0,70.0,53.0,20.0,17.0,8.0,10.0,15.0,2745.0,23.0,2000.0
2025-403,Miami Masters,Hard,96.0,M,20250317,78.0,207518,15.0,,Lorenzo Musetti,R,185.0,ITA,23.039,200000,18.0,,Felix Auger-Aliassime,R,193.0,CAN,24.605,4-6 6-2 6-3,3,R32,146.0,1.0,1.0,93.0,60.0,40.0,20.0,14.0,6.0,8.0,11.0,4.0,90.0,70.0,46.0,8.0,13.0,10.0,14.0,16.0,2650.0,19.0,2415.0
2025-403,Miami Masters,Hard,96.0,M,20250317,79.0,206909,31.0,,Brandon Nakashima,R,188.0,USA,23.619,105676,,,David Goffin,R,180.0,BEL,34.275,6-3 6-7(5) 6-3,3,R32,136.0,13.0,2.0,94.0,63.0,53.0,15.0,16.0,2.0,4.0,7.0,5.0,100.0,56.0,43.0,18.0,14.0,6.0,10.0,32.0,1500.0,55.0,1003.0
2025-403,Miami Masters,Hard,96.0,M,20250317,80.0,104792,,,Gael Monfils,R,193.0,FRA,38.541,144719,,,Jaume Munar,R,183.0,ESP,27.866,7-5 5-7 7-6(1),3,R32,157.0,7.0,5.0,110.0,73.0,57.0,17.0,18.0,1.0,4.0,8.0,2.0,104.0,68.0,49.0,20.0,18.0,5.0,8.0,46.0,1230.0,56.0,992.0
2025-403,Miami Masters,Hard,96.0,M,20250317,81.0,209950,17.0,,Arthur Fils,R,185.0,FRA,20.761,100644,1.0,,Alexander Zverev,R,198.0,GER,27.907,3-6 6-3 6-4,3,R16,120.0,4.0,2.0,75.0,51.0,35.0,16.0,14.0,1.0,3.0,9.0,0.0,80.0,55.0,38.0,14.0,14.0,2.0,5.0,18.0,2480.0,2.0,7945.0
2025-403,Miami Masters,Hard,96.0,M,20250317,82.0,126203,3.0,,Taylor Fritz,R,196.0,USA,27.384,200443,,LL,Adam Walton,R,183.0,AUS,25.916,6-3 7-5,3,R16,94.0,4.0,0.0,57.0,44.0,24.0,9.0,11.0,3.0,3.0,2.0,0.0,54.0,41.0,25.0,6.0,10.0,7.0,9.0,4.0,4900.0,89.0,666.0
2025-403,Miami Masters,Hard,96.0,M,20250317,83.0,104925,4.0,,Novak Djokovic,R,188.0,SRB,37.821,207518,15.0,,Lorenzo Musetti,R,185.0,ITA,23.039,6-2 6-2,3,R16,83.0,1.0,1.0,46.0,32.0,24.0,8.0,8.0,0.0,1.0,1.0,3.0,56.0,39.0,20.0,6.0,8.0,7.0,12.0,5.0,3860.0,16.0,2650.0
2025-403,Miami Masters,Hard,96.0,M,20250317,84.0,202103,23.0,,Francisco Cerundolo,R,185.0,ARG,26.593,134770,5.0,,Casper Ruud,R,183.0,NOR,26.234,6-4 6-2,3,R16,86.0,6.0,1.0,53.0,37.0,28.0,11.0,9.0,0.0,0.0,4.0,3.0,66.0,52.0,28.0,9.0,9.0,7.0,10.0,24.0,1925.0,6.0,3855.0
2025-403,Miami Masters,Hard,96.0,M,20250317,85.0,126610,29.0,,Matteo Berrettini,R,196.0,ITA,28.928,200282,10.0,,Alex de Minaur,R,183.0,AUS,26.078,6-3 7-6(7),3,R16,120.0,7.0,2.0,85.0,49.0,36.0,16.0,11.0,7.0,9.0,7.0,3.0,65.0,41.0,25.0,15.0,10.0,4.0,7.0,30.0,1580.0,11.0,3335.0
2025-403,Miami Masters,Hard,96.0,M,20250317,86.0,105777,14.0,,Grigor Dimitrov,R,191.0,BUL,33.837,206909,31.0,,Brandon Nakashima,R,188.0,USA,23.619,6-4 7-5,3,R16,83.0,12.0,2.0,57.0,40.0,33.0,11.0,11.0,0.0,0.0,5.0,1.0,54.0,36.0,33.0,7.0,11.0,3.0,5.0,15.0,2745.0,32.0,1500.0
2025-403,Miami Masters,Hard,96.0,M,20250317,87.0,210150,,,Jakub Mensik,R,196.0,CZE,19.54,207830,20.0,,Tomas Machac,R,183.0,CZE,24.424,W/O,3,R16,,,,,,,,,,,,,,,,,,,,54.0,1042.0,21.0,2310.0
2025-403,Miami Masters,Hard,96.0,M,20250317,88.0,200624,24.0,,Sebastian Korda,R,196.0,USA,24.698,104792,,,Gael Monfils,R,193.0,FRA,38.541,6-4 2-6 6-4,3,R16,132.0,6.0,3.0,83.0,49.0,39.0,15.0,14.0,1.0,3.0,8.0,4.0,83.0,56.0,43.0,12.0,14.0,4.0,6.0,25.0,1860.0,46.0,1230.0
2025-403,Miami Masters,Hard,96.0,M,20250317,89.0,126203,3.0,,Taylor Fritz,R,196.0,USA,27.384,126610,29.0,,Matteo Berrettini,R,196.0,ITA,28.928,7-5 6-7(7) 7-5,3,QF,164.0,16.0,3.0,102.0,78.0,62.0,15.0,18.0,4.0,5.0,17.0,0.0,123.0,96.0,72.0,10.0,18.0,8.0,11.0,4.0,4900.0,30.0,1580.0
2025-403,Miami Masters,Hard,96.0,M,20250317,90.0,104925,4.0,,Novak Djokovic,R,188.0,SRB,37.821,200624,24.0,,Sebastian Korda,R,196.0,USA,24.698,6-3 7-6(4),3,QF,82.0,11.0,0.0,59.0,49.0,41.0,6.0,11.0,0.0,1.0,7.0,0.0,56.0,37.0,26.0,13.0,10.0,0.0,2.0,5.0,3860.0,25.0,1860.0
2025-403,Miami Masters,Hard,96.0,M,20250317,91.0,210150,,,Jakub Mensik,R,196.0,CZE,19.54,209950,17.0,,Arthur Fils,R,185.0,FRA,20.761,7-6(5) 6-1,3,QF,75.0,13.0,2.0,53.0,35.0,30.0,9.0,9.0,2.0,3.0,1.0,3.0,69.0,47.0,33.0,7.0,10.0,3.0,7.0,54.0,1042.0,18.0,2480.0
2025-403,Miami Masters,Hard,96.0,M,20250317,92.0,105777,14.0,,Grigor Dimitrov,R,191.0,BUL,33.837,202103,23.0,,Francisco Cerundolo,R,185.0,ARG,26.593,6-7(6) 6-4 7-6(3),3,QF,168.0,7.0,3.0,108.0,66.0,53.0,21.0,17.0,3.0,5.0,7.0,1.0,115.0,73.0,51.0,23.0,17.0,10.0,13.0,15.0,2745.0,24.0,1925.0
2025-403,Miami Masters,Hard,96.0,M,20250317,93.0,210150,,,Jakub Mensik,R,196.0,CZE,19.54,126203,3.0,,Taylor Fritz,R,196.0,USA,27.384,7-6(4) 4-6 7-6(4),3,SF,145.0,25.0,4.0,101.0,73.0,60.0,15.0,17.0,1.0,2.0,14.0,3.0,114.0,79.0,63.0,16.0,17.0,2.0,2.0,54.0,1042.0,4.0,4900.0
2025-403,Miami Masters,Hard,96.0,M,20250317,94.0,104925,4.0,,Novak Djokovic,R,188.0,SRB,37.821,105777,14.0,,Grigor Dimitrov,R,191.0,BUL,33.837,6-2 6-3,3,SF,70.0,5.0,1.0,45.0,39.0,31.0,2.0,9.0,1.0,2.0,3.0,3.0,43.0,23.0,16.0,6.0,8.0,2.0,6.0,5.0,3860.0,15.0,2745.0
2025-403,Miami Masters,Hard,96.0,M,20250317,95.0,210150,,,Jakub Mensik,R,196.0,CZE,19.54,104925,4.0,,Novak Djokovic,R,188.0,SRB,37.821,7-6(4) 7-6(4),3,F,123.0,14.0,1.0,78.0,52.0,40.0,14.0,12.0,0.0,1.0,7.0,1.0,74.0,56.0,43.0,9.0,12.0,2.0,3.0,54.0,1042.0,5.0,3860.0
2025-717,Houston,Clay,28.0,250,20250331,1.0,210319,,WC,Ethan Quinn,R,191.0,USA,21.051,111442,6.0,,Jordan Thompson,R,183.0,AUS,30.946,4-6 6-4 6-3,3,R32,156.0,4.0,4.0,96.0,54.0,38.0,23.0,15.0,9.0,13.0,3.0,3.0,95.0,58.0,36.0,18.0,14.0,5.0,10.0,130.0,456.0,35.0,1415.0
2025-717,Houston,Clay,28.0,250,20250331,2.0,105453,8.0,,Kei Nishikori,R,178.0,JPN,35.253,106283,,Q,Mitchell Krueger,R,188.0,USA,31.214,6-4 6-2,3,R32,74.0,4.0,2.0,57.0,44.0,34.0,5.0,9.0,3.0,4.0,2.0,2.0,48.0,31.0,19.0,8.0,9.0,3.0,7.0,66.0,873.0,141.0,416.0
2025-717,Houston,Clay,28.0,250,20250331,3.0,111153,,,Christopher Eubanks,R,201.0,USA,28.903,208014,,,Rinky Hijikata,R,178.0,AUS,24.099,6-2 4-6 6-3,3,R32,115.0,8.0,0.0,80.0,53.0,39.0,16.0,14.0,4.0,6.0,3.0,4.0,85.0,50.0,30.0,17.0,13.0,3.0,7.0,117.0,515.0,82.0,769.0
2025-717,Houston,Clay,28.0,250,20250331,4.0,105173,,LL,Adrian Mannarino,L,180.0,FRA,36.753,105870,,,Yannick Hanfmann,R,193.0,GER,33.38,7-6(5) 6-3,3,R32,110.0,2.0,0.0,82.0,51.0,34.0,15.0,11.0,12.0,14.0,4.0,2.0,57.0,40.0,26.0,7.0,10.0,0.0,3.0,144.0,409.0,123.0,479.0
2025-717,Houston,Clay,28.0,250,20250331,5.0,111456,,,Mackenzie McDonald,R,178.0,USA,29.958,123755,,,Daniel Elahi Galan,R,191.0,COL,28.783,6-2 6-7(3) 6-4,3,R32,135.0,4.0,2.0,84.0,53.0,42.0,21.0,15.0,1.0,1.0,7.0,0.0,90.0,60.0,46.0,13.0,15.0,2.0,5.0,100.0,592.0,114.0,538.0
2025-717,Houston,Clay,28.0,250,20250331,6.0,900021,,Q,Colton Smith,R,183.0,USA,22.073,105902,,,James Duckworth,R,183.0,AUS,33.191,6-2 6-2,3,R32,69.0,5.0,2.0,44.0,28.0,22.0,11.0,8.0,1.0,1.0,3.0,3.0,58.0,34.0,20.0,10.0,8.0,6.0,10.0,200.0,284.0,89.0,698.0
2025-717,Houston,Clay,28.0,250,20250331,7.0,200443,,,Adam Walton,R,183.0,AUS,25.955,111581,,WC,Michael Mmoh,R,188.0,USA,27.22,6-3 7-6(5),3,R32,104.0,8.0,5.0,71.0,45.0,35.0,6.0,11.0,4.0,8.0,5.0,4.0,61.0,37.0,22.0,7.0,10.0,0.0,5.0,85.0,746.0,282.0,186.0
2025-717,Houston,Clay,28.0,250,20250331,8.0,210506,5.0,,Alex Michelsen,R,193.0,USA,20.597,210530,,,Learner Tien,L,180.0,USA,19.326,6-4 6-2,3,R32,70.0,7.0,3.0,45.0,30.0,26.0,8.0,9.0,0.0,1.0,1.0,2.0,57.0,37.0,25.0,6.0,9.0,4.0,8.0,34.0,1445.0,69.0,865.0
2025-717,Houston,Clay,28.0,250,20250331,9.0,206499,,,Aleksandar Kovacevic,R,183.0,USA,26.587,144869,7.0,,Tomas Martin Etcheverry,R,196.0,ARG,25.703,6-3 6-4,3,R32,98.0,3.0,4.0,65.0,31.0,26.0,20.0,10.0,4.0,4.0,7.0,0.0,52.0,28.0,24.0,11.0,9.0,5.0,7.0,79.0,780.0,44.0,1260.0
2025-717,Houston,Clay,28.0,250,20250331,10.0,202385,,Q,Jenson Brooksby,R,193.0,USA,24.427,106121,,,Taro Daniel,R,191.0,JPN,32.172,6-4 6-4,3,R32,88.0,4.0,1.0,53.0,30.0,23.0,18.0,10.0,0.0,0.0,1.0,1.0,66.0,36.0,24.0,16.0,10.0,3.0,5.0,507.0,77.0,124.0,478.0
2025-717,Houston,Clay,28.0,250,20250331,11.0,900023,,Q,Corentin Denolly,L,188.0,FRA,27.817,200587,,,Brandon Holt,R,185.0,USA,26.984,7-6(7) 7-6(8),3,R32,139.0,1.0,6.0,109.0,74.0,56.0,13.0,12.0,5.0,7.0,5.0,0.0,89.0,61.0,43.0,17.0,12.0,2.0,4.0,328.0,159.0,115.0,533.0
2025-717,Houston,Clay,28.0,250,20250331,12.0,106426,,WC,Cristian Garin,R,185.0,CHI,28.835,106310,,,Alexander Ritschard,R,193.0,SUI,31.02,6-3 6-4,3,R32,100.0,5.0,1.0,51.0,30.0,26.0,14.0,10.0,0.0,0.0,1.0,4.0,75.0,41.0,24.0,21.0,9.0,5.0,7.0,133.0,439.0,125.0,466.0
2025-717,Houston,Clay,28.0,250,20250331,13.0,126207,2.0,,Frances Tiafoe,R,188.0,USA,27.192,200443,,,Adam Walton,R,183.0,AUS,25.955,7-5 6-3,3,R16,90.0,4.0,2.0,53.0,26.0,22.0,17.0,10.0,1.0,2.0,5.0,3.0,73.0,42.0,24.0,16.0,11.0,4.0,8.0,17.0,2525.0,85.0,746.0
2025-717,Houston,Clay,28.0,250,20250331,14.0,206909,4.0,,Brandon Nakashima,R,188.0,USA,23.658,111456,,,Mackenzie McDonald,R,178.0,USA,29.958,6-1 7-5,3,R16,78.0,7.0,1.0,49.0,32.0,26.0,14.0,10.0,0.0,0.0,5.0,1.0,61.0,41.0,26.0,9.0,9.0,2.0,5.0,33.0,1570.0,100.0,592.0
2025-717,Houston,Clay,28.0,250,20250331,15.0,210506,5.0,,Alex Michelsen,R,193.0,USA,20.597,105173,,LL,Adrian Mannarino,L,180.0,FRA,36.753,6-7(0) 6-4 6-2,3,R16,148.0,3.0,3.0,95.0,62.0,38.0,19.0,15.0,5.0,9.0,1.0,3.0,99.0,69.0,39.0,14.0,15.0,9.0,16.0,34.0,1445.0,144.0,409.0
2025-717,Houston,Clay,28.0,250,20250331,16.0,111153,,,Christopher Eubanks,R,201.0,USA,28.903,105453,8.0,,Kei Nishikori,R,178.0,JPN,35.253,6-1 RET,3,R16,24.0,2.0,1.0,22.0,15.0,11.0,5.0,4.0,0.0,0.0,1.0,0.0,20.0,17.0,9.0,0.0,3.0,2.0,4.0,117.0,515.0,66.0,873.0
2025-717,Houston,Clay,28.0,250,20250331,17.0,126205,1.0,,Tommy Paul,R,185.0,USA,27.871,106426,,WC,Cristian Garin,R,185.0,CHI,28.835,2-6 6-2 7-6(5),3,R16,162.0,7.0,3.0,96.0,54.0,39.0,18.0,14.0,8.0,12.0,2.0,3.0,113.0,74.0,50.0,16.0,14.0,10.0,14.0,13.0,3070.0,133.0,439.0
2025-717,Houston,Clay,28.0,250,20250331,18.0,202385,,Q,Jenson Brooksby,R,193.0,USA,24.427,126214,3.0,,Alejandro Tabilo,L,188.0,CHI,27.828,3-6 6-4 7-6(6),3,R16,169.0,4.0,3.0,99.0,57.0,45.0,19.0,15.0,4.0,7.0,5.0,1.0,115.0,58.0,43.0,28.0,16.0,7.0,10.0,507.0,77.0,32.0,1575.0
2025-717,Houston,Clay,28.0,250,20250331,19.0,206499,,,Aleksandar Kovacevic,R,183.0,USA,26.587,900023,,Q,Corentin Denolly,L,188.0,FRA,27.817,6-3 6-3,3,R16,79.0,8.0,4.0,54.0,31.0,28.0,11.0,9.0,2.0,2.0,2.0,8.0,70.0,38.0,26.0,12.0,9.0,6.0,9.0,79.0,780.0,328.0,159.0
2025-717,Houston,Clay,28.0,250,20250331,20.0,900021,,Q,Colton Smith,R,183.0,USA,22.073,210319,,WC,Ethan Quinn,R,191.0,USA,21.051,6-3 6-4,3,R16,74.0,3.0,4.0,54.0,31.0,27.0,16.0,10.0,1.0,1.0,2.0,3.0,48.0,30.0,23.0,8.0,9.0,2.0,4.0,200.0,284.0,130.0,456.0
2025-717,Houston,Clay,28.0,250,20250331,21.0,126205,1.0,,Tommy Paul,R,185.0,USA,27.871,900021,,Q,Colton Smith,R,183.0,USA,22.073,6-1 7-6(1),3,QF,89.0,3.0,2.0,51.0,24.0,22.0,19.0,9.0,3.0,3.0,2.0,2.0,71.0,44.0,27.0,13.0,10.0,4.0,7.0,13.0,3070.0,200.0,284.0
2025-717,Houston,Clay,28.0,250,20250331,22.0,126207,2.0,,Frances Tiafoe,R,188.0,USA,27.192,210506,5.0,,Alex Michelsen,R,193.0,USA,20.597,7-5 6-1,3,QF,92.0,4.0,2.0,58.0,33.0,26.0,14.0,10.0,2.0,3.0,4.0,5.0,76.0,44.0,28.0,12.0,9.0,12.0,16.0,17.0,2525.0,34.0,1445.0
2025-717,Houston,Clay,28.0,250,20250331,23.0,206909,4.0,,Brandon Nakashima,R,188.0,USA,23.658,111153,,,Christopher Eubanks,R,201.0,USA,28.903,6-4 6-4,3,QF,82.0,7.0,2.0,53.0,30.0,23.0,17.0,10.0,0.0,0.0,3.0,3.0,65.0,49.0,35.0,8.0,10.0,3.0,5.0,33.0,1570.0,117.0,515.0
2025-717,Houston,Clay,28.0,250,20250331,24.0,202385,,Q,Jenson Brooksby,R,193.0,USA,24.427,206499,,,Aleksandar Kovacevic,R,183.0,USA,26.587,2-6 6-3 6-4,3,QF,140.0,0.0,3.0,86.0,55.0,34.0,16.0,13.0,7.0,11.0,4.0,4.0,90.0,53.0,33.0,18.0,14.0,6.0,11.0,507.0,77.0,79.0,780.0
2025-717,Houston,Clay,28.0,250,20250331,25.0,202385,,Q,Jenson Brooksby,R,193.0,USA,24.427,126205,1.0,,Tommy Paul,R,185.0,USA,27.871,7-6(5) 3-6 7-6(6),3,SF,162.0,0.0,2.0,109.0,74.0,46.0,18.0,16.0,6.0,11.0,6.0,5.0,111.0,62.0,42.0,27.0,17.0,5.0,9.0,507.0,77.0,13.0,3070.0
2025-717,Houston,Clay,28.0,250,20250331,26.0,126207,2.0,,Frances Tiafoe,R,188.0,USA,27.192,206909,4.0,,Brandon Nakashima,R,188.0,USA,23.658,6-4 7-6(3),3,SF,101.0,4.0,1.0,60.0,36.0,25.0,13.0,11.0,1.0,5.0,6.0,1.0,81.0,53.0,33.0,9.0,11.0,5.0,10.0,17.0,2525.0,33.0,1570.0
2025-717,Houston,Clay,28.0,250,20250331,27.0,202385,,Q,Jenson Brooksby,R,193.0,USA,24.427,126207,2.0,,Frances Tiafoe,R,188.0,USA,27.192,6-4 6-2,3,F,87.0,5.0,1.0,58.0,41.0,26.0,12.0,9.0,4.0,6.0,0.0,2.0,55.0,28.0,17.0,9.0,9.0,1.0,6.0,507.0,77.0,17.0,2525.0
2025-360,Marrakech,Clay,28.0,250,20250331,1.0,209260,7.0,,Luciano Darderi,R,183.0,ITA,23.124,900001,,,Tristan Boyer,R,188.0,USA,23.943,6-4 6-4,3,R32,99.0,2.0,4.0,73.0,41.0,30.0,19.0,10.0,4.0,4.0,3.0,1.0,62.0,38.0,23.0,16.0,10.0,7.0,9.0,57.0,989.0,121.0,491.0
2025-360,Marrakech,Clay,28.0,250,20250331,2.0,200240,,,Vit Kopriva,R,178.0,CZE,27.792,127339,,PR,Borna Gojo,R,196.0,CRO,27.088,2-6 6-2 6-4,3,R32,118.0,3.0,3.0,84.0,53.0,34.0,16.0,13.0,5.0,9.0,5.0,4.0,73.0,45.0,29.0,13.0,13.0,0.0,5.0,106.0,576.0,414.0,116.0
2025-360,Marrakech,Clay,28.0,250,20250331,3.0,111794,,Q,Kamil Majchrzak,R,183.0,POL,29.213,144719,6.0,,Jaume Munar,R,183.0,ESP,27.904,6-4 6-3,3,R32,89.0,4.0,1.0,55.0,35.0,27.0,13.0,10.0,2.0,3.0,5.0,5.0,54.0,23.0,20.0,10.0,9.0,4.0,7.0,122.0,482.0,55.0,1029.0
2025-360,Marrakech,Clay,28.0,250,20250331,4.0,208233,8.0,,Mattia Bellucci,L,175.0,ITA,23.83,200303,,,Pavel Kotov,R,191.0,RUS,26.366,6-4 6-4,3,R32,103.0,9.0,3.0,56.0,32.0,26.0,15.0,10.0,1.0,2.0,3.0,2.0,64.0,46.0,31.0,7.0,10.0,4.0,7.0,71.0,842.0,107.0,573.0
2025-360,Marrakech,Clay,28.0,250,20250331,5.0,105807,,,Pablo Carreno Busta,R,188.0,ESP,33.719,207794,,WC,Younes Lalami Laaroussi,R,188.0,MAR,23.951,6-1 6-3,3,R32,77.0,2.0,1.0,44.0,26.0,22.0,13.0,8.0,1.0,1.0,1.0,5.0,58.0,35.0,23.0,6.0,8.0,5.0,9.0,110.0,568.0,1193.0,8.0
2025-360,Marrakech,Clay,28.0,250,20250331,6.0,207411,,,Jesper de Jong,R,180.0,NED,24.832,200611,,WC,Elliot Benchetrit,R,193.0,MAR,26.494,7-5 6-1,3,R32,92.0,3.0,1.0,45.0,25.0,23.0,17.0,10.0,0.0,0.0,3.0,2.0,74.0,42.0,28.0,12.0,9.0,7.0,10.0,98.0,609.0,608.0,54.0
2025-360,Marrakech,Clay,28.0,250,20250331,7.0,200384,,,Hugo Gaston,L,173.0,FRA,24.509,207678,,Q,Juan Manuel Cerundolo,L,183.0,ARG,23.373,5-7 6-3 6-4,3,R32,138.0,5.0,4.0,95.0,49.0,34.0,21.0,16.0,3.0,8.0,6.0,4.0,108.0,60.0,34.0,24.0,15.0,11.0,17.0,84.0,751.0,128.0,461.0
2025-360,Marrakech,Clay,28.0,250,20250331,8.0,105732,,Q,Pierre-Hugues Herbert,R,188.0,FRA,34.037,105948,,Q,Federico Coria,R,180.0,ARG,33.06,4-6 6-3 6-2,3,R32,129.0,7.0,12.0,87.0,51.0,39.0,13.0,14.0,4.0,8.0,1.0,7.0,84.0,57.0,36.0,7.0,13.0,4.0,10.0,169.0,335.0,126.0,464.0
2025-360,Marrakech,Clay,28.0,250,20250331,9.0,202261,,,Otto Virtanen,R,193.0,FIN,23.775,127157,,,Daniel Altmaier,R,188.0,GER,26.549,6-2 4-6 7-6(3),3,R32,149.0,5.0,6.0,94.0,56.0,40.0,23.0,15.0,1.0,3.0,4.0,5.0,112.0,67.0,45.0,22.0,15.0,8.0,11.0,135.0,430.0,83.0,763.0
2025-360,Marrakech,Clay,28.0,250,20250331,10.0,106148,5.0,,Roberto Carballes Baena,R,183.0,ESP,32.022,900019,,WC,Taha Baadi,R,183.0,MAR,23.699,7-6(3) 6-3,3,R32,121.0,1.0,7.0,79.0,48.0,35.0,14.0,11.0,3.0,5.0,1.0,0.0,82.0,54.0,33.0,14.0,10.0,9.0,12.0,51.0,1051.0,703.0,40.0
2025-360,Marrakech,Clay,28.0,250,20250331,11.0,209920,,,Raphael Collignon,R,191.0,BEL,23.211,104926,,,Fabio Fognini,R,178.0,ITA,37.854,6-3 6-3,3,R32,82.0,2.0,4.0,55.0,40.0,30.0,7.0,9.0,3.0,4.0,1.0,4.0,55.0,24.0,14.0,16.0,9.0,4.0,8.0,92.0,644.0,99.0,607.0
2025-360,Marrakech,Clay,28.0,250,20250331,12.0,106198,,,Hugo Dellien,R,180.0,BOL,31.789,126846,,,Aleksandar Vukic,R,188.0,AUS,28.983,7-5 4-6 7-5,3,R32,152.0,5.0,0.0,110.0,85.0,57.0,17.0,17.0,3.0,5.0,11.0,0.0,116.0,72.0,53.0,19.0,17.0,11.0,14.0,102.0,582.0,76.0,808.0
2025-360,Marrakech,Clay,28.0,250,20250331,13.0,134868,1.0,,Tallon Griekspoor,R,188.0,NED,28.745,105807,,,Pablo Carreno Busta,R,188.0,ESP,33.719,7-6(1) 3-6 6-3,3,R16,143.0,13.0,5.0,108.0,71.0,55.0,17.0,15.0,4.0,6.0,8.0,4.0,94.0,57.0,43.0,19.0,15.0,8.0,10.0,37.0,1370.0,110.0,568.0
2025-360,Marrakech,Clay,28.0,250,20250331,14.0,200240,,,Vit Kopriva,R,178.0,CZE,27.792,132283,2.0,,Lorenzo Sonego,R,191.0,ITA,29.889,6-2 5-7 6-4,3,R16,162.0,2.0,5.0,104.0,67.0,42.0,18.0,15.0,6.0,10.0,3.0,2.0,88.0,55.0,34.0,14.0,15.0,9.0,15.0,106.0,576.0,38.0,1361.0
2025-360,Marrakech,Clay,28.0,250,20250331,15.0,209260,7.0,,Luciano Darderi,R,183.0,ITA,23.124,200384,,,Hugo Gaston,L,173.0,FRA,24.509,2-6 6-2 6-3,3,R16,111.0,1.0,1.0,72.0,43.0,30.0,14.0,13.0,0.0,3.0,3.0,2.0,93.0,43.0,31.0,23.0,12.0,10.0,14.0,57.0,989.0,84.0,751.0
2025-360,Marrakech,Clay,28.0,250,20250331,16.0,208233,8.0,,Mattia Bellucci,L,175.0,ITA,23.83,105732,,Q,Pierre-Hugues Herbert,R,188.0,FRA,34.037,6-2 7-5,3,R16,84.0,4.0,0.0,50.0,28.0,21.0,16.0,10.0,0.0,1.0,2.0,4.0,63.0,39.0,26.0,9.0,10.0,4.0,8.0,71.0,842.0,169.0,335.0
2025-360,Marrakech,Clay,28.0,250,20250331,17.0,124186,3.0,,Alexandre Muller,R,183.0,FRA,28.159,106198,,,Hugo Dellien,R,180.0,BOL,31.789,6-7(5) 6-1 6-4,3,R16,145.0,9.0,1.0,94.0,63.0,43.0,22.0,15.0,1.0,3.0,2.0,4.0,105.0,75.0,46.0,14.0,14.0,8.0,13.0,41.0,1304.0,102.0,582.0
2025-360,Marrakech,Clay,28.0,250,20250331,18.0,132686,4.0,,Nuno Borges,R,185.0,POR,28.11,209920,,,Raphael Collignon,R,191.0,BEL,23.211,6-2 3-6 7-6(0),3,R16,119.0,12.0,0.0,89.0,64.0,52.0,10.0,14.0,4.0,5.0,12.0,3.0,108.0,68.0,45.0,21.0,15.0,5.0,7.0,43.0,1265.0,92.0,644.0
2025-360,Marrakech,Clay,28.0,250,20250331,19.0,106148,5.0,,Roberto Carballes Baena,R,183.0,ESP,32.022,202261,,,Otto Virtanen,R,193.0,FIN,23.775,6-4 6-4,3,R16,80.0,1.0,0.0,58.0,45.0,30.0,8.0,10.0,2.0,4.0,5.0,2.0,57.0,33.0,23.0,9.0,10.0,2.0,6.0,51.0,1051.0,135.0,430.0
2025-360,Marrakech,Clay,28.0,250,20250331,20.0,111794,,Q,Kamil Majchrzak,R,183.0,POL,29.213,207411,,,Jesper de Jong,R,180.0,NED,24.832,7-6(3) 6-1,3,R16,88.0,3.0,1.0,53.0,33.0,26.0,15.0,10.0,0.0,1.0,2.0,4.0,57.0,28.0,18.0,14.0,9.0,5.0,8.0,122.0,482.0,98.0,609.0
2025-360,Marrakech,Clay,28.0,250,20250331,21.0,134868,1.0,,Tallon Griekspoor,R,188.0,NED,28.745,208233,8.0,,Mattia Bellucci,L,175.0,ITA,23.83,6-3 6-4,3,QF,84.0,5.0,1.0,62.0,35.0,27.0,18.0,10.0,4.0,4.0,6.0,8.0,59.0,34.0,26.0,9.0,9.0,1.0,3.0,37.0,1370.0,71.0,842.0
2025-360,Marrakech,Clay,28.0,250,20250331,22.0,111794,,Q,Kamil Majchrzak,R,183.0,POL,29.213,124186,3.0,,Alexandre Muller,R,183.0,FRA,28.159,7-5 6-4,3,QF,96.0,4.0,0.0,68.0,48.0,35.0,10.0,11.0,8.0,10.0,6.0,4.0,84.0,58.0,36.0,9.0,11.0,4.0,8.0,122.0,482.0,41.0,1304.0
2025-360,Marrakech,Clay,28.0,250,20250331,23.0,106148,5.0,,Roberto Carballes Baena,R,183.0,ESP,32.022,132686,4.0,,Nuno Borges,R,185.0,POR,28.11,6-4 6-4,3,QF,106.0,1.0,3.0,90.0,60.0,38.0,13.0,10.0,15.0,17.0,3.0,6.0,56.0,26.0,20.0,11.0,10.0,1.0,5.0,51.0,1051.0,43.0,1265.0
2025-360,Marrakech,Clay,28.0,250,20250331,24.0,209260,7.0,,Luciano Darderi,R,183.0,ITA,23.124,200240,,,Vit Kopriva,R,178.0,CZE,27.792,7-5 6-2,3,QF,116.0,5.0,2.0,76.0,43.0,29.0,19.0,10.0,5.0,6.0,3.0,2.0,80.0,49.0,29.0,14.0,10.0,10.0,14.0,57.0,989.0,106.0,576.0
2025-360,Marrakech,Clay,28.0,250,20250331,25.0,134868,1.0,,Tallon Griekspoor,R,188.0,NED,28.745,111794,,Q,Kamil Majchrzak,R,183.0,POL,29.213,7-5 7-6(3),3,SF,107.0,10.0,1.0,75.0,45.0,38.0,16.0,12.0,4.0,5.0,5.0,1.0,71.0,42.0,33.0,14.0,12.0,1.0,3.0,37.0,1370.0,122.0,482.0
2025-360,Marrakech,Clay,28.0,250,20250331,26.0,209260,7.0,,Luciano Darderi,R,183.0,ITA,23.124,106148,5.0,,Roberto Carballes Baena,R,183.0,ESP,32.022,6-3 6-2,3,SF,92.0,5.0,1.0,58.0,29.0,23.0,16.0,9.0,2.0,3.0,0.0,2.0,55.0,38.0,20.0,5.0,8.0,5.0,9.0,57.0,989.0,51.0,1051.0
2025-360,Marrakech,Clay,28.0,250,20250331,27.0,209260,7.0,,Luciano Darderi,R,183.0,ITA,23.124,134868,1.0,,Tallon Griekspoor,R,188.0,NED,28.745,7-6(3) 7-6(4),3,F,123.0,3.0,3.0,83.0,51.0,37.0,21.0,12.0,3.0,4.0,10.0,6.0,81.0,51.0,39.0,18.0,12.0,0.0,1.0,57.0,989.0,37.0,1370.0
2025-4462,Bucharest,Clay,28.0,250,20250331,1.0,105138,5.0,,Roberto Bautista Agut,R,183.0,ESP,36.961,900002,,,Yunchaokete Bu,R,185.0,CHN,23.195,3-6 6-2 7-5,3,R32,172.0,2.0,5.0,113.0,62.0,34.0,28.0,15.0,12.0,17.0,5.0,1.0,94.0,55.0,32.0,19.0,14.0,4.0,10.0,52.0,1049.0,67.0,873.0
2025-4462,Bucharest,Clay,28.0,250,20250331,2.0,200116,8.0,,Camilo Ugo Carabelli,R,185.0,ARG,25.788,105430,,,Radu Albot,R,175.0,MDA,35.384,6-4 6-3,3,R32,92.0,0.0,0.0,50.0,38.0,26.0,8.0,9.0,2.0,3.0,0.0,1.0,65.0,39.0,20.0,14.0,10.0,1.0,5.0,63.0,918.0,223.0,248.0
2025-4462,Bucharest,Clay,28.0,250,20250331,3.0,207681,,,Francisco Comesana,R,178.0,ARG,24.482,105373,,Q,Martin Klizan,L,191.0,SVK,35.721,4-6 7-5 7-5,3,R32,152.0,7.0,5.0,89.0,60.0,48.0,15.0,17.0,2.0,5.0,0.0,4.0,107.0,69.0,50.0,16.0,17.0,5.0,9.0,64.0,890.0,316.0,165.0
2025-4462,Bucharest,Clay,28.0,250,20250331,4.0,209113,,,Gabriel Diallo,R,203.0,CAN,23.515,202358,,,Chun-Hsin Tseng,R,175.0,TPE,23.644,7-6(5) 7-6(2),3,R32,126.0,5.0,3.0,82.0,47.0,35.0,22.0,12.0,4.0,6.0,0.0,1.0,81.0,55.0,36.0,13.0,12.0,0.0,2.0,81.0,770.0,101.0,587.0
2025-4462,Bucharest,Clay,28.0,250,20250331,5.0,106000,,,Damir Dzumhur,R,175.0,BIH,32.862,200473,,Q,Valentin Vacherot,R,193.0,MON,26.371,6-2 6-1,3,R32,73.0,1.0,1.0,54.0,35.0,24.0,10.0,8.0,5.0,6.0,1.0,4.0,53.0,31.0,17.0,8.0,7.0,3.0,8.0,65.0,874.0,259.0,208.0
2025-4462,Bucharest,Clay,28.0,250,20250331,6.0,105916,,,Marton Fucsovics,R,188.0,HUN,33.142,208134,,,Luca Nardi,R,185.0,ITA,21.651,6-3 6-1,3,R32,67.0,1.0,1.0,46.0,28.0,22.0,11.0,8.0,2.0,2.0,0.0,1.0,48.0,33.0,18.0,5.0,8.0,2.0,6.0,90.0,655.0,93.0,637.0
2025-4462,Bucharest,Clay,28.0,250,20250331,7.0,209209,,Q,Filip Misolic,R,180.0,AUT,23.644,207686,,,Alexander Shevchenko,R,188.0,KAZ,24.334,6-3 6-4,3,R32,76.0,1.0,3.0,60.0,43.0,31.0,9.0,10.0,4.0,6.0,1.0,1.0,54.0,34.0,22.0,8.0,9.0,0.0,4.0,232.0,235.0,105.0,578.0
2025-4462,Bucharest,Clay,28.0,250,20250331,8.0,900000,,,Christopher O'Connell,R,183.0,AUS,30.825,105583,,,Dusan Lajovic,R,183.0,SRB,34.752,6-4 6-3,3,R32,101.0,4.0,0.0,65.0,38.0,22.0,18.0,10.0,6.0,8.0,0.0,0.0,71.0,43.0,25.0,11.0,9.0,7.0,11.0,87.0,735.0,109.0,570.0
2025-4462,Bucharest,Clay,28.0,250,20250331,9.0,104527,,WC,Stan Wawrinka,R,183.0,SUI,40.008,207608,,Q,Timofey Skatov,R,173.0,KAZ,24.189,6-4 6-7(5) 7-6(1),3,R32,198.0,7.0,1.0,130.0,83.0,56.0,21.0,17.0,11.0,15.0,1.0,4.0,120.0,80.0,51.0,20.0,17.0,11.0,16.0,161.0,355.0,174.0,324.0
2025-4462,Bucharest,Clay,28.0,250,20250331,10.0,208363,7.0,,Mariano Navone,R,178.0,ARG,24.088,111513,,,Laslo Djere,R,188.0,SRB,29.829,6-1 4-6 6-2,3,R32,118.0,1.0,1.0,72.0,55.0,40.0,11.0,13.0,0.0,1.0,0.0,3.0,78.0,47.0,30.0,14.0,12.0,2.0,6.0,61.0,925.0,78.0,791.0
2025-4462,Bucharest,Clay,28.0,250,20250331,11.0,104755,,WC,Richard Gasquet,R,183.0,FRA,38.784,122298,,,Botic van de Zandschulp,R,191.0,NED,29.489,4-6 7-5 6-1,3,R32,139.0,2.0,2.0,98.0,63.0,41.0,18.0,15.0,6.0,10.0,5.0,5.0,93.0,55.0,36.0,15.0,14.0,9.0,15.0,148.0,386.0,88.0,730.0
2025-4462,Bucharest,Clay,28.0,250,20250331,12.0,202262,,WC,Filip Cristian Jianu,R,180.0,ROU,23.532,210460,,,Nishesh Basavareddy,R,180.0,USA,19.912,6-3 6-4,3,R32,92.0,0.0,0.0,52.0,42.0,28.0,6.0,9.0,3.0,5.0,1.0,2.0,58.0,28.0,19.0,10.0,10.0,1.0,6.0,241.0,229.0,108.0,571.0
2025-4462,Bucharest,Clay,28.0,250,20250331,13.0,124079,2.0,,Pedro Martinez,R,185.0,ESP,27.929,104527,,WC,Stan Wawrinka,R,183.0,SUI,40.008,4-6 7-5 6-2,3,R16,159.0,0.0,0.0,100.0,80.0,48.0,13.0,15.0,7.0,11.0,3.0,3.0,97.0,55.0,31.0,21.0,15.0,4.0,10.0,47.0,1205.0,161.0,355.0
2025-4462,Bucharest,Clay,28.0,250,20250331,14.0,900000,,,Christopher O'Connell,R,183.0,AUS,30.825,111797,4.0,,Nicolas Jarry,R,201.0,CHI,29.47,6-2 5-7 7-6(5),3,R16,179.0,5.0,6.0,114.0,67.0,50.0,21.0,16.0,7.0,9.0,2.0,4.0,102.0,70.0,47.0,16.0,16.0,4.0,7.0,87.0,735.0,58.0,965.0
2025-4462,Bucharest,Clay,28.0,250,20250331,15.0,105916,,,Marton Fucsovics,R,188.0,HUN,33.142,208363,7.0,,Mariano Navone,R,178.0,ARG,24.088,4-6 6-4 6-4,3,R16,161.0,0.0,1.0,74.0,49.0,35.0,9.0,15.0,1.0,7.0,1.0,2.0,109.0,71.0,38.0,16.0,15.0,14.0,21.0,90.0,655.0,61.0,925.0
2025-4462,Bucharest,Clay,28.0,250,20250331,16.0,106000,,,Damir Dzumhur,R,175.0,BIH,32.862,202262,,WC,Filip Cristian Jianu,R,180.0,ROU,23.532,6-4 3-6 6-3,3,R16,152.0,0.0,2.0,87.0,54.0,34.0,20.0,14.0,1.0,4.0,1.0,0.0,106.0,72.0,41.0,17.0,14.0,8.0,12.0,65.0,874.0,241.0,229.0
2025-4462,Bucharest,Clay,28.0,250,20250331,17.0,202104,1.0,,Sebastian Baez,R,170.0,ARG,24.255,209113,,,Gabriel Diallo,R,203.0,CAN,23.515,7-6(5) 2-6 6-2,3,R16,136.0,1.0,3.0,92.0,67.0,46.0,12.0,14.0,5.0,9.0,4.0,1.0,82.0,60.0,34.0,16.0,14.0,2.0,6.0,36.0,1385.0,81.0,770.0
2025-4462,Bucharest,Clay,28.0,250,20250331,18.0,207925,3.0,,Flavio Cobolli,R,183.0,ITA,22.902,104755,,WC,Richard Gasquet,R,183.0,FRA,38.784,6-4 4-6 6-1,3,R16,115.0,4.0,6.0,85.0,42.0,25.0,25.0,14.0,3.0,7.0,1.0,1.0,86.0,58.0,32.0,13.0,13.0,7.0,13.0,45.0,1260.0,148.0,386.0
2025-4462,Bucharest,Clay,28.0,250,20250331,19.0,207681,,,Francisco Comesana,R,178.0,ARG,24.482,105138,5.0,,Roberto Bautista Agut,R,183.0,ESP,36.961,6-4 3-6 6-3,3,R16,131.0,5.0,0.0,78.0,51.0,35.0,18.0,14.0,1.0,3.0,0.0,0.0,81.0,51.0,33.0,19.0,14.0,1.0,4.0,64.0,890.0,52.0,1049.0
2025-4462,Bucharest,Clay,28.0,250,20250331,20.0,209209,,Q,Filip Misolic,R,180.0,AUT,23.644,200116,8.0,,Camilo Ugo Carabelli,R,185.0,ARG,25.788,6-3 6-1,3,R16,71.0,3.0,0.0,54.0,41.0,27.0,6.0,8.0,3.0,5.0,0.0,2.0,43.0,30.0,13.0,3.0,8.0,0.0,6.0,232.0,235.0,63.0,918.0
2025-4462,Bucharest,Clay,28.0,250,20250331,21.0,202104,1.0,,Sebastian Baez,R,170.0,ARG,24.255,207681,,,Francisco Comesana,R,178.0,ARG,24.482,7-6(5) 2-6 6-1,3,QF,138.0,2.0,0.0,90.0,63.0,40.0,16.0,13.0,7.0,10.0,3.0,4.0,101.0,58.0,37.0,20.0,14.0,3.0,7.0,36.0,1385.0,64.0,890.0
2025-4462,Bucharest,Clay,28.0,250,20250331,22.0,106000,,,Damir Dzumhur,R,175.0,BIH,32.862,124079,2.0,,Pedro Martinez,R,185.0,ESP,27.929,6-1 2-0,3,QF,54.0,0.0,1.0,40.0,26.0,17.0,8.0,4.0,5.0,5.0,0.0,2.0,32.0,22.0,10.0,2.0,5.0,2.0,6.0,65.0,874.0,47.0,1205.0
2025-4462,Bucharest,Clay,28.0,250,20250331,23.0,207925,3.0,,Flavio Cobolli,R,183.0,ITA,22.902,209209,,Q,Filip Misolic,R,180.0,AUT,23.644,7-6(5) 6-4,3,QF,113.0,4.0,3.0,75.0,37.0,25.0,23.0,11.0,2.0,5.0,3.0,3.0,88.0,58.0,36.0,13.0,11.0,10.0,14.0,45.0,1260.0,232.0,235.0
2025-4462,Bucharest,Clay,28.0,250,20250331,24.0,105916,,,Marton Fucsovics,R,188.0,HUN,33.142,900000,,,Christopher O'Connell,R,183.0,AUS,30.825,6-0 6-4,3,QF,79.0,2.0,0.0,43.0,29.0,21.0,9.0,8.0,0.0,1.0,2.0,0.0,57.0,35.0,20.0,6.0,8.0,4.0,9.0,90.0,655.0,87.0,735.0
2025-4462,Bucharest,Clay,28.0,250,20250331,25.0,202104,1.0,,Sebastian Baez,R,170.0,ARG,24.255,105916,,,Marton Fucsovics,R,188.0,HUN,33.142,6-2 6-2,3,SF,83.0,1.0,0.0,62.0,49.0,33.0,7.0,8.0,6.0,6.0,0.0,3.0,53.0,32.0,20.0,7.0,8.0,6.0,10.0,36.0,1385.0,90.0,655.0
2025-4462,Bucharest,Clay,28.0,250,20250331,26.0,207925,3.0,,Flavio Cobolli,R,183.0,ITA,22.902,106000,,,Damir Dzumhur,R,175.0,BIH,32.862,6-3 6-0,3,SF,63.0,3.0,2.0,47.0,28.0,22.0,12.0,8.0,0.0,0.0,1.0,1.0,50.0,33.0,16.0,7.0,7.0,8.0,12.0,45.0,1260.0,65.0,874.0
2025-4462,Bucharest,Clay,28.0,250,20250331,27.0,207925,3.0,,Flavio Cobolli,R,183.0,ITA,22.902,202104,1.0,,Sebastian Baez,R,170.0,ARG,24.255,6-4 6-4,3,F,106.0,3.0,3.0,69.0,31.0,23.0,18.0,10.0,2.0,4.0,1.0,0.0,74.0,62.0,33.0,9.0,10.0,7.0,11.0,45.0,1260.0,36.0,1385.0
2025-410,Monte Carlo Masters,Clay,56.0,M,20250407,1.0,132686,,,Nuno Borges,R,185.0,POR,28.129,208029,10.0,,Holger Rune,R,188.0,DEN,21.941,6-2 3-0 RET,3,R64,42.0,6.0,0.0,37.0,27.0,22.0,4.0,6.0,2.0,2.0,0.0,2.0,30.0,16.0,11.0,3.0,5.0,1.0,4.0,43.0,1280.0,12.0,3270.0
2025-410,Monte Carlo Masters,Clay,56.0,M,20250407,2.0,209950,12.0,,Arthur Fils,R,185.0,FRA,20.819,134868,,,Tallon Griekspoor,R,188.0,NED,28.764,6-7(3) 6-4 6-2,3,R64,159.0,7.0,6.0,111.0,69.0,54.0,23.0,15.0,5.0,5.0,6.0,7.0,120.0,75.0,55.0,18.0,15.0,13.0,16.0,15.0,2670.0,35.0,1525.0
2025-410,Monte Carlo Masters,Clay,56.0,M,20250407,3.0,126207,14.0,,Frances Tiafoe,R,188.0,USA,27.211,200175,,,Miomir Kecmanovic,R,183.0,SRB,25.602,6-2 5-7 7-6(5),3,R64,151.0,7.0,3.0,109.0,62.0,41.0,26.0,16.0,5.0,8.0,6.0,4.0,112.0,62.0,41.0,26.0,16.0,7.0,11.0,17.0,2525.0,47.0,1166.0
2025-410,Monte Carlo Masters,Clay,56.0,M,20250407,4.0,105777,15.0,,Grigor Dimitrov,R,191.0,BUL,33.895,111797,,,Nicolas Jarry,R,201.0,CHI,29.489,6-3 6-4,3,R64,106.0,1.0,4.0,75.0,39.0,28.0,17.0,10.0,7.0,9.0,4.0,3.0,63.0,41.0,22.0,12.0,9.0,8.0,12.0,18.0,2495.0,58.0,965.0
2025-410,Monte Carlo Masters,Clay,56.0,M,20250407,5.0,105138,,,Roberto Bautista Agut,R,183.0,ESP,36.98,206909,,,Brandon Nakashima,R,188.0,USA,23.677,6-2 6-4,3,R64,86.0,3.0,2.0,58.0,42.0,31.0,8.0,9.0,3.0,4.0,1.0,0.0,53.0,35.0,19.0,7.0,9.0,4.0,8.0,52.0,1049.0,31.0,1620.0
2025-410,Monte Carlo Masters,Clay,56.0,M,20250407,6.0,207925,,,Flavio Cobolli,R,183.0,ITA,22.921,105583,,Q,Dusan Lajovic,R,183.0,SRB,34.771,6-4 6-2,3,R64,73.0,2.0,3.0,54.0,28.0,19.0,14.0,9.0,1.0,3.0,3.0,1.0,57.0,42.0,20.0,7.0,9.0,5.0,10.0,36.0,1500.0,109.0,570.0
2025-410,Monte Carlo Masters,Clay,56.0,M,20250407,7.0,144869,,,Tomas Martin Etcheverry,R,196.0,ARG,25.722,144895,,Q,Corentin Moutet,L,180.0,FRA,25.969,4-6 6-1 6-4,3,R64,140.0,3.0,2.0,80.0,52.0,37.0,17.0,14.0,5.0,7.0,2.0,2.0,84.0,49.0,31.0,18.0,13.0,3.0,7.0,46.0,1185.0,75.0,809.0
2025-410,Monte Carlo Masters,Clay,56.0,M,20250407,8.0,207830,,,Tomas Machac,R,183.0,CZE,24.482,202104,,,Sebastian Baez,R,170.0,ARG,24.274,3-6 6-3 6-2,3,R64,114.0,4.0,3.0,85.0,45.0,31.0,15.0,13.0,5.0,10.0,2.0,2.0,78.0,54.0,30.0,9.0,13.0,5.0,12.0,21.0,2210.0,33.0,1540.0
2025-410,Monte Carlo Masters,Clay,56.0,M,20250407,9.0,124079,,,Pedro Martinez,R,185.0,ESP,27.948,132283,,,Lorenzo Sonego,R,191.0,ITA,29.908,6-4 1-6 6-2,3,R64,133.0,0.0,1.0,66.0,51.0,36.0,7.0,12.0,1.0,3.0,7.0,4.0,87.0,53.0,41.0,12.0,13.0,8.0,11.0,51.0,1090.0,41.0,1336.0
2025-410,Monte Carlo Masters,Clay,56.0,M,20250407,10.0,200615,,,Alexei Popyrin,R,196.0,AUS,25.673,200005,,,Ugo Humbert,L,188.0,FRA,26.782,3-6 7-6(2) 6-4,3,R64,170.0,3.0,6.0,107.0,68.0,52.0,19.0,15.0,5.0,6.0,7.0,3.0,116.0,67.0,50.0,25.0,16.0,8.0,9.0,27.0,1760.0,20.0,2335.0
2025-410,Monte Carlo Masters,Clay,56.0,M,20250407,11.0,106421,9.0,,Daniil Medvedev,R,198.0,RUS,29.153,111575,,,Karen Khachanov,R,198.0,RUS,28.879,7-5 4-6 6-4,3,R64,172.0,4.0,5.0,96.0,48.0,35.0,16.0,16.0,8.0,16.0,1.0,2.0,119.0,85.0,44.0,13.0,16.0,11.0,20.0,11.0,3290.0,25.0,1950.0
2025-410,Monte Carlo Masters,Clay,56.0,M,20250407,12.0,200221,,,Alejandro Davidovich Fokina,R,180.0,ESP,25.84,210097,11.0,,Ben Shelton,L,193.0,USA,22.494,6-7(2) 6-2 6-1,3,R64,120.0,2.0,0.0,90.0,52.0,30.0,23.0,14.0,3.0,7.0,5.0,3.0,74.0,48.0,24.0,10.0,13.0,3.0,11.0,42.0,1305.0,14.0,2690.0
2025-410,Monte Carlo Masters,Clay,56.0,M,20250407,13.0,207518,13.0,,Lorenzo Musetti,R,185.0,ITA,23.097,900002,,Q,Yunchaokete Bu,R,185.0,CHN,23.214,4-6 7-5 6-3,3,R64,159.0,1.0,1.0,90.0,69.0,49.0,11.0,16.0,0.0,2.0,4.0,3.0,101.0,56.0,39.0,22.0,15.0,3.0,6.0,16.0,2650.0,67.0,873.0
2025-410,Monte Carlo Masters,Clay,56.0,M,20250407,14.0,127157,,Q,Daniel Altmaier,R,188.0,GER,26.568,200000,16.0,,Felix Auger-Aliassime,R,193.0,CAN,24.663,7-6(5) 6-3,3,R64,119.0,6.0,0.0,79.0,50.0,37.0,11.0,11.0,6.0,9.0,4.0,3.0,70.0,50.0,33.0,7.0,10.0,5.0,9.0,84.0,763.0,19.0,2415.0
2025-410,Monte Carlo Masters,Clay,56.0,M,20250407,15.0,126610,,,Matteo Berrettini,R,196.0,ITA,28.986,208363,,Q,Mariano Navone,R,178.0,ARG,24.107,6-4 6-4,3,R64,106.0,2.0,4.0,69.0,44.0,29.0,9.0,10.0,4.0,7.0,0.0,2.0,66.0,43.0,24.0,9.0,10.0,6.0,11.0,34.0,1530.0,70.0,850.0
2025-410,Monte Carlo Masters,Clay,56.0,M,20250407,16.0,202103,,,Francisco Cerundolo,R,185.0,ARG,26.65,104926,,WC,Fabio Fognini,R,178.0,ITA,37.873,6-0 6-3,3,R64,62.0,4.0,0.0,37.0,27.0,22.0,8.0,7.0,2.0,2.0,0.0,6.0,59.0,31.0,16.0,12.0,8.0,3.0,8.0,22.0,2075.0,113.0,544.0
2025-410,Monte Carlo Masters,Clay,56.0,M,20250407,17.0,106218,,,Marcos Giron,R,180.0,USA,31.704,133430,,,Denis Shapovalov,L,185.0,CAN,25.979,6-3 7-6(5),3,R64,108.0,1.0,0.0,95.0,54.0,33.0,25.0,11.0,5.0,6.0,6.0,4.0,60.0,31.0,23.0,16.0,10.0,0.0,2.0,45.0,1200.0,29.0,1716.0
2025-410,Monte Carlo Masters,Clay,56.0,M,20250407,18.0,208103,,,Jiri Lehecka,R,185.0,CZE,23.411,200624,,,Sebastian Korda,R,196.0,USA,24.756,6-3 7-6(7),3,R64,86.0,5.0,0.0,65.0,41.0,36.0,13.0,11.0,1.0,2.0,5.0,1.0,68.0,48.0,31.0,14.0,10.0,1.0,3.0,28.0,1745.0,24.0,2010.0
2025-410,Monte Carlo Masters,Clay,56.0,M,20250407,19.0,104792,,,Gael Monfils,R,193.0,FRA,38.598,206681,,Q,Fabian Marozsan,R,193.0,HUN,25.498,4-6 6-1 6-1,3,R64,102.0,4.0,3.0,72.0,39.0,30.0,20.0,12.0,4.0,5.0,2.0,3.0,81.0,53.0,32.0,11.0,12.0,9.0,14.0,44.0,1255.0,81.0,775.0
2025-410,Monte Carlo Masters,Clay,56.0,M,20250407,20.0,124186,,,Alexandre Muller,R,183.0,FRA,28.178,200116,,Q,Camilo Ugo Carabelli,R,185.0,ARG,25.807,6-4 6-4,3,R64,92.0,2.0,2.0,63.0,42.0,31.0,14.0,10.0,3.0,3.0,0.0,2.0,63.0,40.0,28.0,11.0,10.0,2.0,4.0,39.0,1344.0,63.0,917.0
2025-410,Monte Carlo Masters,Clay,56.0,M,20250407,21.0,126214,,,Alejandro Tabilo,L,188.0,CHI,27.847,104527,,WC,Stan Wawrinka,R,183.0,SUI,40.027,1-6 7-5 7-5,3,R64,147.0,3.0,5.0,101.0,57.0,38.0,19.0,15.0,7.0,12.0,8.0,4.0,115.0,68.0,42.0,24.0,16.0,8.0,13.0,32.0,1575.0,163.0,355.0
2025-410,Monte Carlo Masters,Clay,56.0,M,20250407,22.0,104755,,WC,Richard Gasquet,R,183.0,FRA,38.804,208286,,,Matteo Arnaldi,R,185.0,ITA,24.12,6-3 4-6 6-4,3,R64,154.0,1.0,5.0,99.0,48.0,34.0,29.0,14.0,8.0,11.0,5.0,3.0,95.0,50.0,34.0,21.0,15.0,5.0,10.0,164.0,354.0,40.0,1340.0
2025-410,Monte Carlo Masters,Clay,56.0,M,20250407,23.0,111442,,,Jordan Thompson,R,183.0,AUS,30.965,208659,,,Giovanni Mpetshi Perricard,R,203.0,FRA,21.749,6-4 6-3,3,R64,92.0,1.0,1.0,49.0,29.0,22.0,15.0,9.0,0.0,0.0,9.0,4.0,81.0,53.0,30.0,17.0,10.0,10.0,13.0,38.0,1365.0,30.0,1644.0
2025-410,Monte Carlo Masters,Clay,56.0,M,20250407,24.0,200473,,WC,Valentin Vacherot,R,193.0,MON,26.39,105526,,,Jan-Lennard Struff,R,193.0,GER,34.951,6-2 6-1,3,R64,58.0,5.0,0.0,41.0,27.0,23.0,9.0,8.0,0.0,0.0,3.0,3.0,48.0,31.0,16.0,7.0,7.0,6.0,10.0,256.0,214.0,49.0,1120.0
2025-410,Monte Carlo Masters,Clay,56.0,M,20250407,25.0,207989,2.0,,Carlos Alcaraz,R,183.0,ESP,21.925,202103,,,Francisco Cerundolo,R,185.0,ARG,26.65,3-6 6-0 6-1,3,R32,98.0,1.0,3.0,76.0,41.0,28.0,19.0,11.0,5.0,7.0,2.0,5.0,55.0,33.0,17.0,9.0,11.0,2.0,8.0,3.0,6720.0,22.0,2075.0
2025-410,Monte Carlo Masters,Clay,56.0,M,20250407,26.0,126214,,,Alejandro Tabilo,L,188.0,CHI,27.847,104925,3.0,,Novak Djokovic,R,188.0,SRB,37.878,6-3 6-4,3,R32,87.0,2.0,2.0,59.0,37.0,30.0,11.0,10.0,2.0,3.0,3.0,2.0,56.0,30.0,20.0,11.0,9.0,5.0,8.0,32.0,1575.0,5.0,4510.0
2025-410,Monte Carlo Masters,Clay,56.0,M,20250407,27.0,134770,4.0,,Casper Ruud,R,183.0,NOR,26.292,105138,,,Roberto Bautista Agut,R,183.0,ESP,36.98,6-2 6-1,3,R32,68.0,6.0,0.0,39.0,29.0,25.0,7.0,8.0,0.0,0.0,0.0,1.0,51.0,31.0,15.0,9.0,7.0,4.0,8.0,7.0,3765.0,52.0,1049.0
2025-410,Monte Carlo Masters,Clay,56.0,M,20250407,28.0,126094,7.0,,Andrey Rublev,R,188.0,RUS,27.463,104792,,,Gael Monfils,R,193.0,FRA,38.598,6-4 7-6(2),3,R32,103.0,5.0,1.0,66.0,36.0,26.0,19.0,11.0,3.0,5.0,10.0,6.0,77.0,41.0,33.0,12.0,11.0,5.0,8.0,9.0,3440.0,44.0,1255.0
2025-410,Monte Carlo Masters,Clay,56.0,M,20250407,29.0,200282,8.0,,Alex de Minaur,R,183.0,AUS,26.136,207830,,,Tomas Machac,R,183.0,CZE,24.482,3-6 6-0 6-3,3,R32,108.0,3.0,2.0,80.0,42.0,33.0,20.0,12.0,4.0,5.0,5.0,3.0,75.0,47.0,33.0,10.0,12.0,1.0,5.0,10.0,3335.0,21.0,2210.0
2025-410,Monte Carlo Masters,Clay,56.0,M,20250407,30.0,106421,9.0,,Daniil Medvedev,R,198.0,RUS,29.153,124186,,,Alexandre Muller,R,183.0,FRA,28.178,7-6(6) 5-7 6-2,3,R32,168.0,7.0,8.0,103.0,58.0,42.0,19.0,16.0,2.0,6.0,1.0,4.0,122.0,69.0,42.0,26.0,16.0,5.0,10.0,11.0,3290.0,39.0,1344.0
2025-410,Monte Carlo Masters,Clay,56.0,M,20250407,31.0,209950,12.0,,Arthur Fils,R,185.0,FRA,20.819,207925,,,Flavio Cobolli,R,183.0,ITA,22.921,6-2 6-4,3,R32,70.0,1.0,1.0,53.0,32.0,24.0,14.0,9.0,2.0,2.0,0.0,2.0,54.0,28.0,15.0,15.0,9.0,5.0,8.0,15.0,2670.0,36.0,1500.0
2025-410,Monte Carlo Masters,Clay,56.0,M,20250407,32.0,207518,13.0,,Lorenzo Musetti,R,185.0,ITA,23.097,208103,,,Jiri Lehecka,R,185.0,CZE,23.411,1-6 7-5 6-2,3,R32,139.0,3.0,0.0,76.0,53.0,32.0,16.0,14.0,2.0,6.0,4.0,8.0,105.0,60.0,40.0,17.0,13.0,14.0,18.0,16.0,2650.0,28.0,1745.0
2025-410,Monte Carlo Masters,Clay,56.0,M,20250407,33.0,200615,,,Alexei Popyrin,R,196.0,AUS,25.673,126207,14.0,,Frances Tiafoe,R,188.0,USA,27.211,3-6 6-3 6-3,3,R32,124.0,7.0,6.0,79.0,52.0,35.0,9.0,13.0,4.0,8.0,7.0,2.0,99.0,51.0,32.0,23.0,14.0,10.0,16.0,27.0,1760.0,17.0,2525.0
2025-410,Monte Carlo Masters,Clay,56.0,M,20250407,34.0,105777,15.0,,Grigor Dimitrov,R,191.0,BUL,33.895,200473,,WC,Valentin Vacherot,R,193.0,MON,26.39,4-6 6-3 6-1,3,R32,111.0,4.0,3.0,79.0,45.0,31.0,16.0,13.0,7.0,11.0,0.0,1.0,75.0,56.0,30.0,5.0,13.0,3.0,10.0,18.0,2495.0,256.0,214.0
2025-410,Monte Carlo Masters,Clay,56.0,M,20250407,35.0,127157,,Q,Daniel Altmaier,R,188.0,GER,26.568,104755,,WC,Richard Gasquet,R,183.0,FRA,38.804,7-5 5-7 6-2,3,R32,156.0,6.0,4.0,104.0,55.0,43.0,18.0,16.0,8.0,13.0,1.0,6.0,89.0,48.0,30.0,19.0,16.0,4.0,11.0,84.0,763.0,164.0,354.0
2025-410,Monte Carlo Masters,Clay,56.0,M,20250407,36.0,132686,,,Nuno Borges,R,185.0,POR,28.129,124079,,,Pedro Martinez,R,185.0,ESP,27.948,7-5 6-7(4) 6-4,3,R32,188.0,10.0,4.0,113.0,67.0,45.0,26.0,17.0,6.0,9.0,3.0,5.0,132.0,94.0,57.0,20.0,17.0,12.0,17.0,43.0,1280.0,51.0,1090.0
2025-410,Monte Carlo Masters,Clay,56.0,M,20250407,37.0,200221,,,Alejandro Davidovich Fokina,R,180.0,ESP,25.84,144869,,,Tomas Martin Etcheverry,R,196.0,ARG,25.722,7-6(2) 6-3,3,R32,113.0,4.0,2.0,70.0,41.0,31.0,17.0,10.0,7.0,8.0,6.0,2.0,82.0,44.0,28.0,17.0,11.0,6.0,9.0,42.0,1305.0,46.0,1185.0
2025-410,Monte Carlo Masters,Clay,56.0,M,20250407,38.0,126610,,,Matteo Berrettini,R,196.0,ITA,28.986,100644,1.0,,Alexander Zverev,R,198.0,GER,27.964,2-6 6-3 7-5,3,R32,148.0,4.0,0.0,87.0,56.0,39.0,17.0,15.0,2.0,5.0,6.0,6.0,85.0,60.0,38.0,16.0,14.0,4.0,7.0,34.0,1530.0,2.0,7645.0
2025-410,Monte Carlo Masters,Clay,56.0,M,20250407,39.0,207733,5.0,,Jack Draper,L,193.0,GBR,23.291,106218,,,Marcos Giron,R,180.0,USA,31.704,6-1 6-1,3,R32,61.0,5.0,2.0,43.0,27.0,22.0,9.0,7.0,4.0,4.0,0.0,0.0,46.0,21.0,14.0,6.0,7.0,5.0,10.0,6.0,3780.0,45.0,1200.0
2025-410,Monte Carlo Masters,Clay,56.0,M,20250407,40.0,126774,6.0,,Stefanos Tsitsipas,R,193.0,GRE,26.653,111442,,,Jordan Thompson,R,183.0,AUS,30.965,4-6 6-4 6-2,3,R32,121.0,6.0,2.0,82.0,40.0,32.0,25.0,14.0,5.0,7.0,5.0,1.0,78.0,48.0,34.0,15.0,14.0,5.0,9.0,8.0,3445.0,38.0,1365.0
2025-410,Monte Carlo Masters,Clay,56.0,M,20250407,41.0,207989,2.0,,Carlos Alcaraz,R,183.0,ESP,21.925,127157,,Q,Daniel Altmaier,R,188.0,GER,26.568,6-3 6-1,3,R16,86.0,0.0,2.0,59.0,35.0,21.0,15.0,8.0,9.0,10.0,0.0,2.0,52.0,24.0,12.0,13.0,8.0,2.0,7.0,3.0,6720.0,84.0,763.0
2025-410,Monte Carlo Masters,Clay,56.0,M,20250407,42.0,200615,,,Alexei Popyrin,R,196.0,AUS,25.673,134770,4.0,,Casper Ruud,R,183.0,NOR,26.292,6-4 3-6 7-5,3,R16,177.0,4.0,5.0,117.0,73.0,54.0,19.0,15.0,12.0,14.0,2.0,2.0,123.0,85.0,58.0,18.0,16.0,12.0,15.0,27.0,1760.0,7.0,3765.0
2025-410,Monte Carlo Masters,Clay,56.0,M,20250407,43.0,200221,,,Alejandro Davidovich Fokina,R,180.0,ESP,25.84,207733,5.0,,Jack Draper,L,193.0,GBR,23.291,6-3 6-7(6) 6-4,3,R16,166.0,1.0,0.0,118.0,74.0,44.0,26.0,16.0,12.0,16.0,5.0,10.0,98.0,47.0,30.0,25.0,15.0,7.0,13.0,42.0,1305.0,6.0,3780.0
2025-410,Monte Carlo Masters,Clay,56.0,M,20250407,44.0,126774,6.0,,Stefanos Tsitsipas,R,193.0,GRE,26.653,132686,,,Nuno Borges,R,185.0,POR,28.129,6-1 6-1,3,R16,67.0,3.0,2.0,56.0,32.0,23.0,11.0,7.0,5.0,6.0,0.0,2.0,46.0,29.0,12.0,6.0,7.0,1.0,7.0,8.0,3445.0,43.0,1280.0
2025-410,Monte Carlo Masters,Clay,56.0,M,20250407,45.0,209950,12.0,,Arthur Fils,R,185.0,FRA,20.819,126094,7.0,,Andrey Rublev,R,188.0,RUS,27.463,6-2 6-3,3,R16,61.0,4.0,2.0,42.0,26.0,21.0,9.0,8.0,0.0,1.0,2.0,3.0,53.0,32.0,19.0,6.0,9.0,4.0,9.0,15.0,2670.0,9.0,3440.0
2025-410,Monte Carlo Masters,Clay,56.0,M,20250407,46.0,200282,8.0,,Alex de Minaur,R,183.0,AUS,26.136,106421,9.0,,Daniil Medvedev,R,198.0,RUS,29.153,6-2 6-2,3,R16,72.0,3.0,3.0,46.0,24.0,14.0,12.0,8.0,1.0,4.0,3.0,3.0,52.0,29.0,13.0,6.0,8.0,5.0,12.0,10.0,3335.0,11.0,3290.0
2025-410,Monte Carlo Masters,Clay,56.0,M,20250407,47.0,207518,13.0,,Lorenzo Musetti,R,185.0,ITA,23.097,126610,,,Matteo Berrettini,R,196.0,ITA,28.986,6-3 6-3,3,R16,94.0,0.0,1.0,50.0,37.0,27.0,10.0,9.0,0.0,0.0,3.0,2.0,68.0,46.0,31.0,7.0,9.0,7.0,10.0,16.0,2650.0,34.0,1530.0
2025-410,Monte Carlo Masters,Clay,56.0,M,20250407,48.0,105777,15.0,,Grigor Dimitrov,R,191.0,BUL,33.895,126214,,,Alejandro Tabilo,L,188.0,CHI,27.847,6-3 3-6 6-2,3,R16,116.0,7.0,1.0,68.0,47.0,36.0,11.0,13.0,2.0,5.0,0.0,5.0,106.0,68.0,37.0,18.0,13.0,11.0,16.0,18.0,2495.0,32.0,1575.0
2025-410,Monte Carlo Masters,Clay,56.0,M,20250407,49.0,207989,2.0,,Carlos Alcaraz,R,183.0,ESP,21.925,209950,12.0,,Arthur Fils,R,185.0,FRA,20.819,4-6 7-5 6-3,3,QF,143.0,3.0,7.0,101.0,62.0,43.0,19.0,16.0,7.0,11.0,0.0,5.0,103.0,62.0,45.0,13.0,15.0,9.0,14.0,3.0,6720.0,15.0,2670.0
2025-410,Monte Carlo Masters,Clay,56.0,M,20250407,50.0,207518,13.0,,Lorenzo Musetti,R,185.0,ITA,23.097,126774,6.0,,Stefanos Tsitsipas,R,193.0,GRE,26.653,1-6 6-3 6-4,3,QF,141.0,1.0,1.0,102.0,75.0,47.0,15.0,13.0,14.0,17.0,1.0,7.0,85.0,42.0,28.0,23.0,13.0,3.0,6.0,16.0,2650.0,8.0,3445.0
2025-410,Monte Carlo Masters,Clay,56.0,M,20250407,51.0,200282,8.0,,Alex de Minaur,R,183.0,AUS,26.136,105777,15.0,,Grigor Dimitrov,R,191.0,BUL,33.895,6-0 6-0,3,QF,44.0,0.0,0.0,31.0,16.0,12.0,12.0,6.0,0.0,0.0,0.0,1.0,32.0,19.0,6.0,2.0,6.0,2.0,8.0,10.0,3335.0,18.0,2495.0
2025-410,Monte Carlo Masters,Clay,56.0,M,20250407,52.0,200221,,,Alejandro Davidovich Fokina,R,180.0,ESP,25.84,200615,,,Alexei Popyrin,R,196.0,AUS,25.673,6-3 6-2,3,QF,69.0,1.0,0.0,47.0,32.0,26.0,11.0,9.0,0.0,0.0,9.0,4.0,57.0,38.0,24.0,8.0,8.0,6.0,9.0,42.0,1305.0,27.0,1760.0
2025-410,Monte Carlo Masters,Clay,56.0,M,20250407,53.0,207989,2.0,,Carlos Alcaraz,R,183.0,ESP,21.925,200221,,,Alejandro Davidovich Fokina,R,180.0,ESP,25.84,7-6(2) 6-4,3,SF,129.0,0.0,1.0,73.0,48.0,31.0,16.0,11.0,5.0,7.0,3.0,3.0,109.0,74.0,47.0,12.0,11.0,16.0,19.0,3.0,6720.0,42.0,1305.0
2025-410,Monte Carlo Masters,Clay,56.0,M,20250407,54.0,207518,13.0,,Lorenzo Musetti,R,185.0,ITA,23.097,200282,8.0,,Alex de Minaur,R,183.0,AUS,26.136,1-6 6-4 7-6(4),3,SF,158.0,2.0,1.0,93.0,62.0,37.0,12.0,15.0,5.0,12.0,1.0,3.0,94.0,49.0,36.0,18.0,14.0,4.0,9.0,16.0,2650.0,10.0,3335.0
2025-410,Monte Carlo Masters,Clay,56.0,M,20250407,55.0,207989,2.0,,Carlos Alcaraz,R,183.0,ESP,21.925,207518,13.0,,Lorenzo Musetti,R,185.0,ITA,23.097,3-6 6-1 6-0,3,F,107.0,3.0,3.0,78.0,56.0,39.0,11.0,11.0,7.0,9.0,3.0,1.0,68.0,43.0,21.0,13.0,11.0,2.0,8.0,3.0,6720.0,16.0,2650.0
2025-425,Barcelona,Clay,32.0,500,20250414,1.0,207989,1.0,,Carlos Alcaraz,R,183.0,ESP,21.944,210319,,Q,Ethan Quinn,R,191.0,USA,21.09,6-2 7-6(6),3,R32,106.0,0.0,0.0,66.0,46.0,30.0,9.0,10.0,5.0,8.0,2.0,3.0,83.0,51.0,27.0,11.0,10.0,7.0,12.0,2.0,7720.0,126.0,475.0
2025-425,Barcelona,Clay,32.0,500,20250414,2.0,134770,2.0,,Casper Ruud,R,183.0,NOR,26.311,123755,,Q,Daniel Elahi Galan,R,191.0,COL,28.821,6-4 6-3,3,R32,93.0,3.0,4.0,52.0,27.0,21.0,19.0,10.0,0.0,0.0,2.0,3.0,62.0,40.0,28.0,10.0,9.0,5.0,7.0,10.0,3215.0,117.0,521.0
2025-425,Barcelona,Clay,32.0,500,20250414,3.0,126774,3.0,,Stefanos Tsitsipas,R,193.0,GRE,26.672,124187,,PR,Reilly Opelka,R,211.0,USA,27.628,6-2 6-2,3,R32,70.0,2.0,1.0,48.0,24.0,18.0,18.0,8.0,3.0,3.0,4.0,3.0,54.0,33.0,19.0,7.0,8.0,5.0,9.0,16.0,2645.0,105.0,579.0
2025-425,Barcelona,Clay,32.0,500,20250414,4.0,200282,5.0,,Alex de Minaur,R,183.0,AUS,26.155,144869,,,Tomas Martin Etcheverry,R,196.0,ARG,25.741,6-4 6-4,3,R32,85.0,4.0,1.0,52.0,40.0,33.0,7.0,10.0,0.0,0.0,0.0,0.0,50.0,26.0,21.0,15.0,10.0,0.0,2.0,7.0,3535.0,46.0,1185.0
2025-425,Barcelona,Clay,32.0,500,20250414,5.0,209950,7.0,,Arthur Fils,R,185.0,FRA,20.838,105807,,WC,Pablo Carreno Busta,R,188.0,ESP,33.758,7-6(6) 6-3,3,R32,93.0,4.0,1.0,71.0,52.0,38.0,13.0,11.0,3.0,4.0,2.0,2.0,64.0,40.0,27.0,12.0,10.0,2.0,4.0,14.0,2820.0,99.0,607.0
2025-425,Barcelona,Clay,32.0,500,20250414,6.0,144719,,,Jaume Munar,R,183.0,ESP,27.943,126207,9.0,,Frances Tiafoe,R,188.0,USA,27.231,2-6 7-5 6-1,3,R32,161.0,3.0,4.0,93.0,53.0,35.0,20.0,13.0,6.0,9.0,0.0,2.0,94.0,52.0,33.0,17.0,14.0,9.0,14.0,57.0,977.0,18.0,2550.0
2025-425,Barcelona,Clay,32.0,500,20250414,7.0,202104,,,Sebastian Baez,R,170.0,ARG,24.293,106000,,LL,Damir Dzumhur,R,175.0,BIH,32.901,6-1 7-5,3,R32,86.0,1.0,0.0,61.0,51.0,31.0,5.0,10.0,4.0,6.0,0.0,1.0,69.0,46.0,19.0,14.0,9.0,4.0,9.0,35.0,1540.0,65.0,899.0
2025-425,Barcelona,Clay,32.0,500,20250414,8.0,200221,,,Alejandro Davidovich Fokina,R,180.0,ESP,25.859,104527,,WC,Stan Wawrinka,R,183.0,SUI,40.047,6-1 6-4,3,R32,71.0,3.0,4.0,48.0,28.0,22.0,10.0,8.0,4.0,5.0,0.0,4.0,57.0,23.0,15.0,13.0,9.0,2.0,7.0,30.0,1680.0,162.0,355.0
2025-425,Barcelona,Clay,32.0,500,20250414,9.0,111513,,Q,Laslo Djere,R,188.0,SRB,29.867,126239,,LL,Arthur Rinderknech,R,196.0,FRA,29.728,6-7(2) 6-1 6-2,3,R32,127.0,6.0,3.0,77.0,52.0,39.0,17.0,14.0,2.0,3.0,5.0,5.0,88.0,52.0,36.0,15.0,13.0,2.0,7.0,80.0,797.0,75.0,815.0
2025-425,Barcelona,Clay,32.0,500,20250414,10.0,111575,,,Karen Khachanov,R,198.0,RUS,28.898,111815,,Q,Cameron Norrie,L,188.0,GBR,29.643,6-7(3) 6-4 6-3,3,R32,138.0,6.0,2.0,87.0,50.0,40.0,21.0,16.0,2.0,5.0,7.0,1.0,105.0,71.0,48.0,11.0,15.0,7.0,12.0,27.0,1760.0,88.0,742.0
2025-425,Barcelona,Clay,32.0,500,20250414,11.0,126094,4.0,,Andrey Rublev,R,188.0,RUS,27.483,207411,,Q,Jesper de Jong,R,180.0,NED,24.871,6-1 6-3,3,R32,64.0,3.0,1.0,42.0,22.0,17.0,12.0,8.0,1.0,2.0,2.0,3.0,48.0,29.0,14.0,8.0,8.0,1.0,6.0,8.0,3490.0,94.0,622.0
2025-425,Barcelona,Clay,32.0,500,20250414,12.0,208029,6.0,,Holger Rune,R,188.0,DEN,21.96,105077,,WC,Albert Ramos-Vinolas,L,188.0,ESP,37.24,7-5 6-4,3,R32,,,,,,,,,,,,,,,,,,,,13.0,3080.0,234.0,242.0
2025-425,Barcelona,Clay,32.0,500,20250414,13.0,207985,,LL,Jacob Fearnley,R,183.0,GBR,23.748,106148,,,Roberto Carballes Baena,R,183.0,ESP,32.06,6-1 7-5,3,R32,113.0,4.0,1.0,69.0,40.0,26.0,15.0,9.0,7.0,9.0,2.0,2.0,71.0,38.0,19.0,14.0,10.0,10.0,16.0,74.0,820.0,55.0,1001.0
2025-425,Barcelona,Clay,32.0,500,20250414,14.0,200624,,,Sebastian Korda,R,196.0,USA,24.775,208286,,,Matteo Arnaldi,R,185.0,ITA,24.14,3-6 6-3 6-2,3,R32,116.0,5.0,2.0,75.0,52.0,36.0,15.0,13.0,4.0,6.0,0.0,0.0,74.0,46.0,29.0,16.0,13.0,2.0,6.0,24.0,1970.0,42.0,1340.0
2025-425,Barcelona,Clay,32.0,500,20250414,15.0,124079,,,Pedro Martinez,R,185.0,ESP,27.967,206909,,,Brandon Nakashima,R,188.0,USA,23.696,7-5 5-7 6-4,3,R32,198.0,2.0,2.0,117.0,79.0,53.0,19.0,17.0,2.0,4.0,11.0,1.0,114.0,72.0,48.0,22.0,17.0,3.0,6.0,49.0,1130.0,32.0,1620.0
2025-425,Barcelona,Clay,32.0,500,20250414,16.0,209098,,Q,Hamad Medjedovic,R,188.0,SRB,21.741,208659,,,Giovanni Mpetshi Perricard,R,203.0,FRA,21.769,7-5 7-6(6),3,R32,106.0,5.0,0.0,67.0,47.0,38.0,16.0,12.0,2.0,2.0,8.0,6.0,91.0,65.0,47.0,12.0,12.0,4.0,5.0,72.0,843.0,34.0,1579.0
2025-425,Barcelona,Clay,32.0,500,20250414,17.0,207989,1.0,,Carlos Alcaraz,R,183.0,ESP,21.944,111513,,Q,Laslo Djere,R,188.0,SRB,29.867,6-2 6-4,3,R16,71.0,4.0,0.0,49.0,35.0,27.0,8.0,9.0,2.0,3.0,2.0,3.0,50.0,31.0,18.0,7.0,9.0,2.0,6.0,2.0,7720.0,80.0,797.0
2025-425,Barcelona,Clay,32.0,500,20250414,18.0,200221,,,Alejandro Davidovich Fokina,R,180.0,ESP,25.859,126094,4.0,,Andrey Rublev,R,188.0,RUS,27.483,7-5 6-4,3,R16,114.0,1.0,4.0,86.0,63.0,38.0,11.0,11.0,8.0,11.0,0.0,2.0,73.0,44.0,28.0,11.0,11.0,5.0,10.0,30.0,1680.0,8.0,3490.0
2025-425,Barcelona,Clay,32.0,500,20250414,19.0,200282,5.0,,Alex de Minaur,R,183.0,AUS,26.155,207985,,LL,Jacob Fearnley,R,183.0,GBR,23.748,6-1 6-2,3,R16,62.0,2.0,2.0,45.0,23.0,20.0,13.0,8.0,2.0,2.0,0.0,4.0,42.0,17.0,10.0,11.0,7.0,3.0,7.0,7.0,3535.0,74.0,820.0
2025-425,Barcelona,Clay,32.0,500,20250414,20.0,111575,,,Karen Khachanov,R,198.0,RUS,28.898,144719,,,Jaume Munar,R,183.0,ESP,27.943,7-5 6-4,3,R16,128.0,1.0,2.0,71.0,40.0,29.0,15.0,11.0,4.0,6.0,1.0,3.0,84.0,50.0,32.0,15.0,11.0,11.0,15.0,27.0,1760.0,57.0,977.0
2025-425,Barcelona,Clay,32.0,500,20250414,21.0,134770,2.0,,Casper Ruud,R,183.0,NOR,26.311,209098,,Q,Hamad Medjedovic,R,188.0,SRB,21.741,7-5 7-5,3,R16,128.0,3.0,5.0,93.0,55.0,34.0,21.0,12.0,9.0,11.0,4.0,1.0,89.0,59.0,37.0,13.0,12.0,6.0,10.0,10.0,3215.0,72.0,843.0
2025-425,Barcelona,Clay,32.0,500,20250414,22.0,126774,3.0,,Stefanos Tsitsipas,R,193.0,GRE,26.672,200624,,,Sebastian Korda,R,196.0,USA,24.775,7-6(4) 6-4,3,R16,97.0,1.0,3.0,67.0,38.0,28.0,22.0,11.0,0.0,0.0,5.0,2.0,77.0,44.0,33.0,20.0,11.0,6.0,7.0,16.0,2645.0,24.0,1970.0
2025-425,Barcelona,Clay,32.0,500,20250414,23.0,208029,6.0,,Holger Rune,R,188.0,DEN,21.96,202104,,,Sebastian Baez,R,170.0,ARG,24.293,4-6 6-1 6-2,3,R16,108.0,1.0,2.0,80.0,53.0,33.0,14.0,13.0,7.0,10.0,1.0,1.0,73.0,55.0,32.0,7.0,12.0,5.0,11.0,13.0,3080.0,35.0,1540.0
2025-425,Barcelona,Clay,32.0,500,20250414,24.0,209950,7.0,,Arthur Fils,R,185.0,FRA,20.838,124079,,,Pedro Martinez,R,185.0,ESP,27.967,6-3 6-2,3,R16,68.0,5.0,0.0,51.0,25.0,20.0,18.0,9.0,1.0,1.0,2.0,3.0,48.0,36.0,21.0,7.0,8.0,2.0,5.0,14.0,2820.0,49.0,1130.0
2025-425,Barcelona,Clay,32.0,500,20250414,25.0,207989,1.0,,Carlos Alcaraz,R,183.0,ESP,21.944,200282,5.0,,Alex de Minaur,R,183.0,AUS,26.155,7-5 6-3,3,QF,99.0,0.0,2.0,62.0,43.0,31.0,9.0,11.0,1.0,3.0,1.0,6.0,77.0,40.0,23.0,19.0,10.0,4.0,8.0,2.0,7720.0,7.0,3535.0
2025-425,Barcelona,Clay,32.0,500,20250414,26.0,208029,6.0,,Holger Rune,R,188.0,DEN,21.96,134770,2.0,,Casper Ruud,R,183.0,NOR,26.311,6-4 6-2,3,QF,87.0,0.0,2.0,55.0,29.0,23.0,13.0,9.0,3.0,4.0,2.0,3.0,58.0,30.0,18.0,13.0,9.0,3.0,7.0,13.0,3080.0,10.0,3215.0
2025-425,Barcelona,Clay,32.0,500,20250414,27.0,209950,7.0,,Arthur Fils,R,185.0,FRA,20.838,126774,3.0,,Stefanos Tsitsipas,R,193.0,GRE,26.672,2-0 RET,3,QF,17.0,0.0,0.0,6.0,4.0,3.0,1.0,1.0,0.0,0.0,0.0,1.0,10.0,5.0,2.0,1.0,1.0,1.0,2.0,14.0,2820.0,16.0,2645.0
2025-425,Barcelona,Clay,32.0,500,20250414,28.0,111575,,,Karen Khachanov,R,198.0,RUS,28.898,200221,,,Alejandro Davidovich Fokina,R,180.0,ESP,25.859,6-4 7-5,3,QF,105.0,6.0,1.0,71.0,45.0,30.0,12.0,11.0,7.0,10.0,4.0,1.0,68.0,40.0,25.0,14.0,11.0,7.0,12.0,27.0,1760.0,30.0,1680.0
2025-425,Barcelona,Clay,32.0,500,20250414,29.0,207989,1.0,,Carlos Alcaraz,R,183.0,ESP,21.944,209950,7.0,,Arthur Fils,R,185.0,FRA,20.838,6-2 6-4,3,SF,75.0,2.0,2.0,53.0,39.0,30.0,9.0,9.0,1.0,1.0,3.0,4.0,56.0,36.0,21.0,10.0,9.0,2.0,5.0,2.0,7720.0,14.0,2820.0
2025-425,Barcelona,Clay,32.0,500,20250414,30.0,208029,6.0,,Holger Rune,R,188.0,DEN,21.96,111575,,,Karen Khachanov,R,198.0,RUS,28.898,6-3 6-2,3,SF,67.0,2.0,1.0,43.0,30.0,22.0,11.0,8.0,0.0,0.0,0.0,2.0,47.0,28.0,13.0,11.0,9.0,2.0,6.0,13.0,3080.0,27.0,1760.0
2025-425,Barcelona,Clay,32.0,500,20250414,31.0,208029,6.0,,Holger Rune,R,188.0,DEN,21.96,207989,1.0,,Carlos Alcaraz,R,183.0,ESP,21.944,7-6(6) 6-2,3,F,100.0,0.0,1.0,72.0,52.0,36.0,11.0,10.0,4.0,5.0,1.0,0.0,57.0,40.0,26.0,9.0,10.0,2.0,5.0,13.0,3080.0,2.0,7720.0
2025-308,Munich,Clay,32.0,500,20250414,1.0,208363,,,Mariano Navone,R,178.0,ARG,24.126,200000,3.0,,Felix Auger-Aliassime,R,193.0,CAN,24.682,2-6 6-4 7-6(3),3,R32,182.0,0.0,3.0,121.0,79.0,43.0,26.0,15.0,14.0,19.0,2.0,5.0,104.0,69.0,45.0,18.0,15.0,6.0,10.0,70.0,865.0,19.0,2415.0
2025-308,Munich,Clay,32.0,500,20250414,2.0,200005,4.0,,Ugo Humbert,L,188.0,FRA,26.801,111797,,,Nicolas Jarry,R,201.0,CHI,29.509,4-6 6-3 6-2,3,R32,140.0,4.0,2.0,74.0,45.0,37.0,15.0,14.0,0.0,2.0,13.0,6.0,104.0,61.0,41.0,20.0,13.0,12.0,16.0,21.0,2145.0,58.0,965.0
2025-308,Munich,Clay,32.0,500,20250414,3.0,202103,5.0,,Francisco Cerundolo,R,185.0,ARG,26.669,105526,,,Jan-Lennard Struff,R,193.0,GER,34.971,6-0 6-2,3,R32,54.0,3.0,4.0,38.0,18.0,17.0,12.0,7.0,1.0,1.0,0.0,0.0,43.0,22.0,12.0,7.0,7.0,1.0,6.0,22.0,2075.0,51.0,1030.0
2025-308,Munich,Clay,32.0,500,20250414,4.0,105870,,WC,Yannick Hanfmann,R,193.0,GER,33.418,210150,6.0,,Jakub Mensik,R,196.0,CZE,19.617,7-6(4) 4-6 6-3,3,R32,152.0,8.0,0.0,109.0,73.0,50.0,21.0,16.0,4.0,6.0,13.0,4.0,94.0,48.0,36.0,25.0,15.0,4.0,6.0,131.0,453.0,23.0,2032.0
2025-308,Munich,Clay,32.0,500,20250414,5.0,900024,,LL,Diego Dedura-Palomero,L,180.0,GER,17.09,133430,8.0,,Denis Shapovalov,L,185.0,CAN,25.999,7-6(2) 3-0 RET,3,R32,63.0,0.0,0.0,53.0,39.0,30.0,10.0,8.0,2.0,2.0,5.0,3.0,41.0,27.0,22.0,5.0,7.0,2.0,3.0,549.0,67.0,29.0,1726.0
2025-308,Munich,Clay,32.0,500,20250414,6.0,200267,,,Zizou Bergs,R,185.0,BEL,25.864,122330,,Q,Alexander Bublik,R,196.0,KAZ,27.825,6-7(5) 6-4 7-5,3,R32,142.0,6.0,6.0,103.0,69.0,51.0,18.0,17.0,1.0,3.0,12.0,9.0,114.0,76.0,52.0,20.0,17.0,8.0,12.0,50.0,1071.0,78.0,805.0
2025-308,Munich,Clay,32.0,500,20250414,7.0,209260,,,Luciano Darderi,R,183.0,ITA,23.162,900000,,LL,Christopher O'Connell,R,183.0,AUS,30.864,7-6(3) 7-6(3),3,R32,116.0,12.0,2.0,82.0,55.0,42.0,19.0,12.0,3.0,3.0,8.0,1.0,87.0,55.0,40.0,19.0,12.0,2.0,2.0,47.0,1154.0,87.0,745.0
2025-308,Munich,Clay,32.0,500,20250414,8.0,206681,,,Fabian Marozsan,R,193.0,HUN,25.517,211514,,WC,Justin Engel,R,185.0,GER,17.536,6-4 6-1,3,R32,68.0,5.0,0.0,51.0,34.0,29.0,9.0,9.0,1.0,1.0,6.0,5.0,54.0,34.0,24.0,7.0,8.0,2.0,5.0,77.0,805.0,347.0,146.0
2025-308,Munich,Clay,32.0,500,20250414,9.0,207686,,LL,Alexander Shevchenko,R,188.0,KAZ,24.372,207925,,,Flavio Cobolli,R,183.0,ITA,22.94,6-7(2) 6-3 6-4,3,R32,157.0,5.0,9.0,138.0,89.0,53.0,22.0,16.0,17.0,21.0,2.0,4.0,106.0,48.0,27.0,31.0,15.0,6.0,12.0,104.0,585.0,36.0,1520.0
2025-308,Munich,Clay,32.0,500,20250414,10.0,122298,,LL,Botic van de Zandschulp,R,191.0,NED,29.528,105138,,,Roberto Bautista Agut,R,183.0,ESP,36.999,6-4 3-6 6-4,3,R32,152.0,11.0,4.0,83.0,60.0,46.0,10.0,15.0,1.0,3.0,0.0,1.0,97.0,64.0,42.0,19.0,14.0,9.0,11.0,89.0,705.0,53.0,1019.0
2025-308,Munich,Clay,32.0,500,20250414,11.0,100644,1.0,,Alexander Zverev,R,198.0,GER,27.984,124186,,,Alexandre Muller,R,183.0,FRA,28.197,6-4 6-1,3,R32,80.0,4.0,2.0,42.0,20.0,15.0,13.0,8.0,0.0,1.0,1.0,1.0,72.0,52.0,28.0,6.0,9.0,6.0,11.0,3.0,7595.0,40.0,1378.0
2025-308,Munich,Clay,32.0,500,20250414,12.0,210097,2.0,,Ben Shelton,L,193.0,USA,22.513,127339,,Q,Borna Gojo,R,196.0,CRO,27.127,4-6 7-6(6) 7-6(3),3,R32,144.0,9.0,5.0,114.0,62.0,48.0,36.0,17.0,9.0,10.0,14.0,1.0,97.0,68.0,57.0,20.0,17.0,3.0,3.0,15.0,2700.0,410.0,116.0
2025-308,Munich,Clay,32.0,500,20250414,13.0,127157,,WC,Daniel Altmaier,R,188.0,GER,26.587,202358,,Q,Chun-Hsin Tseng,R,175.0,TPE,23.682,7-6(5) 7-6(5),3,R32,135.0,8.0,0.0,89.0,50.0,42.0,14.0,12.0,8.0,11.0,1.0,1.0,78.0,49.0,33.0,15.0,12.0,0.0,3.0,68.0,867.0,103.0,587.0
2025-308,Munich,Clay,32.0,500,20250414,14.0,105676,,,David Goffin,R,180.0,BEL,34.352,126129,,LL,Billy Harris,R,193.0,GBR,30.218,6-2 6-7(2) 6-4,3,R32,149.0,6.0,3.0,99.0,49.0,39.0,26.0,15.0,6.0,8.0,1.0,3.0,102.0,56.0,38.0,21.0,15.0,10.0,15.0,52.0,1021.0,106.0,576.0
2025-308,Munich,Clay,32.0,500,20250414,15.0,134868,,,Tallon Griekspoor,R,188.0,NED,28.783,210530,,Q,Learner Tien,L,180.0,USA,19.365,6-4 6-2,3,R32,71.0,7.0,1.0,52.0,37.0,29.0,9.0,9.0,4.0,4.0,0.0,3.0,63.0,39.0,24.0,13.0,9.0,4.0,7.0,37.0,1485.0,69.0,865.0
2025-308,Munich,Clay,32.0,500,20250414,16.0,200175,,,Miomir Kecmanovic,R,183.0,SRB,25.621,106218,,,Marcos Giron,R,180.0,USA,31.723,6-2 6-7(2) 7-6(9),3,R32,174.0,4.0,2.0,121.0,78.0,55.0,26.0,16.0,4.0,5.0,8.0,3.0,126.0,75.0,54.0,26.0,16.0,10.0,13.0,48.0,1141.0,45.0,1240.0
2025-308,Munich,Clay,32.0,500,20250414,17.0,206681,,,Fabian Marozsan,R,193.0,HUN,25.517,200005,4.0,,Ugo Humbert,L,188.0,FRA,26.801,6-4 6-4,3,R16,83.0,2.0,1.0,59.0,35.0,25.0,16.0,10.0,3.0,4.0,5.0,2.0,59.0,35.0,25.0,11.0,10.0,4.0,7.0,77.0,805.0,21.0,2145.0
2025-308,Munich,Clay,32.0,500,20250414,18.0,202103,5.0,,Francisco Cerundolo,R,185.0,ARG,26.669,207686,,LL,Alexander Shevchenko,R,188.0,KAZ,24.372,6-3 6-2,3,R16,82.0,5.0,3.0,63.0,32.0,26.0,14.0,9.0,9.0,11.0,1.0,2.0,54.0,33.0,13.0,10.0,8.0,3.0,8.0,22.0,2075.0,104.0,585.0
2025-308,Munich,Clay,32.0,500,20250414,19.0,200267,,,Zizou Bergs,R,185.0,BEL,25.864,900024,,LL,Diego Dedura-Palomero,L,180.0,GER,17.09,6-1 6-1,3,R16,69.0,2.0,4.0,56.0,29.0,22.0,16.0,7.0,2.0,2.0,1.0,0.0,45.0,27.0,12.0,8.0,7.0,3.0,8.0,50.0,1071.0,549.0,67.0
2025-308,Munich,Clay,32.0,500,20250414,20.0,105676,,,David Goffin,R,180.0,BEL,34.352,208363,,,Mariano Navone,R,178.0,ARG,24.126,0-6 7-5 6-1,3,R16,134.0,2.0,4.0,85.0,45.0,29.0,21.0,12.0,8.0,12.0,0.0,2.0,81.0,51.0,29.0,17.0,13.0,3.0,8.0,52.0,1021.0,70.0,865.0
2025-308,Munich,Clay,32.0,500,20250414,21.0,100644,1.0,,Alexander Zverev,R,198.0,GER,27.984,127157,,WC,Daniel Altmaier,R,188.0,GER,26.587,6-3 6-2,3,R16,79.0,0.0,0.0,56.0,39.0,31.0,6.0,9.0,1.0,2.0,2.0,0.0,51.0,31.0,19.0,7.0,8.0,2.0,6.0,3.0,7595.0,68.0,867.0
2025-308,Munich,Clay,32.0,500,20250414,22.0,210097,2.0,,Ben Shelton,L,193.0,USA,22.513,122298,,LL,Botic van de Zandschulp,R,191.0,NED,29.528,7-6(1) 6-3,3,R16,89.0,3.0,2.0,59.0,40.0,33.0,11.0,10.0,0.0,1.0,4.0,5.0,68.0,40.0,27.0,14.0,11.0,0.0,3.0,15.0,2700.0,89.0,705.0
2025-308,Munich,Clay,32.0,500,20250414,23.0,209260,,,Luciano Darderi,R,183.0,ITA,23.162,200175,,,Miomir Kecmanovic,R,183.0,SRB,25.621,2-6 7-6(4) 6-4,3,R16,149.0,6.0,2.0,98.0,53.0,41.0,22.0,15.0,5.0,9.0,5.0,1.0,107.0,65.0,46.0,21.0,15.0,7.0,10.0,47.0,1154.0,48.0,1141.0
2025-308,Munich,Clay,32.0,500,20250414,24.0,134868,,,Tallon Griekspoor,R,188.0,NED,28.783,105870,,WC,Yannick Hanfmann,R,193.0,GER,33.418,7-6(3) 6-3,3,R16,90.0,12.0,1.0,65.0,45.0,33.0,15.0,11.0,2.0,3.0,2.0,0.0,61.0,43.0,31.0,9.0,10.0,1.0,3.0,37.0,1485.0,131.0,453.0
2025-308,Munich,Clay,32.0,500,20250414,25.0,100644,1.0,,Alexander Zverev,R,198.0,GER,27.984,134868,,,Tallon Griekspoor,R,188.0,NED,28.783,6-7(6) 7-6(3) 6-4,3,QF,194.0,5.0,3.0,116.0,79.0,58.0,22.0,17.0,5.0,6.0,2.0,3.0,121.0,74.0,52.0,25.0,17.0,5.0,7.0,3.0,7595.0,37.0,1485.0
2025-308,Munich,Clay,32.0,500,20250414,26.0,210097,2.0,,Ben Shelton,L,193.0,USA,22.513,209260,,,Luciano Darderi,R,183.0,ITA,23.162,6-4 6-3,3,QF,73.0,7.0,2.0,55.0,31.0,24.0,14.0,10.0,0.0,1.0,1.0,4.0,55.0,37.0,23.0,9.0,9.0,3.0,6.0,15.0,2700.0,47.0,1154.0
2025-308,Munich,Clay,32.0,500,20250414,27.0,202103,5.0,,Francisco Cerundolo,R,185.0,ARG,26.669,105676,,,David Goffin,R,180.0,BEL,34.352,6-2 6-4,3,QF,75.0,2.0,3.0,54.0,28.0,22.0,13.0,9.0,3.0,5.0,1.0,2.0,55.0,39.0,19.0,6.0,9.0,5.0,10.0,22.0,2075.0,52.0,1021.0
2025-308,Munich,Clay,32.0,500,20250414,28.0,206681,,,Fabian Marozsan,R,193.0,HUN,25.517,200267,,,Zizou Bergs,R,185.0,BEL,25.864,6-3 7-6(4),3,QF,99.0,3.0,2.0,80.0,56.0,38.0,15.0,11.0,1.0,2.0,4.0,2.0,72.0,49.0,32.0,11.0,10.0,2.0,4.0,77.0,805.0,50.0,1071.0
2025-308,Munich,Clay,32.0,500,20250414,29.0,100644,1.0,,Alexander Zverev,R,198.0,GER,27.984,206681,,,Fabian Marozsan,R,193.0,HUN,25.517,7-6(3) 6-3,3,SF,91.0,9.0,2.0,69.0,47.0,35.0,13.0,11.0,0.0,1.0,1.0,3.0,62.0,34.0,23.0,17.0,10.0,1.0,3.0,3.0,7595.0,77.0,805.0
2025-308,Munich,Clay,32.0,500,20250414,30.0,210097,2.0,,Ben Shelton,L,193.0,USA,22.513,202103,5.0,,Francisco Cerundolo,R,185.0,ARG,26.669,2-6 7-6(7) 6-4,3,SF,127.0,6.0,6.0,94.0,53.0,36.0,23.0,15.0,1.0,5.0,1.0,4.0,90.0,58.0,37.0,21.0,15.0,2.0,5.0,15.0,2700.0,22.0,2075.0
2025-308,Munich,Clay,32.0,500,20250414,31.0,100644,1.0,,Alexander Zverev,R,198.0,GER,27.984,210097,2.0,,Ben Shelton,L,193.0,USA,22.513,6-2 6-4,3,F,71.0,4.0,5.0,48.0,37.0,33.0,4.0,9.0,0.0,0.0,3.0,3.0,50.0,32.0,23.0,7.0,9.0,1.0,4.0,3.0,7595.0,15.0,2700.0
2025-1536,Madrid Masters,Clay,96.0,M,20250421,1.0,208286,,,Matteo Arnaldi,R,185.0,ITA,24.159,106432,,Q,Borna Coric,R,188.0,CRO,28.433,4-6 6-4 7-5,3,R128,167.0,13.0,4.0,97.0,49.0,36.0,27.0,16.0,6.0,8.0,5.0,3.0,106.0,74.0,54.0,12.0,16.0,3.0,6.0,44.0,1240.0,104.0,576.0
2025-1536,Madrid Masters,Clay,96.0,M,20250421,2.0,209260,,,Luciano Darderi,R,183.0,ITA,23.181,111460,,,Quentin Halys,R,191.0,FRA,28.485,6-4 6-4,3,R128,73.0,5.0,0.0,48.0,29.0,23.0,15.0,10.0,2.0,3.0,6.0,3.0,59.0,28.0,20.0,17.0,10.0,4.0,7.0,46.0,1229.0,52.0,1005.0
2025-1536,Madrid Masters,Clay,96.0,M,20250421,3.0,209113,,LL,Gabriel Diallo,R,203.0,CAN,23.573,200267,,,Zizou Bergs,R,185.0,BEL,25.884,6-1 6-2,3,R128,57.0,4.0,0.0,37.0,21.0,18.0,14.0,8.0,0.0,0.0,3.0,0.0,38.0,25.0,14.0,5.0,7.0,0.0,4.0,78.0,791.0,50.0,1096.0
2025-1536,Madrid Masters,Clay,96.0,M,20250421,4.0,106000,,,Damir Dzumhur,R,175.0,BIH,32.92,208233,,,Mattia Bellucci,L,175.0,ITA,23.888,4-6 6-4 6-2,3,R128,154.0,0.0,2.0,92.0,67.0,42.0,16.0,14.0,9.0,11.0,4.0,2.0,95.0,59.0,37.0,17.0,14.0,7.0,11.0,63.0,906.0,66.0,893.0
2025-1536,Madrid Masters,Clay,96.0,M,20250421,5.0,144869,,,Tomas Martin Etcheverry,R,196.0,ARG,25.76,209098,,,Hamad Medjedovic,R,188.0,SRB,21.76,6-4 6-7(4) 6-4,3,R128,196.0,10.0,1.0,135.0,92.0,63.0,20.0,16.0,20.0,22.0,8.0,0.0,109.0,62.0,39.0,28.0,16.0,8.0,12.0,51.0,1010.0,61.0,911.0
2025-1536,Madrid Masters,Clay,96.0,M,20250421,6.0,207985,,Q,Jacob Fearnley,R,183.0,GBR,23.767,900002,,,Yunchaokete Bu,R,185.0,CHN,23.253,6-3 7-6(2),3,R128,105.0,6.0,3.0,60.0,35.0,29.0,15.0,10.0,2.0,3.0,4.0,1.0,75.0,46.0,30.0,13.0,11.0,4.0,7.0,68.0,883.0,72.0,869.0
2025-1536,Madrid Masters,Clay,96.0,M,20250421,7.0,211663,,,Joao Fonseca,R,188.0,BRA,18.667,209284,,Q,Elmer Moller,R,183.0,DEN,21.785,6-2 6-3,3,R128,73.0,5.0,1.0,53.0,37.0,27.0,8.0,8.0,0.0,0.0,0.0,2.0,63.0,41.0,23.0,10.0,9.0,9.0,13.0,65.0,897.0,114.0,522.0
2025-1536,Madrid Masters,Clay,96.0,M,20250421,8.0,106218,,,Marcos Giron,R,180.0,USA,31.743,210530,,,Learner Tien,L,180.0,USA,19.384,6-1 1-6 7-6(4),3,R128,127.0,6.0,4.0,104.0,61.0,43.0,20.0,13.0,5.0,8.0,5.0,3.0,96.0,47.0,33.0,27.0,13.0,4.0,7.0,45.0,1240.0,69.0,880.0
2025-1536,Madrid Masters,Clay,96.0,M,20250421,9.0,134868,,,Tallon Griekspoor,R,188.0,NED,28.802,200240,,Q,Vit Kopriva,R,178.0,CZE,27.849,6-1 6-4,3,R128,72.0,5.0,3.0,48.0,35.0,32.0,5.0,9.0,0.0,0.0,3.0,2.0,56.0,31.0,20.0,11.0,8.0,6.0,9.0,34.0,1575.0,95.0,619.0
2025-1536,Madrid Masters,Clay,96.0,M,20250421,10.0,111797,,,Nicolas Jarry,R,201.0,CHI,29.528,127157,,Q,Daniel Altmaier,R,188.0,GER,26.606,6-3 6-2,3,R128,76.0,4.0,0.0,47.0,22.0,21.0,15.0,9.0,0.0,0.0,5.0,0.0,52.0,37.0,23.0,6.0,8.0,4.0,7.0,57.0,965.0,67.0,892.0
2025-1536,Madrid Masters,Clay,96.0,M,20250421,11.0,124186,,,Alexandre Muller,R,183.0,FRA,28.216,105676,,,David Goffin,R,180.0,BEL,34.371,6-3 3-6 1-0 RET,3,R128,99.0,2.0,3.0,73.0,49.0,28.0,11.0,10.0,2.0,6.0,1.0,3.0,50.0,26.0,17.0,9.0,9.0,3.0,7.0,39.0,1366.0,49.0,1121.0
2025-1536,Madrid Masters,Clay,96.0,M,20250421,12.0,105453,,,Kei Nishikori,R,178.0,JPN,35.31,126846,,,Aleksandar Vukic,R,188.0,AUS,29.04,6-4 3-6 6-3,3,R128,119.0,4.0,3.0,81.0,50.0,37.0,18.0,14.0,2.0,4.0,10.0,2.0,101.0,66.0,46.0,16.0,14.0,8.0,11.0,64.0,898.0,83.0,758.0
2025-1536,Madrid Masters,Clay,96.0,M,20250421,13.0,111815,,,Cameron Norrie,L,188.0,GBR,29.662,212021,,WC,Martin Landaluce,R,193.0,ESP,19.283,6-7(4) 7-5 6-4,3,R128,161.0,7.0,4.0,114.0,79.0,52.0,19.0,17.0,7.0,10.0,12.0,15.0,109.0,73.0,50.0,14.0,17.0,5.0,10.0,91.0,667.0,148.0,388.0
2025-1536,Madrid Masters,Clay,96.0,M,20250421,14.0,124187,,PR,Reilly Opelka,R,211.0,USA,27.647,208014,,LL,Rinky Hijikata,R,178.0,AUS,24.156,7-5 7-5,3,R128,125.0,8.0,2.0,80.0,49.0,39.0,17.0,12.0,1.0,1.0,2.0,2.0,88.0,53.0,35.0,18.0,12.0,9.0,11.0,103.0,579.0,84.0,754.0
2025-1536,Madrid Masters,Clay,96.0,M,20250421,15.0,132283,,,Lorenzo Sonego,R,191.0,ITA,29.947,200175,,,Miomir Kecmanovic,R,183.0,SRB,25.64,6-4 7-6(5),3,R128,123.0,1.0,4.0,88.0,58.0,43.0,15.0,11.0,6.0,6.0,1.0,1.0,78.0,49.0,35.0,16.0,11.0,8.0,9.0,43.0,1245.0,47.0,1166.0
2025-1536,Madrid Masters,Clay,96.0,M,20250421,16.0,105526,,,Jan-Lennard Struff,R,193.0,GER,34.99,122298,,LL,Botic van de Zandschulp,R,191.0,NED,29.547,7-5 2-6 4-1 RET,3,R128,102.0,5.0,0.0,66.0,37.0,26.0,17.0,12.0,3.0,6.0,9.0,5.0,77.0,42.0,33.0,12.0,13.0,4.0,8.0,79.0,790.0,88.0,743.0
2025-1536,Madrid Masters,Clay,96.0,M,20250421,17.0,105138,,,Roberto Bautista Agut,R,183.0,ESP,37.018,144719,,,Jaume Munar,R,183.0,ESP,27.962,6-4 2-6 6-3,3,R128,137.0,2.0,0.0,85.0,55.0,35.0,13.0,14.0,7.0,12.0,6.0,1.0,73.0,48.0,33.0,8.0,13.0,1.0,6.0,55.0,979.0,53.0,1002.0
2025-1536,Madrid Masters,Clay,96.0,M,20250421,18.0,126127,,,Benjamin Bonzi,R,183.0,FRA,28.865,105227,,WC,Marin Cilic,R,198.0,CRO,36.561,6-3 6-2,3,R128,93.0,6.0,1.0,66.0,45.0,30.0,16.0,9.0,5.0,5.0,3.0,3.0,55.0,23.0,16.0,15.0,8.0,2.0,5.0,62.0,908.0,109.0,563.0
2025-1536,Madrid Masters,Clay,96.0,M,20250421,19.0,132686,,,Nuno Borges,R,185.0,POR,28.167,105807,,WC,Pablo Carreno Busta,R,188.0,ESP,33.777,6-7(7) 7-6(3) 6-3,3,R128,152.0,10.0,2.0,106.0,63.0,50.0,28.0,17.0,2.0,2.0,3.0,2.0,99.0,56.0,43.0,28.0,16.0,3.0,4.0,41.0,1355.0,96.0,607.0
2025-1536,Madrid Masters,Clay,96.0,M,20250421,20.0,122330,,,Alexander Bublik,R,196.0,KAZ,27.844,210506,,,Alex Michelsen,R,193.0,USA,20.654,7-6(2) 7-6(4),3,R128,105.0,11.0,3.0,93.0,61.0,44.0,19.0,12.0,8.0,9.0,1.0,0.0,86.0,61.0,46.0,10.0,12.0,7.0,8.0,75.0,820.0,38.0,1445.0
2025-1536,Madrid Masters,Clay,96.0,M,20250421,21.0,207678,,Q,Juan Manuel Cerundolo,L,183.0,ARG,23.431,206499,,,Aleksandar Kovacevic,R,183.0,USA,26.645,3-6 7-5 6-2,3,R128,146.0,9.0,6.0,105.0,68.0,50.0,18.0,14.0,9.0,10.0,3.0,4.0,88.0,48.0,36.0,21.0,15.0,5.0,8.0,126.0,469.0,77.0,805.0
2025-1536,Madrid Masters,Clay,96.0,M,20250421,22.0,900022,,WC,Federico Cina,R,185.0,ITA,18.062,209409,,WC,Coleman Wong,R,191.0,HKG,20.873,7-6(5) 6-1,3,R128,78.0,1.0,0.0,63.0,42.0,32.0,15.0,10.0,2.0,2.0,2.0,0.0,58.0,41.0,28.0,10.0,9.0,2.0,4.0,373.0,130.0,169.0,322.0
2025-1536,Madrid Masters,Clay,96.0,M,20250421,23.0,207925,,,Flavio Cobolli,R,183.0,ITA,22.96,206681,,,Fabian Marozsan,R,193.0,HUN,25.536,7-6(4) 7-5,3,R128,115.0,3.0,3.0,84.0,47.0,31.0,20.0,12.0,5.0,7.0,3.0,6.0,95.0,56.0,39.0,14.0,12.0,7.0,10.0,36.0,1520.0,58.0,955.0
2025-1536,Madrid Masters,Clay,96.0,M,20250421,24.0,207681,,,Francisco Comesana,R,178.0,ARG,24.539,124079,,,Pedro Martinez,R,185.0,ESP,27.986,6-4 6-4,3,R128,108.0,16.0,3.0,66.0,47.0,39.0,6.0,10.0,6.0,7.0,0.0,2.0,84.0,60.0,38.0,10.0,10.0,6.0,9.0,70.0,872.0,48.0,1130.0
2025-1536,Madrid Masters,Clay,96.0,M,20250421,25.0,111513,,,Laslo Djere,R,188.0,SRB,29.886,104926,,Q,Fabio Fognini,R,178.0,ITA,37.911,6-2 6-3,3,R128,67.0,7.0,1.0,46.0,34.0,28.0,9.0,9.0,3.0,4.0,0.0,7.0,58.0,27.0,16.0,13.0,8.0,4.0,8.0,71.0,872.0,112.0,536.0
2025-1536,Madrid Masters,Clay,96.0,M,20250421,26.0,208004,,Q,Harold Mayot,R,180.0,FRA,23.209,144895,,,Corentin Moutet,L,180.0,FRA,26.007,6-3 4-2 RET,3,R128,73.0,0.0,1.0,50.0,36.0,26.0,7.0,8.0,0.0,1.0,0.0,1.0,43.0,27.0,16.0,7.0,7.0,3.0,6.0,160.0,354.0,82.0,759.0
2025-1536,Madrid Masters,Clay,96.0,M,20250421,27.0,104792,,,Gael Monfils,R,193.0,FRA,38.637,127339,,Q,Borna Gojo,R,196.0,CRO,27.146,1-6 6-2 6-4,3,R128,102.0,6.0,4.0,83.0,54.0,35.0,15.0,13.0,7.0,10.0,4.0,1.0,72.0,46.0,32.0,13.0,12.0,5.0,8.0,42.0,1255.0,353.0,141.0
2025-1536,Madrid Masters,Clay,96.0,M,20250421,28.0,208363,,,Mariano Navone,R,178.0,ARG,24.145,208659,,,Giovanni Mpetshi Perricard,R,203.0,FRA,21.788,6-4 6-4,3,R128,84.0,2.0,1.0,53.0,37.0,30.0,12.0,10.0,1.0,1.0,4.0,1.0,69.0,46.0,34.0,8.0,10.0,4.0,6.0,85.0,750.0,37.0,1464.0
2025-1536,Madrid Masters,Clay,96.0,M,20250421,29.0,900000,,,Christopher O'Connell,R,183.0,AUS,30.883,200116,,,Camilo Ugo Carabelli,R,185.0,ARG,25.845,6-3 6-4,3,R128,73.0,5.0,2.0,60.0,38.0,30.0,12.0,10.0,7.0,8.0,2.0,1.0,48.0,34.0,23.0,5.0,9.0,0.0,3.0,87.0,745.0,59.0,947.0
2025-1536,Madrid Masters,Clay,96.0,M,20250421,30.0,124116,,PR,Sebastian Ofner,R,191.0,AUT,28.942,200384,,Q,Hugo Gaston,L,173.0,FRA,24.567,6-4 6-3,3,R128,78.0,6.0,1.0,70.0,35.0,28.0,20.0,10.0,5.0,5.0,2.0,3.0,57.0,29.0,21.0,14.0,9.0,6.0,8.0,153.0,378.0,80.0,776.0
2025-1536,Madrid Masters,Clay,96.0,M,20250421,31.0,210319,,Q,Ethan Quinn,R,191.0,USA,21.109,105583,,Q,Dusan Lajovic,R,183.0,SRB,34.809,6-3 6-4,3,R128,86.0,2.0,0.0,64.0,43.0,30.0,10.0,10.0,4.0,6.0,2.0,2.0,66.0,42.0,26.0,9.0,9.0,5.0,9.0,119.0,494.0,138.0,426.0
2025-1536,Madrid Masters,Clay,96.0,M,20250421,32.0,126239,,,Arthur Rinderknech,R,196.0,FRA,29.747,126128,,,Roman Safiullin,R,185.0,RUS,27.704,7-6(4) 6-1,3,R128,81.0,7.0,0.0,57.0,42.0,37.0,6.0,10.0,0.0,1.0,2.0,2.0,65.0,40.0,28.0,11.0,9.0,4.0,7.0,76.0,809.0,73.0,856.0
2025-1536,Madrid Masters,Clay,96.0,M,20250421,33.0,208286,,,Matteo Arnaldi,R,185.0,ITA,24.159,104925,4.0,,Novak Djokovic,R,188.0,SRB,37.916,6-3 6-4,3,R64,101.0,5.0,0.0,74.0,41.0,29.0,17.0,10.0,4.0,5.0,4.0,3.0,53.0,33.0,24.0,8.0,9.0,0.0,3.0,44.0,1240.0,5.0,4120.0
2025-1536,Madrid Masters,Clay,96.0,M,20250421,34.0,207733,5.0,,Jack Draper,L,193.0,GBR,23.329,134868,,,Tallon Griekspoor,R,188.0,NED,28.802,6-3 6-4,3,R64,75.0,5.0,2.0,53.0,27.0,23.0,18.0,10.0,1.0,1.0,3.0,2.0,50.0,38.0,27.0,6.0,9.0,2.0,4.0,6.0,3820.0,34.0,1575.0
2025-1536,Madrid Masters,Clay,96.0,M,20250421,35.0,200282,6.0,,Alex de Minaur,R,183.0,AUS,26.174,132283,,,Lorenzo Sonego,R,191.0,ITA,29.947,6-2 6-3,3,R64,75.0,1.0,0.0,40.0,28.0,23.0,11.0,9.0,1.0,2.0,1.0,5.0,52.0,30.0,19.0,8.0,8.0,2.0,6.0,7.0,3585.0,43.0,1245.0
2025-1536,Madrid Masters,Clay,96.0,M,20250421,36.0,207518,10.0,,Lorenzo Musetti,R,185.0,ITA,23.135,144869,,,Tomas Martin Etcheverry,R,196.0,ARG,25.76,7-6(3) 6-2,3,R64,107.0,1.0,1.0,58.0,41.0,29.0,12.0,10.0,0.0,1.0,5.0,2.0,69.0,48.0,32.0,8.0,10.0,10.0,13.0,11.0,3200.0,51.0,1010.0
2025-1536,Madrid Masters,Clay,96.0,M,20250421,37.0,126205,11.0,,Tommy Paul,R,185.0,USA,27.929,211663,,,Joao Fonseca,R,188.0,BRA,18.667,7-6(7) 7-6(3),3,R64,125.0,9.0,1.0,102.0,69.0,51.0,16.0,12.0,10.0,11.0,2.0,2.0,89.0,64.0,47.0,12.0,12.0,0.0,1.0,12.0,3160.0,65.0,897.0
2025-1536,Madrid Masters,Clay,96.0,M,20250421,38.0,105777,15.0,,Grigor Dimitrov,R,191.0,BUL,33.933,111797,,,Nicolas Jarry,R,201.0,CHI,29.528,6-3 6-4,3,R64,97.0,4.0,4.0,64.0,31.0,23.0,22.0,10.0,5.0,5.0,5.0,3.0,68.0,43.0,32.0,9.0,9.0,3.0,5.0,16.0,2595.0,57.0,965.0
2025-1536,Madrid Masters,Clay,96.0,M,20250421,39.0,126207,16.0,,Frances Tiafoe,R,188.0,USA,27.25,209260,,,Luciano Darderi,R,183.0,ITA,23.181,7-5 3-1 RET,3,R64,67.0,4.0,1.0,38.0,28.0,25.0,7.0,8.0,0.0,0.0,4.0,3.0,61.0,37.0,24.0,12.0,8.0,3.0,5.0,17.0,2550.0,46.0,1229.0
2025-1536,Madrid Masters,Clay,96.0,M,20250421,40.0,126774,17.0,,Stefanos Tsitsipas,R,193.0,GRE,26.691,105526,,,Jan-Lennard Struff,R,193.0,GER,34.99,3-6 6-4 6-3,3,R64,118.0,6.0,3.0,96.0,60.0,45.0,14.0,14.0,4.0,7.0,7.0,1.0,89.0,52.0,39.0,15.0,14.0,4.0,8.0,18.0,2415.0,79.0,790.0
2025-1536,Madrid Masters,Clay,96.0,M,20250421,41.0,207985,,Q,Jacob Fearnley,R,183.0,GBR,23.767,207830,19.0,,Tomas Machac,R,183.0,CZE,24.52,1-6 6-3 6-2,3,R64,104.0,9.0,3.0,78.0,46.0,36.0,14.0,12.0,3.0,5.0,5.0,9.0,86.0,45.0,31.0,21.0,12.0,4.0,7.0,68.0,883.0,20.0,2235.0
2025-1536,Madrid Masters,Clay,96.0,M,20250421,42.0,124186,,,Alexandre Muller,R,183.0,FRA,28.216,200005,21.0,,Ugo Humbert,L,188.0,FRA,26.82,6-2 6-7(3) 7-6(5),3,R64,150.0,5.0,2.0,110.0,83.0,55.0,17.0,16.0,5.0,7.0,5.0,3.0,107.0,65.0,44.0,23.0,16.0,3.0,7.0,39.0,1366.0,22.0,2185.0
2025-1536,Madrid Masters,Clay,96.0,M,20250421,43.0,111575,24.0,,Karen Khachanov,R,198.0,RUS,28.917,124187,,PR,Reilly Opelka,R,211.0,USA,27.647,7-6(3) 7-6(4),3,R64,106.0,6.0,1.0,66.0,44.0,40.0,15.0,12.0,0.0,0.0,17.0,3.0,89.0,62.0,47.0,10.0,12.0,4.0,4.0,25.0,1960.0,103.0,579.0
2025-1536,Madrid Masters,Clay,96.0,M,20250421,44.0,111815,,,Cameron Norrie,L,188.0,GBR,29.662,208103,26.0,,Jiri Lehecka,R,185.0,CZE,23.45,2-6 6-4 6-0,3,R64,95.0,4.0,1.0,73.0,47.0,35.0,13.0,12.0,2.0,4.0,9.0,3.0,66.0,39.0,25.0,14.0,12.0,3.0,7.0,91.0,667.0,27.0,1795.0
2025-1536,Madrid Masters,Clay,96.0,M,20250421,45.0,133430,29.0,,Denis Shapovalov,L,185.0,CAN,26.018,105453,,,Kei Nishikori,R,178.0,JPN,35.31,6-1 6-4,3,R64,64.0,4.0,1.0,50.0,30.0,25.0,13.0,9.0,1.0,1.0,0.0,0.0,41.0,25.0,17.0,7.0,8.0,3.0,6.0,30.0,1726.0,64.0,898.0
2025-1536,Madrid Masters,Clay,96.0,M,20250421,46.0,126610,30.0,,Matteo Berrettini,R,196.0,ITA,29.024,106218,,,Marcos Giron,R,180.0,USA,31.743,6-7(3) 7-6(6) 6-1,3,R64,154.0,12.0,1.0,97.0,75.0,58.0,14.0,16.0,0.0,0.0,7.0,6.0,105.0,63.0,48.0,20.0,15.0,5.0,7.0,31.0,1620.0,45.0,1240.0
2025-1536,Madrid Masters,Clay,96.0,M,20250421,47.0,106000,,,Damir Dzumhur,R,175.0,BIH,32.92,202104,32.0,,Sebastian Baez,R,170.0,ARG,24.312,1-6 6-1 6-2,3,R64,98.0,1.0,5.0,72.0,45.0,30.0,13.0,11.0,9.0,12.0,0.0,1.0,72.0,53.0,26.0,12.0,11.0,5.0,10.0,63.0,906.0,33.0,1580.0
2025-1536,Madrid Masters,Clay,96.0,M,20250421,48.0,209113,,LL,Gabriel Diallo,R,203.0,CAN,23.573,111794,,LL,Kamil Majchrzak,R,183.0,POL,29.27,7-5 4-6 6-4,3,R64,130.0,10.0,5.0,94.0,66.0,49.0,17.0,16.0,1.0,3.0,7.0,4.0,98.0,60.0,45.0,18.0,16.0,7.0,10.0,78.0,791.0,90.0,669.0
2025-1536,Madrid Masters,Clay,96.0,M,20250421,49.0,100644,1.0,,Alexander Zverev,R,198.0,GER,28.003,105138,,,Roberto Bautista Agut,R,183.0,ESP,37.018,6-2 6-2,3,R64,70.0,10.0,1.0,42.0,26.0,21.0,11.0,8.0,0.0,0.0,1.0,1.0,51.0,30.0,18.0,8.0,8.0,5.0,9.0,2.0,8085.0,55.0,979.0
2025-1536,Madrid Masters,Clay,96.0,M,20250421,50.0,126203,3.0,,Taylor Fritz,R,196.0,USA,27.48,900000,,,Christopher O'Connell,R,183.0,AUS,30.883,6-1 6-4,3,R64,75.0,5.0,0.0,54.0,31.0,27.0,9.0,9.0,3.0,4.0,2.0,2.0,50.0,23.0,16.0,10.0,8.0,4.0,8.0,4.0,5115.0,87.0,745.0
2025-1536,Madrid Masters,Clay,96.0,M,20250421,51.0,126094,7.0,,Andrey Rublev,R,188.0,RUS,27.502,104792,,,Gael Monfils,R,193.0,FRA,38.637,W/O,3,R64,,,,,,,,,,,,,,,,,,,,8.0,3530.0,42.0,1255.0
2025-1536,Madrid Masters,Clay,96.0,M,20250421,52.0,207925,,,Flavio Cobolli,R,183.0,ITA,22.96,208029,8.0,,Holger Rune,R,188.0,DEN,21.979,6-2 RET,3,R64,43.0,0.0,1.0,28.0,19.0,13.0,6.0,4.0,3.0,3.0,0.0,0.0,24.0,13.0,8.0,5.0,4.0,0.0,2.0,36.0,1520.0,9.0,3480.0
2025-1536,Madrid Masters,Clay,96.0,M,20250421,53.0,106421,9.0,,Daniil Medvedev,R,198.0,RUS,29.191,111513,,,Laslo Djere,R,188.0,SRB,29.886,W/O,3,R64,,,,,,,,,,,,,,,,,,,,10.0,3290.0,71.0,872.0
2025-1536,Madrid Masters,Clay,96.0,M,20250421,54.0,210097,12.0,,Ben Shelton,L,193.0,USA,22.533,208363,,,Mariano Navone,R,178.0,ARG,24.145,4-6 7-6(5) 6-3,3,R64,139.0,8.0,5.0,97.0,65.0,50.0,18.0,15.0,9.0,11.0,0.0,2.0,97.0,77.0,54.0,9.0,16.0,2.0,5.0,13.0,3020.0,85.0,750.0
2025-1536,Madrid Masters,Clay,96.0,M,20250421,55.0,207681,,,Francisco Comesana,R,178.0,ARG,24.539,209950,13.0,,Arthur Fils,R,185.0,FRA,20.857,7-6(4) 6-4,3,R64,105.0,11.0,2.0,81.0,46.0,32.0,17.0,11.0,4.0,7.0,2.0,4.0,71.0,49.0,33.0,8.0,11.0,3.0,7.0,70.0,872.0,14.0,2920.0
2025-1536,Madrid Masters,Clay,96.0,M,20250421,56.0,134770,14.0,,Casper Ruud,R,183.0,NOR,26.33,126239,,,Arthur Rinderknech,R,196.0,FRA,29.747,6-3 6-4,3,R64,73.0,2.0,2.0,54.0,37.0,28.0,11.0,10.0,1.0,2.0,2.0,0.0,48.0,32.0,23.0,8.0,9.0,0.0,3.0,15.0,2815.0,76.0,809.0
2025-1536,Madrid Masters,Clay,96.0,M,20250421,57.0,207678,,Q,Juan Manuel Cerundolo,L,183.0,ARG,23.431,200000,18.0,,Felix Auger-Aliassime,R,193.0,CAN,24.701,7-6(5) 6-4,3,R64,113.0,5.0,0.0,77.0,57.0,45.0,11.0,11.0,5.0,5.0,8.0,3.0,67.0,50.0,37.0,12.0,11.0,5.0,6.0,126.0,469.0,19.0,2375.0
2025-1536,Madrid Masters,Clay,96.0,M,20250421,58.0,202103,20.0,,Francisco Cerundolo,R,185.0,ARG,26.689,208004,,Q,Harold Mayot,R,180.0,FRA,23.209,6-3 6-4,3,R64,89.0,3.0,1.0,58.0,35.0,23.0,18.0,10.0,2.0,3.0,1.0,1.0,67.0,47.0,31.0,8.0,9.0,6.0,9.0,21.0,2225.0,160.0,354.0
2025-1536,Madrid Masters,Clay,96.0,M,20250421,59.0,210150,22.0,,Jakub Mensik,R,196.0,CZE,19.636,210319,,Q,Ethan Quinn,R,191.0,USA,21.109,7-6(4) 6-1,3,R64,80.0,14.0,4.0,66.0,44.0,33.0,8.0,10.0,1.0,3.0,4.0,3.0,57.0,35.0,21.0,11.0,9.0,3.0,7.0,23.0,2032.0,119.0,494.0
2025-1536,Madrid Masters,Clay,96.0,M,20250421,60.0,200624,23.0,,Sebastian Korda,R,196.0,USA,24.794,900022,,WC,Federico Cina,R,185.0,ITA,18.062,6-3 3-6 6-1,3,R64,101.0,7.0,3.0,78.0,44.0,36.0,18.0,13.0,3.0,4.0,2.0,5.0,79.0,52.0,36.0,11.0,12.0,3.0,6.0,24.0,2020.0,373.0,130.0
2025-1536,Madrid Masters,Clay,96.0,M,20250421,61.0,122330,,,Alexander Bublik,R,196.0,KAZ,27.844,200615,25.0,,Alexei Popyrin,R,196.0,AUS,25.711,6-4 7-6(4),3,R64,110.0,10.0,5.0,77.0,42.0,34.0,18.0,11.0,5.0,6.0,7.0,5.0,84.0,54.0,39.0,14.0,11.0,5.0,7.0,75.0,820.0,26.0,1860.0
2025-1536,Madrid Masters,Clay,96.0,M,20250421,62.0,126127,,,Benjamin Bonzi,R,183.0,FRA,28.865,128034,27.0,,Hubert Hurkacz,R,196.0,POL,28.189,6-4 7-5,3,R64,87.0,6.0,1.0,60.0,35.0,27.0,16.0,11.0,1.0,2.0,4.0,0.0,62.0,31.0,23.0,16.0,11.0,3.0,6.0,62.0,908.0,28.0,1755.0
2025-1536,Madrid Masters,Clay,96.0,M,20250421,63.0,200221,28.0,,Alejandro Davidovich Fokina,R,180.0,ESP,25.878,132686,,,Nuno Borges,R,185.0,POR,28.167,6-2 6-3,3,R64,73.0,2.0,0.0,51.0,36.0,25.0,10.0,9.0,2.0,3.0,4.0,2.0,58.0,32.0,21.0,7.0,8.0,5.0,9.0,29.0,1745.0,41.0,1355.0
2025-1536,Madrid Masters,Clay,96.0,M,20250421,64.0,206909,31.0,,Brandon Nakashima,R,188.0,USA,23.715,124116,,PR,Sebastian Ofner,R,191.0,AUT,28.942,6-3 7-6(3),3,R64,90.0,15.0,2.0,73.0,49.0,41.0,10.0,11.0,1.0,1.0,5.0,2.0,62.0,38.0,31.0,10.0,10.0,0.0,1.0,32.0,1605.0,153.0,378.0
2025-1536,Madrid Masters,Clay,96.0,M,20250421,65.0,207733,5.0,,Jack Draper,L,193.0,GBR,23.329,126610,30.0,,Matteo Berrettini,R,196.0,ITA,29.024,7-6(2) RET,3,R32,58.0,3.0,0.0,41.0,30.0,22.0,6.0,6.0,1.0,2.0,2.0,1.0,43.0,30.0,23.0,2.0,6.0,5.0,6.0,6.0,3820.0,31.0,1620.0
2025-1536,Madrid Masters,Clay,96.0,M,20250421,66.0,200282,6.0,,Alex de Minaur,R,183.0,AUS,26.174,133430,29.0,,Denis Shapovalov,L,185.0,CAN,26.018,6-3 7-6(3),3,R32,89.0,1.0,0.0,62.0,34.0,27.0,21.0,10.0,1.0,1.0,6.0,5.0,65.0,41.0,28.0,15.0,11.0,1.0,3.0,7.0,3585.0,30.0,1726.0
2025-1536,Madrid Masters,Clay,96.0,M,20250421,67.0,207518,10.0,,Lorenzo Musetti,R,185.0,ITA,23.135,126774,17.0,,Stefanos Tsitsipas,R,193.0,GRE,26.691,7-5 7-6(3),3,R32,114.0,4.0,0.0,80.0,61.0,47.0,8.0,12.0,4.0,5.0,1.0,6.0,79.0,45.0,35.0,15.0,12.0,6.0,8.0,11.0,3200.0,18.0,2415.0
2025-1536,Madrid Masters,Clay,96.0,M,20250421,68.0,126205,11.0,,Tommy Paul,R,185.0,USA,27.929,111575,24.0,,Karen Khachanov,R,198.0,RUS,28.917,6-3 3-6 6-2,3,R32,103.0,6.0,2.0,70.0,46.0,39.0,12.0,13.0,3.0,4.0,1.0,2.0,71.0,40.0,28.0,18.0,13.0,4.0,7.0,12.0,3160.0,25.0,1960.0
2025-1536,Madrid Masters,Clay,96.0,M,20250421,69.0,126207,16.0,,Frances Tiafoe,R,188.0,USA,27.25,124186,,,Alexandre Muller,R,183.0,FRA,28.216,6-3 6-3,3,R32,78.0,3.0,2.0,55.0,31.0,27.0,13.0,9.0,2.0,2.0,4.0,1.0,65.0,46.0,30.0,6.0,9.0,7.0,10.0,17.0,2550.0,39.0,1366.0
2025-1536,Madrid Masters,Clay,96.0,M,20250421,70.0,209113,,LL,Gabriel Diallo,R,203.0,CAN,23.573,111815,,,Cameron Norrie,L,188.0,GBR,29.662,2-6 6-4 6-4,3,R32,151.0,8.0,1.0,104.0,75.0,53.0,12.0,14.0,12.0,14.0,4.0,8.0,108.0,72.0,50.0,16.0,14.0,12.0,14.0,78.0,791.0,91.0,667.0
2025-1536,Madrid Masters,Clay,96.0,M,20250421,71.0,105777,15.0,,Grigor Dimitrov,R,191.0,BUL,33.933,207985,,Q,Jacob Fearnley,R,183.0,GBR,23.767,6-4 7-6(3),3,R32,117.0,11.0,2.0,77.0,42.0,31.0,18.0,11.0,4.0,6.0,7.0,6.0,75.0,45.0,30.0,12.0,11.0,2.0,5.0,16.0,2595.0,68.0,883.0
2025-1536,Madrid Masters,Clay,96.0,M,20250421,72.0,208286,,,Matteo Arnaldi,R,185.0,ITA,24.159,106000,,,Damir Dzumhur,R,175.0,BIH,32.92,6-3 6-4,3,R32,104.0,6.0,3.0,77.0,42.0,31.0,21.0,10.0,5.0,5.0,0.0,5.0,64.0,38.0,23.0,15.0,9.0,2.0,4.0,44.0,1240.0,63.0,906.0
2025-1536,Madrid Masters,Clay,96.0,M,20250421,73.0,100644,1.0,,Alexander Zverev,R,198.0,GER,28.003,200221,28.0,,Alejandro Davidovich Fokina,R,180.0,ESP,25.878,2-6 7-6(3) 7-6(0),3,R32,164.0,11.0,6.0,92.0,64.0,46.0,16.0,16.0,3.0,7.0,2.0,0.0,106.0,71.0,54.0,16.0,16.0,9.0,11.0,2.0,8085.0,29.0,1745.0
2025-1536,Madrid Masters,Clay,96.0,M,20250421,74.0,126203,3.0,,Taylor Fritz,R,196.0,USA,27.48,126127,,,Benjamin Bonzi,R,183.0,FRA,28.865,4-6 7-5 RET,3,R32,96.0,6.0,1.0,69.0,45.0,34.0,12.0,11.0,1.0,2.0,1.0,0.0,66.0,51.0,37.0,10.0,11.0,4.0,5.0,4.0,5115.0,62.0,908.0
2025-1536,Madrid Masters,Clay,96.0,M,20250421,75.0,122330,,,Alexander Bublik,R,196.0,KAZ,27.844,126094,7.0,,Andrey Rublev,R,188.0,RUS,27.502,6-4 0-6 6-4,3,R32,82.0,12.0,6.0,71.0,38.0,29.0,18.0,13.0,2.0,5.0,12.0,2.0,67.0,48.0,38.0,11.0,13.0,4.0,6.0,75.0,820.0,8.0,3530.0
2025-1536,Madrid Masters,Clay,96.0,M,20250421,76.0,106421,9.0,,Daniil Medvedev,R,198.0,RUS,29.191,207678,,Q,Juan Manuel Cerundolo,L,183.0,ARG,23.431,6-2 6-2,3,R32,63.0,2.0,2.0,45.0,29.0,22.0,11.0,8.0,1.0,1.0,2.0,1.0,42.0,23.0,11.0,9.0,8.0,1.0,5.0,10.0,3290.0,126.0,469.0
2025-1536,Madrid Masters,Clay,96.0,M,20250421,77.0,210150,22.0,,Jakub Mensik,R,196.0,CZE,19.636,210097,12.0,,Ben Shelton,L,193.0,USA,22.533,6-1 6-4,3,R32,68.0,5.0,2.0,43.0,28.0,26.0,6.0,8.0,0.0,0.0,5.0,1.0,59.0,28.0,17.0,15.0,9.0,5.0,9.0,23.0,2032.0,13.0,3020.0
2025-1536,Madrid Masters,Clay,96.0,M,20250421,78.0,134770,14.0,,Casper Ruud,R,183.0,NOR,26.33,200624,23.0,,Sebastian Korda,R,196.0,USA,24.794,6-3 6-3,3,R32,70.0,3.0,1.0,58.0,40.0,29.0,10.0,9.0,4.0,5.0,2.0,2.0,52.0,31.0,21.0,8.0,9.0,4.0,8.0,15.0,2815.0,24.0,2020.0
2025-1536,Madrid Masters,Clay,96.0,M,20250421,79.0,202103,20.0,,Francisco Cerundolo,R,185.0,ARG,26.689,207681,,,Francisco Comesana,R,178.0,ARG,24.539,6-4 6-4,3,R32,96.0,4.0,3.0,71.0,55.0,38.0,11.0,10.0,4.0,4.0,1.0,0.0,64.0,41.0,28.0,13.0,10.0,3.0,5.0,21.0,2225.0,70.0,872.0
2025-1536,Madrid Masters,Clay,96.0,M,20250421,80.0,206909,31.0,,Brandon Nakashima,R,188.0,USA,23.715,207925,,,Flavio Cobolli,R,183.0,ITA,22.96,7-5 6-3,3,R32,102.0,4.0,0.0,66.0,47.0,35.0,11.0,11.0,3.0,4.0,1.0,4.0,69.0,41.0,28.0,12.0,10.0,5.0,8.0,32.0,1605.0,36.0,1520.0
2025-1536,Madrid Masters,Clay,96.0,M,20250421,81.0,207733,5.0,,Jack Draper,L,193.0,GBR,23.329,126205,11.0,,Tommy Paul,R,185.0,USA,27.929,6-2 6-2,3,R16,68.0,4.0,1.0,41.0,21.0,18.0,14.0,8.0,0.0,0.0,0.0,1.0,54.0,34.0,18.0,8.0,8.0,2.0,6.0,6.0,3820.0,12.0,3160.0
2025-1536,Madrid Masters,Clay,96.0,M,20250421,82.0,207518,10.0,,Lorenzo Musetti,R,185.0,ITA,23.135,200282,6.0,,Alex de Minaur,R,183.0,AUS,26.174,6-4 6-2,3,R16,83.0,3.0,1.0,48.0,33.0,26.0,11.0,9.0,0.0,0.0,1.0,1.0,58.0,35.0,25.0,9.0,9.0,7.0,10.0,11.0,3200.0,7.0,3585.0
2025-1536,Madrid Masters,Clay,96.0,M,20250421,83.0,209113,,LL,Gabriel Diallo,R,203.0,CAN,23.573,105777,15.0,,Grigor Dimitrov,R,191.0,BUL,33.933,5-7 7-6(7) 6-4,3,R16,142.0,8.0,2.0,97.0,75.0,58.0,14.0,17.0,0.0,1.0,14.0,6.0,94.0,55.0,49.0,22.0,17.0,3.0,4.0,78.0,791.0,16.0,2595.0
2025-1536,Madrid Masters,Clay,96.0,M,20250421,84.0,208286,,,Matteo Arnaldi,R,185.0,ITA,24.159,126207,16.0,,Frances Tiafoe,R,188.0,USA,27.25,6-3 7-5,3,R16,97.0,6.0,1.0,76.0,40.0,28.0,21.0,11.0,6.0,7.0,7.0,0.0,51.0,32.0,24.0,9.0,10.0,2.0,5.0,44.0,1240.0,17.0,2550.0
2025-1536,Madrid Masters,Clay,96.0,M,20250421,85.0,202103,20.0,,Francisco Cerundolo,R,185.0,ARG,26.689,100644,1.0,,Alexander Zverev,R,198.0,GER,28.003,7-5 6-3,3,R16,89.0,1.0,2.0,70.0,42.0,34.0,16.0,11.0,1.0,1.0,1.0,0.0,47.0,38.0,30.0,5.0,10.0,1.0,3.0,21.0,2225.0,2.0,8085.0
2025-1536,Madrid Masters,Clay,96.0,M,20250421,86.0,134770,14.0,,Casper Ruud,R,183.0,NOR,26.33,126203,3.0,,Taylor Fritz,R,196.0,USA,27.48,7-5 6-4,3,R16,96.0,3.0,2.0,72.0,45.0,33.0,15.0,11.0,2.0,3.0,6.0,0.0,62.0,41.0,27.0,12.0,11.0,4.0,7.0,15.0,2815.0,4.0,5115.0
2025-1536,Madrid Masters,Clay,96.0,M,20250421,87.0,106421,9.0,,Daniil Medvedev,R,198.0,RUS,29.191,206909,31.0,,Brandon Nakashima,R,188.0,USA,23.715,3-6 6-1 6-4,3,R16,109.0,7.0,7.0,81.0,49.0,38.0,14.0,13.0,1.0,3.0,6.0,0.0,80.0,60.0,41.0,7.0,13.0,3.0,7.0,10.0,3290.0,32.0,1605.0
2025-1536,Madrid Masters,Clay,96.0,M,20250421,88.0,210150,22.0,,Jakub Mensik,R,196.0,CZE,19.636,122330,,,Alexander Bublik,R,196.0,KAZ,27.844,6-3 6-2,3,R16,56.0,10.0,1.0,49.0,31.0,24.0,14.0,9.0,3.0,3.0,4.0,1.0,49.0,30.0,20.0,7.0,8.0,1.0,4.0,23.0,2032.0,75.0,820.0
2025-1536,Madrid Masters,Clay,96.0,M,20250421,89.0,207733,5.0,,Jack Draper,L,193.0,GBR,23.329,208286,,,Matteo Arnaldi,R,185.0,ITA,24.159,6-0 6-4,3,QF,77.0,4.0,1.0,43.0,29.0,22.0,11.0,8.0,0.0,0.0,3.0,1.0,57.0,26.0,14.0,15.0,8.0,6.0,10.0,6.0,3820.0,44.0,1240.0
2025-1536,Madrid Masters,Clay,96.0,M,20250421,90.0,134770,14.0,,Casper Ruud,R,183.0,NOR,26.33,106421,9.0,,Daniil Medvedev,R,198.0,RUS,29.191,6-3 7-5,3,QF,100.0,2.0,2.0,62.0,41.0,31.0,14.0,11.0,2.0,2.0,1.0,4.0,78.0,46.0,31.0,16.0,10.0,6.0,8.0,15.0,2815.0,10.0,3290.0
2025-1536,Madrid Masters,Clay,96.0,M,20250421,91.0,207518,10.0,,Lorenzo Musetti,R,185.0,ITA,23.135,209113,,LL,Gabriel Diallo,R,203.0,CAN,23.573,6-4 6-3,3,QF,89.0,4.0,0.0,57.0,36.0,28.0,11.0,9.0,4.0,5.0,0.0,1.0,62.0,36.0,26.0,6.0,10.0,2.0,6.0,11.0,3200.0,78.0,791.0
2025-1536,Madrid Masters,Clay,96.0,M,20250421,92.0,202103,20.0,,Francisco Cerundolo,R,185.0,ARG,26.689,210150,22.0,,Jakub Mensik,R,196.0,CZE,19.636,3-6 7-6(5) 6-2,3,QF,131.0,7.0,5.0,90.0,57.0,42.0,21.0,14.0,7.0,8.0,11.0,2.0,95.0,62.0,50.0,14.0,15.0,8.0,10.0,21.0,2225.0,23.0,2032.0
2025-1536,Madrid Masters,Clay,96.0,M,20250421,93.0,207733,5.0,,Jack Draper,L,193.0,GBR,23.329,207518,10.0,,Lorenzo Musetti,R,185.0,ITA,23.135,6-3 7-6(4),3,SF,117.0,3.0,1.0,73.0,49.0,38.0,14.0,11.0,2.0,3.0,3.0,2.0,73.0,53.0,37.0,10.0,10.0,4.0,6.0,6.0,3820.0,11.0,3200.0
2025-1536,Madrid Masters,Clay,96.0,M,20250421,94.0,134770,14.0,,Casper Ruud,R,183.0,NOR,26.33,202103,20.0,,Francisco Cerundolo,R,185.0,ARG,26.689,6-4 7-5,3,SF,114.0,4.0,3.0,85.0,57.0,36.0,12.0,11.0,15.0,18.0,2.0,3.0,65.0,40.0,27.0,11.0,11.0,4.0,9.0,15.0,2815.0,21.0,2225.0
2025-1536,Madrid Masters,Clay,96.0,M,20250421,95.0,134770,14.0,,Casper Ruud,R,183.0,NOR,26.33,207733,5.0,,Jack Draper,L,193.0,GBR,23.329,7-5 3-6 6-4,3,F,149.0,9.0,7.0,96.0,57.0,46.0,15.0,16.0,4.0,7.0,6.0,3.0,102.0,65.0,47.0,17.0,15.0,7.0,10.0,15.0,2815.0,6.0,3820.0
2025-416,Rome Masters,Clay,96.0,M,20250505,1.0,105138,,,Roberto Bautista Agut,R,183.0,ESP,37.057,208286,,,Matteo Arnaldi,R,185.0,ITA,24.197,6-4 6-3,3,R128,114.0,1.0,2.0,76.0,52.0,33.0,13.0,10.0,7.0,9.0,4.0,2.0,55.0,35.0,22.0,5.0,9.0,4.0,8.0,56.0,969.0,37.0,1410.0
2025-416,Rome Masters,Clay,96.0,M,20250505,2.0,122330,,,Alexander Bublik,R,196.0,KAZ,27.882,126128,,,Roman Safiullin,R,185.0,RUS,27.743,6-3 7-6(4),3,R128,97.0,6.0,3.0,71.0,45.0,34.0,16.0,11.0,5.0,7.0,1.0,2.0,76.0,52.0,32.0,14.0,10.0,4.0,7.0,76.0,820.0,77.0,816.0
2025-416,Rome Masters,Clay,96.0,M,20250505,3.0,207411,,LL,Jesper de Jong,R,180.0,NED,24.928,207686,,Q,Alexander Shevchenko,R,188.0,KAZ,24.43,6-2 6-4,3,R128,86.0,5.0,2.0,54.0,33.0,29.0,11.0,9.0,3.0,3.0,2.0,3.0,65.0,32.0,19.0,16.0,9.0,4.0,7.0,93.0,640.0,97.0,605.0
2025-416,Rome Masters,Clay,96.0,M,20250505,4.0,207985,,,Jacob Fearnley,R,183.0,GBR,23.806,104926,,WC,Fabio Fognini,R,178.0,ITA,37.949,6-2 6-3,3,R128,80.0,1.0,5.0,53.0,29.0,20.0,12.0,9.0,2.0,4.0,1.0,1.0,55.0,27.0,14.0,12.0,8.0,3.0,8.0,57.0,953.0,107.0,566.0
2025-416,Rome Masters,Clay,96.0,M,20250505,5.0,209263,,WC,Matteo Gigante,L,180.0,ITA,23.332,126239,,,Arthur Rinderknech,R,196.0,FRA,29.785,7-6(4) 7-6(4),3,R128,133.0,5.0,6.0,106.0,63.0,45.0,21.0,12.0,7.0,8.0,8.0,2.0,84.0,50.0,37.0,16.0,12.0,1.0,2.0,164.0,341.0,75.0,826.0
2025-416,Rome Masters,Clay,96.0,M,20250505,6.0,106218,,,Marcos Giron,R,180.0,USA,31.781,209113,,,Gabriel Diallo,R,203.0,CAN,23.611,3-6 6-3 6-4,3,R128,119.0,2.0,1.0,85.0,49.0,31.0,27.0,14.0,2.0,3.0,4.0,1.0,79.0,55.0,38.0,16.0,14.0,1.0,3.0,45.0,1245.0,54.0,995.0
2025-416,Rome Masters,Clay,96.0,M,20250505,7.0,111797,,,Nicolas Jarry,R,201.0,CHI,29.566,200384,,,Hugo Gaston,L,173.0,FRA,24.605,7-6(4) 6-4,3,R128,111.0,4.0,1.0,70.0,51.0,40.0,12.0,11.0,2.0,2.0,1.0,3.0,80.0,53.0,38.0,14.0,11.0,7.0,8.0,53.0,1010.0,78.0,793.0
2025-416,Rome Masters,Clay,96.0,M,20250505,8.0,206681,,,Fabian Marozsan,R,193.0,HUN,25.574,211663,,,Joao Fonseca,R,188.0,BRA,18.705,6-3 7-6(4),3,R128,87.0,3.0,1.0,67.0,40.0,30.0,19.0,11.0,3.0,4.0,4.0,4.0,68.0,37.0,23.0,18.0,10.0,1.0,3.0,61.0,935.0,65.0,897.0
2025-416,Rome Masters,Clay,96.0,M,20250505,9.0,124079,,,Pedro Martinez,R,185.0,ESP,28.025,208233,,,Mattia Bellucci,L,175.0,ITA,23.926,6-4 6-2,3,R128,92.0,2.0,0.0,54.0,40.0,28.0,9.0,9.0,4.0,5.0,4.0,5.0,63.0,35.0,24.0,10.0,9.0,3.0,7.0,49.0,1115.0,68.0,891.0
2025-416,Rome Masters,Clay,96.0,M,20250505,10.0,144719,,,Jaume Munar,R,183.0,ESP,28.0,144642,,Q,Tomas Barrios Vera,R,191.0,CHI,27.4,4-6 6-2 7-5,3,R128,186.0,8.0,3.0,94.0,56.0,41.0,18.0,15.0,6.0,9.0,1.0,1.0,109.0,72.0,44.0,17.0,15.0,15.0,20.0,66.0,892.0,118.0,506.0
2025-416,Rome Masters,Clay,96.0,M,20250505,11.0,208134,,WC,Luca Nardi,R,185.0,ITA,21.747,207925,,,Flavio Cobolli,R,183.0,ITA,22.998,6-3 6-4,3,R128,88.0,1.0,5.0,56.0,27.0,20.0,19.0,10.0,0.0,1.0,2.0,5.0,64.0,31.0,21.0,16.0,9.0,6.0,9.0,95.0,632.0,34.0,1520.0
2025-416,Rome Masters,Clay,96.0,M,20250505,12.0,208363,,,Mariano Navone,R,178.0,ARG,24.183,900022,,WC,Federico Cina,R,185.0,ITA,18.1,6-3 6-3,3,R128,84.0,2.0,1.0,60.0,38.0,26.0,13.0,9.0,4.0,5.0,0.0,2.0,51.0,38.0,24.0,5.0,9.0,0.0,4.0,99.0,600.0,323.0,160.0
2025-416,Rome Masters,Clay,96.0,M,20250505,13.0,124116,,Q,Sebastian Ofner,R,191.0,AUT,28.98,106148,,,Roberto Carballes Baena,R,183.0,ESP,32.118,6-3 RET,3,R128,50.0,3.0,2.0,25.0,12.0,11.0,9.0,5.0,0.0,0.0,0.0,2.0,41.0,19.0,11.0,11.0,4.0,4.0,5.0,143.0,398.0,59.0,946.0
2025-416,Rome Masters,Clay,96.0,M,20250505,14.0,205734,,Q,Thiago Seyboth Wild,R,185.0,BRA,25.153,132686,,,Nuno Borges,R,185.0,POR,28.205,6-1 4-6 6-4,3,R128,143.0,9.0,3.0,99.0,55.0,36.0,26.0,13.0,5.0,6.0,6.0,5.0,88.0,57.0,38.0,13.0,14.0,6.0,10.0,120.0,493.0,40.0,1360.0
2025-416,Rome Masters,Clay,96.0,M,20250505,15.0,210530,,,Learner Tien,L,180.0,USA,19.422,124187,,PR,Reilly Opelka,R,211.0,USA,27.685,6-4 7-6(11),3,R128,108.0,0.0,6.0,73.0,36.0,29.0,22.0,11.0,4.0,6.0,5.0,4.0,80.0,49.0,33.0,16.0,11.0,4.0,7.0,70.0,878.0,94.0,634.0
2025-416,Rome Masters,Clay,96.0,M,20250505,16.0,126846,,,Aleksandar Vukic,R,188.0,AUS,29.079,134457,,Q,Nicolas Moreno De Alboran,R,185.0,USA,27.808,7-6(2) 6-2,3,R128,91.0,6.0,1.0,64.0,38.0,29.0,17.0,10.0,3.0,4.0,3.0,0.0,60.0,46.0,29.0,9.0,10.0,5.0,8.0,79.0,792.0,149.0,386.0
2025-416,Rome Masters,Clay,96.0,M,20250505,17.0,208882,,Q,Roman Andres Burruchaga,R,183.0,ARG,23.28,132283,,,Lorenzo Sonego,R,191.0,ITA,29.985,6-2 6-3,3,R128,92.0,0.0,1.0,58.0,39.0,25.0,10.0,8.0,3.0,4.0,1.0,4.0,57.0,33.0,18.0,9.0,9.0,3.0,8.0,135.0,439.0,44.0,1245.0
2025-416,Rome Masters,Clay,96.0,M,20250505,18.0,207681,,,Francisco Comesana,R,178.0,ARG,24.578,127157,,,Daniel Altmaier,R,188.0,GER,26.645,6-1 7-5,3,R128,82.0,7.0,4.0,60.0,38.0,29.0,12.0,10.0,4.0,6.0,5.0,2.0,58.0,31.0,18.0,8.0,9.0,4.0,9.0,63.0,906.0,71.0,872.0
2025-416,Rome Masters,Clay,96.0,M,20250505,19.0,209260,,,Luciano Darderi,R,183.0,ITA,23.22,900002,,,Yunchaokete Bu,R,185.0,CHN,23.291,7-6(4) 6-3,3,R128,111.0,7.0,3.0,65.0,36.0,26.0,20.0,10.0,2.0,2.0,4.0,2.0,70.0,35.0,27.0,18.0,11.0,1.0,3.0,46.0,1204.0,73.0,857.0
2025-416,Rome Masters,Clay,96.0,M,20250505,20.0,111513,,,Laslo Djere,R,188.0,SRB,29.925,144869,,,Tomas Martin Etcheverry,R,196.0,ARG,25.799,6-3 6-2,3,R128,74.0,1.0,2.0,41.0,25.0,21.0,12.0,8.0,0.0,0.0,2.0,2.0,51.0,32.0,21.0,7.0,9.0,3.0,7.0,64.0,902.0,51.0,1015.0
2025-416,Rome Masters,Clay,96.0,M,20250505,21.0,209147,,Q,Vilius Gaubas,R,178.0,LTU,20.348,106000,,,Damir Dzumhur,R,175.0,BIH,32.958,7-6(3) 2-6 6-4,3,R128,147.0,0.0,0.0,103.0,77.0,43.0,15.0,15.0,6.0,12.0,0.0,1.0,85.0,54.0,36.0,12.0,15.0,2.0,7.0,154.0,371.0,69.0,881.0
2025-416,Rome Masters,Clay,96.0,M,20250505,22.0,134868,,,Tallon Griekspoor,R,188.0,NED,28.841,200175,,,Miomir Kecmanovic,R,183.0,SRB,25.678,4-6 6-3 6-0,3,R128,94.0,16.0,1.0,73.0,54.0,43.0,8.0,13.0,2.0,4.0,3.0,6.0,71.0,46.0,28.0,8.0,12.0,2.0,7.0,35.0,1505.0,47.0,1186.0
2025-416,Rome Masters,Clay,96.0,M,20250505,23.0,200240,,Q,Vit Kopriva,R,178.0,CZE,27.888,111460,,,Quentin Halys,R,191.0,FRA,28.523,6-4 6-3,3,R128,93.0,2.0,5.0,56.0,33.0,26.0,11.0,9.0,1.0,2.0,3.0,2.0,72.0,48.0,33.0,6.0,10.0,5.0,9.0,92.0,655.0,52.0,1015.0
2025-416,Rome Masters,Clay,96.0,M,20250505,24.0,105583,,Q,Dusan Lajovic,R,183.0,SRB,34.847,106415,,,Yoshihito Nishioka,L,170.0,JPN,29.604,7-5 6-1,3,R128,80.0,5.0,1.0,60.0,41.0,32.0,8.0,10.0,2.0,3.0,1.0,3.0,55.0,29.0,19.0,12.0,9.0,6.0,10.0,131.0,446.0,74.0,833.0
2025-416,Rome Masters,Clay,96.0,M,20250505,25.0,144895,,,Corentin Moutet,L,180.0,FRA,26.045,208014,,,Rinky Hijikata,R,178.0,AUS,24.194,3-6 6-1 7-5,3,R128,153.0,1.0,6.0,101.0,62.0,38.0,23.0,14.0,9.0,12.0,1.0,1.0,87.0,53.0,32.0,19.0,14.0,6.0,11.0,83.0,752.0,82.0,761.0
2025-416,Rome Masters,Clay,96.0,M,20250505,26.0,124186,,,Alexandre Muller,R,183.0,FRA,28.255,208103,,,Jiri Lehecka,R,185.0,CZE,23.488,2-6 6-3 7-6(5),3,R128,156.0,1.0,3.0,111.0,84.0,49.0,9.0,15.0,8.0,14.0,7.0,5.0,96.0,49.0,32.0,20.0,14.0,7.0,12.0,39.0,1403.0,38.0,1405.0
2025-416,Rome Masters,Clay,96.0,M,20250505,27.0,111815,,LL,Cameron Norrie,L,188.0,GBR,29.7,900000,,,Christopher O'Connell,R,183.0,AUS,30.921,6-3 6-2,3,R128,76.0,2.0,1.0,55.0,31.0,27.0,14.0,9.0,3.0,3.0,5.0,0.0,48.0,30.0,16.0,12.0,8.0,2.0,5.0,91.0,667.0,81.0,765.0
2025-416,Rome Masters,Clay,96.0,M,20250505,28.0,208859,,WC,Francesco Passaro,R,180.0,ITA,24.323,202358,,Q,Chun-Hsin Tseng,R,175.0,TPE,23.74,6-0 2-6 6-3,3,R128,117.0,8.0,2.0,84.0,56.0,42.0,11.0,12.0,3.0,5.0,1.0,4.0,77.0,44.0,26.0,15.0,11.0,9.0,13.0,101.0,593.0,102.0,593.0
2025-416,Rome Masters,Clay,96.0,M,20250505,29.0,126535,,Q,Carlos Taberner,R,183.0,ESP,27.74,206499,,,Aleksandar Kovacevic,R,183.0,USA,26.683,6-3 1-6 7-5,3,R128,137.0,5.0,4.0,80.0,62.0,41.0,8.0,14.0,4.0,8.0,11.0,8.0,88.0,59.0,40.0,14.0,14.0,4.0,8.0,139.0,417.0,80.0,785.0
2025-416,Rome Masters,Clay,96.0,M,20250505,30.0,111442,,,Jordan Thompson,R,183.0,AUS,31.042,208659,,,Giovanni Mpetshi Perricard,R,203.0,FRA,21.826,3-6 6-3 7-6(5),3,R128,142.0,5.0,3.0,80.0,45.0,36.0,23.0,15.0,0.0,2.0,13.0,2.0,92.0,58.0,43.0,19.0,15.0,3.0,5.0,41.0,1355.0,36.0,1464.0
2025-416,Rome Masters,Clay,96.0,M,20250505,31.0,200116,,,Camilo Ugo Carabelli,R,185.0,ARG,25.884,105807,,LL,Pablo Carreno Busta,R,188.0,ESP,33.815,6-2 1-6 6-3,3,R128,126.0,1.0,3.0,78.0,55.0,33.0,13.0,12.0,0.0,3.0,1.0,1.0,75.0,52.0,31.0,13.0,12.0,7.0,11.0,60.0,944.0,98.0,601.0
2025-416,Rome Masters,Clay,96.0,M,20250505,32.0,202261,,Q,Otto Virtanen,R,193.0,FIN,23.871,209098,,,Hamad Medjedovic,R,188.0,SRB,21.799,6-4 6-4,3,R128,99.0,8.0,3.0,79.0,39.0,26.0,25.0,10.0,8.0,9.0,2.0,5.0,55.0,33.0,26.0,7.0,10.0,2.0,5.0,130.0,455.0,72.0,871.0
2025-416,Rome Masters,Clay,96.0,M,20250505,33.0,206173,1.0,,Jannik Sinner,R,191.0,ITA,23.718,208363,,,Mariano Navone,R,178.0,ARG,24.183,6-3 6-4,3,R64,98.0,1.0,1.0,63.0,38.0,24.0,17.0,10.0,2.0,3.0,0.0,1.0,60.0,45.0,26.0,8.0,9.0,4.0,7.0,1.0,9730.0,99.0,600.0
2025-416,Rome Masters,Clay,96.0,M,20250505,34.0,106218,,,Marcos Giron,R,180.0,USA,31.781,126203,4.0,,Taylor Fritz,R,196.0,USA,27.518,7-6(4) 7-6(3),3,R64,102.0,4.0,3.0,77.0,44.0,34.0,16.0,12.0,4.0,7.0,4.0,2.0,71.0,43.0,31.0,12.0,12.0,0.0,3.0,45.0,1245.0,4.0,4815.0
2025-416,Rome Masters,Clay,96.0,M,20250505,35.0,134770,6.0,,Casper Ruud,R,183.0,NOR,26.368,122330,,,Alexander Bublik,R,196.0,KAZ,27.882,6-4 4-6 6-3,3,R64,116.0,7.0,2.0,78.0,48.0,37.0,19.0,15.0,0.0,2.0,15.0,5.0,95.0,63.0,46.0,12.0,14.0,5.0,8.0,7.0,3715.0,76.0,820.0
2025-416,Rome Masters,Clay,96.0,M,20250505,36.0,200282,7.0,,Alex de Minaur,R,183.0,AUS,26.212,208134,,WC,Luca Nardi,R,185.0,ITA,21.747,6-4 7-5,3,R64,117.0,5.0,0.0,58.0,33.0,29.0,9.0,11.0,1.0,3.0,2.0,3.0,90.0,53.0,36.0,13.0,11.0,12.0,16.0,8.0,3635.0,95.0,632.0
2025-416,Rome Masters,Clay,96.0,M,20250505,37.0,126205,11.0,,Tommy Paul,R,185.0,USA,27.967,105138,,,Roberto Bautista Agut,R,183.0,ESP,37.057,6-1 6-4,3,R64,80.0,2.0,0.0,45.0,22.0,19.0,14.0,8.0,0.0,0.0,0.0,0.0,53.0,28.0,18.0,11.0,9.0,0.0,4.0,12.0,3210.0,56.0,969.0
2025-416,Rome Masters,Clay,96.0,M,20250505,38.0,144719,,,Jaume Munar,R,183.0,ESP,28.0,210097,12.0,,Ben Shelton,L,193.0,USA,22.571,6-2 6-1,3,R64,77.0,0.0,2.0,47.0,33.0,24.0,10.0,7.0,1.0,1.0,1.0,2.0,56.0,31.0,19.0,7.0,8.0,7.0,12.0,66.0,892.0,13.0,3020.0
2025-416,Rome Masters,Clay,96.0,M,20250505,39.0,124116,,Q,Sebastian Ofner,R,191.0,AUT,28.98,126207,15.0,,Frances Tiafoe,R,188.0,USA,27.288,6-2 6-7(2) 6-3,3,R64,120.0,6.0,1.0,88.0,42.0,35.0,27.0,15.0,3.0,4.0,8.0,2.0,80.0,46.0,36.0,19.0,14.0,3.0,7.0,143.0,398.0,16.0,2640.0
2025-416,Rome Masters,Clay,96.0,M,20250505,40.0,206681,,,Fabian Marozsan,R,193.0,HUN,25.574,126094,16.0,,Andrey Rublev,R,188.0,RUS,27.54,7-5 4-6 6-3,3,R64,142.0,8.0,2.0,104.0,67.0,48.0,15.0,16.0,5.0,9.0,5.0,1.0,108.0,58.0,42.0,21.0,15.0,13.0,18.0,61.0,935.0,17.0,2580.0
2025-416,Rome Masters,Clay,96.0,M,20250505,41.0,202103,17.0,,Francisco Cerundolo,R,185.0,ARG,26.727,111797,,,Nicolas Jarry,R,201.0,CHI,29.566,7-6(4) 6-3,3,R64,117.0,3.0,2.0,77.0,51.0,35.0,18.0,11.0,3.0,4.0,7.0,3.0,78.0,47.0,33.0,15.0,10.0,14.0,16.0,18.0,2425.0,53.0,1010.0
2025-416,Rome Masters,Clay,96.0,M,20250505,42.0,207830,19.0,,Tomas Machac,R,183.0,CZE,24.559,210530,,,Learner Tien,L,180.0,USA,19.422,6-4 6-4,3,R64,82.0,0.0,1.0,54.0,25.0,22.0,14.0,10.0,1.0,3.0,2.0,4.0,64.0,37.0,23.0,12.0,10.0,6.0,10.0,20.0,2215.0,70.0,878.0
2025-416,Rome Masters,Clay,96.0,M,20250505,43.0,210150,20.0,,Jakub Mensik,R,196.0,CZE,19.674,209263,,WC,Matteo Gigante,L,180.0,ITA,23.332,7-6(4) 7-5,3,R64,102.0,7.0,2.0,73.0,38.0,28.0,25.0,12.0,0.0,0.0,5.0,4.0,71.0,41.0,30.0,20.0,12.0,3.0,4.0,21.0,2182.0,164.0,341.0
2025-416,Rome Masters,Clay,96.0,M,20250505,44.0,200624,22.0,,Sebastian Korda,R,196.0,USA,24.832,126846,,,Aleksandar Vukic,R,188.0,AUS,29.079,6-3 6-4,3,R64,87.0,4.0,0.0,65.0,39.0,30.0,17.0,10.0,7.0,7.0,5.0,2.0,65.0,35.0,24.0,15.0,9.0,4.0,6.0,23.0,2020.0,79.0,792.0
2025-416,Rome Masters,Clay,96.0,M,20250505,45.0,207411,,LL,Jesper de Jong,R,180.0,NED,24.928,200221,25.0,,Alejandro Davidovich Fokina,R,180.0,ESP,25.916,6-0 6-2,3,R64,66.0,2.0,1.0,45.0,30.0,23.0,5.0,7.0,3.0,4.0,1.0,2.0,47.0,30.0,13.0,5.0,7.0,6.0,12.0,93.0,640.0,26.0,1745.0
2025-416,Rome Masters,Clay,96.0,M,20250505,46.0,126610,29.0,,Matteo Berrettini,R,196.0,ITA,29.062,207985,,,Jacob Fearnley,R,183.0,GBR,23.806,6-4 7-6(0),3,R64,116.0,6.0,2.0,66.0,44.0,34.0,15.0,11.0,1.0,2.0,3.0,4.0,81.0,48.0,35.0,13.0,11.0,5.0,7.0,30.0,1670.0,57.0,953.0
2025-416,Rome Masters,Clay,96.0,M,20250505,47.0,128034,30.0,,Hubert Hurkacz,R,196.0,POL,28.227,124079,,,Pedro Martinez,R,185.0,ESP,28.025,6-1 7-5,3,R64,83.0,7.0,1.0,50.0,38.0,31.0,7.0,10.0,0.0,1.0,0.0,4.0,60.0,44.0,27.0,6.0,9.0,2.0,6.0,31.0,1665.0,49.0,1115.0
2025-416,Rome Masters,Clay,96.0,M,20250505,48.0,106198,,LL,Hugo Dellien,R,180.0,BOL,31.885,205734,,Q,Thiago Seyboth Wild,R,185.0,BRA,25.153,4-6 6-3 6-4,3,R64,135.0,2.0,1.0,88.0,57.0,40.0,17.0,15.0,1.0,4.0,4.0,1.0,88.0,58.0,40.0,11.0,14.0,5.0,9.0,103.0,587.0,120.0,493.0
2025-416,Rome Masters,Clay,96.0,M,20250505,49.0,100644,2.0,,Alexander Zverev,R,198.0,GER,28.041,200116,,,Camilo Ugo Carabelli,R,185.0,ARG,25.884,6-2 6-1,3,R64,66.0,1.0,1.0,45.0,29.0,20.0,9.0,7.0,3.0,4.0,1.0,4.0,44.0,35.0,16.0,1.0,8.0,4.0,10.0,2.0,8085.0,60.0,944.0
2025-416,Rome Masters,Clay,96.0,M,20250505,50.0,207989,3.0,,Carlos Alcaraz,R,183.0,ESP,22.001,105583,,Q,Dusan Lajovic,R,183.0,SRB,34.847,6-3 6-3,3,R64,82.0,3.0,2.0,51.0,36.0,26.0,9.0,9.0,1.0,2.0,3.0,1.0,67.0,41.0,24.0,12.0,9.0,6.0,10.0,3.0,7850.0,131.0,446.0
2025-416,Rome Masters,Clay,96.0,M,20250505,51.0,207733,5.0,,Jack Draper,L,193.0,GBR,23.368,209260,,,Luciano Darderi,R,183.0,ITA,23.22,6-1 6-4,3,R64,78.0,7.0,0.0,65.0,46.0,35.0,8.0,8.0,7.0,7.0,2.0,1.0,53.0,30.0,18.0,9.0,9.0,1.0,5.0,5.0,4440.0,46.0,1204.0
2025-416,Rome Masters,Clay,96.0,M,20250505,52.0,207518,8.0,,Lorenzo Musetti,R,185.0,ITA,23.173,202261,,Q,Otto Virtanen,R,193.0,FIN,23.871,6-3 6-2,3,R64,85.0,1.0,1.0,53.0,37.0,30.0,9.0,9.0,0.0,0.0,1.0,1.0,65.0,38.0,25.0,10.0,8.0,6.0,9.0,9.0,3550.0,130.0,455.0
2025-416,Rome Masters,Clay,96.0,M,20250505,53.0,208029,9.0,,Holger Rune,R,188.0,DEN,22.018,207681,,,Francisco Comesana,R,178.0,ARG,24.578,3-6 6-3 6-4,3,R64,177.0,3.0,2.0,136.0,93.0,59.0,21.0,14.0,18.0,20.0,4.0,4.0,96.0,59.0,40.0,19.0,14.0,7.0,10.0,10.0,3440.0,63.0,906.0
2025-416,Rome Masters,Clay,96.0,M,20250505,54.0,106421,10.0,,Daniil Medvedev,R,198.0,RUS,29.229,111815,,LL,Cameron Norrie,L,188.0,GBR,29.7,6-4 6-2,3,R64,92.0,4.0,4.0,50.0,34.0,25.0,10.0,9.0,0.0,1.0,0.0,2.0,77.0,54.0,33.0,8.0,9.0,10.0,14.0,11.0,3290.0,91.0,667.0
2025-416,Rome Masters,Clay,96.0,M,20250505,55.0,209950,13.0,,Arthur Fils,R,185.0,FRA,20.895,134868,,,Tallon Griekspoor,R,188.0,NED,28.841,6-2 6-2,3,R64,67.0,2.0,1.0,45.0,25.0,19.0,15.0,8.0,1.0,1.0,2.0,1.0,53.0,33.0,18.0,10.0,8.0,3.0,7.0,14.0,2920.0,35.0,1505.0
2025-416,Rome Masters,Clay,96.0,M,20250505,56.0,208859,,WC,Francesco Passaro,R,180.0,ITA,24.323,105777,14.0,,Grigor Dimitrov,R,191.0,BUL,33.971,7-5 6-3,3,R64,104.0,1.0,2.0,58.0,41.0,34.0,7.0,11.0,1.0,3.0,6.0,7.0,77.0,41.0,27.0,16.0,10.0,10.0,14.0,101.0,593.0,15.0,2685.0
2025-416,Rome Masters,Clay,96.0,M,20250505,57.0,126774,18.0,,Stefanos Tsitsipas,R,193.0,GRE,26.73,124186,,,Alexandre Muller,R,183.0,FRA,28.255,6-2 7-6(3),3,R64,91.0,8.0,3.0,57.0,36.0,29.0,12.0,10.0,0.0,1.0,2.0,3.0,73.0,55.0,32.0,8.0,10.0,4.0,7.0,19.0,2420.0,39.0,1403.0
2025-416,Rome Masters,Clay,96.0,M,20250505,58.0,144895,,,Corentin Moutet,L,180.0,FRA,26.045,200005,21.0,,Ugo Humbert,L,188.0,FRA,26.858,6-3 4-0 RET,3,R64,69.0,1.0,1.0,39.0,21.0,14.0,11.0,6.0,5.0,6.0,0.0,2.0,51.0,34.0,14.0,8.0,7.0,3.0,8.0,83.0,752.0,22.0,2145.0
2025-416,Rome Masters,Clay,96.0,M,20250505,59.0,111575,23.0,,Karen Khachanov,R,198.0,RUS,28.956,208882,,Q,Roman Andres Burruchaga,R,183.0,ARG,23.28,6-4 5-7 6-1,3,R64,160.0,5.0,3.0,103.0,75.0,48.0,15.0,14.0,7.0,10.0,1.0,3.0,96.0,62.0,37.0,17.0,15.0,4.0,10.0,24.0,1910.0,135.0,439.0
2025-416,Rome Masters,Clay,96.0,M,20250505,60.0,200615,24.0,,Alexei Popyrin,R,196.0,AUS,25.749,126535,,Q,Carlos Taberner,R,183.0,ESP,27.74,6-1 7-6(4),3,R64,100.0,9.0,1.0,68.0,45.0,32.0,15.0,10.0,2.0,3.0,0.0,3.0,59.0,41.0,27.0,9.0,9.0,5.0,8.0,25.0,1860.0,139.0,417.0
2025-416,Rome Masters,Clay,96.0,M,20250505,61.0,209147,,Q,Vilius Gaubas,R,178.0,LTU,20.348,133430,27.0,,Denis Shapovalov,L,185.0,CAN,26.056,6-3 6-4,3,R64,107.0,0.0,2.0,73.0,57.0,37.0,10.0,10.0,6.0,7.0,4.0,9.0,66.0,35.0,22.0,14.0,9.0,3.0,6.0,154.0,371.0,28.0,1726.0
2025-416,Rome Masters,Clay,96.0,M,20250505,62.0,206909,28.0,,Brandon Nakashima,R,188.0,USA,23.754,111442,,,Jordan Thompson,R,183.0,AUS,31.042,W/O,3,R64,,,,,,,,,,,,,,,,,,,,29.0,1675.0,41.0,1355.0
2025-416,Rome Masters,Clay,96.0,M,20250505,63.0,111513,,,Laslo Djere,R,188.0,SRB,29.925,210506,31.0,,Alex Michelsen,R,193.0,USA,20.693,6-0 6-3,3,R64,71.0,1.0,0.0,55.0,34.0,24.0,12.0,8.0,3.0,4.0,0.0,3.0,49.0,34.0,17.0,5.0,7.0,3.0,8.0,64.0,902.0,32.0,1570.0
2025-416,Rome Masters,Clay,96.0,M,20250505,64.0,200240,,Q,Vit Kopriva,R,178.0,CZE,27.888,202104,32.0,,Sebastian Baez,R,170.0,ARG,24.35,3-6 6-4 6-4,3,R64,152.0,3.0,1.0,95.0,66.0,40.0,17.0,15.0,3.0,7.0,2.0,2.0,91.0,64.0,40.0,14.0,14.0,4.0,8.0,92.0,655.0,33.0,1540.0
2025-416,Rome Masters,Clay,96.0,M,20250505,65.0,206173,1.0,,Jannik Sinner,R,191.0,ITA,23.718,207411,,LL,Jesper de Jong,R,180.0,NED,24.928,6-4 6-2,3,R32,93.0,4.0,1.0,52.0,33.0,21.0,13.0,9.0,2.0,4.0,1.0,1.0,58.0,28.0,15.0,11.0,9.0,2.0,7.0,1.0,9730.0,93.0,640.0
2025-416,Rome Masters,Clay,96.0,M,20250505,66.0,134770,6.0,,Casper Ruud,R,183.0,NOR,26.368,126610,29.0,,Matteo Berrettini,R,196.0,ITA,29.062,7-5 2-0 RET,3,R32,60.0,4.0,1.0,35.0,25.0,22.0,6.0,7.0,0.0,0.0,1.0,1.0,44.0,30.0,21.0,6.0,7.0,2.0,4.0,7.0,3715.0,30.0,1670.0
2025-416,Rome Masters,Clay,96.0,M,20250505,67.0,200282,7.0,,Alex de Minaur,R,183.0,AUS,26.212,106198,,LL,Hugo Dellien,R,180.0,BOL,31.885,6-4 6-4,3,R32,117.0,3.0,1.0,62.0,25.0,19.0,23.0,10.0,5.0,6.0,1.0,0.0,57.0,38.0,24.0,11.0,10.0,3.0,6.0,8.0,3635.0,103.0,587.0
2025-416,Rome Masters,Clay,96.0,M,20250505,68.0,126205,11.0,,Tommy Paul,R,185.0,USA,27.967,207830,19.0,,Tomas Machac,R,183.0,CZE,24.559,6-3 6-7(5) 6-4,3,R32,143.0,7.0,0.0,99.0,57.0,44.0,22.0,16.0,2.0,4.0,3.0,1.0,86.0,50.0,34.0,21.0,15.0,2.0,6.0,12.0,3210.0,20.0,2215.0
2025-416,Rome Masters,Clay,96.0,M,20250505,69.0,202103,17.0,,Francisco Cerundolo,R,185.0,ARG,26.727,124116,,Q,Sebastian Ofner,R,191.0,AUT,28.98,6-2 6-4,3,R32,76.0,2.0,0.0,53.0,35.0,27.0,12.0,9.0,3.0,3.0,4.0,0.0,51.0,27.0,19.0,11.0,9.0,1.0,4.0,18.0,2425.0,143.0,398.0
2025-416,Rome Masters,Clay,96.0,M,20250505,70.0,210150,20.0,,Jakub Mensik,R,196.0,CZE,19.674,206681,,,Fabian Marozsan,R,193.0,HUN,25.574,6-4 7-6(2),3,R32,89.0,10.0,2.0,64.0,35.0,29.0,17.0,11.0,4.0,6.0,2.0,5.0,72.0,42.0,29.0,14.0,11.0,3.0,6.0,21.0,2182.0,61.0,935.0
2025-416,Rome Masters,Clay,96.0,M,20250505,71.0,144719,,,Jaume Munar,R,183.0,ESP,28.0,200624,22.0,,Sebastian Korda,R,196.0,USA,24.832,6-4 6-2,3,R32,87.0,1.0,2.0,52.0,37.0,28.0,7.0,9.0,2.0,3.0,5.0,1.0,54.0,36.0,21.0,8.0,9.0,3.0,7.0,66.0,892.0,23.0,2020.0
2025-416,Rome Masters,Clay,96.0,M,20250505,72.0,128034,30.0,,Hubert Hurkacz,R,196.0,POL,28.227,106218,,,Marcos Giron,R,180.0,USA,31.781,6-3 1-6 6-1,3,R32,96.0,12.0,0.0,70.0,45.0,36.0,9.0,12.0,1.0,4.0,6.0,0.0,64.0,38.0,23.0,14.0,11.0,7.0,11.0,31.0,1665.0,45.0,1245.0
2025-416,Rome Masters,Clay,96.0,M,20250505,73.0,100644,2.0,,Alexander Zverev,R,198.0,GER,28.041,209147,,Q,Vilius Gaubas,R,178.0,LTU,20.348,6-4 6-0,3,R32,85.0,0.0,0.0,45.0,29.0,22.0,8.0,8.0,2.0,4.0,0.0,0.0,66.0,44.0,18.0,9.0,8.0,6.0,12.0,2.0,8085.0,154.0,371.0
2025-416,Rome Masters,Clay,96.0,M,20250505,74.0,207989,3.0,,Carlos Alcaraz,R,183.0,ESP,22.001,111513,,,Laslo Djere,R,188.0,SRB,29.925,7-6(2) 6-2,3,R32,103.0,1.0,0.0,66.0,44.0,30.0,14.0,10.0,2.0,4.0,1.0,3.0,72.0,36.0,21.0,19.0,10.0,5.0,9.0,3.0,7850.0,64.0,902.0
2025-416,Rome Masters,Clay,96.0,M,20250505,75.0,207733,5.0,,Jack Draper,L,193.0,GBR,23.368,200240,,Q,Vit Kopriva,R,178.0,CZE,27.888,6-4 6-3,3,R32,101.0,3.0,2.0,49.0,29.0,24.0,14.0,9.0,4.0,4.0,1.0,5.0,79.0,43.0,27.0,19.0,10.0,10.0,13.0,5.0,4440.0,92.0,655.0
2025-416,Rome Masters,Clay,96.0,M,20250505,76.0,207518,8.0,,Lorenzo Musetti,R,185.0,ITA,23.173,206909,28.0,,Brandon Nakashima,R,188.0,USA,23.754,6-4 6-3,3,R32,83.0,4.0,1.0,52.0,39.0,32.0,6.0,9.0,1.0,1.0,4.0,0.0,49.0,30.0,25.0,7.0,10.0,1.0,4.0,9.0,3550.0,29.0,1675.0
2025-416,Rome Masters,Clay,96.0,M,20250505,77.0,144895,,,Corentin Moutet,L,180.0,FRA,26.045,208029,9.0,,Holger Rune,R,188.0,DEN,22.018,7-5 5-7 7-6(4),3,R32,224.0,4.0,4.0,113.0,64.0,50.0,23.0,18.0,1.0,4.0,4.0,8.0,135.0,58.0,40.0,41.0,18.0,10.0,13.0,83.0,752.0,10.0,3440.0
2025-416,Rome Masters,Clay,96.0,M,20250505,78.0,106421,10.0,,Daniil Medvedev,R,198.0,RUS,29.229,200615,24.0,,Alexei Popyrin,R,196.0,AUS,25.749,6-4 6-1,3,R32,86.0,4.0,3.0,62.0,39.0,29.0,10.0,9.0,6.0,7.0,2.0,0.0,57.0,32.0,20.0,11.0,8.0,2.0,6.0,11.0,3290.0,25.0,1860.0
2025-416,Rome Masters,Clay,96.0,M,20250505,79.0,209950,13.0,,Arthur Fils,R,185.0,FRA,20.895,126774,18.0,,Stefanos Tsitsipas,R,193.0,GRE,26.73,2-6 6-4 6-2,3,R32,113.0,3.0,0.0,73.0,46.0,29.0,19.0,13.0,2.0,4.0,5.0,4.0,76.0,46.0,32.0,14.0,13.0,0.0,3.0,14.0,2920.0,19.0,2420.0
2025-416,Rome Masters,Clay,96.0,M,20250505,80.0,111575,23.0,,Karen Khachanov,R,198.0,RUS,28.956,208859,,WC,Francesco Passaro,R,180.0,ITA,24.323,6-3 6-0,3,R32,61.0,1.0,1.0,40.0,21.0,17.0,10.0,7.0,1.0,2.0,1.0,2.0,41.0,23.0,10.0,4.0,8.0,0.0,6.0,24.0,1910.0,101.0,593.0
2025-416,Rome Masters,Clay,96.0,M,20250505,81.0,134770,6.0,,Casper Ruud,R,183.0,NOR,26.368,144719,,,Jaume Munar,R,183.0,ESP,28.0,6-3 6-4,3,R16,97.0,1.0,1.0,54.0,32.0,25.0,17.0,10.0,2.0,2.0,3.0,3.0,61.0,34.0,23.0,16.0,9.0,3.0,5.0,7.0,3715.0,66.0,892.0
2025-416,Rome Masters,Clay,96.0,M,20250505,82.0,206173,1.0,,Jannik Sinner,R,191.0,ITA,23.718,202103,17.0,,Francisco Cerundolo,R,185.0,ARG,26.727,7-6(2) 6-3,3,R16,137.0,2.0,0.0,91.0,60.0,40.0,15.0,11.0,6.0,8.0,2.0,3.0,86.0,60.0,36.0,11.0,10.0,9.0,12.0,1.0,9730.0,18.0,2425.0
2025-416,Rome Masters,Clay,96.0,M,20250505,83.0,100644,2.0,,Alexander Zverev,R,198.0,GER,28.041,209950,13.0,,Arthur Fils,R,185.0,FRA,20.895,7-6(3) 6-1,3,R16,105.0,8.0,0.0,64.0,47.0,34.0,7.0,9.0,5.0,7.0,1.0,5.0,75.0,43.0,27.0,12.0,10.0,5.0,10.0,2.0,8085.0,14.0,2920.0
2025-416,Rome Masters,Clay,96.0,M,20250505,84.0,207989,3.0,,Carlos Alcaraz,R,183.0,ESP,22.001,111575,23.0,,Karen Khachanov,R,198.0,RUS,28.956,6-3 3-6 7-5,3,R16,148.0,1.0,2.0,105.0,69.0,45.0,15.0,15.0,5.0,9.0,3.0,3.0,88.0,58.0,40.0,13.0,15.0,5.0,10.0,3.0,7850.0,24.0,1910.0
2025-416,Rome Masters,Clay,96.0,M,20250505,85.0,207733,5.0,,Jack Draper,L,193.0,GBR,23.368,144895,,,Corentin Moutet,L,180.0,FRA,26.045,1-6 6-4 6-3,3,R16,140.0,2.0,2.0,72.0,45.0,32.0,15.0,13.0,1.0,4.0,2.0,3.0,79.0,43.0,29.0,21.0,13.0,5.0,8.0,5.0,4440.0,83.0,752.0
2025-416,Rome Masters,Clay,96.0,M,20250505,86.0,126205,11.0,,Tommy Paul,R,185.0,USA,27.967,200282,7.0,,Alex de Minaur,R,183.0,AUS,26.212,7-5 6-3,3,R16,114.0,0.0,1.0,74.0,43.0,27.0,19.0,11.0,8.0,10.0,1.0,3.0,72.0,41.0,23.0,15.0,10.0,3.0,7.0,12.0,3210.0,8.0,3635.0
2025-416,Rome Masters,Clay,96.0,M,20250505,87.0,207518,8.0,,Lorenzo Musetti,R,185.0,ITA,23.173,106421,10.0,,Daniil Medvedev,R,198.0,RUS,29.229,7-5 6-4,3,R16,99.0,4.0,0.0,58.0,35.0,27.0,16.0,11.0,2.0,3.0,2.0,0.0,58.0,35.0,25.0,12.0,11.0,2.0,5.0,9.0,3550.0,11.0,3290.0
2025-416,Rome Masters,Clay,96.0,M,20250505,88.0,128034,30.0,,Hubert Hurkacz,R,196.0,POL,28.227,210150,20.0,,Jakub Mensik,R,196.0,CZE,19.674,7-6(5) 4-6 7-6(5),3,R16,179.0,19.0,3.0,130.0,85.0,62.0,25.0,17.0,7.0,8.0,17.0,6.0,115.0,63.0,54.0,27.0,17.0,3.0,3.0,31.0,1665.0,21.0,2182.0
2025-416,Rome Masters,Clay,96.0,M,20250505,89.0,206173,1.0,,Jannik Sinner,R,191.0,ITA,23.718,134770,6.0,,Casper Ruud,R,183.0,NOR,26.368,6-0 6-1,3,QF,64.0,1.0,0.0,33.0,23.0,18.0,7.0,6.0,0.0,0.0,1.0,2.0,44.0,23.0,10.0,4.0,7.0,3.0,9.0,1.0,9730.0,7.0,3715.0
2025-416,Rome Masters,Clay,96.0,M,20250505,90.0,126205,11.0,,Tommy Paul,R,185.0,USA,27.967,128034,30.0,,Hubert Hurkacz,R,196.0,POL,28.227,7-6(4) 6-3,3,QF,118.0,1.0,1.0,91.0,53.0,39.0,17.0,11.0,5.0,8.0,6.0,2.0,71.0,44.0,31.0,8.0,10.0,5.0,9.0,12.0,3210.0,31.0,1665.0
2025-416,Rome Masters,Clay,96.0,M,20250505,91.0,207518,8.0,,Lorenzo Musetti,R,185.0,ITA,23.173,100644,2.0,,Alexander Zverev,R,198.0,GER,28.041,7-6(1) 6-4,3,QF,135.0,2.0,0.0,74.0,37.0,26.0,22.0,11.0,4.0,6.0,3.0,2.0,73.0,51.0,30.0,11.0,11.0,0.0,3.0,9.0,3550.0,2.0,8085.0
2025-416,Rome Masters,Clay,96.0,M,20250505,92.0,207989,3.0,,Carlos Alcaraz,R,183.0,ESP,22.001,207733,5.0,,Jack Draper,L,193.0,GBR,23.368,6-4 6-4,3,QF,97.0,1.0,3.0,80.0,49.0,30.0,18.0,10.0,6.0,8.0,1.0,2.0,47.0,32.0,18.0,7.0,10.0,0.0,4.0,3.0,7850.0,5.0,4440.0
2025-416,Rome Masters,Clay,96.0,M,20250505,93.0,206173,1.0,,Jannik Sinner,R,191.0,ITA,23.718,126205,11.0,,Tommy Paul,R,185.0,USA,27.967,1-6 6-0 6-3,3,SF,103.0,4.0,1.0,61.0,44.0,32.0,7.0,11.0,3.0,6.0,0.0,3.0,74.0,58.0,33.0,7.0,11.0,5.0,10.0,1.0,9730.0,12.0,3210.0
2025-416,Rome Masters,Clay,96.0,M,20250505,94.0,207989,3.0,,Carlos Alcaraz,R,183.0,ESP,22.001,207518,8.0,,Lorenzo Musetti,R,185.0,ITA,23.173,6-3 7-6(4),3,SF,123.0,1.0,5.0,72.0,48.0,32.0,11.0,10.0,5.0,8.0,0.0,1.0,93.0,67.0,41.0,7.0,11.0,9.0,14.0,3.0,7850.0,9.0,3550.0
2025-416,Rome Masters,Clay,96.0,M,20250505,95.0,207989,3.0,,Carlos Alcaraz,R,183.0,ESP,22.001,206173,1.0,,Jannik Sinner,R,191.0,ITA,23.718,7-6(5) 6-1,3,F,103.0,4.0,2.0,75.0,48.0,35.0,16.0,10.0,2.0,2.0,1.0,3.0,58.0,35.0,25.0,10.0,9.0,1.0,3.0,3.0,7850.0,1.0,9730.0
2025-414,Hamburg,Clay,32.0,500,20250519,1.0,126207,2.0,,Frances Tiafoe,R,188.0,USA,27.326,900002,,,Yunchaokete Bu,R,185.0,CHN,23.329,7-5 6-2,3,R32,88.0,4.0,3.0,63.0,33.0,26.0,17.0,10.0,3.0,4.0,5.0,5.0,62.0,29.0,21.0,13.0,10.0,5.0,9.0,15.0,2625.0,70.0,874.0
2025-414,Hamburg,Clay,32.0,500,20250519,2.0,200221,5.0,,Alejandro Davidovich Fokina,R,180.0,ESP,25.955,104792,,,Gael Monfils,R,193.0,FRA,38.713,6-3 6-3,3,R32,83.0,1.0,1.0,65.0,48.0,33.0,7.0,9.0,3.0,4.0,6.0,4.0,59.0,35.0,21.0,10.0,9.0,6.0,10.0,26.0,1730.0,42.0,1265.0
2025-414,Hamburg,Clay,32.0,500,20250519,3.0,200000,6.0,,Felix Auger-Aliassime,R,193.0,CAN,24.778,127157,,,Daniel Altmaier,R,188.0,GER,26.683,6-3 6-3,3,R32,79.0,5.0,1.0,48.0,33.0,29.0,8.0,9.0,1.0,1.0,2.0,3.0,59.0,35.0,24.0,10.0,9.0,3.0,6.0,30.0,1685.0,66.0,906.0
2025-414,Hamburg,Clay,32.0,500,20250519,4.0,200116,,,Camilo Ugo Carabelli,R,185.0,ARG,25.922,202104,8.0,,Sebastian Baez,R,170.0,ARG,24.389,6-3 2-6 6-4,3,R32,145.0,3.0,4.0,116.0,69.0,40.0,23.0,14.0,12.0,17.0,0.0,1.0,73.0,55.0,32.0,7.0,13.0,2.0,7.0,52.0,1000.0,36.0,1450.0
2025-414,Hamburg,Clay,32.0,500,20250519,5.0,207925,,,Flavio Cobolli,R,183.0,ITA,23.036,126964,,LL,Vitaliy Sachko,R,188.0,UKR,27.847,5-7 6-2 6-2,3,R32,157.0,4.0,5.0,106.0,65.0,41.0,16.0,14.0,6.0,11.0,1.0,4.0,106.0,62.0,34.0,16.0,14.0,15.0,23.0,35.0,1480.0,235.0,237.0
2025-414,Hamburg,Clay,32.0,500,20250519,6.0,144869,,,Tomas Martin Etcheverry,R,196.0,ARG,25.837,207681,,,Francisco Comesana,R,178.0,ARG,24.616,7-6(4) 6-3,3,R32,119.0,3.0,0.0,75.0,39.0,30.0,19.0,11.0,3.0,4.0,2.0,3.0,65.0,36.0,27.0,11.0,10.0,3.0,5.0,55.0,975.0,64.0,911.0
2025-414,Hamburg,Clay,32.0,500,20250519,7.0,208659,,,Giovanni Mpetshi Perricard,R,203.0,FRA,21.864,122330,,,Alexander Bublik,R,196.0,KAZ,27.921,7-6(6) 6-4,3,R32,84.0,10.0,5.0,79.0,52.0,42.0,13.0,11.0,4.0,5.0,7.0,2.0,65.0,44.0,31.0,12.0,11.0,2.0,4.0,32.0,1614.0,51.0,1005.0
2025-414,Hamburg,Clay,32.0,500,20250519,8.0,100644,1.0,WC,Alexander Zverev,R,198.0,GER,28.079,206499,,Q,Aleksandar Kovacevic,R,183.0,USA,26.721,6-1 7-6(5),3,R32,94.0,7.0,0.0,49.0,35.0,31.0,8.0,9.0,0.0,1.0,4.0,0.0,74.0,38.0,23.0,18.0,10.0,1.0,5.0,3.0,7285.0,80.0,787.0
2025-414,Hamburg,Clay,32.0,500,20250519,9.0,126094,3.0,,Andrey Rublev,R,188.0,RUS,27.578,106000,,,Damir Dzumhur,R,175.0,BIH,32.997,6-4 6-3,3,R32,89.0,3.0,1.0,67.0,35.0,29.0,11.0,10.0,3.0,5.0,2.0,5.0,65.0,42.0,22.0,13.0,9.0,5.0,9.0,17.0,2540.0,69.0,875.0
2025-414,Hamburg,Clay,32.0,500,20250519,10.0,206909,7.0,,Brandon Nakashima,R,188.0,USA,23.792,209920,,Q,Raphael Collignon,R,191.0,BEL,23.346,6-5 RET,3,R32,60.0,1.0,2.0,39.0,22.0,15.0,4.0,6.0,2.0,5.0,2.0,7.0,34.0,17.0,11.0,4.0,5.0,2.0,5.0,29.0,1690.0,84.0,726.0
2025-414,Hamburg,Clay,32.0,500,20250519,11.0,105138,,,Roberto Bautista Agut,R,183.0,ESP,37.095,106218,,,Marcos Giron,R,180.0,USA,31.819,7-6(5) 6-0,3,R32,97.0,0.0,0.0,65.0,38.0,25.0,14.0,9.0,1.0,3.0,5.0,1.0,58.0,29.0,18.0,9.0,9.0,4.0,9.0,57.0,974.0,43.0,1265.0
2025-414,Hamburg,Clay,32.0,500,20250519,12.0,211514,,WC,Justin Engel,R,185.0,GER,17.632,105526,,WC,Jan-Lennard Struff,R,193.0,GER,35.066,7-6(4) 7-6(4),3,R32,100.0,11.0,5.0,87.0,53.0,43.0,17.0,12.0,3.0,4.0,3.0,1.0,70.0,40.0,33.0,19.0,12.0,1.0,2.0,333.0,154.0,86.0,690.0
2025-414,Hamburg,Clay,32.0,500,20250519,13.0,208103,,,Jiri Lehecka,R,185.0,CZE,23.526,127339,,Q,Borna Gojo,R,196.0,CRO,27.222,6-4 3-6 6-2,3,R32,115.0,4.0,1.0,74.0,50.0,36.0,15.0,13.0,3.0,5.0,5.0,1.0,88.0,57.0,39.0,12.0,14.0,3.0,7.0,37.0,1415.0,255.0,221.0
2025-414,Hamburg,Clay,32.0,500,20250519,14.0,124186,,,Alexandre Muller,R,183.0,FRA,28.293,111200,,Q,Elias Ymer,R,185.0,SWE,29.106,6-3 7-5,3,R32,114.0,2.0,1.0,86.0,61.0,34.0,15.0,11.0,12.0,15.0,3.0,3.0,67.0,42.0,26.0,8.0,10.0,5.0,10.0,40.0,1313.0,279.0,190.0
2025-414,Hamburg,Clay,32.0,500,20250519,15.0,202103,4.0,,Francisco Cerundolo,R,185.0,ARG,26.765,124079,,,Pedro Martinez,R,185.0,ESP,28.063,6-2 6-3,3,R32,88.0,6.0,6.0,53.0,23.0,13.0,14.0,9.0,1.0,5.0,0.0,1.0,57.0,44.0,17.0,3.0,8.0,3.0,10.0,18.0,2475.0,48.0,1070.0
2025-414,Hamburg,Clay,32.0,500,20250519,16.0,209260,,,Luciano Darderi,R,183.0,ITA,23.258,900024,,WC,Diego Dedura-Palomero,L,180.0,GER,17.185,6-1 6-4,3,R32,69.0,4.0,5.0,57.0,29.0,26.0,14.0,9.0,6.0,6.0,0.0,3.0,45.0,30.0,20.0,5.0,8.0,0.0,3.0,45.0,1159.0,372.0,130.0
2025-414,Hamburg,Clay,32.0,500,20250519,17.0,124186,,,Alexandre Muller,R,183.0,FRA,28.293,100644,1.0,WC,Alexander Zverev,R,198.0,GER,28.079,6-3 4-6 7-6(5),3,R16,160.0,5.0,3.0,96.0,61.0,45.0,18.0,16.0,0.0,3.0,4.0,4.0,99.0,66.0,41.0,20.0,15.0,6.0,9.0,40.0,1313.0,3.0,7285.0
2025-414,Hamburg,Clay,32.0,500,20250519,18.0,105138,,,Roberto Bautista Agut,R,183.0,ESP,37.095,126207,2.0,,Frances Tiafoe,R,188.0,USA,27.326,6-2 6-3,3,R16,86.0,4.0,6.0,62.0,32.0,26.0,16.0,9.0,1.0,1.0,5.0,1.0,47.0,26.0,17.0,9.0,8.0,2.0,5.0,57.0,974.0,15.0,2625.0
2025-414,Hamburg,Clay,32.0,500,20250519,19.0,126094,3.0,,Andrey Rublev,R,188.0,RUS,27.578,211514,,WC,Justin Engel,R,185.0,GER,17.632,6-3 7-5,3,R16,102.0,7.0,3.0,79.0,45.0,34.0,15.0,11.0,5.0,7.0,3.0,2.0,65.0,40.0,25.0,10.0,10.0,9.0,13.0,17.0,2540.0,333.0,154.0
2025-414,Hamburg,Clay,32.0,500,20250519,20.0,208103,,,Jiri Lehecka,R,185.0,CZE,23.526,202103,4.0,,Francisco Cerundolo,R,185.0,ARG,26.765,7-5 6-2,3,R16,100.0,3.0,0.0,64.0,44.0,27.0,12.0,10.0,5.0,8.0,1.0,4.0,75.0,46.0,26.0,10.0,10.0,4.0,10.0,37.0,1415.0,18.0,2475.0
2025-414,Hamburg,Clay,32.0,500,20250519,21.0,207925,,,Flavio Cobolli,R,183.0,ITA,23.036,200221,5.0,,Alejandro Davidovich Fokina,R,180.0,ESP,25.955,6-4 7-5,3,R16,106.0,2.0,2.0,75.0,45.0,27.0,16.0,11.0,3.0,7.0,0.0,0.0,69.0,52.0,25.0,9.0,11.0,8.0,14.0,35.0,1480.0,26.0,1730.0
2025-414,Hamburg,Clay,32.0,500,20250519,22.0,200000,6.0,,Felix Auger-Aliassime,R,193.0,CAN,24.778,208659,,,Giovanni Mpetshi Perricard,R,203.0,FRA,21.864,6-2 6-4,3,R16,73.0,7.0,1.0,48.0,34.0,28.0,8.0,9.0,2.0,3.0,1.0,4.0,52.0,31.0,18.0,9.0,9.0,0.0,4.0,30.0,1685.0,32.0,1614.0
2025-414,Hamburg,Clay,32.0,500,20250519,23.0,209260,,,Luciano Darderi,R,183.0,ITA,23.258,206909,7.0,,Brandon Nakashima,R,188.0,USA,23.792,7-5 6-7(7) 6-2,3,R16,167.0,6.0,5.0,104.0,59.0,38.0,22.0,16.0,3.0,8.0,4.0,2.0,116.0,75.0,44.0,16.0,16.0,9.0,17.0,45.0,1159.0,29.0,1690.0
2025-414,Hamburg,Clay,32.0,500,20250519,24.0,144869,,,Tomas Martin Etcheverry,R,196.0,ARG,25.837,200116,,,Camilo Ugo Carabelli,R,185.0,ARG,25.922,6-4 6-4,3,R16,114.0,10.0,1.0,68.0,41.0,32.0,14.0,10.0,1.0,1.0,3.0,4.0,80.0,42.0,31.0,17.0,10.0,10.0,12.0,55.0,975.0,52.0,1000.0
2025-414,Hamburg,Clay,32.0,500,20250519,25.0,126094,3.0,,Andrey Rublev,R,188.0,RUS,27.578,209260,,,Luciano Darderi,R,183.0,ITA,23.258,6-1 3-6 6-3,3,QF,113.0,5.0,2.0,80.0,48.0,39.0,16.0,13.0,5.0,6.0,2.0,4.0,77.0,52.0,34.0,13.0,12.0,4.0,7.0,17.0,2540.0,45.0,1159.0
2025-414,Hamburg,Clay,32.0,500,20250519,26.0,200000,6.0,,Felix Auger-Aliassime,R,193.0,CAN,24.778,124186,,,Alexandre Muller,R,183.0,FRA,28.293,7-6(4) 6-7(6) 6-3,3,QF,178.0,6.0,3.0,114.0,70.0,50.0,23.0,16.0,4.0,6.0,0.0,3.0,109.0,78.0,54.0,14.0,17.0,8.0,12.0,30.0,1685.0,40.0,1313.0
2025-414,Hamburg,Clay,32.0,500,20250519,27.0,207925,,,Flavio Cobolli,R,183.0,ITA,23.036,105138,,,Roberto Bautista Agut,R,183.0,ESP,37.095,7-6(4) 6-0,3,QF,84.0,1.0,1.0,53.0,33.0,22.0,16.0,9.0,0.0,1.0,0.0,3.0,49.0,31.0,20.0,6.0,9.0,3.0,7.0,35.0,1480.0,57.0,974.0
2025-414,Hamburg,Clay,32.0,500,20250519,28.0,144869,,,Tomas Martin Etcheverry,R,196.0,ARG,25.837,208103,,,Jiri Lehecka,R,185.0,CZE,23.526,7-5 6-3,3,QF,112.0,2.0,0.0,64.0,40.0,26.0,16.0,11.0,4.0,6.0,2.0,0.0,74.0,53.0,30.0,10.0,10.0,4.0,8.0,55.0,975.0,37.0,1415.0
2025-414,Hamburg,Clay,32.0,500,20250519,29.0,126094,3.0,,Andrey Rublev,R,188.0,RUS,27.578,200000,6.0,,Felix Auger-Aliassime,R,193.0,CAN,24.778,6-1 6-4,3,SF,85.0,4.0,1.0,55.0,33.0,25.0,15.0,9.0,1.0,1.0,5.0,0.0,51.0,35.0,23.0,6.0,8.0,4.0,7.0,17.0,2540.0,30.0,1685.0
2025-414,Hamburg,Clay,32.0,500,20250519,30.0,207925,,,Flavio Cobolli,R,183.0,ITA,23.036,144869,,,Tomas Martin Etcheverry,R,196.0,ARG,25.837,2-6 7-5 6-4,3,SF,167.0,6.0,5.0,106.0,60.0,39.0,25.0,15.0,4.0,7.0,4.0,2.0,101.0,56.0,37.0,26.0,15.0,7.0,10.0,35.0,1480.0,55.0,975.0
2025-414,Hamburg,Clay,32.0,500,20250519,31.0,207925,,,Flavio Cobolli,R,183.0,ITA,23.036,126094,3.0,,Andrey Rublev,R,188.0,RUS,27.578,6-2 6-4,3,F,88.0,2.0,2.0,72.0,41.0,23.0,21.0,9.0,6.0,7.0,2.0,2.0,46.0,24.0,15.0,8.0,9.0,0.0,4.0,35.0,1480.0,17.0,2540.0
2025-322,Geneva,Clay,28.0,250,20250519,1.0,128034,6.0,,Hubert Hurkacz,R,196.0,POL,28.266,209070,,WC,Arthur Cazaux,R,183.0,FRA,22.738,6-3 6-4,3,R32,77.0,3.0,3.0,61.0,35.0,24.0,16.0,10.0,3.0,4.0,5.0,1.0,49.0,28.0,21.0,9.0,9.0,2.0,5.0,31.0,1665.0,113.0,508.0
2025-322,Geneva,Clay,28.0,250,20250519,2.0,206681,,,Fabian Marozsan,R,193.0,HUN,25.613,102103,,Q,Karue Sell,R,183.0,BRA,31.513,6-1 6-1,3,R32,45.0,4.0,0.0,33.0,23.0,20.0,9.0,7.0,0.0,0.0,0.0,0.0,38.0,19.0,7.0,8.0,7.0,1.0,6.0,56.0,975.0,300.0,175.0
2025-322,Geneva,Clay,28.0,250,20250519,3.0,126239,,,Arthur Rinderknech,R,196.0,FRA,29.823,200175,,,Miomir Kecmanovic,R,183.0,SRB,25.717,6-4 6-2,3,R32,73.0,4.0,0.0,52.0,31.0,25.0,13.0,9.0,0.0,0.0,1.0,0.0,56.0,36.0,23.0,10.0,9.0,6.0,9.0,72.0,820.0,46.0,1146.0
2025-322,Geneva,Clay,28.0,250,20250519,4.0,208286,8.0,,Matteo Arnaldi,R,185.0,ITA,24.235,200384,,,Hugo Gaston,L,173.0,FRA,24.643,6-7(6) 6-4 6-4,3,R32,144.0,8.0,4.0,95.0,58.0,43.0,18.0,16.0,5.0,8.0,0.0,1.0,95.0,51.0,33.0,25.0,16.0,4.0,9.0,39.0,1365.0,74.0,816.0
2025-322,Geneva,Clay,28.0,250,20250519,5.0,207985,,,Jacob Fearnley,R,183.0,GBR,23.844,105583,,WC,Dusan Lajovic,R,183.0,SRB,34.886,6-4 6-1,3,R32,72.0,5.0,1.0,55.0,28.0,23.0,9.0,8.0,3.0,5.0,2.0,1.0,55.0,33.0,16.0,8.0,9.0,4.0,10.0,54.0,976.0,124.0,466.0
2025-322,Geneva,Clay,28.0,250,20250519,6.0,105916,,,Marton Fucsovics,R,188.0,HUN,33.276,200267,,,Zizou Bergs,R,185.0,BEL,25.96,6-2 6-3,3,R32,80.0,2.0,1.0,51.0,28.0,22.0,10.0,8.0,4.0,5.0,1.0,5.0,59.0,36.0,23.0,7.0,9.0,3.0,8.0,134.0,443.0,49.0,1051.0
2025-322,Geneva,Clay,28.0,250,20250519,7.0,111460,,,Quentin Halys,R,191.0,FRA,28.561,144719,,,Jaume Munar,R,183.0,ESP,28.038,4-6 6-3 7-6(5),3,R32,143.0,6.0,2.0,91.0,53.0,41.0,27.0,16.0,1.0,3.0,3.0,6.0,99.0,70.0,54.0,11.0,15.0,5.0,7.0,50.0,1024.0,58.0,962.0
2025-322,Geneva,Clay,28.0,250,20250519,8.0,105453,,,Kei Nishikori,R,178.0,JPN,35.387,210530,,,Learner Tien,L,180.0,USA,19.461,4-6 6-4 6-4,3,R32,126.0,3.0,3.0,98.0,59.0,44.0,20.0,15.0,11.0,13.0,6.0,3.0,96.0,61.0,38.0,19.0,15.0,6.0,9.0,62.0,928.0,67.0,893.0
2025-322,Geneva,Clay,28.0,250,20250519,9.0,111815,,Q,Cameron Norrie,L,188.0,GBR,29.739,208502,,WC,Dominic Stricker,L,183.0,SUI,22.757,7-6(2) 6-3,3,R32,95.0,1.0,2.0,72.0,43.0,22.0,19.0,10.0,6.0,9.0,8.0,1.0,72.0,40.0,27.0,11.0,11.0,1.0,6.0,90.0,657.0,233.0,240.0
2025-322,Geneva,Clay,28.0,250,20250519,10.0,124116,,Q,Sebastian Ofner,R,191.0,AUT,29.018,123809,,Q,Ivan Gakhov,L,191.0,RUS,28.537,6-1 6-2,3,R32,53.0,6.0,0.0,39.0,17.0,15.0,15.0,7.0,2.0,2.0,3.0,2.0,51.0,28.0,18.0,7.0,8.0,2.0,7.0,128.0,458.0,265.0,212.0
2025-322,Geneva,Clay,28.0,250,20250519,11.0,200615,5.0,,Alexei Popyrin,R,196.0,AUS,25.788,111797,,,Nicolas Jarry,R,201.0,CHI,29.604,6-4 3-6 7-5,3,R32,147.0,5.0,4.0,94.0,59.0,43.0,16.0,15.0,6.0,9.0,13.0,3.0,100.0,62.0,44.0,18.0,16.0,6.0,10.0,25.0,1900.0,150.0,390.0
2025-322,Geneva,Clay,28.0,250,20250519,12.0,132686,,,Nuno Borges,R,185.0,POR,28.244,210506,7.0,,Alex Michelsen,R,193.0,USA,20.731,4-6 6-3 6-3,3,R32,101.0,4.0,1.0,86.0,57.0,41.0,19.0,14.0,4.0,5.0,6.0,1.0,74.0,48.0,35.0,13.0,14.0,1.0,4.0,41.0,1270.0,33.0,1550.0
2025-322,Geneva,Clay,28.0,250,20250519,13.0,126203,1.0,,Taylor Fritz,R,196.0,USA,27.556,111460,,,Quentin Halys,R,191.0,FRA,28.561,6-4 7-6(5),3,R16,95.0,8.0,2.0,74.0,47.0,37.0,15.0,11.0,3.0,4.0,6.0,4.0,71.0,38.0,33.0,15.0,11.0,7.0,9.0,4.0,4625.0,50.0,1024.0
2025-322,Geneva,Clay,28.0,250,20250519,14.0,104925,2.0,,Novak Djokovic,R,188.0,SRB,37.993,105916,,,Marton Fucsovics,R,188.0,HUN,33.276,6-2 6-3,3,R16,77.0,4.0,1.0,48.0,35.0,28.0,10.0,9.0,0.0,0.0,0.0,0.0,53.0,30.0,16.0,11.0,8.0,3.0,6.0,6.0,4080.0,134.0,443.0
2025-322,Geneva,Clay,28.0,250,20250519,15.0,111815,,Q,Cameron Norrie,L,188.0,GBR,29.739,207830,3.0,,Tomas Machac,R,183.0,CZE,24.597,3-6 6-2 4-3 RET,3,R16,105.0,3.0,3.0,63.0,41.0,27.0,11.0,12.0,0.0,4.0,9.0,3.0,97.0,60.0,35.0,17.0,12.0,9.0,14.0,90.0,657.0,21.0,2265.0
2025-322,Geneva,Clay,28.0,250,20250519,16.0,200615,5.0,,Alexei Popyrin,R,196.0,AUS,25.788,207985,,,Jacob Fearnley,R,183.0,GBR,23.844,6-4 6-3,3,R16,70.0,7.0,0.0,63.0,50.0,36.0,7.0,10.0,6.0,7.0,1.0,1.0,43.0,28.0,23.0,6.0,9.0,0.0,3.0,25.0,1900.0,54.0,976.0
2025-322,Geneva,Clay,28.0,250,20250519,17.0,128034,6.0,,Hubert Hurkacz,R,196.0,POL,28.266,126239,,,Arthur Rinderknech,R,196.0,FRA,29.823,6-4 6-1,3,R16,61.0,10.0,0.0,50.0,33.0,27.0,12.0,9.0,3.0,3.0,3.0,3.0,47.0,28.0,21.0,6.0,8.0,1.0,4.0,31.0,1665.0,72.0,820.0
2025-322,Geneva,Clay,28.0,250,20250519,18.0,208286,8.0,,Matteo Arnaldi,R,185.0,ITA,24.235,206681,,,Fabian Marozsan,R,193.0,HUN,25.613,6-3 7-6(3),3,R16,112.0,5.0,0.0,75.0,47.0,33.0,20.0,11.0,2.0,2.0,2.0,2.0,76.0,43.0,31.0,16.0,10.0,5.0,6.0,39.0,1365.0,56.0,975.0
2025-322,Geneva,Clay,28.0,250,20250519,19.0,124116,,Q,Sebastian Ofner,R,191.0,AUT,29.018,132686,,,Nuno Borges,R,185.0,POR,28.244,7-6(2) 7-6(4),3,R16,113.0,6.0,3.0,88.0,49.0,37.0,22.0,12.0,4.0,7.0,4.0,4.0,87.0,62.0,42.0,12.0,12.0,5.0,8.0,128.0,458.0,41.0,1270.0
2025-322,Geneva,Clay,28.0,250,20250519,20.0,111575,4.0,,Karen Khachanov,R,198.0,RUS,28.994,105453,,,Kei Nishikori,R,178.0,JPN,35.387,7-5 2-5 RET,3,R16,84.0,9.0,2.0,55.0,36.0,24.0,10.0,10.0,5.0,8.0,1.0,2.0,56.0,27.0,21.0,14.0,9.0,1.0,3.0,24.0,1910.0,62.0,928.0
2025-322,Geneva,Clay,28.0,250,20250519,21.0,128034,6.0,,Hubert Hurkacz,R,196.0,POL,28.266,126203,1.0,,Taylor Fritz,R,196.0,USA,27.556,6-3 7-6(5),3,QF,85.0,9.0,2.0,71.0,45.0,39.0,13.0,11.0,3.0,3.0,10.0,1.0,69.0,44.0,39.0,9.0,10.0,3.0,4.0,31.0,1665.0,4.0,4625.0
2025-322,Geneva,Clay,28.0,250,20250519,22.0,104925,2.0,,Novak Djokovic,R,188.0,SRB,37.993,208286,8.0,,Matteo Arnaldi,R,185.0,ITA,24.235,6-4 6-4,3,QF,99.0,2.0,2.0,57.0,39.0,25.0,14.0,10.0,0.0,1.0,6.0,1.0,68.0,47.0,31.0,9.0,10.0,6.0,9.0,6.0,4080.0,39.0,1365.0
2025-322,Geneva,Clay,28.0,250,20250519,23.0,124116,,Q,Sebastian Ofner,R,191.0,AUT,29.018,111575,4.0,,Karen Khachanov,R,198.0,RUS,28.994,4-6 6-4 6-4,3,QF,116.0,10.0,1.0,84.0,43.0,33.0,25.0,15.0,2.0,4.0,7.0,1.0,84.0,57.0,41.0,15.0,15.0,4.0,7.0,128.0,458.0,24.0,1910.0
2025-322,Geneva,Clay,28.0,250,20250519,24.0,111815,,Q,Cameron Norrie,L,188.0,GBR,29.739,200615,5.0,,Alexei Popyrin,R,196.0,AUS,25.788,7-6(6) 6-4,3,QF,103.0,0.0,2.0,66.0,44.0,33.0,15.0,11.0,4.0,5.0,6.0,0.0,79.0,53.0,37.0,12.0,11.0,5.0,7.0,90.0,657.0,25.0,1900.0
2025-322,Geneva,Clay,28.0,250,20250519,25.0,104925,2.0,,Novak Djokovic,R,188.0,SRB,37.993,111815,,Q,Cameron Norrie,L,188.0,GBR,29.739,6-4 6-7(6) 6-1,3,SF,134.0,11.0,3.0,82.0,52.0,45.0,18.0,15.0,2.0,3.0,3.0,2.0,91.0,55.0,40.0,16.0,14.0,5.0,9.0,6.0,4080.0,90.0,657.0
2025-322,Geneva,Clay,28.0,250,20250519,26.0,128034,6.0,,Hubert Hurkacz,R,196.0,POL,28.266,124116,,Q,Sebastian Ofner,R,191.0,AUT,29.018,6-3 6-4,3,SF,60.0,7.0,0.0,47.0,33.0,29.0,11.0,10.0,0.0,0.0,1.0,3.0,59.0,38.0,24.0,12.0,9.0,5.0,7.0,31.0,1665.0,128.0,458.0
2025-322,Geneva,Clay,28.0,250,20250519,27.0,104925,2.0,,Novak Djokovic,R,188.0,SRB,37.993,128034,6.0,,Hubert Hurkacz,R,196.0,POL,28.266,5-7 7-6(2) 7-6(2),3,F,185.0,6.0,3.0,110.0,66.0,57.0,22.0,18.0,0.0,2.0,19.0,4.0,123.0,79.0,58.0,23.0,18.0,4.0,5.0,6.0,4080.0,31.0,1665.0
2025-520,Roland Garros,Clay,128.0,G,20250526,1.0,100644,3.0,,Alexander Zverev,R,198.0,GER,28.099,210530,,,Learner Tien,L,180.0,USA,19.48,6-3 6-3 6-4,5,R128,,3.0,3.0,74.0,51.0,46.0,14.0,14.0,4.0,4.0,2.0,3.0,90.0,57.0,37.0,15.0,14.0,8.0,12.0,3.0,7285.0,67.0,893.0
2025-520,Roland Garros,Clay,128.0,G,20250526,2.0,207733,5.0,,Jack Draper,L,193.0,GBR,23.425,208233,,,Mattia Bellucci,L,175.0,ITA,23.984,3-6 6-1 6-4 6-2,5,R128,,11.0,7.0,101.0,69.0,51.0,19.0,17.0,4.0,6.0,9.0,1.0,111.0,63.0,39.0,24.0,17.0,12.0,18.0,5.0,4610.0,68.0,891.0
2025-520,Roland Garros,Clay,128.0,G,20250526,3.0,104925,6.0,,Novak Djokovic,R,188.0,SRB,38.012,111456,,,Mackenzie McDonald,R,178.0,USA,30.111,6-3 6-3 6-3,5,R128,,7.0,1.0,71.0,47.0,38.0,17.0,14.0,4.0,5.0,6.0,3.0,79.0,52.0,31.0,13.0,13.0,4.0,9.0,6.0,4230.0,98.0,617.0
2025-520,Roland Garros,Clay,128.0,G,20250526,4.0,200282,9.0,,Alex de Minaur,R,183.0,AUS,26.27,111513,,,Laslo Djere,R,188.0,SRB,29.982,6-3 6-4 7-6(6),5,R128,,2.0,5.0,99.0,43.0,32.0,34.0,16.0,3.0,5.0,2.0,4.0,108.0,69.0,43.0,20.0,15.0,1.0,5.0,9.0,3635.0,59.0,952.0
2025-520,Roland Garros,Clay,128.0,G,20250526,5.0,111815,,,Cameron Norrie,L,188.0,GBR,29.758,106421,11.0,,Daniil Medvedev,R,198.0,RUS,29.287,7-5 6-3 4-6 1-6 7-5,5,R128,,1.0,2.0,171.0,112.0,71.0,31.0,25.0,9.0,15.0,16.0,3.0,154.0,93.0,65.0,32.0,25.0,6.0,12.0,81.0,762.0,11.0,3290.0
2025-520,Roland Garros,Clay,128.0,G,20250526,6.0,210319,,Q,Ethan Quinn,R,191.0,USA,21.205,105777,16.0,,Grigor Dimitrov,R,191.0,BUL,34.029,2-6 3-6 6-2 RET,5,R128,,7.0,3.0,86.0,59.0,35.0,14.0,12.0,4.0,8.0,7.0,5.0,84.0,49.0,35.0,14.0,13.0,4.0,7.0,106.0,538.0,17.0,2595.0
2025-520,Roland Garros,Clay,128.0,G,20250526,7.0,126094,17.0,,Andrey Rublev,R,188.0,RUS,27.598,144750,,Q,Lloyd Harris,R,193.0,RSA,28.249,6-4 4-6 6-3 6-1,5,R128,,13.0,2.0,103.0,65.0,46.0,26.0,18.0,5.0,7.0,13.0,4.0,114.0,73.0,45.0,19.0,18.0,8.0,14.0,15.0,2820.0,227.0,244.0
2025-520,Roland Garros,Clay,128.0,G,20250526,8.0,210150,19.0,,Jakub Mensik,R,196.0,CZE,19.732,124186,,,Alexandre Muller,R,183.0,FRA,28.312,7-5 6-7(5) 7-5 6-3,5,R128,,20.0,3.0,135.0,89.0,72.0,25.0,23.0,3.0,5.0,8.0,5.0,139.0,94.0,64.0,26.0,22.0,6.0,11.0,19.0,2272.0,39.0,1388.0
2025-520,Roland Garros,Clay,128.0,G,20250526,9.0,208286,,,Matteo Arnaldi,R,185.0,ITA,24.255,200000,29.0,,Felix Auger-Aliassime,R,193.0,CAN,24.797,5-7 2-6 6-3 6-4 6-2,5,R128,,7.0,8.0,172.0,102.0,73.0,32.0,24.0,16.0,20.0,8.0,7.0,137.0,80.0,57.0,32.0,23.0,12.0,17.0,36.0,1415.0,27.0,1875.0
2025-520,Roland Garros,Clay,128.0,G,20250526,10.0,211663,,,Joao Fonseca,R,188.0,BRA,18.762,128034,30.0,,Hubert Hurkacz,R,196.0,POL,28.285,6-2 6-4 6-2,5,R128,,9.0,0.0,71.0,51.0,40.0,14.0,13.0,2.0,2.0,6.0,0.0,79.0,51.0,34.0,9.0,13.0,7.0,12.0,65.0,907.0,28.0,1830.0
2025-520,Roland Garros,Clay,128.0,G,20250526,11.0,122330,,,Alexander Bublik,R,196.0,KAZ,27.94,105902,,,James Duckworth,R,183.0,AUS,33.344,6-2 6-4 6-4,5,R128,,16.0,9.0,101.0,61.0,50.0,21.0,14.0,4.0,4.0,2.0,5.0,92.0,67.0,42.0,10.0,14.0,5.0,9.0,62.0,915.0,92.0,651.0
2025-520,Roland Garros,Clay,128.0,G,20250526,12.0,207925,,,Flavio Cobolli,R,183.0,ITA,23.055,105227,,LL,Marin Cilic,R,198.0,CRO,36.657,6-2 6-1 6-3,5,R128,,3.0,2.0,70.0,46.0,34.0,16.0,12.0,3.0,3.0,4.0,4.0,74.0,35.0,20.0,17.0,12.0,3.0,9.0,26.0,1920.0,104.0,563.0
2025-520,Roland Garros,Clay,128.0,G,20250526,13.0,207411,,,Jesper de Jong,R,180.0,NED,24.986,208859,,,Francesco Passaro,R,180.0,ITA,24.381,3-6 6-7(7) 6-4 7-6(1) 6-1,5,R128,,9.0,4.0,147.0,96.0,77.0,26.0,25.0,2.0,6.0,3.0,6.0,178.0,123.0,81.0,24.0,25.0,11.0,17.0,88.0,690.0,139.0,423.0
2025-520,Roland Garros,Clay,128.0,G,20250526,14.0,144870,,LL,Federico Agustin Gomez,R,191.0,ARG,28.496,206499,,,Aleksandar Kovacevic,R,183.0,USA,26.741,4-6 6-4 6-4 6-1,5,R128,,16.0,4.0,111.0,59.0,45.0,30.0,19.0,3.0,6.0,2.0,7.0,116.0,63.0,43.0,24.0,18.0,11.0,17.0,144.0,405.0,76.0,799.0
2025-520,Roland Garros,Clay,128.0,G,20250526,15.0,105732,,WC,Pierre-Hugues Herbert,R,188.0,FRA,34.19,126127,,,Benjamin Bonzi,R,183.0,FRA,28.961,7-5 3-6 4-6 7-5 6-2,5,R128,,11.0,17.0,146.0,90.0,68.0,24.0,26.0,3.0,8.0,3.0,3.0,155.0,117.0,78.0,19.0,25.0,8.0,14.0,147.0,399.0,60.0,943.0
2025-520,Roland Garros,Clay,128.0,G,20250526,16.0,104792,,,Gael Monfils,R,193.0,FRA,38.732,106198,,,Hugo Dellien,R,180.0,BOL,31.943,4-6 3-6 6-1 7-6(4) 6-1,5,R128,,21.0,4.0,147.0,89.0,66.0,27.0,23.0,11.0,16.0,2.0,1.0,155.0,124.0,73.0,14.0,22.0,14.0,21.0,42.0,1265.0,90.0,656.0
2025-520,Roland Garros,Clay,128.0,G,20250526,17.0,144895,,,Corentin Moutet,L,180.0,FRA,26.103,900049,,Q,Clement Tabur,R,173.0,FRA,25.336,6-3 7-6(6) 6-3,5,R128,,3.0,6.0,109.0,54.0,40.0,31.0,14.0,8.0,10.0,3.0,3.0,111.0,71.0,40.0,24.0,16.0,5.0,11.0,73.0,812.0,280.0,196.0
2025-520,Roland Garros,Clay,128.0,G,20250526,18.0,210012,,Q,Henrique Rocha,R,180.0,POR,21.136,105932,,Q,Nikoloz Basilashvili,R,185.0,GEO,33.254,7-6(0) 2-6 7-6(9) 2-6 6-2,5,R128,,13.0,5.0,159.0,93.0,67.0,35.0,24.0,6.0,11.0,5.0,10.0,182.0,94.0,76.0,39.0,24.0,12.0,15.0,200.0,278.0,133.0,449.0
2025-520,Roland Garros,Clay,128.0,G,20250526,19.0,207686,,LL,Alexander Shevchenko,R,188.0,KAZ,24.487,105583,,,Dusan Lajovic,R,183.0,SRB,34.905,6-2 6-4 7-6(4),5,R128,,3.0,3.0,100.0,67.0,51.0,15.0,15.0,6.0,8.0,3.0,1.0,100.0,69.0,41.0,18.0,15.0,3.0,8.0,103.0,580.0,125.0,466.0
2025-520,Roland Garros,Clay,128.0,G,20250526,20.0,200443,,,Adam Walton,R,183.0,AUS,26.108,109739,,Q,Maximilian Marterer,L,188.0,GER,29.947,7-6(3) 4-6 6-3 2-6 6-2,5,R128,,11.0,2.0,152.0,101.0,73.0,23.0,24.0,8.0,13.0,6.0,4.0,153.0,112.0,71.0,23.0,23.0,10.0,15.0,91.0,653.0,239.0,233.0
2025-520,Roland Garros,Clay,128.0,G,20250526,21.0,206173,1.0,,Jannik Sinner,R,191.0,ITA,23.775,126239,,,Arthur Rinderknech,R,196.0,FRA,29.843,6-4 6-3 7-5,5,R128,,4.0,0.0,89.0,60.0,45.0,20.0,16.0,5.0,7.0,7.0,2.0,88.0,52.0,37.0,15.0,15.0,1.0,6.0,1.0,10380.0,75.0,801.0
2025-520,Roland Garros,Clay,128.0,G,20250526,22.0,207989,2.0,,Carlos Alcaraz,R,183.0,ESP,22.059,206748,,Q,Giulio Zeppieri,L,183.0,ITA,23.466,6-3 6-4 6-2,5,R128,,3.0,4.0,86.0,57.0,44.0,17.0,14.0,3.0,3.0,6.0,0.0,85.0,55.0,37.0,11.0,13.0,4.0,8.0,2.0,8850.0,310.0,172.0
2025-520,Roland Garros,Clay,128.0,G,20250526,23.0,127157,,,Daniel Altmaier,R,188.0,GER,26.702,126203,4.0,,Taylor Fritz,R,196.0,USA,27.576,7-5 3-6 6-3 6-1,5,R128,,7.0,4.0,112.0,62.0,47.0,30.0,18.0,4.0,5.0,14.0,0.0,110.0,58.0,46.0,25.0,19.0,3.0,8.0,66.0,906.0,4.0,4675.0
2025-520,Roland Garros,Clay,128.0,G,20250526,24.0,134770,7.0,,Casper Ruud,R,183.0,NOR,26.426,105077,,Q,Albert Ramos-Vinolas,L,188.0,ESP,37.355,6-3 6-4 6-2,5,R128,,,,,,,,,,,,,,,,,,,,8.0,3655.0,251.0,224.0
2025-520,Roland Garros,Clay,128.0,G,20250526,25.0,208029,10.0,,Holger Rune,R,188.0,DEN,22.075,105138,,,Roberto Bautista Agut,R,183.0,ESP,37.114,6-7(4) 6-4 6-3 6-2,5,R128,,9.0,0.0,135.0,92.0,65.0,25.0,20.0,10.0,11.0,4.0,2.0,117.0,66.0,51.0,22.0,19.0,8.0,13.0,10.0,3440.0,49.0,1064.0
2025-520,Roland Garros,Clay,128.0,G,20250526,26.0,209950,14.0,,Arthur Fils,R,185.0,FRA,20.953,111797,,,Nicolas Jarry,R,201.0,CHI,29.624,6-3 6-4 6-7(6) 6-3,5,R128,,8.0,2.0,126.0,83.0,63.0,29.0,21.0,3.0,3.0,4.0,8.0,162.0,106.0,67.0,29.0,19.0,13.0,16.0,14.0,2845.0,149.0,390.0
2025-520,Roland Garros,Clay,128.0,G,20250526,27.0,209113,,,Gabriel Diallo,R,203.0,CAN,23.669,202103,18.0,,Francisco Cerundolo,R,185.0,ARG,26.784,7-5 6-3 6-4,5,R128,,4.0,2.0,94.0,59.0,46.0,21.0,16.0,0.0,1.0,4.0,3.0,88.0,56.0,37.0,18.0,15.0,7.0,11.0,54.0,997.0,18.0,2475.0
2025-520,Roland Garros,Clay,128.0,G,20250526,28.0,126774,20.0,,Stefanos Tsitsipas,R,193.0,GRE,26.787,144869,,,Tomas Martin Etcheverry,R,196.0,ARG,25.856,7-5 6-3 6-4,5,R128,,12.0,3.0,93.0,53.0,41.0,25.0,16.0,1.0,2.0,8.0,6.0,108.0,58.0,39.0,23.0,15.0,9.0,13.0,20.0,2270.0,53.0,1025.0
2025-520,Roland Garros,Clay,128.0,G,20250526,29.0,200005,22.0,,Ugo Humbert,L,188.0,FRA,26.916,900000,,,Christopher O'Connell,R,183.0,AUS,30.979,7-5 6-3 7-6(3),5,R128,,8.0,2.0,116.0,64.0,40.0,36.0,17.0,12.0,15.0,4.0,6.0,118.0,69.0,44.0,20.0,16.0,12.0,17.0,21.0,2155.0,82.0,762.0
2025-520,Roland Garros,Clay,128.0,G,20250526,30.0,200624,23.0,,Sebastian Korda,R,196.0,USA,24.89,209260,,,Luciano Darderi,R,183.0,ITA,23.277,6-2 4-6 6-3 6-2,5,R128,,7.0,1.0,107.0,68.0,45.0,27.0,18.0,4.0,6.0,5.0,9.0,96.0,54.0,37.0,16.0,17.0,6.0,12.0,23.0,2020.0,45.0,1159.0
2025-520,Roland Garros,Clay,128.0,G,20250526,31.0,111575,24.0,,Karen Khachanov,R,198.0,RUS,29.013,126846,,,Aleksandar Vukic,R,188.0,AUS,29.136,6-4 6-4 6-4,5,R128,,9.0,1.0,87.0,54.0,42.0,17.0,15.0,2.0,4.0,2.0,3.0,102.0,52.0,38.0,20.0,15.0,7.0,12.0,24.0,1960.0,80.0,783.0
2025-520,Roland Garros,Clay,128.0,G,20250526,32.0,200615,25.0,,Alexei Popyrin,R,196.0,AUS,25.807,106415,,,Yoshihito Nishioka,L,170.0,JPN,29.662,7-5 6-4 1-2 RET,5,R128,,10.0,1.0,63.0,41.0,34.0,17.0,12.0,0.0,0.0,1.0,2.0,83.0,48.0,35.0,18.0,13.0,6.0,8.0,25.0,1950.0,77.0,794.0
2025-520,Roland Garros,Clay,128.0,G,20250526,33.0,200221,26.0,,Alejandro Davidovich Fokina,R,180.0,ESP,25.974,208010,,Q,Pablo Llamas Ruiz,R,188.0,ESP,22.617,6-3 6-2 6-7(4) 6-3,5,R128,,2.0,4.0,129.0,99.0,68.0,16.0,20.0,8.0,11.0,2.0,2.0,128.0,95.0,53.0,18.0,18.0,12.0,19.0,29.0,1770.0,872.0,22.0
2025-520,Roland Garros,Clay,128.0,G,20250526,34.0,133430,27.0,,Denis Shapovalov,L,185.0,CAN,26.114,124079,,,Pedro Martinez,R,185.0,ESP,28.082,6-2 6-0 6-3,5,R128,,8.0,7.0,71.0,44.0,32.0,12.0,12.0,2.0,4.0,0.0,4.0,67.0,45.0,24.0,4.0,11.0,3.0,11.0,31.0,1701.0,48.0,1070.0
2025-520,Roland Garros,Clay,128.0,G,20250526,35.0,207985,,,Jacob Fearnley,R,183.0,GBR,23.863,104527,,WC,Stan Wawrinka,R,183.0,SUI,40.162,7-6(6) 6-3 6-2,5,R128,,9.0,6.0,81.0,50.0,50.0,14.0,15.0,3.0,5.0,5.0,2.0,86.0,47.0,29.0,23.0,14.0,2.0,7.0,55.0,991.0,138.0,432.0
2025-520,Roland Garros,Clay,128.0,G,20250526,36.0,104755,,WC,Richard Gasquet,R,183.0,FRA,38.938,209279,,WC,Terence Atmane,L,193.0,FRA,23.376,6-2 2-6 6-3 6-0,5,R128,,,,,,,,,,,,,,,,,,,,166.0,339.0,121.0,477.0
2025-520,Roland Garros,Clay,128.0,G,20250526,37.0,200384,,,Hugo Gaston,L,173.0,FRA,24.663,200259,,Q,Ugo Blanchet,R,175.0,FRA,26.387,2-6 6-0 2-6 6-3 6-4,5,R128,,1.0,4.0,145.0,94.0,59.0,24.0,20.0,11.0,17.0,9.0,3.0,124.0,65.0,39.0,29.0,21.0,5.0,13.0,83.0,753.0,193.0,289.0
2025-520,Roland Garros,Clay,128.0,G,20250526,38.0,134868,,,Tallon Griekspoor,R,188.0,NED,28.898,106218,,,Marcos Giron,R,180.0,USA,31.838,4-6 6-3 6-4 7-5,5,R128,,8.0,2.0,108.0,75.0,63.0,19.0,21.0,0.0,2.0,11.0,2.0,136.0,80.0,56.0,27.0,20.0,9.0,13.0,35.0,1485.0,43.0,1265.0
2025-520,Roland Garros,Clay,128.0,G,20250526,39.0,200175,,,Miomir Kecmanovic,R,183.0,SRB,25.736,202104,,,Sebastian Baez,R,170.0,ARG,24.408,6-7(3) 6-7(4) 6-4 6-2 6-2,5,R128,,6.0,2.0,163.0,91.0,61.0,38.0,25.0,8.0,13.0,8.0,6.0,189.0,135.0,78.0,23.0,25.0,17.0,27.0,46.0,1146.0,38.0,1410.0
2025-520,Roland Garros,Clay,128.0,G,20250526,40.0,208103,,,Jiri Lehecka,R,185.0,CZE,23.546,111442,,,Jordan Thompson,R,183.0,AUS,31.099,6-4 6-2 6-1,5,R128,,8.0,3.0,78.0,49.0,38.0,14.0,13.0,3.0,5.0,3.0,1.0,78.0,42.0,23.0,17.0,12.0,10.0,17.0,34.0,1505.0,40.0,1375.0
2025-520,Roland Garros,Clay,128.0,G,20250526,41.0,209209,,Q,Filip Misolic,R,180.0,AUT,23.797,900002,,,Yunchaokete Bu,R,185.0,CHN,23.348,5-7 7-6(3) 7-6(4) 6-1,5,R128,,9.0,4.0,166.0,111.0,80.0,31.0,22.0,13.0,15.0,12.0,1.0,129.0,71.0,57.0,32.0,21.0,5.0,8.0,153.0,374.0,70.0,874.0
2025-520,Roland Garros,Clay,128.0,G,20250526,42.0,144719,,,Jaume Munar,R,183.0,ESP,28.057,200116,,,Camilo Ugo Carabelli,R,185.0,ARG,25.941,6-4 6-1 7-5,5,R128,,3.0,4.0,88.0,49.0,40.0,21.0,14.0,3.0,4.0,3.0,5.0,107.0,56.0,32.0,25.0,15.0,8.0,14.0,57.0,962.0,51.0,1040.0
2025-520,Roland Garros,Clay,128.0,G,20250526,43.0,124116,,,Sebastian Ofner,R,191.0,AUT,29.038,105526,,,Jan-Lennard Struff,R,193.0,GER,35.086,7-6(5) 6-3 6-7(5) 6-2,5,R128,,22.0,3.0,145.0,84.0,65.0,35.0,20.0,11.0,11.0,14.0,6.0,133.0,86.0,69.0,18.0,21.0,5.0,9.0,108.0,533.0,87.0,690.0
2025-520,Roland Garros,Clay,128.0,G,20250526,44.0,126214,,,Alejandro Tabilo,L,188.0,CHI,27.981,209070,,WC,Arthur Cazaux,R,183.0,FRA,22.757,5-7 6-3 6-2 1-6 6-3,5,R128,,5.0,2.0,154.0,91.0,59.0,37.0,23.0,10.0,14.0,11.0,5.0,120.0,68.0,49.0,27.0,22.0,4.0,9.0,61.0,940.0,113.0,508.0
2025-520,Roland Garros,Clay,128.0,G,20250526,45.0,207518,8.0,,Lorenzo Musetti,R,185.0,ITA,23.231,105870,,Q,Yannick Hanfmann,R,193.0,GER,33.533,7-5 6-2 6-0,5,R128,,5.0,1.0,70.0,46.0,38.0,15.0,13.0,0.0,0.0,0.0,3.0,99.0,62.0,31.0,20.0,13.0,7.0,13.0,7.0,3860.0,142.0,410.0
2025-520,Roland Garros,Clay,128.0,G,20250526,46.0,126205,12.0,,Tommy Paul,R,185.0,USA,28.025,209284,,LL,Elmer Moller,R,183.0,DEN,21.881,6-7(5) 6-2 6-3 6-1,5,R128,,5.0,4.0,126.0,77.0,49.0,28.0,18.0,5.0,9.0,4.0,7.0,121.0,73.0,42.0,21.0,18.0,11.0,21.0,12.0,3210.0,112.0,511.0
2025-520,Roland Garros,Clay,128.0,G,20250526,47.0,210097,13.0,,Ben Shelton,L,193.0,USA,22.628,132283,,,Lorenzo Sonego,R,191.0,ITA,30.042,6-4 4-6 3-6 6-2 6-3,5,R128,,15.0,5.0,140.0,103.0,72.0,20.0,23.0,6.0,10.0,3.0,4.0,126.0,85.0,56.0,21.0,23.0,3.0,9.0,13.0,2980.0,44.0,1205.0
2025-520,Roland Garros,Clay,128.0,G,20250526,48.0,126207,15.0,,Frances Tiafoe,R,188.0,USA,27.346,126128,,,Roman Safiullin,R,185.0,RUS,27.8,6-4 7-5 6-4,5,R128,,9.0,1.0,99.0,59.0,45.0,25.0,16.0,6.0,7.0,20.0,2.0,93.0,53.0,44.0,25.0,16.0,8.0,12.0,16.0,2665.0,72.0,816.0
2025-520,Roland Garros,Clay,128.0,G,20250526,49.0,111460,,,Quentin Halys,R,191.0,FRA,28.58,207830,21.0,,Tomas Machac,R,183.0,CZE,24.616,7-6(4) 4-1,5,R128,,8.0,1.0,46.0,25.0,20.0,15.0,8.0,2.0,2.0,5.0,3.0,57.0,41.0,26.0,8.0,9.0,0.0,2.0,52.0,1039.0,22.0,2110.0
2025-520,Roland Garros,Clay,128.0,G,20250526,50.0,208363,,,Mariano Navone,R,178.0,ARG,24.241,206909,28.0,,Brandon Nakashima,R,188.0,USA,23.811,7-6(2) 4-6 6-1 6-2,5,R128,,5.0,2.0,138.0,94.0,64.0,18.0,19.0,12.0,18.0,3.0,2.0,124.0,72.0,38.0,24.0,18.0,8.0,17.0,97.0,620.0,32.0,1690.0
2025-520,Roland Garros,Clay,128.0,G,20250526,51.0,208659,31.0,,Giovanni Mpetshi Perricard,R,203.0,FRA,21.884,200267,,,Zizou Bergs,R,185.0,BEL,25.979,4-6 6-3 7-6(5) 6-4,5,R128,,12.0,5.0,127.0,78.0,59.0,27.0,21.0,8.0,11.0,8.0,8.0,138.0,78.0,54.0,34.0,20.0,8.0,12.0,37.0,1414.0,50.0,1051.0
2025-520,Roland Garros,Clay,128.0,G,20250526,52.0,207678,,Q,Juan Manuel Cerundolo,L,183.0,ARG,23.526,210506,32.0,,Alex Michelsen,R,193.0,USA,20.75,6-3 6-2 6-4,5,R128,,1.0,3.0,79.0,35.0,29.0,25.0,14.0,1.0,3.0,2.0,3.0,89.0,66.0,38.0,6.0,13.0,8.0,14.0,109.0,530.0,33.0,1550.0
2025-520,Roland Garros,Clay,128.0,G,20250526,53.0,132686,,,Nuno Borges,R,185.0,POR,28.263,208021,,Q,Kyrian Jacquet,R,175.0,FRA,24.041,3-6 6-7(3) 6-4 6-3 6-3,5,R128,,8.0,4.0,161.0,110.0,79.0,22.0,24.0,7.0,11.0,8.0,6.0,185.0,98.0,71.0,37.0,25.0,15.0,22.0,41.0,1285.0,150.0,388.0
2025-520,Roland Garros,Clay,128.0,G,20250526,54.0,202385,,,Jenson Brooksby,R,193.0,USA,24.58,210262,,,Jaime Faria,R,188.0,POR,21.804,6-1 3-6 6-3 6-2,5,R128,,1.0,3.0,105.0,67.0,47.0,26.0,17.0,8.0,9.0,3.0,3.0,95.0,63.0,43.0,15.0,16.0,4.0,9.0,161.0,347.0,115.0,493.0
2025-520,Roland Garros,Clay,128.0,G,20250526,55.0,105807,,,Pablo Carreno Busta,R,188.0,ESP,33.873,207681,,,Francisco Comesana,R,178.0,ARG,24.635,6-2 7-6(3) 7-5,5,R128,,0.0,3.0,118.0,78.0,56.0,20.0,16.0,5.0,7.0,7.0,3.0,106.0,59.0,39.0,19.0,16.0,3.0,8.0,99.0,615.0,64.0,911.0
2025-520,Roland Garros,Clay,128.0,G,20250526,56.0,106000,,,Damir Dzumhur,R,175.0,BIH,33.016,202058,,LL,Thiago Agustin Tirante,R,185.0,ARG,24.126,3-6 6-4 6-3 7-5,5,R128,,1.0,2.0,137.0,100.0,68.0,21.0,20.0,12.0,14.0,4.0,2.0,148.0,89.0,55.0,33.0,20.0,11.0,15.0,69.0,875.0,132.0,453.0
2025-520,Roland Garros,Clay,128.0,G,20250526,57.0,105916,,,Marton Fucsovics,R,188.0,HUN,33.295,209262,,WC,Tristan Schoolkate,R,183.0,AUS,24.244,6-4 6-2 6-2,5,R128,,1.0,2.0,74.0,51.0,37.0,15.0,13.0,3.0,4.0,5.0,4.0,101.0,61.0,40.0,13.0,13.0,14.0,20.0,124.0,468.0,128.0,464.0
2025-520,Roland Garros,Clay,128.0,G,20250526,58.0,123755,,LL,Daniel Elahi Galan,R,191.0,COL,28.936,900000,,WC,Valentin Royer,R,188.0,FRA,23.992,7-6(6) 6-3 3-6 6-7(4) 7-5,5,R128,,17.0,6.0,200.0,132.0,86.0,36.0,27.0,13.0,19.0,14.0,6.0,155.0,89.0,65.0,34.0,27.0,5.0,12.0,122.0,477.0,120.0,478.0
2025-520,Roland Garros,Clay,128.0,G,20250526,59.0,209263,,Q,Matteo Gigante,L,180.0,ITA,23.389,133975,,Q,Benjamin Hassan,R,183.0,LBN,30.305,6-4 6-2 6-0,5,R128,,5.0,2.0,68.0,40.0,33.0,16.0,12.0,3.0,4.0,1.0,3.0,90.0,42.0,24.0,16.0,12.0,7.0,14.0,167.0,338.0,220.0,253.0
2025-520,Roland Garros,Clay,128.0,G,20250526,60.0,200240,,,Vit Kopriva,R,178.0,CZE,27.945,106329,,,Thiago Monteiro,L,183.0,BRA,30.987,6-4 6-3 4-6 6-7(6) 6-1,5,R128,,11.0,6.0,131.0,92.0,72.0,22.0,23.0,3.0,5.0,9.0,4.0,166.0,86.0,65.0,36.0,25.0,6.0,13.0,86.0,715.0,131.0,454.0
2025-520,Roland Garros,Clay,128.0,G,20250526,61.0,206681,,,Fabian Marozsan,R,193.0,HUN,25.632,208134,,,Luca Nardi,R,185.0,ITA,21.804,6-2 6-3 7-6(3),5,R128,,0.0,2.0,88.0,51.0,38.0,27.0,15.0,4.0,5.0,5.0,8.0,106.0,66.0,44.0,19.0,14.0,13.0,17.0,56.0,990.0,95.0,645.0
2025-520,Roland Garros,Clay,128.0,G,20250526,62.0,209098,,,Hamad Medjedovic,R,188.0,SRB,21.856,111794,,,Kamil Majchrzak,R,183.0,POL,29.366,6-3 6-3 7-6(2),5,R128,,13.0,5.0,99.0,67.0,48.0,15.0,15.0,3.0,6.0,6.0,3.0,90.0,57.0,34.0,15.0,15.0,4.0,10.0,74.0,811.0,96.0,645.0
2025-520,Roland Garros,Clay,128.0,G,20250526,63.0,207182,,WC,Emilio Nava,R,185.0,USA,23.48,122298,,,Botic van de Zandschulp,R,191.0,NED,29.643,6-2 7-5 7-5,5,R128,,8.0,3.0,122.0,84.0,60.0,18.0,16.0,8.0,10.0,2.0,8.0,125.0,63.0,41.0,27.0,16.0,7.0,13.0,137.0,433.0,89.0,670.0
2025-520,Roland Garros,Clay,128.0,G,20250526,64.0,124187,,,Reilly Opelka,R,211.0,USA,27.743,208014,,,Rinky Hijikata,R,178.0,AUS,24.252,1-6 6-3 7-5 7-6(3),5,R128,,22.0,7.0,113.0,70.0,56.0,22.0,20.0,1.0,4.0,3.0,5.0,125.0,77.0,58.0,25.0,20.0,8.0,11.0,93.0,651.0,78.0,792.0
2025-520,Roland Garros,Clay,128.0,G,20250526,65.0,206173,1.0,,Jannik Sinner,R,191.0,ITA,23.775,104755,,WC,Richard Gasquet,R,183.0,FRA,38.938,6-3 6-0 6-4,5,R64,,3.0,0.0,72.0,54.0,46.0,8.0,13.0,3.0,3.0,2.0,5.0,81.0,45.0,30.0,14.0,12.0,6.0,11.0,1.0,10380.0,166.0,339.0
2025-520,Roland Garros,Clay,128.0,G,20250526,66.0,100644,3.0,,Alexander Zverev,R,198.0,GER,28.099,207411,,,Jesper de Jong,R,180.0,NED,24.986,3-6 6-1 6-2 6-3,5,R64,,8.0,1.0,101.0,78.0,52.0,16.0,16.0,7.0,9.0,4.0,3.0,122.0,60.0,32.0,31.0,17.0,6.0,13.0,3.0,7285.0,88.0,690.0
2025-520,Roland Garros,Clay,128.0,G,20250526,67.0,207733,5.0,,Jack Draper,L,193.0,GBR,23.425,104792,,,Gael Monfils,R,193.0,FRA,38.732,6-3 4-6 6-3 7-5,5,R64,,5.0,3.0,116.0,75.0,54.0,24.0,20.0,6.0,10.0,8.0,7.0,153.0,88.0,59.0,24.0,20.0,15.0,22.0,5.0,4610.0,42.0,1265.0
2025-520,Roland Garros,Clay,128.0,G,20250526,68.0,104925,6.0,,Novak Djokovic,R,188.0,SRB,38.012,144895,,,Corentin Moutet,L,180.0,FRA,26.103,6-3 6-2 7-6(1),5,R64,,5.0,2.0,107.0,70.0,51.0,18.0,15.0,3.0,5.0,4.0,3.0,106.0,68.0,41.0,14.0,14.0,9.0,14.0,6.0,4230.0,73.0,812.0
2025-520,Roland Garros,Clay,128.0,G,20250526,69.0,122330,,,Alexander Bublik,R,196.0,KAZ,27.94,200282,9.0,,Alex de Minaur,R,183.0,AUS,26.27,2-6 2-6 6-4 6-3 6-2,5,R64,,12.0,12.0,130.0,79.0,58.0,22.0,22.0,7.0,13.0,4.0,8.0,128.0,61.0,45.0,35.0,21.0,8.0,14.0,62.0,915.0,9.0,3635.0
2025-520,Roland Garros,Clay,128.0,G,20250526,70.0,209950,14.0,,Arthur Fils,R,185.0,FRA,20.953,144719,,,Jaume Munar,R,183.0,ESP,28.057,7-6(3) 7-6(4) 2-6 0-6 6-4,5,R64,,2.0,7.0,173.0,110.0,67.0,28.0,24.0,13.0,22.0,9.0,13.0,158.0,100.0,73.0,22.0,24.0,8.0,13.0,14.0,2845.0,57.0,962.0
2025-520,Roland Garros,Clay,128.0,G,20250526,71.0,126094,17.0,,Andrey Rublev,R,188.0,RUS,27.598,200443,,,Adam Walton,R,183.0,AUS,26.108,7-6(1) 6-1 7-6(5),5,R64,,18.0,4.0,101.0,58.0,49.0,26.0,16.0,1.0,2.0,7.0,1.0,115.0,68.0,48.0,20.0,15.0,11.0,14.0,15.0,2820.0,91.0,653.0
2025-520,Roland Garros,Clay,128.0,G,20250526,72.0,210012,,Q,Henrique Rocha,R,180.0,POR,21.136,210150,19.0,,Jakub Mensik,R,196.0,CZE,19.732,2-6 1-6 6-4 6-3 6-3,5,R64,,7.0,6.0,133.0,85.0,54.0,25.0,21.0,6.0,12.0,9.0,4.0,122.0,75.0,51.0,26.0,22.0,5.0,11.0,200.0,278.0,19.0,2272.0
2025-520,Roland Garros,Clay,128.0,G,20250526,73.0,207985,,,Jacob Fearnley,R,183.0,GBR,23.863,200005,22.0,,Ugo Humbert,L,188.0,FRA,26.916,6-3 4-4 RET,5,R64,,3.0,5.0,50.0,28.0,20.0,12.0,8.0,3.0,5.0,3.0,5.0,77.0,47.0,27.0,13.0,9.0,8.0,12.0,55.0,991.0,21.0,2155.0
2025-520,Roland Garros,Clay,128.0,G,20250526,74.0,208103,,,Jiri Lehecka,R,185.0,CZE,23.546,200221,26.0,,Alejandro Davidovich Fokina,R,180.0,ESP,25.974,6-3 3-6 6-1 6-2,5,R64,,12.0,0.0,101.0,73.0,57.0,15.0,17.0,3.0,4.0,3.0,3.0,98.0,73.0,48.0,11.0,16.0,2.0,7.0,34.0,1505.0,29.0,1770.0
2025-520,Roland Garros,Clay,128.0,G,20250526,75.0,209209,,Q,Filip Misolic,R,180.0,AUT,23.797,133430,27.0,,Denis Shapovalov,L,185.0,CAN,26.114,7-6(5) 7-6(6) 4-6 4-6 6-3,5,R64,,9.0,6.0,170.0,107.0,79.0,32.0,27.0,10.0,16.0,6.0,8.0,182.0,111.0,75.0,36.0,26.0,10.0,15.0,153.0,374.0,31.0,1701.0
2025-520,Roland Garros,Clay,128.0,G,20250526,76.0,207925,,,Flavio Cobolli,R,183.0,ITA,23.055,208286,,,Matteo Arnaldi,R,185.0,ITA,24.255,6-3 6-3 6-7(6) 6-1,5,R64,,1.0,1.0,122.0,64.0,45.0,30.0,19.0,4.0,9.0,1.0,8.0,121.0,57.0,38.0,23.0,18.0,9.0,19.0,26.0,1920.0,36.0,1415.0
2025-520,Roland Garros,Clay,128.0,G,20250526,77.0,211663,,,Joao Fonseca,R,188.0,BRA,18.762,105732,,WC,Pierre-Hugues Herbert,R,188.0,FRA,34.19,7-6(4) 7-6(4) 6-4,5,R64,,9.0,8.0,108.0,70.0,54.0,15.0,17.0,5.0,9.0,12.0,10.0,127.0,65.0,44.0,31.0,17.0,8.0,13.0,65.0,907.0,147.0,399.0
2025-520,Roland Garros,Clay,128.0,G,20250526,78.0,134868,,,Tallon Griekspoor,R,188.0,NED,28.898,209113,,,Gabriel Diallo,R,203.0,CAN,23.669,7-5 7-6(3) 1-6 6-3,5,R64,,12.0,6.0,133.0,75.0,51.0,30.0,20.0,7.0,13.0,12.0,6.0,113.0,72.0,50.0,19.0,20.0,5.0,11.0,35.0,1485.0,54.0,997.0
2025-520,Roland Garros,Clay,128.0,G,20250526,79.0,111815,,,Cameron Norrie,L,188.0,GBR,29.758,144870,,LL,Federico Agustin Gomez,R,191.0,ARG,28.496,7-6(7) 6-2 6-1,5,R64,,4.0,2.0,94.0,73.0,52.0,10.0,13.0,9.0,10.0,3.0,8.0,104.0,69.0,38.0,16.0,14.0,8.0,14.0,81.0,762.0,144.0,405.0
2025-520,Roland Garros,Clay,128.0,G,20250526,80.0,210319,,Q,Ethan Quinn,R,191.0,USA,21.205,207686,,LL,Alexander Shevchenko,R,188.0,KAZ,24.487,6-4 4-6 6-7(5) 7-6(3) 7-5,5,R64,,14.0,6.0,195.0,107.0,78.0,48.0,28.0,12.0,16.0,11.0,2.0,179.0,115.0,85.0,30.0,28.0,8.0,13.0,106.0,538.0,103.0,580.0
2025-520,Roland Garros,Clay,128.0,G,20250526,81.0,207989,2.0,,Carlos Alcaraz,R,183.0,ESP,22.059,206681,,,Fabian Marozsan,R,193.0,HUN,25.632,6-1 4-6 6-1 6-2,5,R64,,5.0,1.0,92.0,71.0,50.0,13.0,16.0,1.0,3.0,4.0,2.0,113.0,75.0,41.0,14.0,16.0,9.0,17.0,2.0,8850.0,56.0,990.0
2025-520,Roland Garros,Clay,128.0,G,20250526,82.0,132686,,,Nuno Borges,R,185.0,POR,28.263,134770,7.0,,Casper Ruud,R,183.0,NOR,26.426,2-6 6-4 6-1 6-0,5,R64,,8.0,0.0,95.0,72.0,51.0,10.0,15.0,7.0,10.0,8.0,4.0,99.0,63.0,36.0,13.0,16.0,4.0,12.0,41.0,1285.0,8.0,3655.0
2025-520,Roland Garros,Clay,128.0,G,20250526,83.0,207518,8.0,,Lorenzo Musetti,R,185.0,ITA,23.231,123755,,LL,Daniel Elahi Galan,R,191.0,COL,28.936,6-4 6-0 6-4,5,R64,,6.0,0.0,81.0,57.0,40.0,19.0,13.0,6.0,7.0,0.0,2.0,77.0,58.0,32.0,10.0,13.0,6.0,12.0,7.0,3860.0,122.0,477.0
2025-520,Roland Garros,Clay,128.0,G,20250526,84.0,208029,10.0,,Holger Rune,R,188.0,DEN,22.075,207182,,WC,Emilio Nava,R,185.0,USA,23.48,6-3 7-6(5) 6-3,5,R64,,4.0,3.0,97.0,64.0,47.0,21.0,16.0,7.0,9.0,5.0,6.0,102.0,69.0,45.0,14.0,14.0,8.0,12.0,10.0,3440.0,137.0,433.0
2025-520,Roland Garros,Clay,128.0,G,20250526,85.0,126205,12.0,,Tommy Paul,R,185.0,USA,28.025,105916,,,Marton Fucsovics,R,188.0,HUN,33.295,4-6 2-6 6-3 7-5 6-4,5,R64,,6.0,3.0,138.0,98.0,75.0,17.0,25.0,6.0,11.0,7.0,3.0,141.0,94.0,69.0,23.0,24.0,9.0,14.0,12.0,3210.0,124.0,468.0
2025-520,Roland Garros,Clay,128.0,G,20250526,86.0,210097,13.0,,Ben Shelton,L,193.0,USA,22.628,200384,,,Hugo Gaston,L,173.0,FRA,24.663,W/O,5,R64,,,,,,,,,,,,,,,,,,,,13.0,2980.0,83.0,753.0
2025-520,Roland Garros,Clay,128.0,G,20250526,87.0,126207,15.0,,Frances Tiafoe,R,188.0,USA,27.346,105807,,,Pablo Carreno Busta,R,188.0,ESP,33.873,6-4 6-3 6-1,5,R64,,9.0,2.0,66.0,40.0,33.0,19.0,13.0,0.0,0.0,2.0,3.0,85.0,52.0,35.0,13.0,13.0,8.0,13.0,16.0,2665.0,99.0,615.0
2025-520,Roland Garros,Clay,128.0,G,20250526,88.0,209263,,Q,Matteo Gigante,L,180.0,ITA,23.389,126774,20.0,,Stefanos Tsitsipas,R,193.0,GRE,26.787,6-4 5-7 6-2 6-4,5,R64,,9.0,2.0,123.0,76.0,60.0,24.0,20.0,11.0,13.0,4.0,6.0,119.0,77.0,57.0,18.0,20.0,9.0,14.0,167.0,338.0,20.0,2270.0
2025-520,Roland Garros,Clay,128.0,G,20250526,89.0,200624,23.0,,Sebastian Korda,R,196.0,USA,24.89,202385,,,Jenson Brooksby,R,193.0,USA,24.58,6-1 6-2 7-6(2),5,R64,,3.0,2.0,98.0,58.0,40.0,22.0,14.0,6.0,9.0,1.0,1.0,87.0,57.0,30.0,12.0,13.0,7.0,14.0,23.0,2020.0,161.0,347.0
2025-520,Roland Garros,Clay,128.0,G,20250526,90.0,111575,24.0,,Karen Khachanov,R,198.0,RUS,29.013,124116,,,Sebastian Ofner,R,191.0,AUT,29.038,7-5 3-6 7-5 4-6 6-2,5,R64,,7.0,7.0,173.0,109.0,82.0,26.0,25.0,10.0,15.0,12.0,4.0,183.0,108.0,74.0,33.0,26.0,9.0,16.0,24.0,1960.0,108.0,533.0
2025-520,Roland Garros,Clay,128.0,G,20250526,91.0,200615,25.0,,Alexei Popyrin,R,196.0,AUS,25.807,126214,,,Alejandro Tabilo,L,188.0,CHI,27.981,7-5 6-3 6-4,5,R64,,8.0,1.0,86.0,56.0,43.0,17.0,15.0,6.0,8.0,2.0,4.0,104.0,70.0,41.0,18.0,16.0,6.0,12.0,25.0,1950.0,61.0,940.0
2025-520,Roland Garros,Clay,128.0,G,20250526,92.0,106000,,,Damir Dzumhur,R,175.0,BIH,33.016,208659,31.0,,Giovanni Mpetshi Perricard,R,203.0,FRA,21.884,7-6(4) 6-3 4-6 6-4,5,R64,,0.0,4.0,133.0,100.0,75.0,17.0,21.0,3.0,5.0,10.0,3.0,108.0,72.0,53.0,22.0,20.0,0.0,3.0,69.0,875.0,37.0,1414.0
2025-520,Roland Garros,Clay,128.0,G,20250526,93.0,127157,,,Daniel Altmaier,R,188.0,GER,26.702,200240,,,Vit Kopriva,R,178.0,CZE,27.945,6-2 4-6 6-3 7-5,5,R64,,8.0,4.0,155.0,100.0,67.0,31.0,20.0,17.0,19.0,7.0,1.0,112.0,79.0,53.0,15.0,19.0,1.0,6.0,66.0,906.0,86.0,715.0
2025-520,Roland Garros,Clay,128.0,G,20250526,94.0,111460,,,Quentin Halys,R,191.0,FRA,28.58,200175,,,Miomir Kecmanovic,R,183.0,SRB,25.736,4-6 6-3 7-6(2) 7-5,5,R64,,22.0,9.0,150.0,78.0,56.0,46.0,22.0,14.0,15.0,5.0,1.0,126.0,81.0,58.0,27.0,21.0,2.0,4.0,52.0,1039.0,46.0,1146.0
2025-520,Roland Garros,Clay,128.0,G,20250526,95.0,209098,,,Hamad Medjedovic,R,188.0,SRB,21.856,207678,,Q,Juan Manuel Cerundolo,L,183.0,ARG,23.526,6-3 6-4 7-5,5,R64,,4.0,5.0,95.0,60.0,44.0,13.0,15.0,5.0,8.0,6.0,6.0,105.0,54.0,33.0,22.0,16.0,7.0,14.0,74.0,811.0,109.0,530.0
2025-520,Roland Garros,Clay,128.0,G,20250526,96.0,208363,,,Mariano Navone,R,178.0,ARG,24.241,124187,,,Reilly Opelka,R,211.0,USA,27.743,6-1 7-6(1) 6-3,5,R64,,3.0,0.0,99.0,71.0,50.0,16.0,15.0,10.0,12.0,7.0,9.0,99.0,52.0,31.0,23.0,13.0,11.0,16.0,97.0,620.0,93.0,651.0
2025-520,Roland Garros,Clay,128.0,G,20250526,97.0,206173,1.0,,Jannik Sinner,R,191.0,ITA,23.775,208103,,,Jiri Lehecka,R,185.0,CZE,23.546,6-0 6-1 6-2,5,R32,,3.0,0.0,55.0,35.0,29.0,17.0,11.0,1.0,1.0,3.0,1.0,81.0,51.0,22.0,14.0,10.0,11.0,18.0,1.0,10380.0,34.0,1505.0
2025-520,Roland Garros,Clay,128.0,G,20250526,98.0,100644,3.0,,Alexander Zverev,R,198.0,GER,28.099,207925,,,Flavio Cobolli,R,183.0,ITA,23.055,6-2 7-6(4) 6-1,5,R32,,8.0,1.0,92.0,72.0,49.0,12.0,14.0,3.0,5.0,0.0,3.0,101.0,57.0,30.0,22.0,13.0,9.0,15.0,3.0,7285.0,26.0,1920.0
2025-520,Roland Garros,Clay,128.0,G,20250526,99.0,207733,5.0,,Jack Draper,L,193.0,GBR,23.425,211663,,,Joao Fonseca,R,188.0,BRA,18.762,6-2 6-4 6-2,5,R32,,8.0,4.0,68.0,40.0,37.0,17.0,13.0,2.0,2.0,6.0,0.0,84.0,59.0,37.0,9.0,13.0,6.0,11.0,5.0,4610.0,65.0,907.0
2025-520,Roland Garros,Clay,128.0,G,20250526,100.0,104925,6.0,,Novak Djokovic,R,188.0,SRB,38.012,209209,,Q,Filip Misolic,R,180.0,AUT,23.797,6-3 6-4 6-2,5,R32,,6.0,0.0,75.0,51.0,41.0,16.0,14.0,1.0,1.0,6.0,2.0,90.0,55.0,39.0,13.0,13.0,12.0,16.0,6.0,4230.0,153.0,374.0
2025-520,Roland Garros,Clay,128.0,G,20250526,101.0,126094,17.0,,Andrey Rublev,R,188.0,RUS,27.598,209950,14.0,,Arthur Fils,R,185.0,FRA,20.953,W/O,5,R32,,,,,,,,,,,,,,,,,,,,15.0,2820.0,14.0,2845.0
2025-520,Roland Garros,Clay,128.0,G,20250526,102.0,122330,,,Alexander Bublik,R,196.0,KAZ,27.94,210012,,Q,Henrique Rocha,R,180.0,POR,21.136,7-5 6-1 6-2,5,R32,,9.0,6.0,68.0,47.0,41.0,17.0,14.0,2.0,2.0,9.0,8.0,68.0,45.0,29.0,17.0,13.0,6.0,11.0,62.0,915.0,200.0,278.0
2025-520,Roland Garros,Clay,128.0,G,20250526,103.0,134868,,,Tallon Griekspoor,R,188.0,NED,28.898,210319,,Q,Ethan Quinn,R,191.0,USA,21.205,4-6 6-1 6-7(2) 6-1 6-4,5,R32,,7.0,4.0,139.0,101.0,80.0,18.0,24.0,5.0,7.0,8.0,8.0,153.0,101.0,66.0,28.0,22.0,13.0,19.0,35.0,1485.0,106.0,538.0
2025-520,Roland Garros,Clay,128.0,G,20250526,104.0,111815,,,Cameron Norrie,L,188.0,GBR,29.758,207985,,,Jacob Fearnley,R,183.0,GBR,23.863,6-3 7-6(1) 6-2,5,R32,,2.0,4.0,106.0,60.0,41.0,26.0,15.0,7.0,11.0,8.0,13.0,106.0,61.0,36.0,17.0,14.0,5.0,12.0,81.0,762.0,55.0,991.0
2025-520,Roland Garros,Clay,128.0,G,20250526,105.0,207989,2.0,,Carlos Alcaraz,R,183.0,ESP,22.059,106000,,,Damir Dzumhur,R,175.0,BIH,33.016,6-1 6-3 4-6 6-4,5,R32,,4.0,5.0,131.0,92.0,59.0,22.0,18.0,9.0,12.0,0.0,6.0,126.0,75.0,41.0,27.0,18.0,14.0,21.0,2.0,8850.0,69.0,875.0
2025-520,Roland Garros,Clay,128.0,G,20250526,106.0,207518,8.0,,Lorenzo Musetti,R,185.0,ITA,23.231,208363,,,Mariano Navone,R,178.0,ARG,24.241,4-6 6-4 6-3 6-2,5,R32,,3.0,4.0,115.0,75.0,52.0,18.0,19.0,4.0,9.0,1.0,2.0,132.0,97.0,51.0,17.0,18.0,11.0,19.0,7.0,3860.0,97.0,620.0
2025-520,Roland Garros,Clay,128.0,G,20250526,107.0,208029,10.0,,Holger Rune,R,188.0,DEN,22.075,111460,,,Quentin Halys,R,191.0,FRA,28.58,4-6 6-2 5-7 7-5 6-2,5,R32,,8.0,0.0,136.0,99.0,78.0,16.0,25.0,7.0,11.0,13.0,10.0,143.0,81.0,62.0,26.0,25.0,4.0,11.0,10.0,3440.0,52.0,1039.0
2025-520,Roland Garros,Clay,128.0,G,20250526,108.0,126205,12.0,,Tommy Paul,R,185.0,USA,28.025,111575,24.0,,Karen Khachanov,R,198.0,RUS,29.013,6-3 3-6 7-6(7) 3-6 6-3,5,R32,,8.0,4.0,159.0,100.0,69.0,25.0,24.0,9.0,15.0,5.0,3.0,166.0,104.0,66.0,33.0,24.0,6.0,12.0,12.0,3210.0,24.0,1960.0
2025-520,Roland Garros,Clay,128.0,G,20250526,109.0,210097,13.0,,Ben Shelton,L,193.0,USA,22.628,209263,,Q,Matteo Gigante,L,180.0,ITA,23.389,6-3 6-3 6-4,5,R32,,10.0,7.0,82.0,47.0,37.0,20.0,14.0,3.0,4.0,4.0,2.0,101.0,59.0,38.0,19.0,14.0,6.0,11.0,13.0,2980.0,167.0,338.0
2025-520,Roland Garros,Clay,128.0,G,20250526,110.0,126207,15.0,,Frances Tiafoe,R,188.0,USA,27.346,200624,23.0,,Sebastian Korda,R,196.0,USA,24.89,7-6(6) 6-3 6-4,5,R32,,9.0,5.0,100.0,52.0,40.0,35.0,16.0,2.0,2.0,11.0,5.0,107.0,57.0,42.0,27.0,15.0,1.0,3.0,16.0,2665.0,23.0,2020.0
2025-520,Roland Garros,Clay,128.0,G,20250526,111.0,200615,25.0,,Alexei Popyrin,R,196.0,AUS,25.807,132686,,,Nuno Borges,R,185.0,POR,28.263,6-4 7-6(11) 7-6(5),5,R32,,13.0,1.0,118.0,78.0,61.0,22.0,17.0,5.0,7.0,5.0,4.0,134.0,102.0,71.0,13.0,17.0,8.0,11.0,25.0,1950.0,41.0,1285.0
2025-520,Roland Garros,Clay,128.0,G,20250526,112.0,127157,,,Daniel Altmaier,R,188.0,GER,26.702,209098,,,Hamad Medjedovic,R,188.0,SRB,21.856,4-6 6-3 6-3 6-2,5,R32,,18.0,4.0,104.0,64.0,49.0,24.0,18.0,2.0,4.0,4.0,6.0,128.0,72.0,45.0,23.0,18.0,12.0,18.0,66.0,906.0,74.0,811.0
2025-520,Roland Garros,Clay,128.0,G,20250526,113.0,206173,1.0,,Jannik Sinner,R,191.0,ITA,23.775,126094,17.0,,Andrey Rublev,R,188.0,RUS,27.598,6-1 6-3 6-4,5,R16,,5.0,0.0,68.0,42.0,34.0,20.0,13.0,3.0,3.0,7.0,1.0,89.0,58.0,40.0,9.0,13.0,3.0,8.0,1.0,10380.0,15.0,2820.0
2025-520,Roland Garros,Clay,128.0,G,20250526,114.0,100644,3.0,,Alexander Zverev,R,198.0,GER,28.099,134868,,,Tallon Griekspoor,R,188.0,NED,28.898,6-4 3-0 RET,5,R16,,3.0,1.0,34.0,26.0,19.0,5.0,6.0,1.0,2.0,0.0,0.0,38.0,29.0,14.0,4.0,7.0,1.0,5.0,3.0,7285.0,35.0,1485.0
2025-520,Roland Garros,Clay,128.0,G,20250526,115.0,122330,,,Alexander Bublik,R,196.0,KAZ,27.94,207733,5.0,,Jack Draper,L,193.0,GBR,23.425,5-7 6-3 6-2 6-4,5,R16,,8.0,7.0,129.0,77.0,62.0,23.0,20.0,6.0,8.0,12.0,4.0,106.0,73.0,52.0,14.0,19.0,1.0,6.0,62.0,915.0,5.0,4610.0
2025-520,Roland Garros,Clay,128.0,G,20250526,116.0,104925,6.0,,Novak Djokovic,R,188.0,SRB,38.012,111815,,,Cameron Norrie,L,188.0,GBR,29.758,6-2 6-3 6-2,5,R16,,4.0,3.0,90.0,54.0,39.0,17.0,13.0,3.0,5.0,2.0,1.0,69.0,40.0,18.0,12.0,12.0,4.0,11.0,6.0,4230.0,81.0,762.0
2025-520,Roland Garros,Clay,128.0,G,20250526,117.0,207989,2.0,,Carlos Alcaraz,R,183.0,ESP,22.059,210097,13.0,,Ben Shelton,L,193.0,USA,22.628,7-6(8) 6-3 4-6 6-4,5,R16,,5.0,2.0,142.0,99.0,67.0,29.0,21.0,7.0,9.0,6.0,3.0,129.0,88.0,61.0,24.0,20.0,4.0,7.0,2.0,8850.0,13.0,2980.0
2025-520,Roland Garros,Clay,128.0,G,20250526,118.0,207518,8.0,,Lorenzo Musetti,R,185.0,ITA,23.231,208029,10.0,,Holger Rune,R,188.0,DEN,22.075,7-5 3-6 6-3 6-2,5,R16,,4.0,1.0,124.0,79.0,53.0,25.0,19.0,2.0,5.0,1.0,3.0,120.0,75.0,43.0,26.0,19.0,3.0,9.0,7.0,3860.0,10.0,3440.0
2025-520,Roland Garros,Clay,128.0,G,20250526,119.0,126205,12.0,,Tommy Paul,R,185.0,USA,28.025,200615,25.0,,Alexei Popyrin,R,196.0,AUS,25.807,6-3 6-3 6-3,5,R16,,1.0,1.0,88.0,55.0,38.0,24.0,14.0,9.0,10.0,5.0,3.0,72.0,43.0,31.0,10.0,13.0,1.0,6.0,12.0,3210.0,25.0,1950.0
2025-520,Roland Garros,Clay,128.0,G,20250526,120.0,126207,15.0,,Frances Tiafoe,R,188.0,USA,27.346,127157,,,Daniel Altmaier,R,188.0,GER,26.702,6-3 6-4 7-6(4),5,R16,,6.0,0.0,96.0,65.0,47.0,18.0,16.0,0.0,3.0,8.0,3.0,99.0,56.0,40.0,15.0,15.0,3.0,8.0,16.0,2665.0,66.0,906.0
2025-520,Roland Garros,Clay,128.0,G,20250526,121.0,206173,1.0,,Jannik Sinner,R,191.0,ITA,23.775,122330,,,Alexander Bublik,R,196.0,KAZ,27.94,6-1 7-5 6-0,5,QF,,5.0,1.0,77.0,48.0,37.0,20.0,13.0,2.0,2.0,5.0,6.0,89.0,60.0,39.0,6.0,12.0,8.0,14.0,1.0,10380.0,62.0,915.0
2025-520,Roland Garros,Clay,128.0,G,20250526,122.0,104925,6.0,,Novak Djokovic,R,188.0,SRB,38.012,100644,3.0,,Alexander Zverev,R,198.0,GER,28.099,4-6 6-3 6-2 6-4,5,QF,,6.0,0.0,119.0,85.0,65.0,19.0,19.0,2.0,3.0,4.0,1.0,103.0,72.0,55.0,11.0,18.0,4.0,8.0,6.0,4230.0,3.0,7285.0
2025-520,Roland Garros,Clay,128.0,G,20250526,123.0,207989,2.0,,Carlos Alcaraz,R,183.0,ESP,22.059,126205,12.0,,Tommy Paul,R,185.0,USA,28.025,6-0 6-1 6-4,5,QF,,3.0,0.0,55.0,44.0,39.0,9.0,12.0,0.0,0.0,3.0,2.0,87.0,64.0,35.0,9.0,11.0,11.0,17.0,2.0,8850.0,12.0,3210.0
2025-520,Roland Garros,Clay,128.0,G,20250526,124.0,207518,8.0,,Lorenzo Musetti,R,185.0,ITA,23.231,126207,15.0,,Frances Tiafoe,R,188.0,USA,27.346,6-2 4-6 7-5 6-2,5,QF,,8.0,3.0,108.0,76.0,62.0,15.0,19.0,2.0,3.0,4.0,0.0,114.0,68.0,43.0,25.0,19.0,6.0,11.0,7.0,3860.0,16.0,2665.0
2025-520,Roland Garros,Clay,128.0,G,20250526,125.0,206173,1.0,,Jannik Sinner,R,191.0,ITA,23.775,104925,6.0,,Novak Djokovic,R,188.0,SRB,38.012,6-4 7-5 7-6(3),5,SF,,10.0,1.0,111.0,57.0,45.0,34.0,17.0,5.0,6.0,4.0,1.0,114.0,81.0,54.0,19.0,17.0,6.0,9.0,1.0,10380.0,6.0,4230.0
2025-520,Roland Garros,Clay,128.0,G,20250526,126.0,207989,2.0,,Carlos Alcaraz,R,183.0,ESP,22.059,207518,8.0,,Lorenzo Musetti,R,185.0,ITA,23.231,4-6 7-6(3) 6-0 2-0 RET,5,SF,,1.0,2.0,81.0,47.0,34.0,22.0,15.0,0.0,3.0,2.0,3.0,102.0,69.0,39.0,15.0,15.0,6.0,12.0,2.0,8850.0,7.0,3860.0
2025-520,Roland Garros,Clay,128.0,G,20250526,127.0,207989,2.0,,Carlos Alcaraz,R,183.0,ESP,22.059,206173,1.0,,Jannik Sinner,R,191.0,ITA,23.775,4-6 6-7(4) 6-4 7-6(3) 7-6(2),5,F,329.0,7.0,7.0,194.0,113.0,71.0,46.0,28.0,8.0,15.0,8.0,0.0,191.0,103.0,72.0,44.0,28.0,7.0,14.0,2.0,8850.0,1.0,10380.0
2025-321,Stuttgart,Grass,28.0,250,20250609,1.0,126239,,,Arthur Rinderknech,R,196.0,FRA,29.881,133430,5.0,,Denis Shapovalov,L,185.0,CAN,26.152,6-4 2-6 6-0,3,R32,102.0,9.0,3.0,66.0,37.0,28.0,18.0,12.0,3.0,5.0,4.0,9.0,73.0,46.0,31.0,10.0,12.0,3.0,7.0,81.0,761.0,30.0,1651.0
2025-321,Stuttgart,Grass,28.0,250,20250609,2.0,210506,7.0,,Alex Michelsen,R,193.0,USA,20.789,104792,,,Gael Monfils,R,193.0,FRA,38.771,6-4 4-6 6-3,3,R32,105.0,6.0,5.0,82.0,57.0,45.0,13.0,15.0,1.0,3.0,14.0,7.0,93.0,63.0,46.0,12.0,14.0,9.0,12.0,35.0,1550.0,42.0,1265.0
2025-321,Stuttgart,Grass,28.0,250,20250609,3.0,211514,,WC,Justin Engel,R,185.0,GER,17.689,105902,,Q,James Duckworth,R,183.0,AUS,33.383,4-6 6-4 7-6(5),3,R32,149.0,16.0,4.0,105.0,64.0,48.0,22.0,16.0,4.0,6.0,16.0,4.0,104.0,58.0,41.0,27.0,16.0,4.0,6.0,281.0,191.0,94.0,653.0
2025-321,Stuttgart,Grass,28.0,250,20250609,4.0,105916,,Q,Marton Fucsovics,R,188.0,HUN,33.333,105870,,Q,Yannick Hanfmann,R,193.0,GER,33.572,7-5 6-4,3,R32,95.0,8.0,2.0,69.0,40.0,33.0,14.0,11.0,1.0,2.0,3.0,2.0,71.0,46.0,29.0,15.0,11.0,4.0,7.0,112.0,508.0,135.0,440.0
2025-321,Stuttgart,Grass,28.0,250,20250609,5.0,111460,,,Quentin Halys,R,191.0,FRA,28.619,132283,,,Lorenzo Sonego,R,191.0,ITA,30.081,6-7(6) 7-5 6-4,3,R32,160.0,10.0,7.0,108.0,65.0,52.0,22.0,17.0,2.0,3.0,1.0,2.0,101.0,65.0,46.0,21.0,17.0,5.0,8.0,47.0,1123.0,45.0,1165.0
2025-321,Stuttgart,Grass,28.0,250,20250609,6.0,105732,,Q,Pierre-Hugues Herbert,R,188.0,FRA,34.229,106000,,,Damir Dzumhur,R,175.0,BIH,33.054,6-4 3-0 RET,3,R32,54.0,7.0,5.0,44.0,19.0,17.0,14.0,7.0,2.0,2.0,2.0,4.0,34.0,19.0,13.0,8.0,6.0,1.0,3.0,132.0,449.0,67.0,900.0
2025-321,Stuttgart,Grass,28.0,250,20250609,7.0,144895,,,Corentin Moutet,L,180.0,FRA,26.141,104926,,WC,Fabio Fognini,R,178.0,ITA,38.045,6-4 6-7(3) 6-3,3,R32,131.0,4.0,3.0,101.0,51.0,43.0,25.0,16.0,3.0,4.0,1.0,6.0,87.0,48.0,36.0,22.0,15.0,1.0,4.0,91.0,662.0,117.0,486.0
2025-321,Stuttgart,Grass,28.0,250,20250609,8.0,210530,,,Learner Tien,L,180.0,USA,19.518,106415,,,Yoshihito Nishioka,L,170.0,JPN,29.7,6-7(3) 7-6(3) RET,3,R32,105.0,9.0,7.0,80.0,48.0,41.0,12.0,12.0,1.0,2.0,2.0,3.0,77.0,47.0,37.0,17.0,12.0,1.0,2.0,68.0,888.0,78.0,787.0
2025-321,Stuttgart,Grass,28.0,250,20250609,9.0,206909,6.0,,Brandon Nakashima,R,188.0,USA,23.849,207985,,,Jacob Fearnley,R,183.0,GBR,23.901,4-6 7-6(4) 6-1,3,R32,113.0,12.0,1.0,85.0,65.0,50.0,8.0,14.0,1.0,3.0,9.0,6.0,86.0,49.0,36.0,17.0,15.0,4.0,8.0,31.0,1650.0,49.0,1078.0
2025-321,Stuttgart,Grass,28.0,250,20250609,10.0,208103,8.0,,Jiri Lehecka,R,185.0,CZE,23.584,126127,,,Benjamin Bonzi,R,183.0,FRA,28.999,6-4 6-4,3,R32,75.0,13.0,2.0,56.0,37.0,33.0,10.0,10.0,2.0,2.0,4.0,0.0,69.0,49.0,33.0,9.0,10.0,4.0,6.0,33.0,1605.0,61.0,945.0
2025-321,Stuttgart,Grass,28.0,250,20250609,11.0,208659,,,Giovanni Mpetshi Perricard,R,203.0,FRA,21.922,126128,,,Roman Safiullin,R,185.0,RUS,27.838,7-6(10) 3-6 7-5,3,R32,135.0,26.0,5.0,119.0,84.0,67.0,15.0,16.0,15.0,17.0,13.0,3.0,97.0,57.0,48.0,27.0,17.0,1.0,3.0,36.0,1464.0,74.0,816.0
2025-321,Stuttgart,Grass,28.0,250,20250609,12.0,105526,,WC,Jan-Lennard Struff,R,193.0,GER,35.124,208286,,,Matteo Arnaldi,R,185.0,ITA,24.293,6-4 6-4,3,R32,73.0,10.0,3.0,54.0,31.0,28.0,13.0,10.0,1.0,1.0,3.0,3.0,65.0,38.0,26.0,14.0,10.0,2.0,4.0,103.0,600.0,41.0,1265.0
2025-321,Stuttgart,Grass,28.0,250,20250609,13.0,100644,1.0,,Alexander Zverev,R,198.0,GER,28.137,144895,,,Corentin Moutet,L,180.0,FRA,26.141,6-2 7-6(7),3,R16,111.0,6.0,4.0,78.0,52.0,35.0,13.0,10.0,5.0,7.0,1.0,6.0,69.0,37.0,23.0,15.0,10.0,2.0,6.0,3.0,6385.0,91.0,662.0
2025-321,Stuttgart,Grass,28.0,250,20250609,14.0,200000,4.0,,Felix Auger-Aliassime,R,193.0,CAN,24.835,208659,,,Giovanni Mpetshi Perricard,R,203.0,FRA,21.922,6-4 6-4,3,R16,77.0,3.0,2.0,50.0,27.0,24.0,15.0,10.0,3.0,4.0,8.0,3.0,60.0,37.0,30.0,8.0,10.0,1.0,4.0,29.0,1685.0,36.0,1464.0
2025-321,Stuttgart,Grass,28.0,250,20250609,15.0,206909,6.0,,Brandon Nakashima,R,188.0,USA,23.849,210530,,,Learner Tien,L,180.0,USA,19.518,7-6(5) 6-3,3,R16,90.0,4.0,1.0,55.0,37.0,32.0,13.0,10.0,0.0,0.0,5.0,2.0,81.0,48.0,31.0,20.0,11.0,9.0,11.0,31.0,1650.0,68.0,888.0
2025-321,Stuttgart,Grass,28.0,250,20250609,16.0,211514,,WC,Justin Engel,R,185.0,GER,17.689,210506,7.0,,Alex Michelsen,R,193.0,USA,20.789,6-4 6-4,3,R16,77.0,5.0,1.0,47.0,31.0,31.0,9.0,10.0,0.0,0.0,10.0,5.0,69.0,42.0,28.0,12.0,10.0,3.0,5.0,281.0,191.0,35.0,1550.0
2025-321,Stuttgart,Grass,28.0,250,20250609,17.0,126203,2.0,,Taylor Fritz,R,196.0,USA,27.614,111460,,,Quentin Halys,R,191.0,FRA,28.619,6-3 7-6(6),3,R16,83.0,12.0,3.0,69.0,42.0,34.0,20.0,11.0,2.0,2.0,12.0,4.0,64.0,34.0,29.0,17.0,10.0,1.0,2.0,7.0,4485.0,47.0,1123.0
2025-321,Stuttgart,Grass,28.0,250,20250609,18.0,210097,3.0,,Ben Shelton,L,193.0,USA,22.667,105732,,Q,Pierre-Hugues Herbert,R,188.0,FRA,34.229,7-6(4) 7-5,3,R16,110.0,8.0,3.0,77.0,45.0,37.0,21.0,12.0,4.0,4.0,8.0,6.0,77.0,37.0,29.0,24.0,12.0,4.0,5.0,12.0,3080.0,132.0,449.0
2025-321,Stuttgart,Grass,28.0,250,20250609,19.0,208103,8.0,,Jiri Lehecka,R,185.0,CZE,23.584,105526,,WC,Jan-Lennard Struff,R,193.0,GER,35.124,6-4 7-5,3,R16,86.0,11.0,1.0,65.0,41.0,31.0,16.0,11.0,2.0,2.0,6.0,6.0,75.0,43.0,34.0,14.0,11.0,7.0,9.0,33.0,1605.0,103.0,600.0
2025-321,Stuttgart,Grass,28.0,250,20250609,20.0,105916,,Q,Marton Fucsovics,R,188.0,HUN,33.333,126239,,,Arthur Rinderknech,R,196.0,FRA,29.881,7-6(4) 6-3,3,R16,91.0,11.0,1.0,59.0,36.0,33.0,16.0,11.0,0.0,0.0,3.0,0.0,64.0,43.0,33.0,10.0,10.0,0.0,1.0,112.0,508.0,81.0,761.0
2025-321,Stuttgart,Grass,28.0,250,20250609,21.0,100644,1.0,,Alexander Zverev,R,198.0,GER,28.137,206909,6.0,,Brandon Nakashima,R,188.0,USA,23.849,7-5 6-4,3,QF,90.0,8.0,1.0,66.0,47.0,36.0,13.0,11.0,2.0,2.0,5.0,0.0,64.0,45.0,29.0,12.0,11.0,1.0,3.0,3.0,6385.0,31.0,1650.0
2025-321,Stuttgart,Grass,28.0,250,20250609,22.0,126203,2.0,,Taylor Fritz,R,196.0,USA,27.614,105916,,Q,Marton Fucsovics,R,188.0,HUN,33.333,6-3 6-4,3,QF,75.0,12.0,2.0,55.0,38.0,35.0,6.0,10.0,2.0,2.0,3.0,1.0,58.0,28.0,24.0,12.0,9.0,2.0,4.0,7.0,4485.0,112.0,508.0
2025-321,Stuttgart,Grass,28.0,250,20250609,23.0,210097,3.0,,Ben Shelton,L,193.0,USA,22.667,208103,8.0,,Jiri Lehecka,R,185.0,CZE,23.584,6-4 6-4,3,QF,60.0,18.0,3.0,44.0,28.0,28.0,12.0,10.0,0.0,0.0,7.0,6.0,48.0,30.0,29.0,6.0,10.0,2.0,4.0,12.0,3080.0,33.0,1605.0
2025-321,Stuttgart,Grass,28.0,250,20250609,24.0,200000,4.0,,Felix Auger-Aliassime,R,193.0,CAN,24.835,211514,,WC,Justin Engel,R,185.0,GER,17.689,7-6(3) 6-3,3,QF,98.0,18.0,2.0,60.0,42.0,36.0,13.0,11.0,1.0,2.0,7.0,4.0,77.0,39.0,30.0,17.0,10.0,4.0,6.0,29.0,1685.0,281.0,191.0
2025-321,Stuttgart,Grass,28.0,250,20250609,25.0,100644,1.0,,Alexander Zverev,R,198.0,GER,28.137,210097,3.0,,Ben Shelton,L,193.0,USA,22.667,7-6(8) 7-6(1),3,SF,121.0,15.0,1.0,75.0,58.0,50.0,10.0,12.0,0.0,0.0,21.0,5.0,97.0,60.0,47.0,18.0,12.0,6.0,6.0,3.0,6385.0,12.0,3080.0
2025-321,Stuttgart,Grass,28.0,250,20250609,26.0,126203,2.0,,Taylor Fritz,R,196.0,USA,27.614,200000,4.0,,Felix Auger-Aliassime,R,193.0,CAN,24.835,6-4 7-6(5),3,SF,88.0,10.0,1.0,57.0,37.0,32.0,17.0,11.0,0.0,0.0,15.0,1.0,67.0,47.0,38.0,10.0,11.0,1.0,2.0,7.0,4485.0,29.0,1685.0
2025-321,Stuttgart,Grass,28.0,250,20250609,27.0,126203,2.0,,Taylor Fritz,R,196.0,USA,27.614,100644,1.0,,Alexander Zverev,R,198.0,GER,28.137,6-3 7-6(0),3,F,85.0,11.0,0.0,59.0,42.0,37.0,12.0,11.0,0.0,0.0,6.0,2.0,64.0,45.0,33.0,8.0,10.0,2.0,3.0,7.0,4485.0,3.0,6385.0
2025-440,'s-Hertogenbosch,Grass,28.0,250,20250609,1.0,128034,5.0,,Hubert Hurkacz,R,196.0,POL,28.323,105138,,,Roberto Bautista Agut,R,183.0,ESP,37.153,7-6(2) 6-4,3,R32,98.0,16.0,2.0,66.0,45.0,40.0,12.0,11.0,2.0,2.0,0.0,0.0,76.0,50.0,37.0,14.0,11.0,4.0,5.0,32.0,1640.0,50.0,1064.0
2025-440,'s-Hertogenbosch,Grass,28.0,250,20250609,2.0,105554,,Q,Daniel Evans,R,175.0,GBR,35.047,208014,,,Rinky Hijikata,R,178.0,AUS,24.29,3-6 6-4 6-3,3,R32,135.0,5.0,5.0,96.0,47.0,29.0,26.0,14.0,10.0,14.0,5.0,4.0,88.0,49.0,32.0,19.0,14.0,6.0,11.0,217.0,253.0,75.0,811.0
2025-440,'s-Hertogenbosch,Grass,28.0,250,20250609,3.0,210136,,Q,Mark Lajal,R,191.0,EST,22.078,111513,,,Laslo Djere,R,188.0,SRB,30.021,6-2 6-4,3,R32,78.0,3.0,2.0,52.0,36.0,28.0,10.0,9.0,4.0,4.0,3.0,3.0,60.0,35.0,22.0,11.0,9.0,1.0,4.0,195.0,279.0,64.0,927.0
2025-440,'s-Hertogenbosch,Grass,28.0,250,20250609,4.0,105173,,LL,Adrian Mannarino,L,180.0,FRA,36.945,900000,,,Christopher O'Connell,R,183.0,AUS,31.017,6-1 6-3,3,R32,88.0,3.0,2.0,56.0,26.0,20.0,19.0,8.0,4.0,4.0,1.0,0.0,65.0,35.0,20.0,14.0,8.0,10.0,14.0,127.0,462.0,80.0,772.0
2025-440,'s-Hertogenbosch,Grass,28.0,250,20250609,5.0,200267,,,Zizou Bergs,R,185.0,BEL,26.018,210696,,Q,Alexander Blockx,R,193.0,BEL,20.17,6-3 1-6 7-6(3),3,R32,169.0,5.0,12.0,125.0,72.0,54.0,20.0,14.0,13.0,16.0,3.0,1.0,98.0,65.0,44.0,19.0,14.0,6.0,8.0,63.0,931.0,145.0,410.0
2025-440,'s-Hertogenbosch,Grass,28.0,250,20250609,6.0,111456,,Q,Mackenzie McDonald,R,178.0,USA,30.149,208233,,,Mattia Bellucci,L,175.0,ITA,24.022,6-1 6-7(4) 6-3,3,R32,161.0,4.0,4.0,103.0,74.0,52.0,17.0,15.0,4.0,5.0,6.0,3.0,78.0,43.0,28.0,18.0,13.0,5.0,9.0,99.0,617.0,72.0,861.0
2025-440,'s-Hertogenbosch,Grass,28.0,250,20250609,7.0,124187,,LL,Reilly Opelka,R,211.0,USA,27.781,207411,,WC,Jesper de Jong,R,180.0,NED,25.024,6-7(5) 7-6(5) 6-2,3,R32,163.0,19.0,3.0,107.0,63.0,48.0,28.0,16.0,9.0,10.0,5.0,6.0,120.0,71.0,52.0,25.0,16.0,6.0,9.0,87.0,701.0,92.0,660.0
2025-440,'s-Hertogenbosch,Grass,28.0,250,20250609,8.0,202261,,WC,Otto Virtanen,R,193.0,FIN,23.967,144869,,,Tomas Martin Etcheverry,R,196.0,ARG,25.895,7-6(6) 7-5,3,R32,143.0,7.0,3.0,77.0,45.0,35.0,14.0,12.0,1.0,4.0,4.0,2.0,103.0,75.0,44.0,13.0,12.0,14.0,18.0,101.0,605.0,62.0,935.0
2025-440,'s-Hertogenbosch,Grass,28.0,250,20250609,9.0,111442,6.0,,Jordan Thompson,R,183.0,AUS,31.138,206499,,,Aleksandar Kovacevic,R,183.0,USA,26.779,6-4 6-4,3,R32,80.0,7.0,0.0,46.0,24.0,22.0,18.0,10.0,0.0,0.0,6.0,0.0,63.0,37.0,27.0,14.0,10.0,6.0,8.0,37.0,1375.0,76.0,799.0
2025-440,'s-Hertogenbosch,Grass,28.0,250,20250609,10.0,132686,7.0,,Nuno Borges,R,185.0,POR,28.301,210460,,NG,Nishesh Basavareddy,R,180.0,USA,20.104,7-6(2) 6-2,3,R32,73.0,12.0,1.0,54.0,43.0,37.0,6.0,10.0,2.0,3.0,2.0,7.0,69.0,37.0,24.0,15.0,10.0,4.0,7.0,38.0,1375.0,105.0,582.0
2025-440,'s-Hertogenbosch,Grass,28.0,250,20250609,11.0,111797,,,Nicolas Jarry,R,201.0,CHI,29.662,209260,8.0,,Luciano Darderi,R,183.0,ITA,23.316,5-7 6-4 7-6(3),3,R32,150.0,15.0,4.0,111.0,77.0,57.0,20.0,17.0,10.0,12.0,7.0,3.0,113.0,75.0,53.0,23.0,17.0,7.0,9.0,150.0,398.0,48.0,1119.0
2025-440,'s-Hertogenbosch,Grass,28.0,250,20250609,12.0,209113,,,Gabriel Diallo,R,203.0,CAN,23.707,126846,,,Aleksandar Vukic,R,188.0,AUS,29.175,7-5 7-6(2),3,R32,92.0,13.0,0.0,77.0,54.0,41.0,15.0,12.0,4.0,4.0,8.0,3.0,64.0,36.0,30.0,15.0,12.0,0.0,1.0,55.0,1007.0,79.0,783.0
2025-440,'s-Hertogenbosch,Grass,28.0,250,20250609,13.0,106421,1.0,,Daniil Medvedev,R,198.0,RUS,29.325,105173,,LL,Adrian Mannarino,L,180.0,FRA,36.945,7-6(6) 6-4,3,R16,125.0,9.0,4.0,63.0,41.0,34.0,14.0,11.0,0.0,1.0,2.0,1.0,98.0,61.0,38.0,20.0,11.0,7.0,9.0,11.0,3100.0,127.0,462.0
2025-440,'s-Hertogenbosch,Grass,28.0,250,20250609,14.0,200005,2.0,,Ugo Humbert,L,188.0,FRA,26.954,105554,,Q,Daniel Evans,R,175.0,GBR,35.047,7-5 6-3,3,R16,100.0,5.0,3.0,70.0,37.0,29.0,20.0,11.0,5.0,6.0,2.0,6.0,57.0,29.0,20.0,13.0,10.0,0.0,3.0,20.0,2195.0,217.0,253.0
2025-440,'s-Hertogenbosch,Grass,28.0,250,20250609,15.0,200267,,,Zizou Bergs,R,185.0,BEL,26.018,200615,4.0,,Alexei Popyrin,R,196.0,AUS,25.845,6-7(3) 6-2 7-6(3),3,R16,182.0,7.0,11.0,128.0,62.0,40.0,32.0,16.0,13.0,18.0,8.0,6.0,127.0,76.0,45.0,21.0,16.0,10.0,17.0,63.0,931.0,21.0,2140.0
2025-440,'s-Hertogenbosch,Grass,28.0,250,20250609,16.0,210136,,Q,Mark Lajal,R,191.0,EST,22.078,128034,5.0,,Hubert Hurkacz,R,196.0,POL,28.323,W/O,3,R16,,,,,,,,,,,,,,,,,,,,195.0,279.0,32.0,1640.0
2025-440,'s-Hertogenbosch,Grass,28.0,250,20250609,17.0,124187,,LL,Reilly Opelka,R,211.0,USA,27.781,111797,,,Nicolas Jarry,R,201.0,CHI,29.662,7-6(5) 6-3,3,R16,79.0,12.0,2.0,62.0,40.0,34.0,12.0,11.0,0.0,1.0,9.0,2.0,57.0,36.0,29.0,10.0,10.0,1.0,3.0,87.0,701.0,150.0,398.0
2025-440,'s-Hertogenbosch,Grass,28.0,250,20250609,18.0,111575,3.0,,Karen Khachanov,R,198.0,RUS,29.051,111456,,Q,Mackenzie McDonald,R,178.0,USA,30.149,6-3 5-7 7-6(4),3,R16,151.0,13.0,1.0,103.0,61.0,50.0,22.0,17.0,1.0,3.0,4.0,2.0,108.0,75.0,55.0,15.0,16.0,7.0,9.0,24.0,2010.0,99.0,617.0
2025-440,'s-Hertogenbosch,Grass,28.0,250,20250609,19.0,209113,,,Gabriel Diallo,R,203.0,CAN,23.707,111442,6.0,,Jordan Thompson,R,183.0,AUS,31.138,4-6 6-1 7-5,3,R16,128.0,11.0,0.0,88.0,65.0,49.0,13.0,15.0,9.0,10.0,4.0,3.0,82.0,50.0,37.0,16.0,14.0,4.0,7.0,55.0,1007.0,37.0,1375.0
2025-440,'s-Hertogenbosch,Grass,28.0,250,20250609,20.0,132686,,,Nuno Borges,R,185.0,POR,28.301,202261,,WC,Otto Virtanen,R,193.0,FIN,23.967,W/O,3,R16,,,,,,,,,,,,,,,,,,,,38.0,1375.0,101.0,605.0
2025-440,'s-Hertogenbosch,Grass,28.0,250,20250609,21.0,124187,,LL,Reilly Opelka,R,211.0,USA,27.781,106421,1.0,,Daniil Medvedev,R,198.0,RUS,29.325,7-6(5) 7-6(5),3,QF,96.0,24.0,0.0,78.0,56.0,47.0,13.0,12.0,3.0,3.0,7.0,5.0,77.0,47.0,43.0,14.0,12.0,1.0,1.0,87.0,701.0,11.0,3100.0
2025-440,'s-Hertogenbosch,Grass,28.0,250,20250609,22.0,200005,2.0,,Ugo Humbert,L,188.0,FRA,26.954,132686,7.0,,Nuno Borges,R,185.0,POR,28.301,6-1 6-4,3,QF,68.0,5.0,2.0,48.0,33.0,27.0,10.0,9.0,0.0,0.0,5.0,0.0,49.0,33.0,18.0,10.0,8.0,3.0,6.0,20.0,2195.0,38.0,1375.0
2025-440,'s-Hertogenbosch,Grass,28.0,250,20250609,23.0,209113,,,Gabriel Diallo,R,203.0,CAN,23.707,111575,3.0,,Karen Khachanov,R,198.0,RUS,29.051,7-6(6) 6-4,3,QF,112.0,19.0,3.0,74.0,47.0,35.0,15.0,11.0,4.0,5.0,7.0,4.0,79.0,46.0,31.0,18.0,11.0,6.0,8.0,55.0,1007.0,24.0,2010.0
2025-440,'s-Hertogenbosch,Grass,28.0,250,20250609,24.0,200267,,,Zizou Bergs,R,185.0,BEL,26.018,210136,,Q,Mark Lajal,R,191.0,EST,22.078,7-6(2) 7-6(4),3,QF,147.0,8.0,3.0,91.0,47.0,37.0,23.0,12.0,7.0,9.0,6.0,4.0,99.0,64.0,46.0,14.0,12.0,9.0,11.0,63.0,931.0,195.0,279.0
2025-440,'s-Hertogenbosch,Grass,28.0,250,20250609,25.0,209113,,,Gabriel Diallo,R,203.0,CAN,23.707,200005,2.0,,Ugo Humbert,L,188.0,FRA,26.954,6-3 7-6(4),3,SF,104.0,4.0,0.0,64.0,42.0,35.0,15.0,11.0,0.0,0.0,2.0,0.0,68.0,41.0,27.0,17.0,10.0,4.0,5.0,55.0,1007.0,20.0,2195.0
2025-440,'s-Hertogenbosch,Grass,28.0,250,20250609,26.0,200267,,,Zizou Bergs,R,185.0,BEL,26.018,124187,,LL,Reilly Opelka,R,211.0,USA,27.781,6-1 6-4,3,SF,68.0,5.0,1.0,47.0,23.0,21.0,15.0,9.0,0.0,0.0,3.0,1.0,52.0,34.0,22.0,6.0,8.0,4.0,7.0,63.0,931.0,87.0,701.0
2025-440,'s-Hertogenbosch,Grass,28.0,250,20250609,27.0,209113,,,Gabriel Diallo,R,203.0,CAN,23.707,200267,,,Zizou Bergs,R,185.0,BEL,26.018,7-5 7-6(8),3,F,118.0,9.0,2.0,77.0,49.0,37.0,21.0,12.0,2.0,2.0,7.0,5.0,81.0,46.0,33.0,22.0,12.0,0.0,1.0,55.0,1007.0,63.0,931.0
2025-311,Queen's Club,Grass,32.0,500,20250616,1.0,207989,1.0,,Carlos Alcaraz,R,183.0,ESP,22.116,200443,,LL,Adam Walton,R,183.0,AUS,26.166,6-4 7-6(4),3,R32,102.0,10.0,3.0,62.0,42.0,36.0,15.0,11.0,2.0,2.0,6.0,4.0,85.0,49.0,36.0,20.0,11.0,4.0,5.0,2.0,8850.0,86.0,703.0
2025-311,Queen's Club,Grass,32.0,500,20250616,2.0,207733,2.0,,Jack Draper,L,193.0,GBR,23.483,202385,,PR,Jenson Brooksby,R,193.0,USA,24.638,6-3 6-1,3,R32,77.0,8.0,5.0,45.0,29.0,27.0,6.0,8.0,0.0,0.0,2.0,1.0,62.0,39.0,24.0,9.0,8.0,4.0,8.0,6.0,4550.0,149.0,405.0
2025-311,Queen's Club,Grass,32.0,500,20250616,3.0,144895,,Q,Corentin Moutet,L,180.0,FRA,26.16,126203,3.0,,Taylor Fritz,R,196.0,USA,27.633,6-7(5) 7-6(7) 7-5,3,R32,174.0,6.0,4.0,121.0,81.0,60.0,24.0,18.0,3.0,4.0,11.0,3.0,113.0,66.0,51.0,29.0,18.0,2.0,4.0,89.0,677.0,4.0,4735.0
2025-311,Queen's Club,Grass,32.0,500,20250616,4.0,208103,,,Jiri Lehecka,R,185.0,CZE,23.603,200282,5.0,,Alex de Minaur,R,183.0,AUS,26.327,6-4 6-2,3,R32,76.0,10.0,0.0,47.0,32.0,27.0,9.0,9.0,0.0,0.0,5.0,3.0,63.0,34.0,23.0,13.0,9.0,3.0,6.0,30.0,1645.0,12.0,3085.0
2025-311,Queen's Club,Grass,32.0,500,20250616,5.0,126239,,LL,Arthur Rinderknech,R,196.0,FRA,29.9,210097,6.0,,Ben Shelton,L,193.0,USA,22.686,7-6(5) 7-6(4),3,R32,108.0,14.0,1.0,74.0,55.0,44.0,13.0,12.0,0.0,0.0,22.0,4.0,85.0,60.0,45.0,12.0,12.0,6.0,6.0,80.0,764.0,10.0,3170.0
2025-311,Queen's Club,Grass,32.0,500,20250616,6.0,209113,,,Gabriel Diallo,R,203.0,CAN,23.726,126129,,WC,Billy Harris,R,193.0,GBR,30.39,6-1 3-6 6-4,3,R32,110.0,11.0,1.0,78.0,47.0,40.0,14.0,13.0,4.0,6.0,10.0,2.0,80.0,52.0,34.0,16.0,13.0,3.0,7.0,44.0,1247.0,113.0,519.0
2025-311,Queen's Club,Grass,32.0,500,20250616,7.0,144719,,,Jaume Munar,R,183.0,ESP,28.115,111442,,,Jordan Thompson,R,183.0,AUS,31.157,7-5 RET,3,R32,47.0,2.0,2.0,33.0,20.0,18.0,8.0,6.0,1.0,1.0,5.0,1.0,36.0,22.0,15.0,8.0,6.0,3.0,4.0,59.0,962.0,37.0,1400.0
2025-311,Queen's Club,Grass,32.0,500,20250616,8.0,206909,,,Brandon Nakashima,R,188.0,USA,23.869,208659,,,Giovanni Mpetshi Perricard,R,203.0,FRA,21.941,6-7(10) 7-6(5) 6-4,3,R32,151.0,13.0,2.0,108.0,73.0,57.0,27.0,17.0,3.0,4.0,23.0,5.0,127.0,83.0,66.0,24.0,17.0,9.0,11.0,32.0,1600.0,36.0,1476.0
2025-311,Queen's Club,Grass,32.0,500,20250616,9.0,124187,,PR,Reilly Opelka,R,211.0,USA,27.8,200116,,,Camilo Ugo Carabelli,R,185.0,ARG,25.999,7-6(6) 6-4,3,R32,89.0,21.0,3.0,65.0,44.0,39.0,11.0,11.0,3.0,4.0,4.0,4.0,74.0,41.0,28.0,18.0,11.0,2.0,4.0,75.0,808.0,53.0,1036.0
2025-311,Queen's Club,Grass,32.0,500,20250616,10.0,200615,,,Alexei Popyrin,R,196.0,AUS,25.864,126846,,Q,Aleksandar Vukic,R,188.0,AUS,29.194,6-2 6-7(9) 7-6(3),3,R32,151.0,19.0,2.0,113.0,73.0,59.0,22.0,16.0,6.0,7.0,13.0,2.0,113.0,63.0,47.0,24.0,16.0,3.0,6.0,21.0,2115.0,83.0,733.0
2025-311,Queen's Club,Grass,32.0,500,20250616,11.0,208029,4.0,,Holger Rune,R,188.0,DEN,22.133,900000,,LL,Christopher O'Connell,R,183.0,AUS,31.036,6-3 6-4,3,R32,77.0,3.0,2.0,63.0,38.0,30.0,18.0,10.0,3.0,3.0,4.0,1.0,54.0,39.0,30.0,6.0,9.0,5.0,7.0,9.0,3440.0,79.0,772.0
2025-311,Queen's Club,Grass,32.0,500,20250616,12.0,105554,,WC,Daniel Evans,R,175.0,GBR,35.066,126207,7.0,,Frances Tiafoe,R,188.0,USA,27.403,7-5 6-2,3,R32,94.0,3.0,3.0,62.0,33.0,25.0,17.0,10.0,3.0,4.0,8.0,3.0,65.0,32.0,21.0,14.0,10.0,2.0,6.0,199.0,275.0,13.0,2990.0
2025-311,Queen's Club,Grass,32.0,500,20250616,13.0,210150,8.0,,Jakub Mensik,R,196.0,CZE,19.789,111815,,WC,Cameron Norrie,L,188.0,GBR,29.815,7-6(6) 1-6 6-1,3,R32,120.0,20.0,3.0,98.0,63.0,52.0,11.0,13.0,4.0,6.0,4.0,4.0,85.0,55.0,46.0,13.0,13.0,3.0,5.0,17.0,2322.0,61.0,952.0
2025-311,Queen's Club,Grass,32.0,500,20250616,14.0,105138,,,Roberto Bautista Agut,R,183.0,ESP,37.172,132686,,,Nuno Borges,R,185.0,POR,28.32,6-7(6) 7-5 6-4,3,R32,151.0,9.0,0.0,95.0,72.0,53.0,18.0,17.0,1.0,2.0,17.0,3.0,119.0,71.0,50.0,27.0,17.0,7.0,10.0,51.0,1049.0,38.0,1400.0
2025-311,Queen's Club,Grass,32.0,500,20250616,15.0,207985,,,Jacob Fearnley,R,183.0,GBR,23.921,106109,,Q,Alex Bolt,L,183.0,AUS,32.444,6-2 6-4,3,R32,67.0,6.0,7.0,49.0,30.0,28.0,8.0,9.0,0.0,0.0,4.0,2.0,50.0,31.0,22.0,9.0,9.0,0.0,3.0,60.0,961.0,194.0,284.0
2025-311,Queen's Club,Grass,32.0,500,20250616,16.0,111456,,Q,Mackenzie McDonald,R,178.0,USA,30.168,104792,,,Gael Monfils,R,193.0,FRA,38.79,6-4 6-4,3,R32,84.0,1.0,0.0,55.0,38.0,28.0,11.0,10.0,2.0,3.0,5.0,8.0,60.0,30.0,21.0,13.0,10.0,2.0,5.0,98.0,630.0,42.0,1265.0
2025-311,Queen's Club,Grass,32.0,500,20250616,17.0,207989,1.0,,Carlos Alcaraz,R,183.0,ESP,22.116,144719,,,Jaume Munar,R,183.0,ESP,28.115,6-4 6-7(7) 7-5,3,R16,203.0,9.0,8.0,126.0,66.0,50.0,31.0,17.0,10.0,12.0,10.0,8.0,130.0,78.0,54.0,23.0,17.0,3.0,7.0,2.0,8850.0,59.0,962.0
2025-311,Queen's Club,Grass,32.0,500,20250616,18.0,207985,,,Jacob Fearnley,R,183.0,GBR,23.921,144895,,Q,Corentin Moutet,L,180.0,FRA,26.16,6-3 2-6 6-2,3,R16,128.0,3.0,7.0,81.0,55.0,37.0,14.0,13.0,9.0,12.0,3.0,2.0,78.0,51.0,34.0,11.0,12.0,7.0,11.0,60.0,961.0,89.0,677.0
2025-311,Queen's Club,Grass,32.0,500,20250616,19.0,208103,,,Jiri Lehecka,R,185.0,CZE,23.603,209113,,,Gabriel Diallo,R,203.0,CAN,23.726,6-4 6-2,3,R16,64.0,5.0,3.0,45.0,27.0,26.0,10.0,9.0,0.0,0.0,8.0,2.0,50.0,34.0,22.0,9.0,9.0,1.0,4.0,30.0,1645.0,44.0,1247.0
2025-311,Queen's Club,Grass,32.0,500,20250616,20.0,126239,,LL,Arthur Rinderknech,R,196.0,FRA,29.9,124187,,PR,Reilly Opelka,R,211.0,USA,27.8,7-5 7-6(3),3,R16,96.0,12.0,5.0,67.0,44.0,38.0,14.0,12.0,0.0,0.0,11.0,5.0,82.0,44.0,38.0,17.0,12.0,5.0,6.0,80.0,764.0,75.0,808.0
2025-311,Queen's Club,Grass,32.0,500,20250616,21.0,207733,2.0,,Jack Draper,L,193.0,GBR,23.483,200615,,,Alexei Popyrin,R,196.0,AUS,25.864,3-6 6-2 7-6(5),3,R16,133.0,14.0,3.0,83.0,54.0,44.0,15.0,14.0,1.0,2.0,6.0,5.0,95.0,56.0,44.0,19.0,15.0,6.0,8.0,6.0,4550.0,21.0,2115.0
2025-311,Queen's Club,Grass,32.0,500,20250616,22.0,208029,4.0,,Holger Rune,R,188.0,DEN,22.133,111456,,Q,Mackenzie McDonald,R,178.0,USA,30.168,2-6 6-1 6-1,3,R16,81.0,13.0,4.0,62.0,40.0,33.0,10.0,11.0,1.0,3.0,3.0,2.0,66.0,44.0,26.0,8.0,11.0,2.0,7.0,9.0,3440.0,98.0,630.0
2025-311,Queen's Club,Grass,32.0,500,20250616,23.0,105138,,,Roberto Bautista Agut,R,183.0,ESP,37.172,210150,8.0,,Jakub Mensik,R,196.0,CZE,19.789,3-6 6-3 7-5,3,R16,141.0,3.0,2.0,91.0,69.0,53.0,9.0,15.0,5.0,7.0,12.0,4.0,100.0,51.0,35.0,29.0,15.0,3.0,6.0,51.0,1049.0,17.0,2322.0
2025-311,Queen's Club,Grass,32.0,500,20250616,24.0,206909,,,Brandon Nakashima,R,188.0,USA,23.869,105554,,WC,Daniel Evans,R,175.0,GBR,35.066,7-5 7-6(4),3,R16,115.0,8.0,1.0,77.0,53.0,42.0,13.0,12.0,2.0,3.0,5.0,2.0,72.0,39.0,29.0,19.0,12.0,2.0,4.0,32.0,1600.0,199.0,275.0
2025-311,Queen's Club,Grass,32.0,500,20250616,25.0,207989,1.0,,Carlos Alcaraz,R,183.0,ESP,22.116,126239,,LL,Arthur Rinderknech,R,196.0,FRA,29.9,7-5 6-4,3,QF,80.0,8.0,4.0,60.0,36.0,33.0,12.0,11.0,0.0,0.0,12.0,5.0,54.0,33.0,29.0,9.0,11.0,0.0,2.0,2.0,8850.0,80.0,764.0
2025-311,Queen's Club,Grass,32.0,500,20250616,26.0,207733,2.0,,Jack Draper,L,193.0,GBR,23.483,206909,,,Brandon Nakashima,R,188.0,USA,23.869,6-4 5-7 6-4,3,QF,142.0,14.0,2.0,102.0,68.0,53.0,18.0,16.0,10.0,11.0,13.0,2.0,105.0,66.0,48.0,21.0,16.0,8.0,10.0,6.0,4550.0,32.0,1600.0
2025-311,Queen's Club,Grass,32.0,500,20250616,27.0,105138,,,Roberto Bautista Agut,R,183.0,ESP,37.172,208029,4.0,,Holger Rune,R,188.0,DEN,22.133,7-6(5) 6-7(4) 6-2,3,QF,146.0,5.0,2.0,88.0,68.0,57.0,14.0,16.0,0.0,0.0,11.0,7.0,129.0,71.0,56.0,26.0,16.0,12.0,14.0,51.0,1049.0,9.0,3440.0
2025-311,Queen's Club,Grass,32.0,500,20250616,28.0,208103,,,Jiri Lehecka,R,185.0,CZE,23.603,207985,,,Jacob Fearnley,R,183.0,GBR,23.921,7-5 6-2,3,QF,77.0,7.0,0.0,54.0,34.0,27.0,12.0,10.0,0.0,1.0,1.0,10.0,58.0,37.0,25.0,7.0,10.0,6.0,10.0,30.0,1645.0,60.0,961.0
2025-311,Queen's Club,Grass,32.0,500,20250616,29.0,207989,1.0,,Carlos Alcaraz,R,183.0,ESP,22.116,105138,,,Roberto Bautista Agut,R,183.0,ESP,37.172,6-4 6-4,3,SF,89.0,15.0,1.0,58.0,41.0,30.0,13.0,10.0,1.0,1.0,1.0,1.0,72.0,55.0,33.0,9.0,10.0,4.0,6.0,2.0,8850.0,51.0,1049.0
2025-311,Queen's Club,Grass,32.0,500,20250616,30.0,208103,,,Jiri Lehecka,R,185.0,CZE,23.603,207733,2.0,,Jack Draper,L,193.0,GBR,23.483,6-4 4-6 7-5,3,SF,127.0,16.0,4.0,95.0,57.0,44.0,22.0,16.0,5.0,6.0,14.0,3.0,88.0,55.0,45.0,17.0,16.0,3.0,5.0,30.0,1645.0,6.0,4550.0
2025-311,Queen's Club,Grass,32.0,500,20250616,31.0,207989,1.0,,Carlos Alcaraz,R,183.0,ESP,22.116,208103,,,Jiri Lehecka,R,185.0,CZE,23.603,7-5 6-7(5) 6-2,3,F,128.0,18.0,2.0,83.0,54.0,47.0,21.0,16.0,0.0,0.0,7.0,2.0,100.0,55.0,39.0,25.0,16.0,2.0,5.0,2.0,8850.0,30.0,1645.0
2025-500,Halle,Grass,32.0,500,20250616,1.0,100644,2.0,,Alexander Zverev,R,198.0,GER,28.156,106218,,,Marcos Giron,R,180.0,USA,31.896,6-2 6-1,3,R32,79.0,10.0,0.0,44.0,34.0,28.0,6.0,8.0,0.0,0.0,2.0,3.0,65.0,36.0,21.0,10.0,7.0,5.0,9.0,3.0,6500.0,43.0,1265.0
2025-500,Halle,Grass,32.0,500,20250616,2.0,111575,8.0,,Karen Khachanov,R,198.0,RUS,29.07,200267,,,Zizou Bergs,R,185.0,BEL,26.037,7-5 6-3,3,R32,94.0,3.0,1.0,55.0,35.0,27.0,14.0,10.0,2.0,2.0,6.0,8.0,78.0,39.0,27.0,20.0,11.0,2.0,5.0,22.0,2050.0,49.0,1079.0
2025-500,Halle,Grass,32.0,500,20250616,3.0,206173,1.0,,Jannik Sinner,R,191.0,ITA,23.833,105870,,Q,Yannick Hanfmann,R,193.0,GER,33.591,7-5 6-3,3,R32,90.0,10.0,0.0,62.0,44.0,37.0,9.0,11.0,2.0,2.0,4.0,0.0,66.0,45.0,31.0,11.0,10.0,3.0,5.0,1.0,10880.0,138.0,428.0
2025-500,Halle,Grass,32.0,500,20250616,4.0,126094,4.0,,Andrey Rublev,R,188.0,RUS,27.655,124116,,Q,Sebastian Ofner,R,191.0,AUT,29.095,6-3 6-4,3,R32,62.0,10.0,1.0,47.0,31.0,31.0,9.0,10.0,0.0,0.0,8.0,3.0,53.0,25.0,19.0,15.0,9.0,2.0,4.0,14.0,2920.0,122.0,483.0
2025-500,Halle,Grass,32.0,500,20250616,5.0,210506,,,Alex Michelsen,R,193.0,USA,20.808,202103,5.0,,Francisco Cerundolo,R,185.0,ARG,26.842,2-6 7-5 6-4,3,R32,122.0,3.0,1.0,82.0,58.0,44.0,11.0,15.0,2.0,5.0,6.0,1.0,96.0,57.0,42.0,20.0,15.0,4.0,7.0,33.0,1570.0,18.0,2285.0
2025-500,Halle,Grass,32.0,500,20250616,6.0,133430,,,Denis Shapovalov,L,185.0,CAN,26.171,200005,6.0,,Ugo Humbert,L,188.0,FRA,26.973,6-4 4-6 7-6(4),3,R32,148.0,8.0,6.0,106.0,59.0,39.0,26.0,16.0,8.0,11.0,10.0,6.0,95.0,65.0,50.0,13.0,16.0,4.0,7.0,31.0,1626.0,20.0,2195.0
2025-500,Halle,Grass,32.0,500,20250616,7.0,207830,7.0,,Tomas Machac,R,183.0,CZE,24.674,207411,,LL,Jesper de Jong,R,180.0,NED,25.043,7-5 3-6 6-3,3,R32,133.0,12.0,3.0,93.0,55.0,41.0,19.0,15.0,2.0,5.0,9.0,3.0,89.0,49.0,32.0,23.0,15.0,1.0,5.0,23.0,2020.0,93.0,660.0
2025-500,Halle,Grass,32.0,500,20250616,8.0,200000,,,Felix Auger-Aliassime,R,193.0,CAN,24.854,111513,,Q,Laslo Djere,R,188.0,SRB,30.04,6-3 6-7(6) 6-1,3,R32,125.0,17.0,3.0,92.0,67.0,59.0,9.0,15.0,3.0,3.0,3.0,3.0,79.0,51.0,37.0,15.0,13.0,2.0,5.0,27.0,1775.0,65.0,911.0
2025-500,Halle,Grass,32.0,500,20250616,9.0,207925,,,Flavio Cobolli,R,183.0,ITA,23.113,211663,,WC,Joao Fonseca,R,188.0,BRA,18.82,5-7 7-6(3) 7-6(8),3,R32,164.0,11.0,3.0,138.0,83.0,59.0,34.0,18.0,8.0,9.0,9.0,1.0,120.0,82.0,64.0,22.0,18.0,4.0,4.0,24.0,1970.0,57.0,991.0
2025-500,Halle,Grass,32.0,500,20250616,10.0,144869,,,Tomas Martin Etcheverry,R,196.0,ARG,25.914,124079,,,Pedro Martinez,R,185.0,ESP,28.14,6-1 6-3,3,R32,91.0,9.0,0.0,40.0,29.0,23.0,9.0,8.0,0.0,0.0,1.0,7.0,62.0,35.0,25.0,6.0,8.0,8.0,12.0,63.0,935.0,54.0,1030.0
2025-500,Halle,Grass,32.0,500,20250616,11.0,132283,,,Lorenzo Sonego,R,191.0,ITA,30.1,105526,,WC,Jan-Lennard Struff,R,193.0,GER,35.143,6-3 6-2,3,R32,60.0,4.0,1.0,48.0,36.0,30.0,8.0,9.0,3.0,3.0,4.0,2.0,43.0,29.0,18.0,8.0,8.0,3.0,6.0,46.0,1165.0,103.0,575.0
2025-500,Halle,Grass,32.0,500,20250616,12.0,106421,3.0,,Daniil Medvedev,R,198.0,RUS,29.344,127157,,WC,Daniel Altmaier,R,188.0,GER,26.76,6-3 6-3,3,R32,63.0,7.0,3.0,57.0,41.0,29.0,9.0,9.0,2.0,2.0,5.0,0.0,47.0,31.0,24.0,5.0,9.0,3.0,6.0,11.0,3140.0,52.0,1037.0
2025-500,Halle,Grass,32.0,500,20250616,13.0,122330,,,Alexander Bublik,R,196.0,KAZ,27.997,124186,,,Alexandre Muller,R,183.0,FRA,28.37,6-4 6-4,3,R32,60.0,12.0,3.0,49.0,28.0,25.0,15.0,10.0,0.0,0.0,6.0,2.0,59.0,41.0,29.0,9.0,10.0,3.0,5.0,45.0,1225.0,40.0,1311.0
2025-500,Halle,Grass,32.0,500,20250616,14.0,111460,,,Quentin Halys,R,191.0,FRA,28.638,126127,,Q,Benjamin Bonzi,R,183.0,FRA,29.018,6-4 6-4,3,R32,78.0,18.0,4.0,50.0,30.0,27.0,10.0,10.0,1.0,2.0,3.0,1.0,83.0,61.0,33.0,12.0,10.0,6.0,9.0,48.0,1134.0,62.0,945.0
2025-500,Halle,Grass,32.0,500,20250616,15.0,206681,,,Fabian Marozsan,R,193.0,HUN,25.689,200175,,,Miomir Kecmanovic,R,183.0,SRB,25.793,6-7(3) 6-4 6-4,3,R32,131.0,8.0,4.0,109.0,70.0,56.0,21.0,16.0,10.0,10.0,5.0,5.0,121.0,82.0,58.0,20.0,16.0,8.0,10.0,58.0,990.0,47.0,1146.0
2025-500,Halle,Grass,32.0,500,20250616,16.0,126774,,,Stefanos Tsitsipas,R,193.0,GRE,26.845,209260,,,Luciano Darderi,R,183.0,ITA,23.335,6-4 3-6 7-6(5),3,R32,120.0,11.0,2.0,95.0,62.0,46.0,20.0,15.0,5.0,6.0,9.0,2.0,86.0,60.0,49.0,17.0,16.0,2.0,3.0,25.0,1920.0,56.0,1004.0
2025-500,Halle,Grass,32.0,500,20250616,17.0,122330,,,Alexander Bublik,R,196.0,KAZ,27.997,206173,1.0,,Jannik Sinner,R,191.0,ITA,23.833,3-6 6-3 6-4,3,R16,122.0,15.0,6.0,92.0,59.0,46.0,17.0,14.0,8.0,9.0,6.0,3.0,90.0,57.0,44.0,16.0,14.0,4.0,6.0,45.0,1225.0,1.0,10880.0
2025-500,Halle,Grass,32.0,500,20250616,18.0,100644,2.0,,Alexander Zverev,R,198.0,GER,28.156,132283,,,Lorenzo Sonego,R,191.0,ITA,30.1,3-6 6-4 7-6(2),3,R16,143.0,10.0,0.0,82.0,74.0,61.0,4.0,15.0,0.0,1.0,5.0,2.0,104.0,79.0,56.0,13.0,16.0,3.0,4.0,3.0,6500.0,46.0,1165.0
2025-500,Halle,Grass,32.0,500,20250616,19.0,144869,,,Tomas Martin Etcheverry,R,196.0,ARG,25.914,126094,4.0,,Andrey Rublev,R,188.0,RUS,27.655,6-3 6-7(4) 7-6(6),3,R16,181.0,12.0,3.0,100.0,57.0,44.0,22.0,16.0,3.0,6.0,15.0,8.0,123.0,61.0,48.0,27.0,17.0,6.0,11.0,63.0,935.0,14.0,2920.0
2025-500,Halle,Grass,32.0,500,20250616,20.0,207830,7.0,,Tomas Machac,R,183.0,CZE,24.674,206681,,,Fabian Marozsan,R,193.0,HUN,25.689,6-2 6-3,3,R16,59.0,3.0,1.0,39.0,19.0,16.0,14.0,8.0,0.0,1.0,3.0,1.0,52.0,36.0,20.0,5.0,9.0,2.0,7.0,23.0,2020.0,58.0,990.0
2025-500,Halle,Grass,32.0,500,20250616,21.0,111575,8.0,,Karen Khachanov,R,198.0,RUS,29.07,200000,,,Felix Auger-Aliassime,R,193.0,CAN,24.854,6-3 1-6 6-3,3,R16,100.0,4.0,2.0,68.0,45.0,31.0,13.0,13.0,1.0,4.0,12.0,3.0,63.0,39.0,30.0,12.0,12.0,4.0,7.0,22.0,2050.0,27.0,1775.0
2025-500,Halle,Grass,32.0,500,20250616,22.0,207925,,,Flavio Cobolli,R,183.0,ITA,23.113,133430,,,Denis Shapovalov,L,185.0,CAN,26.171,7-6(2) 4-6 7-6(5),3,R16,153.0,3.0,2.0,114.0,68.0,48.0,21.0,17.0,4.0,9.0,8.0,6.0,111.0,65.0,38.0,26.0,17.0,7.0,11.0,24.0,1970.0,31.0,1626.0
2025-500,Halle,Grass,32.0,500,20250616,23.0,106421,3.0,,Daniil Medvedev,R,198.0,RUS,29.344,111460,,,Quentin Halys,R,191.0,FRA,28.638,6-2 7-5,3,R16,66.0,10.0,0.0,49.0,32.0,29.0,12.0,10.0,0.0,0.0,4.0,1.0,60.0,36.0,27.0,9.0,10.0,2.0,5.0,11.0,3140.0,48.0,1134.0
2025-500,Halle,Grass,32.0,500,20250616,24.0,210506,,,Alex Michelsen,R,193.0,USA,20.808,126774,,,Stefanos Tsitsipas,R,193.0,GRE,26.845,7-6(5) 7-5,3,R16,103.0,8.0,0.0,71.0,51.0,40.0,13.0,12.0,1.0,2.0,7.0,5.0,79.0,43.0,33.0,20.0,12.0,2.0,4.0,33.0,1570.0,25.0,1920.0
2025-500,Halle,Grass,32.0,500,20250616,25.0,100644,2.0,,Alexander Zverev,R,198.0,GER,28.156,207925,,,Flavio Cobolli,R,183.0,ITA,23.113,6-4 7-6(6),3,QF,101.0,4.0,1.0,71.0,57.0,46.0,7.0,11.0,6.0,6.0,6.0,1.0,69.0,48.0,35.0,13.0,11.0,2.0,3.0,3.0,6500.0,24.0,1970.0
2025-500,Halle,Grass,32.0,500,20250616,26.0,106421,3.0,,Daniil Medvedev,R,198.0,RUS,29.344,210506,,,Alex Michelsen,R,193.0,USA,20.808,6-4 6-3,3,QF,85.0,7.0,5.0,65.0,43.0,32.0,12.0,10.0,0.0,0.0,1.0,3.0,56.0,33.0,24.0,12.0,9.0,8.0,10.0,11.0,3140.0,33.0,1570.0
2025-500,Halle,Grass,32.0,500,20250616,27.0,122330,,,Alexander Bublik,R,196.0,KAZ,27.997,207830,7.0,,Tomas Machac,R,183.0,CZE,24.674,7-6(2) 6-3,3,QF,82.0,19.0,2.0,69.0,50.0,39.0,10.0,10.0,4.0,5.0,5.0,2.0,72.0,44.0,30.0,12.0,11.0,3.0,6.0,45.0,1225.0,23.0,2020.0
2025-500,Halle,Grass,32.0,500,20250616,28.0,111575,8.0,,Karen Khachanov,R,198.0,RUS,29.07,144869,,,Tomas Martin Etcheverry,R,196.0,ARG,25.914,6-3 6-2,3,QF,72.0,6.0,0.0,44.0,25.0,23.0,13.0,9.0,0.0,0.0,2.0,1.0,49.0,29.0,20.0,8.0,8.0,4.0,7.0,22.0,2050.0,63.0,935.0
2025-500,Halle,Grass,32.0,500,20250616,29.0,106421,3.0,,Daniil Medvedev,R,198.0,RUS,29.344,100644,2.0,,Alexander Zverev,R,198.0,GER,28.156,7-6(3) 6-7(1) 6-4,3,SF,179.0,17.0,5.0,118.0,81.0,61.0,17.0,17.0,6.0,7.0,7.0,1.0,112.0,85.0,63.0,13.0,17.0,5.0,7.0,11.0,3140.0,3.0,6500.0
2025-500,Halle,Grass,32.0,500,20250616,30.0,122330,,,Alexander Bublik,R,196.0,KAZ,27.997,111575,8.0,,Karen Khachanov,R,198.0,RUS,29.07,4-6 7-6(5) 6-4,3,SF,122.0,19.0,4.0,100.0,65.0,54.0,18.0,16.0,4.0,5.0,15.0,3.0,96.0,67.0,55.0,17.0,16.0,1.0,2.0,45.0,1225.0,22.0,2050.0
2025-500,Halle,Grass,32.0,500,20250616,31.0,122330,,,Alexander Bublik,R,196.0,KAZ,27.997,106421,3.0,,Daniil Medvedev,R,198.0,RUS,29.344,6-3 7-6(4),3,F,81.0,11.0,5.0,69.0,48.0,38.0,14.0,11.0,2.0,2.0,11.0,3.0,68.0,44.0,32.0,12.0,10.0,3.0,4.0,45.0,1225.0,11.0,3140.0
2025-8994,Mallorca,Grass,28.0,250,20250623,1.0,105138,7.0,,Roberto Bautista Agut,R,183.0,ESP,37.191,144869,,,Tomas Martin Etcheverry,R,196.0,ARG,25.933,5-7 6-3 6-2,3,R32,154.0,3.0,0.0,87.0,60.0,41.0,14.0,15.0,3.0,7.0,7.0,2.0,82.0,44.0,29.0,17.0,14.0,6.0,12.0,43.0,1236.0,53.0,1025.0
2025-8994,Mallorca,Grass,28.0,250,20250623,2.0,200587,,Q,Brandon Holt,R,185.0,USA,27.214,126127,,,Benjamin Bonzi,R,183.0,FRA,29.038,2-6 6-4 6-4,3,R32,109.0,7.0,2.0,81.0,56.0,39.0,16.0,14.0,1.0,3.0,9.0,1.0,83.0,63.0,46.0,10.0,14.0,2.0,4.0,101.0,568.0,64.0,930.0
2025-8994,Mallorca,Grass,28.0,250,20250623,3.0,106071,,Q,Bernard Tomic,R,196.0,AUS,32.671,208014,,WC,Rinky Hijikata,R,178.0,AUS,24.329,3-6 7-5 6-2,3,R32,107.0,9.0,2.0,86.0,52.0,40.0,18.0,14.0,6.0,8.0,3.0,2.0,82.0,44.0,29.0,22.0,15.0,1.0,5.0,248.0,235.0,88.0,702.0
2025-8994,Mallorca,Grass,28.0,250,20250623,4.0,126128,,,Roman Safiullin,R,185.0,RUS,27.877,124186,5.0,,Alexandre Muller,R,183.0,FRA,28.389,7-6(5) 7-5,3,R32,115.0,9.0,3.0,85.0,51.0,40.0,15.0,12.0,2.0,4.0,5.0,3.0,80.0,47.0,34.0,15.0,12.0,1.0,4.0,75.0,816.0,40.0,1311.0
2025-8994,Mallorca,Grass,28.0,250,20250623,5.0,209113,6.0,,Gabriel Diallo,R,203.0,CAN,23.745,144719,,,Jaume Munar,R,183.0,ESP,28.134,7-5 6-3,3,R32,107.0,10.0,2.0,68.0,49.0,35.0,11.0,10.0,2.0,2.0,2.0,5.0,61.0,38.0,28.0,11.0,11.0,1.0,4.0,41.0,1285.0,54.0,1012.0
2025-8994,Mallorca,Grass,28.0,250,20250623,6.0,209098,,,Hamad Medjedovic,R,188.0,SRB,21.933,210460,,Q,Nishesh Basavareddy,R,180.0,USA,20.142,6-0 6-4,3,R32,63.0,11.0,2.0,42.0,23.0,17.0,15.0,8.0,0.0,0.0,2.0,2.0,52.0,29.0,18.0,10.0,8.0,2.0,6.0,73.0,853.0,99.0,582.0
2025-8994,Mallorca,Grass,28.0,250,20250623,7.0,144895,,,Corentin Moutet,L,180.0,FRA,26.179,124079,,,Pedro Martinez,R,185.0,ESP,28.159,4-6 6-3 6-0,3,R32,157.0,4.0,4.0,94.0,62.0,46.0,14.0,13.0,8.0,10.0,0.0,4.0,81.0,54.0,34.0,10.0,12.0,9.0,14.0,83.0,739.0,52.0,1030.0
2025-8994,Mallorca,Grass,28.0,250,20250623,8.0,210319,,Q,Ethan Quinn,R,191.0,USA,21.281,200116,,,Camilo Ugo Carabelli,R,185.0,ARG,26.018,6-3 6-2,3,R32,66.0,3.0,2.0,54.0,33.0,24.0,15.0,9.0,3.0,3.0,3.0,5.0,51.0,27.0,14.0,15.0,8.0,3.0,6.0,95.0,650.0,55.0,1006.0
2025-8994,Mallorca,Grass,28.0,250,20250623,9.0,126239,,,Arthur Rinderknech,R,196.0,FRA,29.919,106000,,,Damir Dzumhur,R,175.0,BIH,33.092,6-4 4-6 7-5,3,R32,151.0,9.0,9.0,94.0,49.0,41.0,23.0,16.0,4.0,6.0,8.0,6.0,100.0,55.0,39.0,27.0,16.0,5.0,8.0,70.0,864.0,68.0,900.0
2025-8994,Mallorca,Grass,28.0,250,20250623,10.0,210530,,,Learner Tien,L,180.0,USA,19.556,211514,,WC,Justin Engel,R,185.0,GER,17.728,6-4 6-4,3,R32,74.0,8.0,2.0,58.0,41.0,32.0,11.0,10.0,5.0,5.0,6.0,2.0,52.0,28.0,25.0,11.0,10.0,1.0,3.0,67.0,903.0,219.0,253.0
2025-8994,Mallorca,Grass,28.0,250,20250623,11.0,127157,8.0,,Daniel Altmaier,R,188.0,GER,26.779,104926,,WC,Fabio Fognini,R,178.0,ITA,38.084,6-3 3-6 6-3,3,R32,107.0,10.0,7.0,91.0,59.0,40.0,17.0,14.0,6.0,8.0,1.0,5.0,76.0,39.0,29.0,21.0,13.0,3.0,6.0,59.0,983.0,130.0,462.0
2025-8994,Mallorca,Grass,28.0,250,20250623,12.0,111513,,,Laslo Djere,R,188.0,SRB,30.059,900002,,,Yunchaokete Bu,R,185.0,CHN,23.425,6-4 6-4,3,R32,96.0,9.0,1.0,62.0,37.0,27.0,14.0,10.0,5.0,7.0,4.0,4.0,65.0,42.0,27.0,10.0,10.0,8.0,12.0,62.0,936.0,69.0,874.0
2025-8994,Mallorca,Grass,28.0,250,20250623,13.0,210530,,,Learner Tien,L,180.0,USA,19.556,210097,1.0,,Ben Shelton,L,193.0,USA,22.705,6-4 7-6(2),3,R16,100.0,7.0,7.0,70.0,38.0,29.0,17.0,11.0,4.0,6.0,7.0,6.0,78.0,45.0,29.0,14.0,11.0,4.0,7.0,67.0,903.0,10.0,3170.0
2025-8994,Mallorca,Grass,28.0,250,20250623,14.0,210506,3.0,,Alex Michelsen,R,193.0,USA,20.827,200587,,Q,Brandon Holt,R,185.0,USA,27.214,6-4 6-4,3,R16,78.0,6.0,2.0,53.0,33.0,25.0,9.0,10.0,2.0,5.0,4.0,1.0,62.0,37.0,24.0,9.0,10.0,2.0,7.0,33.0,1620.0,101.0,568.0
2025-8994,Mallorca,Grass,28.0,250,20250623,15.0,105138,7.0,,Roberto Bautista Agut,R,183.0,ESP,37.191,106071,,Q,Bernard Tomic,R,196.0,AUS,32.671,6-3 6-3,3,R16,67.0,4.0,0.0,50.0,37.0,28.0,7.0,9.0,2.0,3.0,6.0,3.0,55.0,25.0,17.0,12.0,9.0,2.0,6.0,43.0,1236.0,248.0,235.0
2025-8994,Mallorca,Grass,28.0,250,20250623,16.0,144895,,,Corentin Moutet,L,180.0,FRA,26.179,127157,8.0,,Daniel Altmaier,R,188.0,GER,26.779,7-6(3) 7-6(3),3,R16,134.0,1.0,4.0,78.0,46.0,36.0,19.0,12.0,2.0,3.0,5.0,3.0,84.0,51.0,36.0,17.0,12.0,5.0,6.0,83.0,739.0,59.0,983.0
2025-8994,Mallorca,Grass,28.0,250,20250623,17.0,200000,2.0,,Felix Auger-Aliassime,R,193.0,CAN,24.873,126239,,,Arthur Rinderknech,R,196.0,FRA,29.919,7-5 6-3,3,R16,112.0,8.0,3.0,57.0,31.0,25.0,17.0,11.0,0.0,1.0,7.0,3.0,83.0,53.0,36.0,11.0,10.0,7.0,10.0,27.0,1775.0,70.0,864.0
2025-8994,Mallorca,Grass,28.0,250,20250623,18.0,134868,4.0,,Tallon Griekspoor,R,188.0,NED,28.975,210319,,Q,Ethan Quinn,R,191.0,USA,21.281,7-5 6-4,3,R16,90.0,7.0,1.0,63.0,41.0,33.0,12.0,11.0,0.0,1.0,10.0,3.0,75.0,48.0,32.0,16.0,11.0,6.0,9.0,34.0,1535.0,95.0,650.0
2025-8994,Mallorca,Grass,28.0,250,20250623,19.0,209113,6.0,,Gabriel Diallo,R,203.0,CAN,23.745,111513,,,Laslo Djere,R,188.0,SRB,30.059,6-3 3-6 6-3,3,R16,107.0,10.0,3.0,78.0,53.0,44.0,13.0,14.0,3.0,4.0,5.0,1.0,76.0,50.0,37.0,14.0,13.0,1.0,3.0,41.0,1285.0,62.0,936.0
2025-8994,Mallorca,Grass,28.0,250,20250623,20.0,209098,,,Hamad Medjedovic,R,188.0,SRB,21.933,126128,,,Roman Safiullin,R,185.0,RUS,27.877,6-4 3-6 7-6(4),3,R16,146.0,12.0,6.0,104.0,71.0,56.0,15.0,15.0,6.0,7.0,12.0,4.0,102.0,68.0,49.0,23.0,16.0,1.0,2.0,73.0,853.0,75.0,816.0
2025-8994,Mallorca,Grass,28.0,250,20250623,21.0,200000,2.0,,Felix Auger-Aliassime,R,193.0,CAN,24.873,209098,,,Hamad Medjedovic,R,188.0,SRB,21.933,3-6 6-1 6-4,3,QF,129.0,11.0,1.0,77.0,55.0,42.0,13.0,13.0,5.0,6.0,5.0,6.0,78.0,43.0,30.0,19.0,13.0,3.0,6.0,27.0,1775.0,73.0,853.0
2025-8994,Mallorca,Grass,28.0,250,20250623,22.0,210506,3.0,,Alex Michelsen,R,193.0,USA,20.827,105138,7.0,,Roberto Bautista Agut,R,183.0,ESP,37.191,6-4 7-6(4),3,QF,103.0,10.0,1.0,72.0,48.0,34.0,15.0,11.0,2.0,3.0,3.0,0.0,71.0,50.0,34.0,11.0,11.0,2.0,4.0,33.0,1620.0,43.0,1236.0
2025-8994,Mallorca,Grass,28.0,250,20250623,23.0,134868,4.0,,Tallon Griekspoor,R,188.0,NED,28.975,209113,6.0,,Gabriel Diallo,R,203.0,CAN,23.745,6-4 6-4,3,QF,88.0,4.0,1.0,54.0,37.0,29.0,12.0,10.0,1.0,1.0,8.0,4.0,61.0,39.0,30.0,10.0,10.0,2.0,4.0,34.0,1535.0,41.0,1285.0
2025-8994,Mallorca,Grass,28.0,250,20250623,24.0,144895,,,Corentin Moutet,L,180.0,FRA,26.179,210530,,,Learner Tien,L,180.0,USA,19.556,6-2 7-5,3,QF,109.0,1.0,1.0,65.0,45.0,34.0,10.0,10.0,5.0,6.0,0.0,5.0,74.0,42.0,27.0,12.0,10.0,6.0,10.0,83.0,739.0,67.0,903.0
2025-8994,Mallorca,Grass,28.0,250,20250623,25.0,134868,4.0,,Tallon Griekspoor,R,188.0,NED,28.975,200000,2.0,,Felix Auger-Aliassime,R,193.0,CAN,24.873,6-4 6-4,3,SF,90.0,5.0,4.0,75.0,48.0,36.0,13.0,10.0,6.0,6.0,11.0,1.0,53.0,33.0,26.0,12.0,10.0,4.0,6.0,34.0,1535.0,27.0,1775.0
2025-8994,Mallorca,Grass,28.0,250,20250623,26.0,144895,,,Corentin Moutet,L,180.0,FRA,26.179,210506,3.0,,Alex Michelsen,R,193.0,USA,20.827,6-4 7-6(3),3,SF,115.0,4.0,1.0,76.0,51.0,35.0,14.0,11.0,8.0,10.0,1.0,1.0,72.0,44.0,25.0,16.0,11.0,6.0,9.0,83.0,739.0,33.0,1620.0
2025-8994,Mallorca,Grass,28.0,250,20250623,27.0,134868,4.0,,Tallon Griekspoor,R,188.0,NED,28.975,144895,,,Corentin Moutet,L,180.0,FRA,26.179,7-5 7-6(3),3,F,116.0,4.0,1.0,81.0,55.0,41.0,17.0,12.0,4.0,4.0,6.0,1.0,73.0,46.0,34.0,17.0,12.0,3.0,4.0,34.0,1535.0,83.0,739.0
2025-741,Eastbourne,Grass,28.0,250,20250623,1.0,207985,,,Jacob Fearnley,R,183.0,GBR,23.94,207925,5.0,,Flavio Cobolli,R,183.0,ITA,23.132,6-2 6-2,3,R32,65.0,4.0,1.0,44.0,35.0,25.0,6.0,8.0,0.0,1.0,1.0,4.0,63.0,36.0,22.0,7.0,8.0,4.0,9.0,51.0,1048.0,24.0,2060.0
2025-741,Eastbourne,Grass,28.0,250,20250623,2.0,132686,8.0,,Nuno Borges,R,185.0,POR,28.339,900025,,WC,Jack Pinnington Jones,R,180.0,GBR,22.234,4-6 6-3 6-3,3,R32,121.0,7.0,1.0,86.0,65.0,47.0,9.0,14.0,5.0,8.0,3.0,14.0,105.0,68.0,45.0,14.0,14.0,8.0,13.0,37.0,1400.0,282.0,196.0
2025-741,Eastbourne,Grass,28.0,250,20250623,3.0,202385,,LL,Jenson Brooksby,R,193.0,USA,24.657,207681,,,Francisco Comesana,R,178.0,ARG,24.712,7-6(6) 6-4,3,R32,105.0,2.0,0.0,68.0,44.0,31.0,16.0,11.0,3.0,5.0,6.0,4.0,74.0,52.0,34.0,11.0,11.0,7.0,10.0,149.0,405.0,65.0,914.0
2025-741,Eastbourne,Grass,28.0,250,20250623,4.0,105902,,Q,James Duckworth,R,183.0,AUS,33.421,126846,,Q,Aleksandar Vukic,R,188.0,AUS,29.213,6-3 6-7(5) 6-1,3,R32,141.0,10.0,3.0,96.0,63.0,50.0,19.0,15.0,5.0,5.0,5.0,2.0,91.0,55.0,36.0,19.0,13.0,8.0,11.0,106.0,528.0,80.0,758.0
2025-741,Eastbourne,Grass,28.0,250,20250623,5.0,106218,,,Marcos Giron,R,180.0,USA,31.915,209260,,,Luciano Darderi,R,183.0,ITA,23.354,6-4 7-5,3,R32,82.0,4.0,0.0,74.0,50.0,31.0,17.0,11.0,5.0,6.0,2.0,3.0,66.0,43.0,29.0,11.0,11.0,2.0,5.0,46.0,1175.0,56.0,1004.0
2025-741,Eastbourne,Grass,28.0,250,20250623,6.0,126129,,LL,Billy Harris,R,193.0,GBR,30.409,111815,,WC,Cameron Norrie,L,188.0,GBR,29.834,6-4 6-4,3,R32,84.0,4.0,1.0,68.0,48.0,35.0,10.0,10.0,7.0,8.0,0.0,1.0,53.0,35.0,18.0,14.0,10.0,0.0,3.0,142.0,426.0,61.0,952.0
2025-741,Eastbourne,Grass,28.0,250,20250623,7.0,124187,,PR,Reilly Opelka,R,211.0,USA,27.819,207785,,Q,George Loffhagen,R,188.0,GBR,24.178,7-6(6) 3-6 7-6(1),3,R32,148.0,19.0,4.0,103.0,65.0,51.0,24.0,16.0,5.0,6.0,11.0,6.0,115.0,77.0,61.0,21.0,17.0,4.0,4.0,72.0,858.0,302.0,172.0
2025-741,Eastbourne,Grass,28.0,250,20250623,8.0,200221,6.0,,Alejandro Davidovich Fokina,R,180.0,ESP,26.051,202358,,LL,Chun-Hsin Tseng,R,175.0,TPE,23.874,7-6(6) 6-2,3,R32,93.0,2.0,3.0,60.0,40.0,35.0,13.0,10.0,2.0,2.0,3.0,4.0,79.0,48.0,31.0,17.0,10.0,7.0,9.0,28.0,1770.0,96.0,648.0
2025-741,Eastbourne,Grass,28.0,250,20250623,9.0,208233,,Q,Mattia Bellucci,L,175.0,ITA,24.06,111460,,,Quentin Halys,R,191.0,FRA,28.657,6-4 6-2,3,R32,68.0,1.0,2.0,49.0,28.0,23.0,16.0,9.0,1.0,1.0,5.0,3.0,49.0,30.0,22.0,7.0,9.0,1.0,4.0,74.0,836.0,47.0,1174.0
2025-741,Eastbourne,Grass,28.0,250,20250623,10.0,105554,,WC,Daniel Evans,R,175.0,GBR,35.086,200175,,,Miomir Kecmanovic,R,183.0,SRB,25.812,3-6 6-4 6-4,3,R32,129.0,6.0,3.0,95.0,63.0,46.0,13.0,15.0,4.0,8.0,5.0,3.0,78.0,55.0,37.0,11.0,14.0,4.0,8.0,170.0,325.0,49.0,1146.0
2025-741,Eastbourne,Grass,28.0,250,20250623,11.0,211663,,,Joao Fonseca,R,188.0,BRA,18.839,200267,,,Zizou Bergs,R,185.0,BEL,26.056,6-7(8) 6-0 6-3,3,R32,128.0,3.0,2.0,90.0,71.0,50.0,14.0,14.0,2.0,3.0,14.0,8.0,102.0,67.0,42.0,15.0,13.0,7.0,12.0,57.0,991.0,50.0,1079.0
2025-741,Eastbourne,Grass,28.0,250,20250623,12.0,132283,,,Lorenzo Sonego,R,191.0,ITA,30.119,206681,,,Fabian Marozsan,R,193.0,HUN,25.708,6-2 6-4,3,R32,78.0,1.0,3.0,54.0,32.0,27.0,12.0,9.0,2.0,2.0,2.0,2.0,52.0,39.0,24.0,5.0,9.0,0.0,3.0,48.0,1171.0,58.0,990.0
2025-741,Eastbourne,Grass,28.0,250,20250623,13.0,126203,1.0,,Taylor Fritz,R,196.0,USA,27.652,211663,,,Joao Fonseca,R,188.0,BRA,18.839,6-3 6-7(5) 7-5,3,R16,122.0,17.0,2.0,106.0,72.0,56.0,17.0,17.0,1.0,2.0,7.0,1.0,90.0,62.0,48.0,14.0,16.0,4.0,7.0,5.0,4635.0,57.0,991.0
2025-741,Eastbourne,Grass,28.0,250,20250623,14.0,105554,,WC,Daniel Evans,R,175.0,GBR,35.086,126205,2.0,,Tommy Paul,R,185.0,USA,28.101,6-4 3-6 6-3,3,R16,134.0,4.0,2.0,76.0,43.0,30.0,19.0,14.0,2.0,5.0,6.0,3.0,97.0,53.0,38.0,19.0,14.0,10.0,14.0,170.0,325.0,13.0,2970.0
2025-741,Eastbourne,Grass,28.0,250,20250623,15.0,210150,3.0,,Jakub Mensik,R,196.0,CZE,19.808,124187,,PR,Reilly Opelka,R,211.0,USA,27.819,7-5 6-3,3,R16,86.0,12.0,2.0,64.0,41.0,30.0,17.0,11.0,0.0,0.0,10.0,4.0,72.0,42.0,29.0,13.0,10.0,1.0,3.0,17.0,2356.0,72.0,858.0
2025-741,Eastbourne,Grass,28.0,250,20250623,16.0,200005,4.0,,Ugo Humbert,L,188.0,FRA,26.992,132283,,,Lorenzo Sonego,R,191.0,ITA,30.119,7-5 6-4,3,R16,100.0,4.0,2.0,65.0,33.0,24.0,25.0,11.0,0.0,0.0,3.0,3.0,65.0,53.0,38.0,5.0,11.0,4.0,6.0,20.0,2195.0,48.0,1171.0
2025-741,Eastbourne,Grass,28.0,250,20250623,17.0,200221,6.0,,Alejandro Davidovich Fokina,R,180.0,ESP,26.051,105902,,Q,James Duckworth,R,183.0,AUS,33.421,6-7(3) 6-3 6-4,3,R16,135.0,10.0,5.0,114.0,71.0,52.0,24.0,16.0,8.0,9.0,7.0,1.0,86.0,55.0,39.0,16.0,15.0,4.0,7.0,28.0,1770.0,106.0,528.0
2025-741,Eastbourne,Grass,28.0,250,20250623,18.0,202385,,LL,Jenson Brooksby,R,193.0,USA,24.657,132686,8.0,,Nuno Borges,R,185.0,POR,28.339,6-4 6-4,3,R16,81.0,2.0,1.0,58.0,35.0,29.0,12.0,10.0,1.0,2.0,2.0,0.0,57.0,40.0,25.0,9.0,10.0,2.0,5.0,149.0,405.0,37.0,1400.0
2025-741,Eastbourne,Grass,28.0,250,20250623,19.0,106218,,,Marcos Giron,R,180.0,USA,31.915,207985,,,Jacob Fearnley,R,183.0,GBR,23.94,6-3 6-1,3,R16,63.0,1.0,0.0,42.0,24.0,19.0,12.0,8.0,1.0,2.0,1.0,5.0,51.0,35.0,19.0,4.0,8.0,4.0,9.0,46.0,1175.0,51.0,1048.0
2025-741,Eastbourne,Grass,28.0,250,20250623,20.0,126129,,LL,Billy Harris,R,193.0,GBR,30.409,208233,,Q,Mattia Bellucci,L,175.0,ITA,24.06,6-3 6-4,3,R16,89.0,2.0,1.0,66.0,46.0,34.0,11.0,10.0,2.0,2.0,5.0,3.0,53.0,34.0,26.0,8.0,9.0,2.0,4.0,142.0,426.0,74.0,836.0
2025-741,Eastbourne,Grass,28.0,250,20250623,21.0,126203,1.0,,Taylor Fritz,R,196.0,USA,27.652,106218,,,Marcos Giron,R,180.0,USA,31.915,7-5 4-6 7-5,3,QF,144.0,16.0,1.0,99.0,72.0,58.0,10.0,17.0,1.0,4.0,3.0,5.0,102.0,56.0,42.0,22.0,17.0,1.0,5.0,5.0,4635.0,46.0,1175.0
2025-741,Eastbourne,Grass,28.0,250,20250623,22.0,200221,6.0,,Alejandro Davidovich Fokina,R,180.0,ESP,26.051,210150,3.0,,Jakub Mensik,R,196.0,CZE,19.808,6-4 7-5,3,QF,104.0,1.0,4.0,76.0,46.0,33.0,17.0,11.0,6.0,7.0,9.0,4.0,85.0,55.0,35.0,14.0,11.0,7.0,10.0,28.0,1770.0,17.0,2356.0
2025-741,Eastbourne,Grass,28.0,250,20250623,23.0,200005,4.0,,Ugo Humbert,L,188.0,FRA,26.992,126129,,LL,Billy Harris,R,193.0,GBR,30.409,7-6(4) 6-1,3,QF,101.0,3.0,3.0,53.0,35.0,27.0,9.0,9.0,0.0,2.0,2.0,3.0,67.0,42.0,21.0,12.0,10.0,5.0,10.0,20.0,2195.0,142.0,426.0
2025-741,Eastbourne,Grass,28.0,250,20250623,24.0,202385,,LL,Jenson Brooksby,R,193.0,USA,24.657,105554,,WC,Daniel Evans,R,175.0,GBR,35.086,6-2 6-3,3,QF,83.0,4.0,2.0,38.0,24.0,21.0,11.0,8.0,0.0,0.0,2.0,1.0,63.0,39.0,22.0,10.0,9.0,2.0,6.0,149.0,405.0,170.0,325.0
2025-741,Eastbourne,Grass,28.0,250,20250623,25.0,126203,1.0,,Taylor Fritz,R,196.0,USA,27.652,200221,6.0,,Alejandro Davidovich Fokina,R,180.0,ESP,26.051,6-3 3-6 6-1,3,SF,93.0,18.0,0.0,77.0,54.0,42.0,12.0,13.0,2.0,3.0,1.0,2.0,65.0,43.0,30.0,11.0,12.0,0.0,3.0,5.0,4635.0,28.0,1770.0
2025-741,Eastbourne,Grass,28.0,250,20250623,26.0,202385,,LL,Jenson Brooksby,R,193.0,USA,24.657,200005,4.0,,Ugo Humbert,L,188.0,FRA,26.992,6-7(7) 6-4 6-4,3,SF,167.0,4.0,6.0,104.0,56.0,39.0,26.0,16.0,9.0,13.0,4.0,3.0,103.0,65.0,44.0,16.0,16.0,7.0,13.0,149.0,405.0,20.0,2195.0
2025-741,Eastbourne,Grass,28.0,250,20250623,27.0,126203,1.0,,Taylor Fritz,R,196.0,USA,27.652,202385,,LL,Jenson Brooksby,R,193.0,USA,24.657,7-5 6-1,3,F,86.0,8.0,1.0,66.0,40.0,29.0,14.0,10.0,6.0,7.0,0.0,0.0,51.0,36.0,19.0,8.0,9.0,3.0,7.0,5.0,4635.0,149.0,405.0
2025-540,Wimbledon,Grass,128.0,G,20250630,1.0,206173,1.0,,Jannik Sinner,R,191.0,ITA,23.871,208134,,,Luca Nardi,R,185.0,ITA,21.9,6-4 6-3 6-0,5,R128,108.0,9.0,2.0,65.0,38.0,34.0,19.0,13.0,0.0,0.0,3.0,5.0,88.0,48.0,28.0,17.0,12.0,8.0,13.0,1.0,10430.0,95.0,655.0
2025-540,Wimbledon,Grass,128.0,G,20250630,2.0,207733,4.0,,Jack Draper,L,193.0,GBR,23.521,202104,,,Sebastian Baez,R,170.0,ARG,24.504,6-2 6-2 2-1 RET,5,R128,74.0,10.0,1.0,41.0,27.0,25.0,11.0,9.0,0.0,0.0,1.0,3.0,63.0,42.0,25.0,9.0,10.0,0.0,5.0,4.0,4650.0,38.0,1370.0
2025-540,Wimbledon,Grass,128.0,G,20250630,3.0,104925,6.0,,Novak Djokovic,R,188.0,SRB,38.108,124186,,,Alexandre Muller,R,183.0,FRA,28.408,6-1 6-7(7) 6-2 6-2,5,R128,199.0,22.0,1.0,103.0,72.0,59.0,19.0,17.0,3.0,3.0,8.0,7.0,172.0,111.0,67.0,25.0,18.0,20.0,27.0,6.0,4630.0,41.0,1311.0
2025-540,Wimbledon,Grass,128.0,G,20250630,4.0,105932,,Q,Nikoloz Basilashvili,R,185.0,GEO,33.35,207518,7.0,,Lorenzo Musetti,R,185.0,ITA,23.326,6-2 4-6 7-5 6-1,5,R128,145.0,15.0,4.0,111.0,52.0,43.0,35.0,19.0,4.0,5.0,6.0,5.0,107.0,63.0,39.0,27.0,18.0,6.0,11.0,126.0,474.0,7.0,4140.0
2025-540,Wimbledon,Grass,128.0,G,20250630,5.0,210097,10.0,,Ben Shelton,L,193.0,USA,22.724,106109,,Q,Alex Bolt,L,183.0,AUS,32.482,6-4 7-6(1) 7-6(4),5,R128,149.0,15.0,6.0,108.0,72.0,59.0,19.0,17.0,1.0,2.0,7.0,5.0,115.0,78.0,56.0,19.0,17.0,5.0,7.0,10.0,3130.0,179.0,309.0
2025-540,Wimbledon,Grass,128.0,G,20250630,6.0,200282,11.0,,Alex de Minaur,R,183.0,AUS,26.366,106148,,,Roberto Carballes Baena,R,183.0,ESP,32.271,6-2 6-2 7-6(2),5,R128,145.0,8.0,3.0,88.0,41.0,33.0,28.0,14.0,4.0,5.0,4.0,4.0,95.0,52.0,34.0,17.0,14.0,5.0,10.0,11.0,3085.0,74.0,849.0
2025-540,Wimbledon,Grass,128.0,G,20250630,7.0,126205,13.0,,Tommy Paul,R,185.0,USA,28.12,900074,,WC,Johannus Monday,L,198.0,GBR,23.436,6-4 6-4 6-2,5,R128,103.0,9.0,3.0,72.0,46.0,40.0,17.0,14.0,2.0,2.0,7.0,2.0,82.0,48.0,35.0,17.0,14.0,2.0,6.0,13.0,2970.0,224.0,249.0
2025-540,Wimbledon,Grass,128.0,G,20250630,8.0,210150,15.0,,Jakub Mensik,R,196.0,CZE,19.828,200384,,,Hugo Gaston,L,173.0,FRA,24.758,6-1 4-6 6-2 6-2,5,R128,125.0,20.0,4.0,91.0,56.0,50.0,18.0,17.0,1.0,2.0,6.0,1.0,102.0,57.0,34.0,24.0,16.0,6.0,12.0,17.0,2356.0,86.0,693.0
2025-540,Wimbledon,Grass,128.0,G,20250630,9.0,104792,,,Gael Monfils,R,193.0,FRA,38.828,200005,18.0,,Ugo Humbert,L,188.0,FRA,27.012,6-4 3-6 6-7(5) 7-5 6-2,5,R128,237.0,28.0,15.0,161.0,91.0,70.0,35.0,25.0,7.0,11.0,10.0,6.0,170.0,108.0,76.0,31.0,26.0,6.0,13.0,48.0,1165.0,18.0,2285.0
2025-540,Wimbledon,Grass,128.0,G,20250630,10.0,105777,19.0,,Grigor Dimitrov,R,191.0,BUL,34.125,106415,,,Yoshihito Nishioka,L,170.0,JPN,29.758,6-2 6-3 6-4,5,R128,99.0,26.0,3.0,67.0,49.0,47.0,9.0,14.0,0.0,0.0,1.0,1.0,87.0,54.0,35.0,16.0,13.0,4.0,8.0,21.0,2155.0,82.0,724.0
2025-540,Wimbledon,Grass,128.0,G,20250630,11.0,207830,21.0,,Tomas Machac,R,183.0,CZE,24.712,106000,,,Damir Dzumhur,R,175.0,BIH,33.112,6-3 6-2 6-4,5,R128,100.0,7.0,1.0,73.0,50.0,39.0,16.0,14.0,2.0,3.0,1.0,2.0,83.0,48.0,29.0,16.0,13.0,3.0,8.0,23.0,2110.0,67.0,900.0
2025-540,Wimbledon,Grass,128.0,G,20250630,12.0,207925,22.0,,Flavio Cobolli,R,183.0,ITA,23.151,202320,,Q,Beibit Zhukayev,R,198.0,KAZ,24.715,6-3 7-6(7) 6-1,5,R128,106.0,11.0,3.0,85.0,57.0,46.0,21.0,15.0,2.0,2.0,14.0,6.0,89.0,56.0,42.0,15.0,13.0,5.0,8.0,24.0,2035.0,247.0,229.0
2025-540,Wimbledon,Grass,128.0,G,20250630,13.0,208363,,,Mariano Navone,R,178.0,ARG,24.337,133430,27.0,,Denis Shapovalov,L,185.0,CAN,26.209,3-6 6-4 6-1 6-4,5,R128,148.0,1.0,5.0,104.0,62.0,43.0,27.0,18.0,4.0,7.0,6.0,11.0,111.0,60.0,43.0,21.0,18.0,4.0,10.0,91.0,670.0,30.0,1676.0
2025-540,Wimbledon,Grass,128.0,G,20250630,14.0,144719,,,Jaume Munar,R,183.0,ESP,28.153,122330,28.0,,Alexander Bublik,R,196.0,KAZ,28.036,6-4 3-6 4-6 7-6(5) 6-2,5,R128,204.0,8.0,6.0,151.0,88.0,63.0,34.0,24.0,7.0,12.0,21.0,8.0,148.0,86.0,65.0,28.0,25.0,3.0,9.0,55.0,1012.0,31.0,1675.0
2025-540,Wimbledon,Grass,128.0,G,20250630,15.0,206909,29.0,,Brandon Nakashima,R,188.0,USA,23.907,900002,,,Yunchaokete Bu,R,185.0,CHN,23.444,6-4 4-6 7-6(1) 6-4,5,R128,214.0,21.0,3.0,131.0,88.0,67.0,23.0,21.0,7.0,9.0,14.0,4.0,148.0,92.0,65.0,24.0,21.0,5.0,8.0,34.0,1650.0,71.0,874.0
2025-540,Wimbledon,Grass,128.0,G,20250630,16.0,200175,,,Miomir Kecmanovic,R,183.0,SRB,25.832,210506,30.0,,Alex Michelsen,R,193.0,USA,20.846,6-2 3-6 6-3 3-6 7-6(6),5,R128,193.0,10.0,6.0,147.0,99.0,77.0,25.0,23.0,3.0,5.0,12.0,9.0,151.0,96.0,69.0,30.0,24.0,3.0,6.0,49.0,1106.0,32.0,1670.0
2025-540,Wimbledon,Grass,128.0,G,20250630,17.0,209070,,Q,Arthur Cazaux,R,183.0,FRA,22.853,200443,,,Adam Walton,R,183.0,AUS,26.204,6-3 7-6(6) 4-6 6-7(5) 6-1,5,R128,254.0,24.0,8.0,163.0,116.0,98.0,17.0,25.0,6.0,7.0,12.0,2.0,176.0,111.0,73.0,40.0,25.0,13.0,17.0,115.0,505.0,90.0,678.0
2025-540,Wimbledon,Grass,128.0,G,20250630,18.0,105227,,,Marin Cilic,R,198.0,CRO,36.753,209920,,,Raphael Collignon,R,191.0,BEL,23.461,6-3 6-4 6-3,5,R128,108.0,16.0,0.0,75.0,44.0,37.0,18.0,14.0,3.0,4.0,12.0,9.0,85.0,57.0,39.0,11.0,14.0,8.0,13.0,83.0,722.0,85.0,705.0
2025-540,Wimbledon,Grass,128.0,G,20250630,19.0,207411,,,Jesper de Jong,R,180.0,NED,25.081,111153,,,Christopher Eubanks,R,201.0,USA,29.153,6-3 6-7(5) 6-7(7) 6-3 7-6(3),5,R128,269.0,32.0,15.0,188.0,106.0,84.0,48.0,27.0,12.0,12.0,17.0,7.0,193.0,135.0,99.0,26.0,27.0,8.0,11.0,106.0,548.0,130.0,454.0
2025-540,Wimbledon,Grass,128.0,G,20250630,20.0,105554,,WC,Daniel Evans,R,175.0,GBR,35.105,126652,,WC,Jay Clarke,R,183.0,GBR,26.927,6-1 7-5 6-2,5,R128,134.0,6.0,0.0,82.0,46.0,37.0,22.0,14.0,2.0,3.0,6.0,6.0,82.0,47.0,33.0,12.0,13.0,1.0,7.0,154.0,375.0,196.0,283.0
2025-540,Wimbledon,Grass,128.0,G,20250630,21.0,105916,,LL,Marton Fucsovics,R,188.0,HUN,33.391,206499,,,Aleksandar Kovacevic,R,183.0,USA,26.836,6-3 6-7(5) 6-1 5-7 6-4,5,R128,217.0,18.0,7.0,161.0,101.0,84.0,32.0,26.0,8.0,10.0,6.0,4.0,146.0,85.0,64.0,31.0,24.0,5.0,10.0,105.0,564.0,76.0,799.0
2025-540,Wimbledon,Grass,128.0,G,20250630,22.0,106218,,,Marcos Giron,R,180.0,USA,31.934,200116,,,Camilo Ugo Carabelli,R,185.0,ARG,26.037,7-6(6) 7-6(4) 6-3,5,R128,159.0,12.0,0.0,108.0,70.0,51.0,22.0,17.0,4.0,7.0,6.0,2.0,124.0,63.0,39.0,31.0,16.0,8.0,12.0,45.0,1200.0,56.0,1006.0
2025-540,Wimbledon,Grass,128.0,G,20250630,23.0,208014,,,Rinky Hijikata,R,178.0,AUS,24.348,105676,,,David Goffin,R,180.0,BEL,34.563,6-3 6-1 6-1,5,R128,76.0,6.0,0.0,65.0,38.0,31.0,20.0,12.0,2.0,2.0,3.0,5.0,63.0,31.0,20.0,11.0,11.0,5.0,11.0,87.0,693.0,63.0,930.0
2025-540,Wimbledon,Grass,128.0,G,20250630,24.0,200416,,Q,August Holmgren,R,188.0,DEN,27.19,111460,,,Quentin Halys,R,191.0,FRA,28.676,7-6(4) 6-3 6-4,5,R128,107.0,20.0,6.0,106.0,66.0,56.0,23.0,16.0,4.0,4.0,17.0,7.0,80.0,49.0,42.0,18.0,15.0,2.0,4.0,192.0,285.0,46.0,1174.0
2025-540,Wimbledon,Grass,128.0,G,20250630,25.0,206681,,,Fabian Marozsan,R,193.0,HUN,25.728,210317,,Q,James McCabe,R,188.0,AUS,21.988,6-1 6-4 6-3,5,R128,118.0,3.0,3.0,83.0,54.0,40.0,18.0,13.0,3.0,3.0,8.0,4.0,93.0,64.0,41.0,10.0,13.0,6.0,11.0,58.0,990.0,181.0,308.0
2025-540,Wimbledon,Grass,128.0,G,20250630,26.0,124079,,,Pedro Martinez,R,185.0,ESP,28.178,207785,,WC,George Loffhagen,R,188.0,GBR,24.197,2-6 6-2 6-4 6-2,5,R128,159.0,0.0,4.0,99.0,70.0,41.0,17.0,17.0,6.0,12.0,16.0,5.0,95.0,47.0,30.0,17.0,17.0,5.0,14.0,52.0,1030.0,293.0,185.0
2025-540,Wimbledon,Grass,128.0,G,20250630,27.0,144895,,,Corentin Moutet,L,180.0,FRA,26.198,207681,,,Francisco Comesana,R,178.0,ARG,24.731,6-4 6-4 6-2,5,R128,136.0,6.0,7.0,87.0,52.0,44.0,16.0,14.0,4.0,5.0,8.0,10.0,98.0,58.0,38.0,16.0,14.0,11.0,16.0,69.0,894.0,65.0,914.0
2025-540,Wimbledon,Grass,128.0,G,20250630,28.0,124116,,,Sebastian Ofner,R,191.0,AUT,29.133,209098,,,Hamad Medjedovic,R,188.0,SRB,21.952,7-6(8) 3-1 RET,5,R128,87.0,9.0,1.0,50.0,30.0,27.0,14.0,8.0,1.0,1.0,7.0,1.0,65.0,47.0,32.0,10.0,8.0,4.0,5.0,165.0,343.0,68.0,896.0
2025-540,Wimbledon,Grass,128.0,G,20250630,29.0,124187,,,Reilly Opelka,R,211.0,USA,27.838,207686,,,Alexander Shevchenko,R,188.0,KAZ,24.583,6-3 7-5 7-6(4),5,R128,115.0,19.0,7.0,106.0,64.0,49.0,25.0,17.0,5.0,7.0,11.0,6.0,93.0,57.0,47.0,12.0,16.0,3.0,7.0,70.0,877.0,98.0,610.0
2025-540,Wimbledon,Grass,128.0,G,20250630,30.0,900025,,WC,Jack Pinnington Jones,R,180.0,GBR,22.253,144869,,,Tomas Martin Etcheverry,R,196.0,ARG,25.952,7-6(4) 6-3 7-5,5,R128,156.0,11.0,5.0,108.0,62.0,51.0,24.0,17.0,7.0,8.0,11.0,4.0,104.0,65.0,51.0,18.0,16.0,10.0,13.0,281.0,196.0,53.0,1025.0
2025-540,Wimbledon,Grass,128.0,G,20250630,31.0,132283,,,Lorenzo Sonego,R,191.0,ITA,30.138,210262,,Q,Jaime Faria,R,188.0,POR,21.9,6-3 6-4 6-2,5,R128,103.0,15.0,0.0,74.0,60.0,48.0,10.0,14.0,2.0,2.0,4.0,6.0,85.0,58.0,41.0,8.0,13.0,5.0,9.0,47.0,1171.0,116.0,503.0
2025-540,Wimbledon,Grass,128.0,G,20250630,32.0,126846,,,Aleksandar Vukic,R,188.0,AUS,29.232,202358,,,Chun-Hsin Tseng,R,175.0,TPE,23.893,6-3 6-4 4-6 7-6(5),5,R128,184.0,11.0,3.0,126.0,67.0,54.0,30.0,21.0,3.0,7.0,12.0,9.0,144.0,85.0,61.0,23.0,20.0,9.0,14.0,93.0,664.0,96.0,643.0
2025-540,Wimbledon,Grass,128.0,G,20250630,33.0,207989,2.0,,Carlos Alcaraz,R,183.0,ESP,22.155,104926,,,Fabio Fognini,R,178.0,ITA,38.103,7-5 6-7(5) 7-5 2-6 6-1,5,R128,277.0,14.0,9.0,189.0,110.0,77.0,41.0,26.0,16.0,21.0,1.0,9.0,168.0,107.0,68.0,34.0,25.0,8.0,15.0,2.0,9300.0,138.0,437.0
2025-540,Wimbledon,Grass,128.0,G,20250630,34.0,126239,,,Arthur Rinderknech,R,196.0,FRA,29.938,100644,3.0,,Alexander Zverev,R,198.0,GER,28.194,7-6(3) 6-7(8) 6-3 6-7(5) 6-4,5,R128,280.0,25.0,3.0,174.0,124.0,98.0,32.0,27.0,9.0,9.0,31.0,5.0,189.0,144.0,110.0,24.0,28.0,9.0,12.0,72.0,873.0,3.0,6500.0
2025-540,Wimbledon,Grass,128.0,G,20250630,35.0,126203,5.0,,Taylor Fritz,R,196.0,USA,27.671,208659,,,Giovanni Mpetshi Perricard,R,203.0,FRA,21.979,6-7(6) 6-7(8) 6-4 7-6(6) 6-4,5,R128,205.0,29.0,2.0,160.0,108.0,92.0,37.0,28.0,0.0,0.0,37.0,13.0,185.0,123.0,101.0,31.0,28.0,4.0,6.0,5.0,4635.0,36.0,1411.0
2025-540,Wimbledon,Grass,128.0,G,20250630,36.0,111797,,Q,Nicolas Jarry,R,201.0,CHI,29.719,208029,8.0,,Holger Rune,R,188.0,DEN,22.171,4-6 4-6 7-5 6-3 6-4,5,R128,214.0,31.0,8.0,139.0,84.0,66.0,35.0,26.0,3.0,6.0,7.0,9.0,150.0,90.0,70.0,28.0,25.0,7.0,11.0,143.0,418.0,8.0,3530.0
2025-540,Wimbledon,Grass,128.0,G,20250630,37.0,126127,,,Benjamin Bonzi,R,183.0,FRA,29.057,106421,9.0,,Daniil Medvedev,R,198.0,RUS,29.383,7-6(2) 3-6 7-6(3) 6-2,5,R128,187.0,5.0,1.0,119.0,77.0,60.0,29.0,20.0,5.0,7.0,14.0,12.0,146.0,86.0,65.0,26.0,21.0,1.0,4.0,64.0,930.0,9.0,3420.0
2025-540,Wimbledon,Grass,128.0,G,20250630,38.0,126207,12.0,,Frances Tiafoe,R,188.0,USA,27.441,209284,,,Elmer Moller,R,183.0,DEN,21.977,6-3 6-4 6-2,5,R128,105.0,7.0,4.0,78.0,42.0,37.0,19.0,14.0,1.0,2.0,2.0,13.0,82.0,34.0,24.0,24.0,13.0,6.0,11.0,12.0,2990.0,117.0,499.0
2025-540,Wimbledon,Grass,128.0,G,20250630,39.0,126094,14.0,,Andrey Rublev,R,188.0,RUS,27.693,111513,,,Laslo Djere,R,188.0,SRB,30.078,6-0 7-6(5) 6-7(9) 7-6(6),5,R128,195.0,12.0,3.0,142.0,88.0,68.0,37.0,21.0,3.0,3.0,13.0,12.0,163.0,85.0,70.0,35.0,21.0,12.0,15.0,14.0,2920.0,60.0,961.0
2025-540,Wimbledon,Grass,128.0,G,20250630,40.0,132686,,,Nuno Borges,R,185.0,POR,28.359,202103,16.0,,Francisco Cerundolo,R,185.0,ARG,26.88,4-6 6-3 7-6(5) 6-0,5,R128,148.0,9.0,0.0,113.0,77.0,58.0,23.0,19.0,7.0,10.0,5.0,4.0,116.0,81.0,54.0,14.0,18.0,8.0,14.0,37.0,1400.0,19.0,2285.0
2025-540,Wimbledon,Grass,128.0,G,20250630,41.0,111575,17.0,,Karen Khachanov,R,198.0,RUS,29.109,111456,,,Mackenzie McDonald,R,178.0,USA,30.207,7-5 6-4 6-4,5,R128,131.0,11.0,1.0,106.0,66.0,51.0,24.0,16.0,6.0,7.0,7.0,2.0,92.0,62.0,42.0,15.0,16.0,6.0,10.0,20.0,2240.0,88.0,689.0
2025-540,Wimbledon,Grass,128.0,G,20250630,42.0,209259,,WC,Arthur Fery,R,175.0,GBR,22.968,200615,20.0,,Alexei Popyrin,R,196.0,AUS,25.903,6-4 6-1 4-6 6-4,5,R128,169.0,6.0,3.0,114.0,67.0,45.0,32.0,18.0,2.0,3.0,20.0,5.0,124.0,72.0,50.0,25.0,19.0,11.0,16.0,461.0,91.0,22.0,2140.0
2025-540,Wimbledon,Grass,128.0,G,20250630,43.0,208103,23.0,,Jiri Lehecka,R,185.0,CZE,23.641,106198,,,Hugo Dellien,R,180.0,BOL,32.038,4-6 6-2 6-2 7-6(0),5,R128,145.0,22.0,3.0,102.0,67.0,56.0,23.0,19.0,1.0,2.0,6.0,2.0,114.0,78.0,51.0,19.0,19.0,4.0,8.0,25.0,1965.0,79.0,751.0
2025-540,Wimbledon,Grass,128.0,G,20250630,44.0,900000,,Q,Valentin Royer,R,188.0,FRA,24.088,126774,24.0,,Stefanos Tsitsipas,R,193.0,GRE,26.883,6-3 6-2 RET,5,R128,77.0,8.0,1.0,50.0,34.0,27.0,10.0,9.0,3.0,3.0,7.0,7.0,60.0,26.0,16.0,18.0,8.0,1.0,4.0,113.0,513.0,26.0,1920.0
2025-540,Wimbledon,Grass,128.0,G,20250630,45.0,200000,25.0,,Felix Auger-Aliassime,R,193.0,CAN,24.893,105902,,,James Duckworth,R,183.0,AUS,33.44,6-2 3-6 6-7(2) 6-4 6-4,5,R128,222.0,26.0,11.0,136.0,76.0,65.0,29.0,24.0,2.0,4.0,8.0,7.0,171.0,100.0,66.0,39.0,25.0,10.0,15.0,28.0,1825.0,103.0,566.0
2025-540,Wimbledon,Grass,128.0,G,20250630,46.0,200221,26.0,,Alejandro Davidovich Fokina,R,180.0,ESP,26.07,200587,,,Brandon Holt,R,185.0,USA,27.233,6-2 6-4 7-5,5,R128,108.0,11.0,3.0,84.0,55.0,44.0,17.0,15.0,2.0,3.0,8.0,1.0,87.0,56.0,39.0,11.0,15.0,4.0,9.0,27.0,1845.0,99.0,600.0
2025-540,Wimbledon,Grass,128.0,G,20250630,47.0,202385,,,Jenson Brooksby,R,193.0,USA,24.676,134868,31.0,,Tallon Griekspoor,R,188.0,NED,28.994,6-2 7-5 6-3,5,R128,138.0,6.0,3.0,100.0,65.0,48.0,17.0,15.0,4.0,5.0,9.0,10.0,109.0,58.0,41.0,18.0,14.0,13.0,18.0,101.0,577.0,29.0,1755.0
2025-540,Wimbledon,Grass,128.0,G,20250630,48.0,111794,,,Kamil Majchrzak,R,183.0,POL,29.462,126610,32.0,,Matteo Berrettini,R,196.0,ITA,29.216,4-6 6-2 6-4 5-7 6-3,5,R128,187.0,5.0,3.0,134.0,76.0,56.0,36.0,25.0,4.0,8.0,25.0,4.0,136.0,86.0,65.0,22.0,24.0,9.0,15.0,109.0,527.0,35.0,1515.0
2025-540,Wimbledon,Grass,128.0,G,20250630,49.0,208233,,,Mattia Bellucci,L,175.0,ITA,24.079,900075,,WC,Oliver Crawford,R,180.0,GBR,26.168,6-7(2) 6-3 6-4 6-4,5,R128,178.0,21.0,6.0,110.0,62.0,57.0,30.0,21.0,0.0,0.0,5.0,3.0,131.0,71.0,51.0,34.0,20.0,7.0,10.0,73.0,864.0,248.0,229.0
2025-540,Wimbledon,Grass,128.0,G,20250630,50.0,209260,,,Luciano Darderi,R,183.0,ITA,23.373,126128,,,Roman Safiullin,R,185.0,RUS,27.896,7-6(3) 1-6 6-7(2) 6-3 6-1,5,R128,228.0,9.0,4.0,148.0,90.0,63.0,31.0,24.0,5.0,10.0,17.0,7.0,166.0,95.0,64.0,37.0,23.0,11.0,17.0,59.0,989.0,75.0,831.0
2025-540,Wimbledon,Grass,128.0,G,20250630,51.0,209113,,,Gabriel Diallo,R,203.0,CAN,23.765,127157,,,Daniel Altmaier,R,188.0,GER,26.798,6-1 6-2 6-4,5,R128,101.0,7.0,1.0,74.0,43.0,33.0,21.0,13.0,4.0,5.0,5.0,3.0,71.0,35.0,21.0,16.0,12.0,6.0,12.0,40.0,1322.0,57.0,998.0
2025-540,Wimbledon,Grass,128.0,G,20250630,52.0,211663,,,Joao Fonseca,R,188.0,BRA,18.858,207985,,,Jacob Fearnley,R,183.0,GBR,23.959,6-4 6-1 7-6(5),5,R128,121.0,11.0,4.0,90.0,64.0,54.0,13.0,15.0,4.0,4.0,4.0,10.0,96.0,63.0,41.0,17.0,14.0,8.0,11.0,54.0,1016.0,51.0,1060.0
2025-540,Wimbledon,Grass,128.0,G,20250630,53.0,106426,,LL,Cristian Garin,R,185.0,CHI,29.084,208210,,Q,Chris Rodesch,R,198.0,LUX,23.951,7-6(8) 6-4 6-4,5,R128,133.0,6.0,2.0,96.0,67.0,56.0,19.0,16.0,3.0,3.0,7.0,5.0,104.0,72.0,56.0,15.0,16.0,3.0,5.0,110.0,525.0,163.0,346.0
2025-540,Wimbledon,Grass,128.0,G,20250630,54.0,126129,,,Billy Harris,R,193.0,GBR,30.428,105583,,LL,Dusan Lajovic,R,183.0,SRB,35.001,6-3 6-2 6-4,5,R128,112.0,8.0,0.0,93.0,66.0,45.0,17.0,14.0,7.0,8.0,3.0,2.0,75.0,40.0,23.0,20.0,13.0,2.0,7.0,151.0,383.0,118.0,498.0
2025-540,Wimbledon,Grass,128.0,G,20250630,55.0,144750,,,Lloyd Harris,R,193.0,RSA,28.345,200267,,,Zizou Bergs,R,185.0,BEL,26.075,7-6(7) 7-6(2) 6-7(5) 6-2,5,R128,246.0,23.0,4.0,173.0,107.0,78.0,36.0,22.0,12.0,14.0,9.0,17.0,163.0,81.0,60.0,41.0,22.0,9.0,13.0,320.0,159.0,50.0,1079.0
2025-540,Wimbledon,Grass,128.0,G,20250630,56.0,105173,,Q,Adrian Mannarino,L,180.0,FRA,37.002,900000,,,Christopher O'Connell,R,183.0,AUS,31.075,6-2 6-4 6-3,5,R128,136.0,3.0,0.0,72.0,42.0,35.0,17.0,13.0,3.0,4.0,4.0,4.0,103.0,55.0,36.0,18.0,14.0,11.0,17.0,123.0,477.0,77.0,775.0
2025-540,Wimbledon,Grass,128.0,G,20250630,57.0,208278,,Q,Shintaro Mochizuki,R,175.0,JPN,22.078,206748,,Q,Giulio Zeppieri,L,183.0,ITA,23.562,2-6 3-6 6-3 7-6(6) 7-5,5,R128,194.0,5.0,5.0,170.0,100.0,75.0,36.0,25.0,9.0,14.0,22.0,7.0,140.0,79.0,63.0,34.0,25.0,4.0,8.0,144.0,413.0,351.0,140.0
2025-540,Wimbledon,Grass,128.0,G,20250630,58.0,111815,,,Cameron Norrie,L,188.0,GBR,29.854,105138,,,Roberto Bautista Agut,R,183.0,ESP,37.21,6-3 3-6 6-4 7-6(3),5,R128,184.0,18.0,5.0,143.0,100.0,71.0,19.0,20.0,8.0,11.0,6.0,2.0,113.0,83.0,57.0,19.0,20.0,3.0,7.0,61.0,952.0,42.0,1236.0
2025-540,Wimbledon,Grass,128.0,G,20250630,59.0,210319,,,Ethan Quinn,R,191.0,USA,21.3,211902,,WC,Henry Searle,L,193.0,GBR,19.255,4-6 6-2 7-6(11) 6-2,5,R128,160.0,13.0,5.0,124.0,76.0,56.0,27.0,19.0,8.0,12.0,7.0,6.0,120.0,68.0,42.0,26.0,19.0,1.0,8.0,89.0,682.0,421.0,106.0
2025-540,Wimbledon,Grass,128.0,G,20250630,60.0,105526,,,Jan-Lennard Struff,R,193.0,GER,35.181,209209,,Q,Filip Misolic,R,180.0,AUT,23.893,6-2 5-7 6-3 6-3,5,R128,126.0,18.0,6.0,103.0,56.0,46.0,30.0,19.0,0.0,1.0,7.0,9.0,127.0,80.0,53.0,22.0,19.0,7.0,12.0,125.0,475.0,111.0,518.0
2025-540,Wimbledon,Grass,128.0,G,20250630,61.0,900027,,Q,Oliver Tarvet,R,185.0,GBR,21.67,209857,,Q,Leandro Riedi,R,191.0,SUI,23.422,6-4 6-4 6-4,5,R128,138.0,7.0,1.0,78.0,47.0,43.0,19.0,15.0,0.0,0.0,3.0,5.0,95.0,62.0,41.0,16.0,15.0,4.0,7.0,733.0,36.0,503.0,77.0
2025-540,Wimbledon,Grass,128.0,G,20250630,62.0,111442,,,Jordan Thompson,R,183.0,AUS,31.195,200240,,,Vit Kopriva,R,178.0,CZE,28.041,3-6 4-6 6-3 7-6(1) 6-1,5,R128,217.0,20.0,2.0,158.0,98.0,72.0,35.0,24.0,14.0,16.0,15.0,10.0,149.0,76.0,59.0,38.0,23.0,13.0,16.0,44.0,1200.0,78.0,757.0
2025-540,Wimbledon,Grass,128.0,G,20250630,63.0,210530,,,Learner Tien,L,180.0,USA,19.576,210460,,,Nishesh Basavareddy,R,180.0,USA,20.162,7-6(5) 6-3 6-2,5,R128,130.0,8.0,5.0,95.0,56.0,44.0,26.0,15.0,5.0,6.0,3.0,2.0,93.0,57.0,39.0,16.0,14.0,7.0,11.0,62.0,940.0,100.0,595.0
2025-540,Wimbledon,Grass,128.0,G,20250630,64.0,122298,,,Botic van de Zandschulp,R,191.0,NED,29.739,208286,,,Matteo Arnaldi,R,185.0,ITA,24.35,7-6(4) 7-6(5) 6-4,5,R128,179.0,7.0,4.0,121.0,73.0,58.0,29.0,17.0,5.0,6.0,8.0,7.0,136.0,68.0,53.0,35.0,17.0,5.0,7.0,92.0,670.0,43.0,1215.0
2025-540,Wimbledon,Grass,128.0,G,20250630,65.0,206173,1.0,,Jannik Sinner,R,191.0,ITA,23.871,126846,,,Aleksandar Vukic,R,188.0,AUS,29.232,6-1 6-1 6-3,5,R64,100.0,12.0,0.0,80.0,51.0,35.0,22.0,11.0,4.0,4.0,3.0,2.0,65.0,38.0,20.0,10.0,11.0,3.0,9.0,1.0,10430.0,93.0,664.0
2025-540,Wimbledon,Grass,128.0,G,20250630,66.0,105227,,,Marin Cilic,R,198.0,CRO,36.753,207733,4.0,,Jack Draper,L,193.0,GBR,23.521,6-4 6-3 1-6 6-4,5,R64,159.0,16.0,6.0,104.0,59.0,46.0,27.0,18.0,5.0,7.0,14.0,0.0,109.0,68.0,50.0,19.0,18.0,6.0,9.0,83.0,722.0,4.0,4650.0
2025-540,Wimbledon,Grass,128.0,G,20250630,67.0,104925,6.0,,Novak Djokovic,R,188.0,SRB,38.108,105554,,WC,Daniel Evans,R,175.0,GBR,35.105,6-3 6-2 6-0,5,R64,107.0,11.0,2.0,58.0,45.0,40.0,9.0,12.0,2.0,2.0,5.0,3.0,91.0,59.0,34.0,9.0,11.0,10.0,16.0,6.0,4630.0,154.0,375.0
2025-540,Wimbledon,Grass,128.0,G,20250630,68.0,210097,10.0,,Ben Shelton,L,193.0,USA,22.724,208014,,,Rinky Hijikata,R,178.0,AUS,24.348,6-2 7-5 6-4,5,R64,132.0,11.0,4.0,93.0,52.0,39.0,29.0,15.0,3.0,3.0,2.0,2.0,98.0,68.0,42.0,16.0,15.0,8.0,12.0,10.0,3130.0,87.0,693.0
2025-540,Wimbledon,Grass,128.0,G,20250630,69.0,200282,11.0,,Alex de Minaur,R,183.0,AUS,26.366,209070,,Q,Arthur Cazaux,R,183.0,FRA,22.853,4-6 6-2 6-4 6-0,5,R64,168.0,2.0,2.0,97.0,57.0,42.0,25.0,17.0,2.0,4.0,11.0,4.0,120.0,65.0,42.0,22.0,17.0,13.0,20.0,11.0,3085.0,115.0,505.0
2025-540,Wimbledon,Grass,128.0,G,20250630,70.0,124116,,,Sebastian Ofner,R,191.0,AUT,29.133,126205,13.0,,Tommy Paul,R,185.0,USA,28.12,1-6 7-5 6-4 7-5,5,R64,175.0,9.0,7.0,142.0,67.0,51.0,37.0,21.0,10.0,14.0,5.0,3.0,113.0,60.0,43.0,30.0,20.0,0.0,4.0,165.0,343.0,13.0,2970.0
2025-540,Wimbledon,Grass,128.0,G,20250630,71.0,210150,15.0,,Jakub Mensik,R,196.0,CZE,19.828,106218,,,Marcos Giron,R,180.0,USA,31.934,6-4 3-6 6-4 7-6(4),5,R64,171.0,26.0,6.0,129.0,80.0,64.0,20.0,20.0,9.0,12.0,5.0,3.0,129.0,96.0,64.0,17.0,21.0,4.0,8.0,17.0,2356.0,45.0,1200.0
2025-540,Wimbledon,Grass,128.0,G,20250630,72.0,105777,19.0,,Grigor Dimitrov,R,191.0,BUL,34.125,144895,,,Corentin Moutet,L,180.0,FRA,26.198,7-5 4-6 7-5 7-5,5,R64,218.0,11.0,7.0,138.0,79.0,58.0,33.0,23.0,5.0,9.0,11.0,4.0,149.0,103.0,66.0,22.0,23.0,8.0,14.0,21.0,2155.0,69.0,894.0
2025-540,Wimbledon,Grass,128.0,G,20250630,73.0,200416,,Q,August Holmgren,R,188.0,DEN,27.19,207830,21.0,,Tomas Machac,R,183.0,CZE,24.712,7-6(5) 6-7(8) 6-7(5) 7-5 7-6(5),5,R64,279.0,35.0,12.0,204.0,109.0,96.0,49.0,30.0,9.0,10.0,19.0,9.0,205.0,139.0,100.0,41.0,30.0,5.0,7.0,192.0,285.0,23.0,2110.0
2025-540,Wimbledon,Grass,128.0,G,20250630,74.0,207925,22.0,,Flavio Cobolli,R,183.0,ITA,23.151,900025,,WC,Jack Pinnington Jones,R,180.0,GBR,22.253,6-1 7-6(6) 6-2,5,R64,115.0,2.0,4.0,96.0,54.0,35.0,29.0,13.0,2.0,3.0,4.0,4.0,90.0,55.0,33.0,13.0,14.0,3.0,9.0,24.0,2035.0,281.0,196.0
2025-540,Wimbledon,Grass,128.0,G,20250630,75.0,206909,29.0,,Brandon Nakashima,R,188.0,USA,23.907,124187,,,Reilly Opelka,R,211.0,USA,27.838,7-5 6-2 6-7(6) 6-3,5,R64,146.0,12.0,0.0,112.0,86.0,71.0,18.0,21.0,2.0,2.0,24.0,5.0,130.0,78.0,59.0,24.0,20.0,6.0,10.0,34.0,1650.0,70.0,877.0
2025-540,Wimbledon,Grass,128.0,G,20250630,76.0,105916,,LL,Marton Fucsovics,R,188.0,HUN,33.391,104792,,,Gael Monfils,R,193.0,FRA,38.828,6-4 1-6 4-6 7-6(5) 6-4,5,R64,223.0,1.0,10.0,175.0,109.0,71.0,29.0,24.0,10.0,16.0,3.0,3.0,161.0,102.0,68.0,28.0,25.0,5.0,10.0,105.0,564.0,48.0,1165.0
2025-540,Wimbledon,Grass,128.0,G,20250630,77.0,200175,,,Miomir Kecmanovic,R,183.0,SRB,25.832,207411,,,Jesper de Jong,R,180.0,NED,25.081,1-6 6-3 6-2 6-4,5,R64,133.0,5.0,1.0,88.0,55.0,43.0,22.0,17.0,2.0,4.0,16.0,5.0,112.0,55.0,42.0,25.0,17.0,4.0,8.0,49.0,1106.0,106.0,548.0
2025-540,Wimbledon,Grass,128.0,G,20250630,78.0,124079,,,Pedro Martinez,R,185.0,ESP,28.178,208363,,,Mariano Navone,R,178.0,ARG,24.337,7-5 7-5 7-6(6),5,R64,196.0,0.0,5.0,129.0,85.0,55.0,24.0,18.0,7.0,10.0,5.0,3.0,109.0,67.0,49.0,17.0,18.0,5.0,10.0,52.0,1030.0,91.0,670.0
2025-540,Wimbledon,Grass,128.0,G,20250630,79.0,144719,,,Jaume Munar,R,183.0,ESP,28.153,206681,,,Fabian Marozsan,R,193.0,HUN,25.728,6-2 6-3 7-6(9),5,R64,137.0,6.0,4.0,104.0,77.0,56.0,15.0,14.0,2.0,3.0,3.0,3.0,101.0,72.0,43.0,16.0,15.0,4.0,9.0,55.0,1012.0,58.0,990.0
2025-540,Wimbledon,Grass,128.0,G,20250630,80.0,132283,,,Lorenzo Sonego,R,191.0,ITA,30.138,105932,,Q,Nikoloz Basilashvili,R,185.0,GEO,33.35,6-1 6-3 6-7(3) 7-6(4),5,R64,181.0,10.0,0.0,120.0,79.0,60.0,26.0,20.0,2.0,4.0,5.0,9.0,131.0,76.0,57.0,22.0,20.0,6.0,12.0,47.0,1171.0,126.0,474.0
2025-540,Wimbledon,Grass,128.0,G,20250630,81.0,207989,2.0,,Carlos Alcaraz,R,183.0,ESP,22.155,900027,,Q,Oliver Tarvet,R,185.0,GBR,21.67,6-1 6-4 6-4,5,R64,137.0,3.0,4.0,96.0,62.0,43.0,18.0,14.0,9.0,11.0,1.0,1.0,77.0,47.0,25.0,13.0,13.0,4.0,10.0,2.0,9300.0,733.0,36.0
2025-540,Wimbledon,Grass,128.0,G,20250630,82.0,126203,5.0,,Taylor Fritz,R,196.0,USA,27.671,209113,,,Gabriel Diallo,R,203.0,CAN,23.765,3-6 6-3 7-6(0) 4-6 6-3,5,R64,186.0,27.0,4.0,133.0,88.0,70.0,30.0,25.0,3.0,6.0,26.0,8.0,162.0,120.0,92.0,13.0,24.0,8.0,11.0,5.0,4635.0,40.0,1322.0
2025-540,Wimbledon,Grass,128.0,G,20250630,83.0,111815,,,Cameron Norrie,L,188.0,GBR,29.854,126207,12.0,,Frances Tiafoe,R,188.0,USA,27.441,4-6 6-4 6-3 7-5,5,R64,176.0,17.0,3.0,120.0,91.0,69.0,14.0,21.0,6.0,9.0,20.0,4.0,138.0,71.0,50.0,32.0,20.0,8.0,13.0,61.0,952.0,12.0,2990.0
2025-540,Wimbledon,Grass,128.0,G,20250630,84.0,126094,14.0,,Andrey Rublev,R,188.0,RUS,27.693,144750,,,Lloyd Harris,R,193.0,RSA,28.345,6-7(1) 6-4 7-6(5) 6-3,5,R64,165.0,12.0,6.0,119.0,81.0,71.0,22.0,22.0,3.0,4.0,25.0,0.0,130.0,88.0,67.0,20.0,21.0,3.0,6.0,14.0,2920.0,320.0,159.0
2025-540,Wimbledon,Grass,128.0,G,20250630,85.0,111575,17.0,,Karen Khachanov,R,198.0,RUS,29.109,208278,,Q,Shintaro Mochizuki,R,175.0,JPN,22.078,1-6 7-6(7) 4-6 6-3 6-4,5,R64,219.0,10.0,3.0,176.0,111.0,70.0,33.0,25.0,12.0,20.0,6.0,3.0,149.0,79.0,55.0,38.0,23.0,10.0,16.0,20.0,2240.0,144.0,413.0
2025-540,Wimbledon,Grass,128.0,G,20250630,86.0,208233,,,Mattia Bellucci,L,175.0,ITA,24.079,208103,23.0,,Jiri Lehecka,R,185.0,CZE,23.641,7-6(4) 6-1 7-5,5,R64,127.0,11.0,5.0,101.0,60.0,50.0,22.0,16.0,6.0,7.0,8.0,2.0,86.0,50.0,35.0,19.0,15.0,0.0,4.0,73.0,864.0,25.0,1965.0
2025-540,Wimbledon,Grass,128.0,G,20250630,87.0,105526,,,Jan-Lennard Struff,R,193.0,GER,35.181,200000,25.0,,Felix Auger-Aliassime,R,193.0,CAN,24.893,3-6 7-6(9) 6-3 6-4,5,R64,191.0,10.0,4.0,133.0,70.0,50.0,34.0,19.0,10.0,13.0,16.0,8.0,148.0,92.0,62.0,27.0,21.0,9.0,14.0,125.0,475.0,28.0,1825.0
2025-540,Wimbledon,Grass,128.0,G,20250630,88.0,200221,26.0,,Alejandro Davidovich Fokina,R,180.0,ESP,26.07,122298,,,Botic van de Zandschulp,R,191.0,NED,29.739,6-1 4-6 6-3 7-6(5),5,R64,187.0,3.0,1.0,125.0,86.0,58.0,25.0,19.0,8.0,11.0,6.0,6.0,137.0,93.0,61.0,15.0,19.0,9.0,15.0,27.0,1845.0,92.0,670.0
2025-540,Wimbledon,Grass,128.0,G,20250630,89.0,132686,,,Nuno Borges,R,185.0,POR,28.359,126129,,,Billy Harris,R,193.0,GBR,30.428,6-3 6-4 7-6(7),5,R64,150.0,11.0,3.0,114.0,77.0,62.0,18.0,16.0,8.0,8.0,7.0,2.0,112.0,81.0,53.0,14.0,15.0,4.0,6.0,37.0,1400.0,151.0,383.0
2025-540,Wimbledon,Grass,128.0,G,20250630,90.0,209260,,,Luciano Darderi,R,183.0,ITA,23.373,209259,,WC,Arthur Fery,R,175.0,GBR,22.968,6-4 6-3 6-3,5,R64,141.0,7.0,2.0,102.0,60.0,44.0,18.0,14.0,11.0,13.0,6.0,2.0,106.0,62.0,35.0,21.0,14.0,13.0,19.0,59.0,989.0,461.0,91.0
2025-540,Wimbledon,Grass,128.0,G,20250630,91.0,211663,,,Joao Fonseca,R,188.0,BRA,18.858,202385,,,Jenson Brooksby,R,193.0,USA,24.676,6-4 5-7 6-2 6-4,5,R64,193.0,8.0,4.0,128.0,86.0,59.0,22.0,20.0,10.0,13.0,6.0,2.0,144.0,95.0,57.0,26.0,20.0,11.0,17.0,54.0,1016.0,101.0,577.0
2025-540,Wimbledon,Grass,128.0,G,20250630,92.0,111797,,Q,Nicolas Jarry,R,201.0,CHI,29.719,210530,,,Learner Tien,L,180.0,USA,19.576,6-2 6-2 6-3,5,R64,98.0,9.0,2.0,63.0,51.0,44.0,8.0,13.0,0.0,0.0,6.0,5.0,86.0,52.0,33.0,12.0,12.0,5.0,10.0,143.0,418.0,62.0,940.0
2025-540,Wimbledon,Grass,128.0,G,20250630,93.0,111794,,,Kamil Majchrzak,R,183.0,POL,29.462,210319,,,Ethan Quinn,R,191.0,USA,21.3,6-1 6-4 6-3,5,R64,94.0,5.0,0.0,80.0,51.0,35.0,20.0,13.0,4.0,5.0,8.0,4.0,77.0,56.0,35.0,5.0,13.0,3.0,9.0,109.0,527.0,89.0,682.0
2025-540,Wimbledon,Grass,128.0,G,20250630,94.0,105173,,Q,Adrian Mannarino,L,180.0,FRA,37.002,900000,,Q,Valentin Royer,R,188.0,FRA,24.088,6-4 6-4 5-7 7-6(1),5,R64,203.0,18.0,2.0,129.0,78.0,67.0,29.0,22.0,3.0,4.0,12.0,4.0,146.0,93.0,63.0,31.0,22.0,9.0,11.0,123.0,477.0,113.0,513.0
2025-540,Wimbledon,Grass,128.0,G,20250630,95.0,126239,,,Arthur Rinderknech,R,196.0,FRA,29.938,106426,,LL,Cristian Garin,R,185.0,CHI,29.084,3-6 6-3 7-6(3) 4-6 6-3,5,R64,227.0,14.0,6.0,159.0,99.0,70.0,35.0,25.0,5.0,8.0,10.0,1.0,154.0,109.0,73.0,29.0,24.0,10.0,13.0,72.0,873.0,110.0,525.0
2025-540,Wimbledon,Grass,128.0,G,20250630,96.0,111442,,,Jordan Thompson,R,183.0,AUS,31.195,126127,,,Benjamin Bonzi,R,183.0,FRA,29.057,7-5 6-7(2) 4-6 6-2 6-4,5,R64,231.0,20.0,6.0,170.0,96.0,72.0,37.0,26.0,6.0,8.0,13.0,3.0,173.0,112.0,75.0,32.0,26.0,9.0,14.0,44.0,1200.0,64.0,930.0
2025-540,Wimbledon,Grass,128.0,G,20250630,97.0,206173,1.0,,Jannik Sinner,R,191.0,ITA,23.871,124079,,,Pedro Martinez,R,185.0,ESP,28.178,6-1 6-3 6-1,5,R32,115.0,11.0,3.0,74.0,43.0,34.0,19.0,12.0,4.0,4.0,0.0,0.0,79.0,60.0,32.0,7.0,11.0,8.0,14.0,1.0,10430.0,52.0,1030.0
2025-540,Wimbledon,Grass,128.0,G,20250630,98.0,104925,6.0,,Novak Djokovic,R,188.0,SRB,38.108,200175,,,Miomir Kecmanovic,R,183.0,SRB,25.832,6-3 6-0 6-4,5,R32,107.0,16.0,3.0,69.0,49.0,40.0,12.0,13.0,0.0,1.0,3.0,1.0,89.0,58.0,33.0,12.0,12.0,4.0,10.0,6.0,4630.0,49.0,1106.0
2025-540,Wimbledon,Grass,128.0,G,20250630,99.0,210097,10.0,,Ben Shelton,L,193.0,USA,22.724,105916,,LL,Marton Fucsovics,R,188.0,HUN,33.391,6-3 7-6(4) 6-2,5,R32,120.0,9.0,0.0,91.0,67.0,54.0,12.0,15.0,3.0,4.0,7.0,2.0,86.0,56.0,39.0,14.0,14.0,3.0,7.0,10.0,3130.0,105.0,564.0
2025-540,Wimbledon,Grass,128.0,G,20250630,100.0,200282,11.0,,Alex de Minaur,R,183.0,AUS,26.366,200416,,Q,August Holmgren,R,188.0,DEN,27.19,6-4 7-6(5) 6-3,5,R32,141.0,3.0,1.0,93.0,52.0,44.0,26.0,16.0,4.0,5.0,6.0,5.0,111.0,72.0,53.0,17.0,15.0,9.0,12.0,11.0,3085.0,192.0,285.0
2025-540,Wimbledon,Grass,128.0,G,20250630,101.0,207925,22.0,,Flavio Cobolli,R,183.0,ITA,23.151,210150,15.0,,Jakub Mensik,R,196.0,CZE,19.828,6-2 6-4 6-2,5,R32,108.0,9.0,1.0,79.0,43.0,32.0,25.0,13.0,1.0,1.0,11.0,7.0,93.0,54.0,35.0,15.0,13.0,12.0,17.0,24.0,2035.0,17.0,2356.0
2025-540,Wimbledon,Grass,128.0,G,20250630,102.0,105777,19.0,,Grigor Dimitrov,R,191.0,BUL,34.125,124116,,,Sebastian Ofner,R,191.0,AUT,29.133,6-3 6-4 7-6(0),5,R32,145.0,15.0,7.0,97.0,57.0,46.0,24.0,16.0,2.0,3.0,7.0,4.0,91.0,49.0,33.0,24.0,15.0,3.0,6.0,21.0,2155.0,165.0,343.0
2025-540,Wimbledon,Grass,128.0,G,20250630,103.0,132283,,,Lorenzo Sonego,R,191.0,ITA,30.138,206909,29.0,,Brandon Nakashima,R,188.0,USA,23.907,6-7(5) 7-6(8) 7-6(2) 3-6 7-6(3),5,R32,304.0,16.0,1.0,188.0,143.0,101.0,30.0,28.0,7.0,10.0,16.0,1.0,199.0,145.0,106.0,32.0,29.0,10.0,12.0,47.0,1171.0,34.0,1650.0
2025-540,Wimbledon,Grass,128.0,G,20250630,104.0,105227,,,Marin Cilic,R,198.0,CRO,36.753,144719,,,Jaume Munar,R,183.0,ESP,28.153,6-3 3-6 6-2 6-4,5,R32,186.0,14.0,1.0,134.0,83.0,61.0,22.0,18.0,6.0,8.0,6.0,6.0,102.0,63.0,48.0,17.0,18.0,3.0,8.0,83.0,722.0,55.0,1012.0
2025-540,Wimbledon,Grass,128.0,G,20250630,105.0,207989,2.0,,Carlos Alcaraz,R,183.0,ESP,22.155,105526,,,Jan-Lennard Struff,R,193.0,GER,35.181,6-1 3-6 6-3 6-4,5,R32,145.0,10.0,4.0,108.0,63.0,46.0,28.0,18.0,3.0,5.0,13.0,10.0,122.0,67.0,50.0,21.0,17.0,7.0,12.0,2.0,9300.0,125.0,475.0
2025-540,Wimbledon,Grass,128.0,G,20250630,106.0,126203,5.0,,Taylor Fritz,R,196.0,USA,27.671,200221,26.0,,Alejandro Davidovich Fokina,R,180.0,ESP,26.07,6-4 6-3 6-7(5) 6-1,5,R32,192.0,17.0,1.0,120.0,78.0,61.0,23.0,18.0,7.0,8.0,5.0,3.0,130.0,96.0,58.0,18.0,20.0,8.0,15.0,5.0,4635.0,27.0,1845.0
2025-540,Wimbledon,Grass,128.0,G,20250630,107.0,126094,14.0,,Andrey Rublev,R,188.0,RUS,27.693,105173,,Q,Adrian Mannarino,L,180.0,FRA,37.002,7-5 6-2 6-3,5,R32,119.0,14.0,4.0,99.0,56.0,45.0,23.0,15.0,9.0,10.0,8.0,1.0,79.0,56.0,37.0,11.0,14.0,3.0,8.0,14.0,2920.0,123.0,477.0
2025-540,Wimbledon,Grass,128.0,G,20250630,108.0,111575,17.0,,Karen Khachanov,R,198.0,RUS,29.109,132686,,,Nuno Borges,R,185.0,POR,28.359,7-6(6) 4-6 4-6 6-3 7-6(8),5,R32,228.0,11.0,6.0,171.0,113.0,82.0,35.0,27.0,8.0,13.0,9.0,4.0,169.0,122.0,92.0,21.0,26.0,8.0,12.0,20.0,2240.0,37.0,1400.0
2025-540,Wimbledon,Grass,128.0,G,20250630,109.0,111797,,Q,Nicolas Jarry,R,201.0,CHI,29.719,211663,,,Joao Fonseca,R,188.0,BRA,18.858,6-3 6-4 3-6 7-6(4),5,R32,188.0,25.0,7.0,133.0,89.0,70.0,24.0,20.0,10.0,11.0,8.0,2.0,132.0,95.0,67.0,20.0,20.0,5.0,7.0,143.0,418.0,54.0,1016.0
2025-540,Wimbledon,Grass,128.0,G,20250630,110.0,111794,,,Kamil Majchrzak,R,183.0,POL,29.462,126239,,,Arthur Rinderknech,R,196.0,FRA,29.938,6-3 7-6(4) 7-6(6),5,R32,166.0,9.0,1.0,119.0,80.0,55.0,26.0,17.0,4.0,5.0,19.0,6.0,113.0,66.0,51.0,21.0,16.0,7.0,9.0,109.0,527.0,72.0,873.0
2025-540,Wimbledon,Grass,128.0,G,20250630,111.0,111815,,,Cameron Norrie,L,188.0,GBR,29.854,208233,,,Mattia Bellucci,L,175.0,ITA,24.079,7-6(5) 6-4 6-3,5,R32,148.0,6.0,2.0,103.0,66.0,43.0,23.0,15.0,8.0,11.0,7.0,8.0,108.0,53.0,33.0,28.0,16.0,6.0,12.0,61.0,952.0,73.0,864.0
2025-540,Wimbledon,Grass,128.0,G,20250630,112.0,111442,,,Jordan Thompson,R,183.0,AUS,31.195,209260,,,Luciano Darderi,R,183.0,ITA,23.373,6-4 6-4 3-6 6-3,5,R32,174.0,19.0,0.0,126.0,79.0,60.0,27.0,19.0,7.0,8.0,8.0,4.0,117.0,81.0,54.0,23.0,19.0,7.0,10.0,44.0,1200.0,59.0,989.0
2025-540,Wimbledon,Grass,128.0,G,20250630,113.0,206173,1.0,,Jannik Sinner,R,191.0,ITA,23.871,105777,19.0,,Grigor Dimitrov,R,191.0,BUL,34.125,3-6 5-7 2-2 RET,5,R16,128.0,3.0,3.0,59.0,34.0,28.0,11.0,12.0,2.0,5.0,14.0,3.0,85.0,49.0,41.0,18.0,13.0,1.0,2.0,1.0,10430.0,21.0,2155.0
2025-540,Wimbledon,Grass,128.0,G,20250630,114.0,104925,6.0,,Novak Djokovic,R,188.0,SRB,38.108,200282,11.0,,Alex de Minaur,R,183.0,AUS,26.366,1-6 6-4 6-4 6-4,5,R16,199.0,6.0,5.0,129.0,85.0,59.0,18.0,19.0,13.0,19.0,1.0,4.0,113.0,62.0,35.0,29.0,18.0,7.0,13.0,6.0,4630.0,11.0,3085.0
2025-540,Wimbledon,Grass,128.0,G,20250630,115.0,210097,10.0,,Ben Shelton,L,193.0,USA,22.724,132283,,,Lorenzo Sonego,R,191.0,ITA,30.138,3-6 6-1 7-6(1) 7-5,5,R16,185.0,8.0,5.0,126.0,76.0,56.0,31.0,20.0,4.0,6.0,8.0,3.0,118.0,82.0,59.0,17.0,20.0,2.0,6.0,10.0,3130.0,47.0,1171.0
2025-540,Wimbledon,Grass,128.0,G,20250630,116.0,207925,22.0,,Flavio Cobolli,R,183.0,ITA,23.151,105227,,,Marin Cilic,R,198.0,CRO,36.753,6-4 6-4 6-7(4) 7-6(3),5,R16,205.0,11.0,3.0,150.0,92.0,72.0,33.0,22.0,7.0,8.0,19.0,1.0,143.0,93.0,66.0,30.0,22.0,5.0,8.0,24.0,2035.0,83.0,722.0
2025-540,Wimbledon,Grass,128.0,G,20250630,117.0,207989,2.0,,Carlos Alcaraz,R,183.0,ESP,22.155,126094,14.0,,Andrey Rublev,R,188.0,RUS,27.693,6-7(5) 6-3 6-4 6-4,5,R16,164.0,22.0,3.0,116.0,78.0,64.0,24.0,21.0,3.0,4.0,6.0,4.0,123.0,82.0,59.0,23.0,20.0,7.0,11.0,2.0,9300.0,14.0,2920.0
2025-540,Wimbledon,Grass,128.0,G,20250630,118.0,126203,5.0,,Taylor Fritz,R,196.0,USA,27.671,111442,,,Jordan Thompson,R,183.0,AUS,31.195,6-1 3-0 RET,5,R16,41.0,6.0,0.0,24.0,12.0,12.0,11.0,5.0,0.0,0.0,1.0,1.0,28.0,17.0,9.0,2.0,5.0,1.0,5.0,5.0,4635.0,44.0,1200.0
2025-540,Wimbledon,Grass,128.0,G,20250630,119.0,111575,17.0,,Karen Khachanov,R,198.0,RUS,29.109,111794,,,Kamil Majchrzak,R,183.0,POL,29.462,6-4 6-2 6-3,5,R16,107.0,10.0,0.0,70.0,52.0,41.0,12.0,13.0,3.0,4.0,6.0,0.0,90.0,61.0,42.0,9.0,14.0,4.0,10.0,20.0,2240.0,109.0,527.0
2025-540,Wimbledon,Grass,128.0,G,20250630,120.0,111815,,,Cameron Norrie,L,188.0,GBR,29.854,111797,,Q,Nicolas Jarry,R,201.0,CHI,29.719,6-3 7-6(4) 6-7(7) 6-7(5) 6-3,5,R16,267.0,8.0,6.0,196.0,134.0,101.0,37.0,28.0,8.0,8.0,46.0,8.0,178.0,117.0,93.0,29.0,26.0,7.0,9.0,61.0,952.0,143.0,418.0
2025-540,Wimbledon,Grass,128.0,G,20250630,121.0,206173,1.0,,Jannik Sinner,R,191.0,ITA,23.871,210097,10.0,,Ben Shelton,L,193.0,USA,22.724,7-6(2) 6-4 6-4,5,QF,139.0,7.0,1.0,86.0,56.0,50.0,20.0,16.0,2.0,2.0,14.0,6.0,101.0,60.0,48.0,17.0,16.0,3.0,5.0,1.0,10430.0,10.0,3130.0
2025-540,Wimbledon,Grass,128.0,G,20250630,122.0,104925,6.0,,Novak Djokovic,R,188.0,SRB,38.108,207925,22.0,,Flavio Cobolli,R,183.0,ITA,23.151,6-7(6) 6-2 7-5 6-4,5,QF,191.0,13.0,2.0,116.0,81.0,61.0,24.0,21.0,0.0,2.0,13.0,4.0,142.0,90.0,66.0,19.0,21.0,6.0,12.0,6.0,4630.0,24.0,2035.0
2025-540,Wimbledon,Grass,128.0,G,20250630,123.0,207989,2.0,,Carlos Alcaraz,R,183.0,ESP,22.155,111815,,,Cameron Norrie,L,188.0,GBR,29.854,6-2 6-3 6-3,5,QF,99.0,13.0,4.0,76.0,55.0,49.0,7.0,13.0,5.0,5.0,3.0,3.0,83.0,57.0,36.0,9.0,13.0,6.0,11.0,2.0,9300.0,61.0,952.0
2025-540,Wimbledon,Grass,128.0,G,20250630,124.0,126203,5.0,,Taylor Fritz,R,196.0,USA,27.671,111575,17.0,,Karen Khachanov,R,198.0,RUS,29.109,6-3 6-4 1-6 7-6(4),5,QF,156.0,16.0,2.0,105.0,67.0,54.0,22.0,19.0,1.0,4.0,6.0,3.0,119.0,66.0,48.0,28.0,19.0,5.0,8.0,5.0,4635.0,20.0,2240.0
2025-540,Wimbledon,Grass,128.0,G,20250630,125.0,206173,1.0,,Jannik Sinner,R,191.0,ITA,23.871,104925,6.0,,Novak Djokovic,R,188.0,SRB,38.108,6-3 6-3 6-4,5,SF,115.0,12.0,2.0,73.0,54.0,44.0,12.0,14.0,1.0,2.0,12.0,0.0,92.0,62.0,48.0,5.0,14.0,5.0,10.0,1.0,10430.0,6.0,4630.0
2025-540,Wimbledon,Grass,128.0,G,20250630,126.0,207989,2.0,,Carlos Alcaraz,R,183.0,ESP,22.155,126203,5.0,,Taylor Fritz,R,196.0,USA,27.671,6-4 5-7 6-3 7-6(6),5,SF,169.0,13.0,3.0,113.0,73.0,64.0,23.0,21.0,1.0,2.0,19.0,6.0,121.0,75.0,60.0,26.0,22.0,4.0,7.0,2.0,9300.0,5.0,4635.0
2025-540,Wimbledon,Grass,128.0,G,20250630,127.0,206173,1.0,,Jannik Sinner,R,191.0,ITA,23.871,207989,2.0,,Carlos Alcaraz,R,183.0,ESP,22.155,4-6 6-4 6-4 6-4,5,F,184.0,8.0,2.0,117.0,72.0,54.0,27.0,20.0,4.0,6.0,15.0,7.0,121.0,64.0,48.0,29.0,20.0,5.0,9.0,1.0,10430.0,2.0,9300.0
2025-7480,Los Cabos,Hard,28.0,250,20250714,1.0,127157,5.0,,Daniel Altmaier,R,188.0,GER,26.836,106283,,,Mitchell Krueger,R,188.0,USA,31.502,6-4 6-3,3,R32,92.0,8.0,2.0,58.0,26.0,22.0,18.0,10.0,1.0,2.0,3.0,3.0,59.0,33.0,23.0,11.0,9.0,4.0,7.0,61.0,958.0,159.0,352.0
2025-7480,Los Cabos,Hard,28.0,250,20250714,2.0,900002,6.0,,Yunchaokete Bu,R,185.0,CHN,23.483,900076,,Q,Alan Magadan,R,183.0,MEX,24.134,7-6(5) 6-2,3,R32,124.0,5.0,4.0,85.0,41.0,33.0,20.0,10.0,6.0,7.0,2.0,4.0,69.0,25.0,20.0,20.0,10.0,1.0,4.0,73.0,862.0,921.0,18.0
2025-7480,Los Cabos,Hard,28.0,250,20250714,3.0,200443,8.0,,Adam Walton,R,183.0,AUS,26.242,210202,,WC,Rodrigo Pacheco Mendez,L,191.0,MEX,20.219,7-6(5) 6-2,3,R32,110.0,4.0,1.0,67.0,35.0,27.0,17.0,10.0,0.0,1.0,0.0,3.0,67.0,44.0,29.0,8.0,10.0,0.0,3.0,97.0,638.0,219.0,252.0
2025-7480,Los Cabos,Hard,28.0,250,20250714,4.0,900028,,WC,Luis Carlos Alvarez,R,175.0,MEX,20.86,210317,,,James McCabe,R,188.0,AUS,22.026,6-1 6-2,3,R32,73.0,0.0,2.0,52.0,27.0,20.0,15.0,7.0,6.0,6.0,4.0,4.0,44.0,15.0,11.0,8.0,8.0,2.0,7.0,784.0,29.0,164.0,341.0
2025-7480,Los Cabos,Hard,28.0,250,20250714,5.0,210460,,,Nishesh Basavareddy,R,180.0,USA,20.2,200711,,Q,Nicolas Mejia,R,183.0,COL,25.421,6-4 6-1,3,R32,82.0,5.0,1.0,44.0,23.0,18.0,15.0,8.0,1.0,1.0,3.0,1.0,54.0,31.0,18.0,11.0,9.0,2.0,6.0,111.0,561.0,244.0,226.0
2025-7480,Los Cabos,Hard,28.0,250,20250714,6.0,105902,,,James Duckworth,R,183.0,AUS,33.478,105173,,,Adrian Mannarino,L,180.0,FRA,37.04,6-3 6-4,3,R32,90.0,9.0,2.0,67.0,39.0,26.0,19.0,10.0,1.0,2.0,2.0,3.0,60.0,29.0,22.0,12.0,9.0,2.0,5.0,113.0,550.0,93.0,661.0
2025-7480,Los Cabos,Hard,28.0,250,20250714,7.0,900029,,Q,Govind Nanda,R,178.0,USA,24.402,900021,,,Colton Smith,R,183.0,USA,22.36,6-4 6-2,3,R32,87.0,1.0,1.0,56.0,43.0,31.0,8.0,9.0,5.0,6.0,3.0,5.0,67.0,36.0,22.0,13.0,9.0,5.0,9.0,405.0,115.0,135.0,448.0
2025-7480,Los Cabos,Hard,28.0,250,20250714,8.0,209262,,,Tristan Schoolkate,R,183.0,AUS,24.378,200059,,Q,Yibing Wu,R,183.0,CHN,25.749,4-6 6-4 6-1,3,R32,121.0,9.0,4.0,81.0,47.0,39.0,20.0,14.0,5.0,6.0,4.0,2.0,85.0,49.0,29.0,23.0,13.0,3.0,6.0,110.0,574.0,259.0,215.0
2025-7480,Los Cabos,Hard,28.0,250,20250714,9.0,206499,7.0,,Aleksandar Kovacevic,R,183.0,USA,26.875,200273,,,Hady Habib,R,188.0,LBN,26.897,6-1 3-6 6-3,3,R32,108.0,10.0,3.0,71.0,39.0,31.0,20.0,13.0,3.0,5.0,5.0,6.0,81.0,40.0,30.0,17.0,12.0,8.0,12.0,76.0,799.0,172.0,326.0
2025-7480,Los Cabos,Hard,28.0,250,20250714,10.0,126663,,,Juan Pablo Ficovich,R,188.0,ARG,28.468,208230,,,Alibek Kachmazov,R,185.0,RUS,22.908,6-3 6-2,3,R32,72.0,2.0,2.0,49.0,31.0,26.0,12.0,9.0,1.0,1.0,2.0,8.0,42.0,16.0,10.0,15.0,8.0,1.0,4.0,148.0,391.0,183.0,308.0
2025-7480,Los Cabos,Hard,28.0,250,20250714,11.0,900030,,WC,Alex Hernandez,R,175.0,MEX,26.059,106121,,,Taro Daniel,R,191.0,JPN,32.46,3-6 7-5 6-4,3,R32,147.0,3.0,1.0,82.0,57.0,42.0,15.0,16.0,1.0,4.0,11.0,3.0,90.0,52.0,41.0,16.0,15.0,3.0,6.0,493.0,82.0,155.0,368.0
2025-7480,Los Cabos,Hard,28.0,250,20250714,12.0,207182,,,Emilio Nava,R,185.0,USA,23.614,126846,,,Aleksandar Vukic,R,188.0,AUS,29.27,7-6(4) 6-3,3,R32,101.0,11.0,6.0,79.0,36.0,30.0,19.0,11.0,4.0,6.0,4.0,0.0,60.0,34.0,24.0,11.0,10.0,2.0,5.0,123.0,495.0,90.0,664.0
2025-7480,Los Cabos,Hard,28.0,250,20250714,13.0,126094,1.0,,Andrey Rublev,R,188.0,RUS,27.732,900030,,WC,Alex Hernandez,R,175.0,MEX,26.059,6-3 6-2,3,R16,74.0,11.0,6.0,46.0,24.0,22.0,12.0,8.0,1.0,1.0,0.0,3.0,69.0,46.0,25.0,11.0,9.0,5.0,9.0,10.0,3110.0,493.0,82.0
2025-7480,Los Cabos,Hard,28.0,250,20250714,14.0,105902,,,James Duckworth,R,183.0,AUS,33.478,200221,2.0,,Alejandro Davidovich Fokina,R,180.0,ESP,26.108,6-3 6-4,3,R16,87.0,7.0,2.0,65.0,28.0,20.0,22.0,10.0,3.0,4.0,2.0,6.0,63.0,41.0,28.0,7.0,9.0,3.0,6.0,113.0,550.0,26.0,1945.0
2025-7480,Los Cabos,Hard,28.0,250,20250714,15.0,133430,3.0,,Denis Shapovalov,L,185.0,CAN,26.248,900029,,Q,Govind Nanda,R,178.0,USA,24.402,6-1 6-2,3,R16,60.0,4.0,3.0,47.0,22.0,16.0,17.0,8.0,3.0,4.0,1.0,1.0,40.0,23.0,13.0,4.0,7.0,2.0,7.0,33.0,1586.0,405.0,115.0
2025-7480,Los Cabos,Hard,28.0,250,20250714,16.0,126663,,,Juan Pablo Ficovich,R,188.0,ARG,28.468,111460,4.0,,Quentin Halys,R,191.0,FRA,28.715,6-4 6-7(5) 6-3,3,R16,152.0,5.0,3.0,103.0,62.0,49.0,19.0,16.0,5.0,8.0,4.0,10.0,109.0,56.0,38.0,25.0,15.0,7.0,12.0,148.0,391.0,52.0,1054.0
2025-7480,Los Cabos,Hard,28.0,250,20250714,17.0,209262,,,Tristan Schoolkate,R,183.0,AUS,24.378,127157,5.0,,Daniel Altmaier,R,188.0,GER,26.836,6-3 6-4,3,R16,77.0,9.0,3.0,61.0,32.0,23.0,22.0,10.0,6.0,6.0,3.0,4.0,49.0,28.0,22.0,9.0,9.0,1.0,3.0,110.0,574.0,61.0,958.0
2025-7480,Los Cabos,Hard,28.0,250,20250714,18.0,207182,,,Emilio Nava,R,185.0,USA,23.614,900002,6.0,,Yunchaokete Bu,R,185.0,CHN,23.483,3-6 7-5 7-6(6),3,R16,182.0,14.0,5.0,113.0,69.0,58.0,18.0,16.0,6.0,7.0,8.0,3.0,123.0,71.0,53.0,27.0,17.0,8.0,9.0,123.0,495.0,73.0,862.0
2025-7480,Los Cabos,Hard,28.0,250,20250714,19.0,206499,7.0,,Aleksandar Kovacevic,R,183.0,USA,26.875,900028,,WC,Luis Carlos Alvarez,R,175.0,MEX,20.86,7-5 6-4,3,R16,96.0,8.0,7.0,65.0,31.0,24.0,17.0,11.0,0.0,2.0,1.0,2.0,64.0,38.0,22.0,14.0,11.0,3.0,7.0,76.0,799.0,784.0,29.0
2025-7480,Los Cabos,Hard,28.0,250,20250714,20.0,200443,8.0,,Adam Walton,R,183.0,AUS,26.242,210460,,,Nishesh Basavareddy,R,180.0,USA,20.2,6-1 6-0,3,R16,61.0,1.0,0.0,40.0,24.0,19.0,11.0,7.0,3.0,3.0,1.0,4.0,42.0,22.0,10.0,5.0,6.0,5.0,10.0,97.0,638.0,111.0,561.0
2025-7480,Los Cabos,Hard,28.0,250,20250714,21.0,126094,1.0,,Andrey Rublev,R,188.0,RUS,27.732,207182,,,Emilio Nava,R,185.0,USA,23.614,5-7 6-4 6-3,3,QF,138.0,5.0,4.0,83.0,49.0,37.0,18.0,16.0,0.0,3.0,6.0,5.0,91.0,51.0,38.0,20.0,15.0,7.0,11.0,10.0,3110.0,123.0,495.0
2025-7480,Los Cabos,Hard,28.0,250,20250714,22.0,133430,3.0,,Denis Shapovalov,L,185.0,CAN,26.248,209262,,,Tristan Schoolkate,R,183.0,AUS,24.378,6-3 6-2,3,QF,77.0,10.0,4.0,55.0,36.0,25.0,12.0,9.0,1.0,2.0,2.0,5.0,53.0,17.0,10.0,17.0,8.0,0.0,4.0,33.0,1586.0,110.0,574.0
2025-7480,Los Cabos,Hard,28.0,250,20250714,23.0,206499,7.0,,Aleksandar Kovacevic,R,183.0,USA,26.875,126663,,,Juan Pablo Ficovich,R,188.0,ARG,28.468,6-3 6-1,3,QF,80.0,3.0,3.0,51.0,26.0,21.0,13.0,8.0,3.0,4.0,2.0,1.0,66.0,39.0,22.0,9.0,8.0,8.0,13.0,76.0,799.0,148.0,391.0
2025-7480,Los Cabos,Hard,28.0,250,20250714,24.0,200443,8.0,,Adam Walton,R,183.0,AUS,26.242,105902,,,James Duckworth,R,183.0,AUS,33.478,3-6 6-3 6-4,3,QF,120.0,10.0,5.0,81.0,44.0,33.0,18.0,14.0,2.0,5.0,5.0,5.0,85.0,40.0,26.0,26.0,14.0,3.0,7.0,97.0,638.0,113.0,550.0
2025-7480,Los Cabos,Hard,28.0,250,20250714,25.0,206499,7.0,,Aleksandar Kovacevic,R,183.0,USA,26.875,126094,1.0,,Andrey Rublev,R,188.0,RUS,27.732,3-6 6-4 6-4,3,SF,148.0,5.0,1.0,95.0,50.0,33.0,25.0,15.0,3.0,6.0,10.0,4.0,98.0,49.0,37.0,24.0,14.0,11.0,14.0,76.0,799.0,10.0,3110.0
2025-7480,Los Cabos,Hard,28.0,250,20250714,26.0,133430,3.0,,Denis Shapovalov,L,185.0,CAN,26.248,200443,8.0,,Adam Walton,R,183.0,AUS,26.242,6-2 6-2,3,SF,66.0,7.0,4.0,52.0,29.0,22.0,14.0,8.0,4.0,4.0,3.0,2.0,37.0,17.0,11.0,9.0,8.0,0.0,4.0,33.0,1586.0,97.0,638.0
2025-7480,Los Cabos,Hard,28.0,250,20250714,27.0,133430,3.0,,Denis Shapovalov,L,185.0,CAN,26.248,206499,7.0,,Aleksandar Kovacevic,R,183.0,USA,26.875,6-4 6-2,3,F,75.0,6.0,2.0,51.0,32.0,26.0,12.0,9.0,1.0,1.0,2.0,2.0,50.0,33.0,22.0,8.0,9.0,5.0,8.0,33.0,1586.0,76.0,799.0
2025-314,Gstaad,Clay,28.0,250,20250714,1.0,105676,6.0,WC,David Goffin,R,180.0,BEL,34.601,212021,,NG,Martin Landaluce,R,193.0,ESP,19.513,7-6(2) 6-3,3,R32,120.0,9.0,4.0,72.0,42.0,37.0,18.0,11.0,7.0,7.0,6.0,7.0,96.0,63.0,40.0,17.0,10.0,13.0,14.0,68.0,914.0,138.0,440.0
2025-314,Gstaad,Clay,28.0,250,20250714,2.0,207681,7.0,,Francisco Comesana,R,178.0,ARG,24.769,105477,,Q,Marco Trungelliti,R,178.0,ARG,35.45,6-3 6-4,3,R32,76.0,14.0,1.0,53.0,41.0,35.0,7.0,10.0,1.0,1.0,2.0,2.0,57.0,39.0,28.0,8.0,9.0,2.0,4.0,74.0,824.0,147.0,396.0
2025-314,Gstaad,Clay,28.0,250,20250714,3.0,208859,,Q,Francesco Passaro,R,180.0,ITA,24.515,126239,8.0,,Arthur Rinderknech,R,196.0,FRA,29.977,6-1 7-5,3,R32,74.0,5.0,0.0,51.0,37.0,30.0,12.0,10.0,2.0,2.0,7.0,3.0,49.0,26.0,22.0,8.0,9.0,1.0,4.0,131.0,461.0,64.0,923.0
2025-314,Gstaad,Clay,28.0,250,20250714,4.0,106148,,,Roberto Carballes Baena,R,183.0,ESP,32.309,126535,,,Carlos Taberner,R,183.0,ESP,27.932,1-6 6-2 7-6(5),3,R32,153.0,3.0,4.0,95.0,60.0,43.0,14.0,13.0,6.0,9.0,6.0,6.0,98.0,62.0,43.0,16.0,14.0,7.0,10.0,79.0,740.0,107.0,581.0
2025-314,Gstaad,Clay,28.0,250,20250714,5.0,207678,,,Juan Manuel Cerundolo,L,183.0,ARG,23.661,105526,,,Jan-Lennard Struff,R,193.0,GER,35.22,6-3 3-6 6-3,3,R32,140.0,5.0,3.0,90.0,58.0,41.0,20.0,14.0,10.0,11.0,9.0,8.0,116.0,52.0,37.0,32.0,13.0,8.0,10.0,109.0,577.0,129.0,475.0
2025-314,Gstaad,Clay,28.0,250,20250714,6.0,208843,,WC,Jerome Kym,R,198.0,SUI,22.418,123921,,Q,Calvin Hemery,R,191.0,FRA,30.459,7-5 4-6 7-5,3,R32,135.0,8.0,6.0,90.0,60.0,53.0,12.0,17.0,0.0,2.0,10.0,10.0,103.0,71.0,55.0,10.0,17.0,6.0,9.0,154.0,369.0,171.0,331.0
2025-314,Gstaad,Clay,28.0,250,20250714,7.0,207686,,,Alexander Shevchenko,R,188.0,KAZ,24.621,104527,,,Stan Wawrinka,R,183.0,SUI,40.296,6-3 6-2,3,R32,74.0,7.0,2.0,64.0,38.0,30.0,16.0,9.0,5.0,5.0,6.0,0.0,54.0,32.0,22.0,8.0,8.0,3.0,6.0,101.0,610.0,156.0,357.0
2025-314,Gstaad,Clay,28.0,250,20250714,8.0,209860,,Q,Ignacio Buse,R,183.0,PER,21.303,111513,5.0,,Laslo Djere,R,188.0,SRB,30.116,7-6(4) 1-6 6-4,3,R32,142.0,5.0,1.0,94.0,55.0,41.0,20.0,15.0,3.0,6.0,9.0,2.0,83.0,55.0,42.0,15.0,14.0,1.0,2.0,167.0,340.0,60.0,961.0
2025-314,Gstaad,Clay,28.0,250,20250714,9.0,208882,,,Roman Andres Burruchaga,R,183.0,ARG,23.472,207494,,,Dalibor Svrcina,R,178.0,CZE,22.782,6-3 6-1,3,R32,63.0,0.0,0.0,46.0,38.0,28.0,5.0,8.0,3.0,4.0,0.0,2.0,45.0,28.0,14.0,7.0,8.0,0.0,5.0,136.0,445.0,120.0,514.0
2025-314,Gstaad,Clay,28.0,250,20250714,10.0,209070,,,Arthur Cazaux,R,183.0,FRA,22.891,105932,,,Nikoloz Basilashvili,R,185.0,GEO,33.388,4-6 7-5 7-6(5),3,R32,169.0,16.0,2.0,115.0,72.0,52.0,27.0,17.0,4.0,5.0,12.0,9.0,123.0,64.0,46.0,35.0,17.0,7.0,8.0,116.0,535.0,112.0,552.0
2025-314,Gstaad,Clay,28.0,250,20250714,11.0,111794,,,Kamil Majchrzak,R,183.0,POL,29.5,209279,,,Terence Atmane,L,193.0,FRA,23.51,6-4 3-6 6-2,3,R32,109.0,10.0,3.0,73.0,42.0,33.0,18.0,13.0,2.0,4.0,13.0,7.0,94.0,59.0,39.0,17.0,14.0,4.0,8.0,81.0,727.0,127.0,477.0
2025-314,Gstaad,Clay,28.0,250,20250714,12.0,208502,,WC,Dominic Stricker,L,183.0,SUI,22.91,105732,,,Pierre-Hugues Herbert,R,188.0,FRA,34.324,4-6 6-4 6-2,3,R32,106.0,9.0,0.0,77.0,43.0,33.0,24.0,14.0,1.0,2.0,7.0,10.0,78.0,40.0,32.0,20.0,14.0,3.0,6.0,229.0,245.0,144.0,431.0
2025-314,Gstaad,Clay,28.0,250,20250714,13.0,122330,2.0,,Alexander Bublik,R,196.0,KAZ,28.074,207686,,,Alexander Shevchenko,R,188.0,KAZ,24.621,6-2 6-3,3,R16,61.0,5.0,5.0,52.0,30.0,24.0,11.0,9.0,2.0,3.0,0.0,2.0,49.0,29.0,17.0,9.0,8.0,3.0,7.0,34.0,1585.0,101.0,610.0
2025-314,Gstaad,Clay,28.0,250,20250714,14.0,209070,,,Arthur Cazaux,R,183.0,FRA,22.891,144869,4.0,,Tomas Martin Etcheverry,R,196.0,ARG,25.99,6-3 4-6 6-4,3,R16,150.0,16.0,2.0,112.0,78.0,61.0,12.0,15.0,10.0,11.0,5.0,2.0,71.0,41.0,34.0,18.0,14.0,4.0,6.0,116.0,535.0,58.0,985.0
2025-314,Gstaad,Clay,28.0,250,20250714,15.0,207681,7.0,,Francisco Comesana,R,178.0,ARG,24.769,106148,,,Roberto Carballes Baena,R,183.0,ESP,32.309,6-1 6-4,3,R16,73.0,10.0,1.0,47.0,32.0,29.0,8.0,9.0,1.0,1.0,1.0,1.0,50.0,26.0,11.0,18.0,8.0,2.0,5.0,74.0,824.0,79.0,740.0
2025-314,Gstaad,Clay,28.0,250,20250714,16.0,208843,,WC,Jerome Kym,R,198.0,SUI,22.418,208859,,Q,Francesco Passaro,R,180.0,ITA,24.515,7-6(3) 7-6(3),3,R16,115.0,9.0,3.0,87.0,57.0,50.0,16.0,12.0,6.0,6.0,3.0,1.0,78.0,48.0,35.0,20.0,12.0,1.0,1.0,154.0,369.0,131.0,461.0
2025-314,Gstaad,Clay,28.0,250,20250714,17.0,134770,1.0,,Casper Ruud,R,183.0,NOR,26.56,208502,,WC,Dominic Stricker,L,183.0,SUI,22.91,7-5 7-6(6),3,R16,104.0,9.0,2.0,74.0,46.0,37.0,17.0,12.0,1.0,2.0,7.0,3.0,78.0,40.0,32.0,19.0,12.0,3.0,5.0,13.0,2855.0,229.0,245.0
2025-314,Gstaad,Clay,28.0,250,20250714,18.0,207678,,,Juan Manuel Cerundolo,L,183.0,ARG,23.661,105676,6.0,WC,David Goffin,R,180.0,BEL,34.601,5-7 6-4 6-1,3,R16,127.0,9.0,2.0,87.0,61.0,44.0,13.0,14.0,5.0,7.0,4.0,3.0,94.0,57.0,39.0,17.0,15.0,4.0,9.0,109.0,577.0,68.0,914.0
2025-314,Gstaad,Clay,28.0,250,20250714,19.0,208882,,,Roman Andres Burruchaga,R,183.0,ARG,23.472,900077,,LL,Patrick Zahraj,R,191.0,GER,25.993,4-6 6-4 6-1,3,R16,135.0,2.0,1.0,92.0,60.0,41.0,18.0,14.0,3.0,6.0,2.0,6.0,81.0,40.0,30.0,14.0,13.0,3.0,8.0,136.0,445.0,283.0,193.0
2025-314,Gstaad,Clay,28.0,250,20250714,20.0,209860,,Q,Ignacio Buse,R,183.0,PER,21.303,111794,,,Kamil Majchrzak,R,183.0,POL,29.5,1-6 7-5 6-1,3,R16,111.0,5.0,3.0,79.0,50.0,37.0,14.0,13.0,3.0,5.0,1.0,2.0,84.0,48.0,34.0,15.0,13.0,7.0,10.0,167.0,340.0,81.0,727.0
2025-314,Gstaad,Clay,28.0,250,20250714,21.0,207678,,,Juan Manuel Cerundolo,L,183.0,ARG,23.661,134770,1.0,,Casper Ruud,R,183.0,NOR,26.56,6-2 1-6 6-3,3,QF,129.0,3.0,5.0,87.0,55.0,34.0,12.0,12.0,10.0,15.0,4.0,0.0,79.0,54.0,33.0,9.0,12.0,3.0,9.0,109.0,577.0,13.0,2855.0
2025-314,Gstaad,Clay,28.0,250,20250714,22.0,122330,2.0,,Alexander Bublik,R,196.0,KAZ,28.074,207681,7.0,,Francisco Comesana,R,178.0,ARG,24.769,6-4 6-3,3,QF,71.0,11.0,5.0,62.0,37.0,28.0,15.0,10.0,2.0,2.0,8.0,3.0,53.0,41.0,31.0,3.0,9.0,2.0,4.0,34.0,1585.0,74.0,824.0
2025-314,Gstaad,Clay,28.0,250,20250714,23.0,209860,,Q,Ignacio Buse,R,183.0,PER,21.303,208882,,,Roman Andres Burruchaga,R,183.0,ARG,23.472,6-3 3-6 6-1,3,QF,134.0,4.0,5.0,95.0,53.0,40.0,19.0,13.0,6.0,8.0,2.0,1.0,94.0,67.0,41.0,11.0,12.0,9.0,13.0,167.0,340.0,136.0,445.0
2025-314,Gstaad,Clay,28.0,250,20250714,24.0,209070,,,Arthur Cazaux,R,183.0,FRA,22.891,208843,,WC,Jerome Kym,R,198.0,SUI,22.418,7-6(3) 3-6 7-5,3,QF,137.0,7.0,5.0,87.0,49.0,42.0,21.0,16.0,1.0,3.0,11.0,2.0,100.0,59.0,45.0,25.0,17.0,1.0,3.0,116.0,535.0,154.0,369.0
2025-314,Gstaad,Clay,28.0,250,20250714,25.0,122330,2.0,,Alexander Bublik,R,196.0,KAZ,28.074,209070,,,Arthur Cazaux,R,183.0,FRA,22.891,6-1 7-5,3,SF,73.0,12.0,3.0,53.0,38.0,33.0,7.0,10.0,0.0,0.0,2.0,1.0,58.0,31.0,19.0,13.0,9.0,5.0,8.0,34.0,1585.0,116.0,535.0
2025-314,Gstaad,Clay,28.0,250,20250714,26.0,207678,,,Juan Manuel Cerundolo,L,183.0,ARG,23.661,209860,,Q,Ignacio Buse,R,183.0,PER,21.303,6-3 6-3,3,SF,82.0,3.0,1.0,54.0,40.0,30.0,9.0,9.0,1.0,1.0,3.0,3.0,54.0,26.0,17.0,15.0,9.0,3.0,6.0,109.0,577.0,167.0,340.0
2025-314,Gstaad,Clay,28.0,250,20250714,27.0,122330,2.0,,Alexander Bublik,R,196.0,KAZ,28.074,207678,,,Juan Manuel Cerundolo,L,183.0,ARG,23.661,6-4 4-6 6-3,3,F,127.0,13.0,4.0,94.0,62.0,50.0,11.0,15.0,7.0,10.0,1.0,2.0,100.0,73.0,44.0,13.0,14.0,10.0,14.0,34.0,1585.0,109.0,577.0
2025-316,Bastad,Clay,28.0,250,20250714,1.0,209209,,Q,Filip Misolic,R,180.0,AUT,23.932,209284,,,Elmer Moller,R,183.0,DEN,22.015,6-3 3-6 7-5,3,R32,161.0,6.0,1.0,116.0,69.0,40.0,23.0,15.0,9.0,14.0,7.0,3.0,116.0,78.0,43.0,19.0,15.0,12.0,18.0,105.0,593.0,102.0,609.0
2025-316,Bastad,Clay,28.0,250,20250714,2.0,208363,,,Mariano Navone,R,178.0,ARG,24.375,144642,,,Tomas Barrios Vera,R,191.0,CHI,27.592,7-5 7-5,3,R32,118.0,4.0,1.0,75.0,47.0,30.0,16.0,12.0,4.0,7.0,1.0,0.0,82.0,63.0,35.0,9.0,12.0,5.0,10.0,75.0,810.0,124.0,493.0
2025-316,Bastad,Clay,28.0,250,20250714,3.0,200116,5.0,,Camilo Ugo Carabelli,R,185.0,ARG,26.075,106426,,,Cristian Garin,R,185.0,CHI,29.123,6-4 6-4,3,R32,123.0,1.0,2.0,71.0,46.0,27.0,12.0,10.0,9.0,12.0,2.0,2.0,83.0,55.0,32.0,10.0,10.0,9.0,14.0,59.0,972.0,117.0,535.0
2025-316,Bastad,Clay,28.0,250,20250714,4.0,106000,7.0,,Damir Dzumhur,R,175.0,BIH,33.15,124116,,,Sebastian Ofner,R,191.0,AUT,29.172,6-4 6-4,3,R32,87.0,0.0,1.0,56.0,38.0,26.0,12.0,10.0,2.0,3.0,4.0,2.0,64.0,32.0,24.0,13.0,10.0,3.0,6.0,70.0,894.0,141.0,433.0
2025-316,Bastad,Clay,28.0,250,20250714,5.0,200240,8.0,,Vit Kopriva,R,178.0,CZE,28.079,106198,,,Hugo Dellien,R,180.0,BOL,32.077,6-1 3-0 RET,3,R32,45.0,1.0,0.0,32.0,18.0,13.0,9.0,5.0,4.0,4.0,0.0,0.0,31.0,23.0,7.0,3.0,5.0,2.0,6.0,83.0,719.0,94.0,661.0
2025-316,Bastad,Clay,28.0,250,20250714,6.0,149282,,Q,Nicolai Budkov Kjaer,R,191.0,NOR,18.867,106329,,Q,Thiago Monteiro,L,183.0,BRA,31.121,5-7 6-3 7-6(2),3,R32,161.0,5.0,7.0,106.0,74.0,52.0,17.0,17.0,4.0,7.0,4.0,0.0,104.0,70.0,49.0,13.0,16.0,1.0,4.0,298.0,180.0,152.0,375.0
2025-316,Bastad,Clay,28.0,250,20250714,7.0,200384,,,Hugo Gaston,L,173.0,FRA,24.797,202358,,,Chun-Hsin Tseng,R,175.0,TPE,23.932,6-4 6-3,3,R32,78.0,2.0,1.0,64.0,41.0,28.0,13.0,9.0,5.0,6.0,2.0,2.0,55.0,36.0,26.0,7.0,10.0,1.0,5.0,91.0,663.0,98.0,631.0
2025-316,Bastad,Clay,28.0,250,20250714,8.0,126504,,Q,Andrea Pellegrino,R,185.0,ITA,28.309,210262,,,Jaime Faria,R,188.0,POR,21.938,2-6 6-3 6-3,3,R32,106.0,3.0,1.0,87.0,59.0,39.0,15.0,13.0,8.0,11.0,4.0,5.0,81.0,46.0,29.0,18.0,13.0,3.0,7.0,139.0,437.0,115.0,543.0
2025-316,Bastad,Clay,28.0,250,20250714,9.0,122298,,,Botic van de Zandschulp,R,191.0,NED,29.777,144707,,WC,Mikael Ymer,R,185.0,SWE,26.845,6-4 6-1,3,R32,77.0,0.0,3.0,45.0,29.0,23.0,9.0,8.0,1.0,2.0,2.0,1.0,49.0,29.0,17.0,6.0,9.0,5.0,10.0,100.0,622.0,618.0,53.0
2025-316,Bastad,Clay,28.0,250,20250714,10.0,111200,,WC,Elias Ymer,R,185.0,SWE,29.259,900001,,,Tristan Boyer,R,188.0,USA,24.23,6-3 3-6 6-2,3,R32,134.0,2.0,1.0,73.0,52.0,40.0,11.0,13.0,5.0,7.0,3.0,0.0,77.0,48.0,28.0,17.0,13.0,2.0,6.0,264.0,211.0,126.0,486.0
2025-316,Bastad,Clay,28.0,250,20250714,11.0,209260,6.0,,Luciano Darderi,R,183.0,ITA,23.411,209920,,,Raphael Collignon,R,191.0,BEL,23.499,6-2 2-6 6-2,3,R32,129.0,5.0,2.0,91.0,55.0,37.0,20.0,12.0,6.0,8.0,5.0,4.0,81.0,53.0,35.0,12.0,12.0,6.0,10.0,55.0,1039.0,84.0,715.0
2025-316,Bastad,Clay,28.0,250,20250714,12.0,207411,,,Jesper de Jong,R,180.0,NED,25.12,103714,,WC,William Rejchtman Vinciguerra,L,178.0,SWE,18.423,6-3 6-2,3,R32,82.0,8.0,1.0,49.0,28.0,23.0,15.0,9.0,0.0,0.0,1.0,4.0,66.0,37.0,19.0,16.0,8.0,3.0,6.0,106.0,590.0,1476.0,3.0
2025-316,Bastad,Clay,28.0,250,20250714,13.0,202103,1.0,,Francisco Cerundolo,R,185.0,ARG,26.919,208363,,,Mariano Navone,R,178.0,ARG,24.375,6-3 6-3,3,R16,92.0,1.0,2.0,59.0,38.0,28.0,10.0,9.0,4.0,5.0,2.0,4.0,69.0,42.0,28.0,9.0,9.0,6.0,10.0,20.0,2285.0,75.0,810.0
2025-316,Bastad,Clay,28.0,250,20250714,14.0,209209,,Q,Filip Misolic,R,180.0,AUT,23.932,132686,3.0,,Nuno Borges,R,185.0,POR,28.397,3-6 7-6(1) 6-3,3,R16,119.0,7.0,1.0,87.0,57.0,43.0,19.0,16.0,5.0,8.0,3.0,0.0,81.0,54.0,38.0,18.0,14.0,1.0,3.0,105.0,593.0,35.0,1490.0
2025-316,Bastad,Clay,28.0,250,20250714,15.0,200116,5.0,,Camilo Ugo Carabelli,R,185.0,ARG,26.075,122298,,,Botic van de Zandschulp,R,191.0,NED,29.777,7-6(3) 5-7 6-3,3,R16,170.0,8.0,2.0,124.0,88.0,59.0,18.0,17.0,11.0,13.0,3.0,0.0,94.0,62.0,46.0,16.0,16.0,2.0,4.0,59.0,972.0,100.0,622.0
2025-316,Bastad,Clay,28.0,250,20250714,16.0,106000,7.0,,Damir Dzumhur,R,175.0,BIH,33.15,200384,,,Hugo Gaston,L,173.0,FRA,24.797,4-6 6-2 6-2,3,R16,108.0,2.0,0.0,77.0,59.0,43.0,10.0,13.0,4.0,6.0,1.0,2.0,80.0,44.0,27.0,18.0,13.0,7.0,12.0,70.0,894.0,91.0,663.0
2025-316,Bastad,Clay,28.0,250,20250714,17.0,134868,2.0,,Tallon Griekspoor,R,188.0,NED,29.032,126504,,Q,Andrea Pellegrino,R,185.0,ITA,28.309,4-6 7-6(6) 6-3,3,R16,131.0,12.0,6.0,103.0,66.0,47.0,19.0,16.0,4.0,7.0,4.0,3.0,93.0,61.0,38.0,20.0,15.0,2.0,5.0,29.0,1715.0,139.0,437.0
2025-316,Bastad,Clay,28.0,250,20250714,18.0,202104,4.0,,Sebastian Baez,R,170.0,ARG,24.542,149282,,Q,Nicolai Budkov Kjaer,R,191.0,NOR,18.867,3-6 6-2 7-5,3,R16,124.0,1.0,2.0,81.0,57.0,36.0,12.0,14.0,3.0,7.0,4.0,3.0,101.0,67.0,41.0,14.0,15.0,9.0,15.0,37.0,1370.0,298.0,180.0
2025-316,Bastad,Clay,28.0,250,20250714,19.0,209260,6.0,,Luciano Darderi,R,183.0,ITA,23.411,111200,,WC,Elias Ymer,R,185.0,SWE,29.259,6-2 6-2,3,R16,71.0,8.0,3.0,50.0,27.0,20.0,16.0,8.0,2.0,2.0,2.0,3.0,49.0,30.0,17.0,9.0,8.0,5.0,9.0,55.0,1039.0,264.0,211.0
2025-316,Bastad,Clay,28.0,250,20250714,20.0,207411,,,Jesper de Jong,R,180.0,NED,25.12,200240,8.0,,Vit Kopriva,R,178.0,CZE,28.079,7-6(3) 7-5,3,R16,147.0,8.0,5.0,76.0,42.0,31.0,19.0,12.0,2.0,4.0,9.0,3.0,112.0,58.0,34.0,32.0,12.0,14.0,17.0,106.0,590.0,83.0,719.0
2025-316,Bastad,Clay,28.0,250,20250714,21.0,202103,1.0,,Francisco Cerundolo,R,185.0,ARG,26.919,106000,7.0,,Damir Dzumhur,R,175.0,BIH,33.15,6-0 3-6 6-3,3,QF,106.0,5.0,5.0,77.0,45.0,33.0,13.0,12.0,2.0,5.0,1.0,0.0,69.0,51.0,26.0,8.0,12.0,2.0,8.0,20.0,2285.0,70.0,894.0
2025-316,Bastad,Clay,28.0,250,20250714,22.0,207411,,,Jesper de Jong,R,180.0,NED,25.12,134868,2.0,,Tallon Griekspoor,R,188.0,NED,29.032,4-6 7-6(3) 6-3,3,QF,160.0,13.0,3.0,98.0,52.0,40.0,24.0,15.0,7.0,10.0,9.0,1.0,109.0,67.0,45.0,21.0,16.0,4.0,8.0,106.0,590.0,29.0,1715.0
2025-316,Bastad,Clay,28.0,250,20250714,23.0,209260,6.0,,Luciano Darderi,R,183.0,ITA,23.411,202104,4.0,,Sebastian Baez,R,170.0,ARG,24.542,6-0 6-2,3,QF,64.0,5.0,2.0,38.0,19.0,17.0,12.0,7.0,0.0,0.0,1.0,3.0,51.0,37.0,18.0,4.0,7.0,3.0,8.0,55.0,1039.0,37.0,1370.0
2025-316,Bastad,Clay,28.0,250,20250714,24.0,200116,5.0,,Camilo Ugo Carabelli,R,185.0,ARG,26.075,209209,,Q,Filip Misolic,R,180.0,AUT,23.932,6-3 7-5,3,QF,96.0,7.0,3.0,57.0,41.0,32.0,6.0,10.0,2.0,4.0,2.0,0.0,77.0,54.0,35.0,6.0,11.0,7.0,12.0,59.0,972.0,105.0,593.0
2025-316,Bastad,Clay,28.0,250,20250714,25.0,209260,6.0,,Luciano Darderi,R,183.0,ITA,23.411,202103,1.0,,Francisco Cerundolo,R,185.0,ARG,26.919,6-2 3-6 7-6(3),3,SF,153.0,5.0,1.0,96.0,56.0,41.0,16.0,14.0,9.0,14.0,1.0,5.0,96.0,56.0,33.0,20.0,15.0,5.0,11.0,55.0,1039.0,20.0,2285.0
2025-316,Bastad,Clay,28.0,250,20250714,26.0,207411,,,Jesper de Jong,R,180.0,NED,25.12,200116,5.0,,Camilo Ugo Carabelli,R,185.0,ARG,26.075,6-3 7-6(3),3,SF,112.0,8.0,2.0,70.0,41.0,34.0,13.0,11.0,0.0,1.0,3.0,3.0,64.0,37.0,26.0,13.0,10.0,1.0,3.0,106.0,590.0,59.0,972.0
2025-316,Bastad,Clay,28.0,250,20250714,27.0,209260,6.0,,Luciano Darderi,R,183.0,ITA,23.411,207411,,,Jesper de Jong,R,180.0,NED,25.12,6-4 3-6 6-3,3,F,126.0,6.0,2.0,72.0,47.0,38.0,13.0,14.0,0.0,2.0,6.0,1.0,85.0,53.0,39.0,17.0,14.0,4.0,7.0,55.0,1039.0,106.0,590.0
2025-439,Umag,Clay,28.0,250,20250721,1.0,207411,,,Jesper de Jong,R,180.0,NED,25.139,209890,,WC,Mili Poljicak,R,185.0,CRO,21.021,6-3 6-3,3,R32,83.0,4.0,1.0,49.0,26.0,22.0,15.0,9.0,0.0,0.0,1.0,1.0,52.0,24.0,17.0,15.0,9.0,4.0,7.0,83.0,730.0,277.0,193.0
2025-439,Umag,Clay,28.0,250,20250721,2.0,209976,,WC,Dino Prizmic,R,188.0,CRO,19.959,209284,,,Elmer Moller,R,183.0,DEN,22.034,6-4 6-2,3,R32,110.0,2.0,3.0,64.0,32.0,22.0,13.0,9.0,4.0,7.0,0.0,3.0,69.0,44.0,22.0,9.0,9.0,9.0,15.0,143.0,420.0,107.0,601.0
2025-439,Umag,Clay,28.0,250,20250721,3.0,208363,5.0,,Mariano Navone,R,178.0,ARG,24.394,144642,,,Tomas Barrios Vera,R,191.0,CHI,27.611,6-1 6-2,3,R32,70.0,0.0,0.0,39.0,25.0,19.0,10.0,8.0,0.0,1.0,0.0,0.0,46.0,27.0,13.0,7.0,7.0,5.0,10.0,76.0,785.0,142.0,425.0
2025-439,Umag,Clay,28.0,250,20250721,4.0,105932,,,Nikoloz Basilashvili,R,185.0,GEO,33.407,106148,6.0,,Roberto Carballes Baena,R,183.0,ESP,32.329,6-3 6-4,3,R32,91.0,4.0,4.0,57.0,33.0,27.0,4.0,9.0,4.0,7.0,4.0,1.0,71.0,39.0,23.0,12.0,10.0,11.0,17.0,114.0,552.0,85.0,715.0
2025-439,Umag,Clay,28.0,250,20250721,5.0,208010,,Q,Pablo Llamas Ruiz,R,188.0,ESP,22.771,111794,7.0,,Kamil Majchrzak,R,183.0,POL,29.52,6-2 6-4,3,R32,82.0,0.0,1.0,54.0,36.0,23.0,12.0,9.0,4.0,6.0,0.0,3.0,48.0,26.0,15.0,8.0,9.0,1.0,6.0,537.0,70.0,78.0,752.0
2025-439,Umag,Clay,28.0,250,20250721,6.0,209279,,,Terence Atmane,L,193.0,FRA,23.529,105583,,,Dusan Lajovic,R,183.0,SRB,35.058,6-3 6-4,3,R32,86.0,5.0,1.0,66.0,37.0,33.0,12.0,10.0,4.0,5.0,2.0,2.0,51.0,33.0,21.0,9.0,9.0,4.0,7.0,136.0,439.0,129.0,464.0
2025-439,Umag,Clay,28.0,250,20250721,7.0,208169,,Q,Titouan Droguet,R,191.0,FRA,24.099,106426,,,Cristian Garin,R,185.0,CHI,29.142,6-3 6-3,3,R32,72.0,4.0,1.0,56.0,36.0,29.0,12.0,9.0,3.0,3.0,5.0,1.0,46.0,33.0,23.0,6.0,9.0,4.0,7.0,176.0,317.0,118.0,535.0
2025-439,Umag,Clay,28.0,250,20250721,8.0,126535,,,Carlos Taberner,R,183.0,ESP,27.951,105732,,,Pierre-Hugues Herbert,R,188.0,FRA,34.344,6-4 7-6(1),3,R32,115.0,1.0,1.0,57.0,44.0,37.0,8.0,11.0,0.0,1.0,6.0,4.0,85.0,57.0,38.0,12.0,11.0,5.0,7.0,111.0,581.0,140.0,431.0
2025-439,Umag,Clay,28.0,250,20250721,9.0,202358,,,Chun-Hsin Tseng,R,175.0,TPE,23.951,206748,,Q,Giulio Zeppieri,L,183.0,ITA,23.619,7-5 6-4,3,R32,99.0,3.0,2.0,69.0,40.0,27.0,19.0,11.0,6.0,8.0,2.0,5.0,69.0,44.0,28.0,10.0,11.0,4.0,8.0,101.0,631.0,290.0,180.0
2025-439,Umag,Clay,28.0,250,20250721,10.0,104527,,,Stan Wawrinka,R,183.0,SUI,40.315,208223,,Q,Alvaro Guillen Meza,R,175.0,ECU,22.549,6-4 6-1,3,R32,73.0,0.0,0.0,50.0,29.0,20.0,12.0,9.0,4.0,6.0,0.0,4.0,43.0,33.0,19.0,1.0,8.0,1.0,6.0,156.0,357.0,244.0,228.0
2025-439,Umag,Clay,28.0,250,20250721,11.0,200240,8.0,,Vit Kopriva,R,178.0,CZE,28.099,209920,,,Raphael Collignon,R,191.0,BEL,23.518,3-6 6-4 6-3,3,R32,154.0,7.0,3.0,104.0,67.0,43.0,16.0,14.0,11.0,16.0,6.0,7.0,82.0,47.0,31.0,14.0,14.0,6.0,12.0,79.0,744.0,88.0,690.0
2025-439,Umag,Clay,28.0,250,20250721,12.0,208859,,,Francesco Passaro,R,180.0,ITA,24.534,212063,,WC,Matej Dodig,R,188.0,CRO,20.005,4-6 6-1 6-2,3,R32,117.0,2.0,1.0,81.0,54.0,37.0,19.0,13.0,2.0,3.0,2.0,3.0,63.0,40.0,28.0,10.0,12.0,3.0,7.0,121.0,499.0,242.0,231.0
2025-439,Umag,Clay,28.0,250,20250721,13.0,126535,,,Carlos Taberner,R,183.0,ESP,27.951,202103,1.0,,Francisco Cerundolo,R,185.0,ARG,26.938,6-7(2) 6-4 7-5,3,R16,200.0,3.0,7.0,124.0,77.0,45.0,19.0,17.0,10.0,17.0,4.0,3.0,112.0,57.0,32.0,23.0,17.0,6.0,15.0,111.0,581.0,19.0,2285.0
2025-439,Umag,Clay,28.0,250,20250721,14.0,209260,2.0,,Luciano Darderi,R,183.0,ITA,23.431,202358,,,Chun-Hsin Tseng,R,175.0,TPE,23.951,7-5 6-0,3,R16,89.0,5.0,1.0,59.0,36.0,26.0,15.0,9.0,2.0,2.0,4.0,3.0,63.0,31.0,19.0,14.0,9.0,7.0,11.0,46.0,1189.0,101.0,631.0
2025-439,Umag,Clay,28.0,250,20250721,15.0,106000,4.0,,Damir Dzumhur,R,175.0,BIH,33.169,104527,,,Stan Wawrinka,R,183.0,SUI,40.315,6-4 7-5,3,R16,119.0,1.0,5.0,86.0,53.0,33.0,13.0,11.0,8.0,12.0,5.0,0.0,68.0,35.0,20.0,15.0,11.0,1.0,7.0,61.0,936.0,156.0,357.0
2025-439,Umag,Clay,28.0,250,20250721,16.0,207411,,,Jesper de Jong,R,180.0,NED,25.139,208363,5.0,,Mariano Navone,R,178.0,ARG,24.394,6-3 6-4,3,R16,96.0,2.0,3.0,62.0,42.0,33.0,11.0,10.0,4.0,5.0,1.0,1.0,61.0,42.0,25.0,10.0,9.0,8.0,11.0,83.0,730.0,76.0,785.0
2025-439,Umag,Clay,28.0,250,20250721,17.0,208169,,Q,Titouan Droguet,R,191.0,FRA,24.099,200240,8.0,,Vit Kopriva,R,178.0,CZE,28.099,6-2 6-3,3,R16,79.0,6.0,0.0,48.0,25.0,17.0,12.0,9.0,0.0,3.0,2.0,3.0,56.0,36.0,16.0,7.0,8.0,3.0,9.0,176.0,317.0,79.0,744.0
2025-439,Umag,Clay,28.0,250,20250721,18.0,209976,,WC,Dino Prizmic,R,188.0,CRO,19.959,105932,,,Nikoloz Basilashvili,R,185.0,GEO,33.407,2-6 6-3 6-2,3,R16,113.0,5.0,3.0,77.0,44.0,36.0,16.0,13.0,5.0,7.0,6.0,4.0,73.0,37.0,29.0,16.0,12.0,1.0,4.0,143.0,420.0,114.0,552.0
2025-439,Umag,Clay,28.0,250,20250721,19.0,200116,3.0,,Camilo Ugo Carabelli,R,185.0,ARG,26.094,208859,,,Francesco Passaro,R,180.0,ITA,24.534,6-7(5) 6-2 6-3,3,R16,152.0,2.0,2.0,101.0,67.0,46.0,19.0,15.0,4.0,6.0,8.0,3.0,91.0,60.0,39.0,13.0,14.0,7.0,12.0,51.0,1058.0,121.0,499.0
2025-439,Umag,Clay,28.0,250,20250721,20.0,208010,,Q,Pablo Llamas Ruiz,R,188.0,ESP,22.771,209279,,,Terence Atmane,L,193.0,FRA,23.529,6-3 6-3,3,R16,77.0,1.0,0.0,49.0,31.0,21.0,12.0,9.0,2.0,4.0,4.0,6.0,58.0,30.0,19.0,7.0,9.0,3.0,8.0,537.0,70.0,136.0,439.0
2025-439,Umag,Clay,28.0,250,20250721,21.0,209260,2.0,,Luciano Darderi,R,183.0,ITA,23.431,209976,,WC,Dino Prizmic,R,188.0,CRO,19.959,1-6 6-2 6-3,3,QF,132.0,6.0,2.0,74.0,42.0,29.0,13.0,12.0,2.0,6.0,3.0,5.0,73.0,44.0,29.0,13.0,12.0,3.0,8.0,46.0,1189.0,143.0,420.0
2025-439,Umag,Clay,28.0,250,20250721,22.0,200116,3.0,,Camilo Ugo Carabelli,R,185.0,ARG,26.094,208010,,Q,Pablo Llamas Ruiz,R,188.0,ESP,22.771,6-4 5-2 RET,3,QF,85.0,3.0,2.0,43.0,24.0,18.0,12.0,8.0,0.0,1.0,2.0,2.0,64.0,46.0,26.0,7.0,9.0,3.0,7.0,51.0,1058.0,537.0,70.0
2025-439,Umag,Clay,28.0,250,20250721,23.0,106000,4.0,,Damir Dzumhur,R,175.0,BIH,33.169,208169,,Q,Titouan Droguet,R,191.0,FRA,24.099,3-6 7-5 6-2,3,QF,139.0,0.0,2.0,81.0,58.0,41.0,14.0,14.0,3.0,6.0,4.0,0.0,115.0,75.0,44.0,20.0,15.0,8.0,13.0,61.0,936.0,176.0,317.0
2025-439,Umag,Clay,28.0,250,20250721,24.0,126535,,,Carlos Taberner,R,183.0,ESP,27.951,207411,,,Jesper de Jong,R,180.0,NED,25.139,7-5 6-3,3,QF,94.0,0.0,0.0,47.0,31.0,30.0,10.0,10.0,0.0,0.0,9.0,0.0,72.0,48.0,32.0,11.0,11.0,4.0,7.0,111.0,581.0,83.0,730.0
2025-439,Umag,Clay,28.0,250,20250721,25.0,209260,2.0,,Luciano Darderi,R,183.0,ITA,23.431,200116,3.0,,Camilo Ugo Carabelli,R,185.0,ARG,26.094,7-6(6) 6-3,3,SF,104.0,4.0,0.0,69.0,38.0,31.0,21.0,11.0,2.0,2.0,5.0,0.0,70.0,45.0,31.0,15.0,10.0,3.0,4.0,46.0,1189.0,51.0,1058.0
2025-439,Umag,Clay,28.0,250,20250721,26.0,126535,,,Carlos Taberner,R,183.0,ESP,27.951,106000,4.0,,Damir Dzumhur,R,175.0,BIH,33.169,6-2 6-1,3,SF,96.0,2.0,2.0,48.0,28.0,20.0,12.0,8.0,3.0,4.0,1.0,4.0,76.0,51.0,23.0,11.0,7.0,11.0,16.0,111.0,581.0,61.0,936.0
2025-439,Umag,Clay,28.0,250,20250721,27.0,209260,2.0,,Luciano Darderi,R,183.0,ITA,23.431,126535,,,Carlos Taberner,R,183.0,ESP,27.951,6-3 6-3,3,F,86.0,7.0,1.0,43.0,23.0,20.0,16.0,9.0,0.0,0.0,0.0,2.0,53.0,31.0,21.0,11.0,9.0,2.0,5.0,46.0,1189.0,111.0,581.0
2025-319,Kitzbuhel,Clay,28.0,250,20250721,1.0,209209,,,Filip Misolic,R,180.0,AUT,23.951,144869,5.0,,Tomas Martin Etcheverry,R,196.0,ARG,26.01,7-5 5-7 6-3,3,R32,162.0,3.0,4.0,103.0,63.0,44.0,21.0,17.0,6.0,9.0,6.0,1.0,98.0,60.0,41.0,19.0,16.0,3.0,7.0,97.0,649.0,58.0,960.0
2025-319,Kitzbuhel,Clay,28.0,250,20250721,2.0,209070,,SE,Arthur Cazaux,R,183.0,FRA,22.91,209860,,SE,Ignacio Buse,R,183.0,PER,21.322,6-3 3-6 7-5,3,R32,135.0,10.0,2.0,92.0,47.0,36.0,27.0,15.0,6.0,7.0,2.0,2.0,82.0,46.0,36.0,22.0,15.0,0.0,2.0,100.0,635.0,133.0,453.0
2025-319,Kitzbuhel,Clay,28.0,250,20250721,3.0,105870,,Q,Yannick Hanfmann,R,193.0,GER,33.687,209903,,WC,Lukas Neumayer,R,183.0,AUT,22.872,7-5 6-2,3,R32,101.0,8.0,2.0,64.0,36.0,28.0,15.0,10.0,6.0,7.0,6.0,1.0,75.0,42.0,25.0,15.0,10.0,4.0,8.0,141.0,429.0,162.0,345.0
2025-319,Kitzbuhel,Clay,28.0,250,20250721,4.0,205734,,,Thiago Seyboth Wild,R,185.0,BRA,25.363,211514,,NG,Justin Engel,R,185.0,GER,17.804,7-5 6-3,3,R32,96.0,1.0,0.0,61.0,43.0,34.0,11.0,11.0,0.0,1.0,6.0,4.0,70.0,39.0,26.0,15.0,10.0,4.0,7.0,132.0,455.0,208.0,262.0
2025-319,Kitzbuhel,Clay,28.0,250,20250721,5.0,105526,,Q,Jan-Lennard Struff,R,193.0,GER,35.239,124116,,,Sebastian Ofner,R,191.0,AUT,29.191,6-4 6-2,3,R32,64.0,3.0,1.0,51.0,36.0,29.0,7.0,9.0,2.0,3.0,6.0,6.0,59.0,33.0,22.0,8.0,9.0,1.0,5.0,152.0,375.0,138.0,433.0
2025-319,Kitzbuhel,Clay,28.0,250,20250721,6.0,202058,,,Thiago Agustin Tirante,R,185.0,ARG,24.279,210262,,,Jaime Faria,R,188.0,POR,21.958,6-2 6-2,3,R32,62.0,9.0,4.0,43.0,25.0,22.0,8.0,8.0,1.0,2.0,7.0,5.0,57.0,25.0,20.0,7.0,8.0,1.0,6.0,130.0,461.0,119.0,530.0
2025-319,Kitzbuhel,Clay,28.0,250,20250721,7.0,122298,,,Botic van de Zandschulp,R,191.0,NED,29.796,111797,,WC,Nicolas Jarry,R,201.0,CHI,29.777,6-4 4-6 6-3,3,R32,145.0,4.0,10.0,83.0,47.0,34.0,22.0,15.0,4.0,6.0,7.0,3.0,86.0,49.0,36.0,19.0,14.0,1.0,4.0,103.0,622.0,98.0,638.0
2025-319,Kitzbuhel,Clay,28.0,250,20250721,8.0,126239,6.0,,Arthur Rinderknech,R,196.0,FRA,29.996,105487,,Q,Facundo Bagnis,L,183.0,ARG,35.395,7-6(4) 4-6 6-3,3,R32,166.0,12.0,5.0,115.0,64.0,47.0,26.0,16.0,4.0,8.0,2.0,1.0,110.0,66.0,43.0,24.0,15.0,14.0,18.0,65.0,914.0,772.0,31.0
2025-319,Kitzbuhel,Clay,28.0,250,20250721,9.0,207681,7.0,,Francisco Comesana,R,178.0,ARG,24.789,900001,,,Tristan Boyer,R,188.0,USA,24.249,6-3 7-6(1),3,R32,98.0,4.0,1.0,67.0,45.0,36.0,12.0,11.0,1.0,2.0,2.0,3.0,61.0,35.0,26.0,12.0,10.0,1.0,3.0,73.0,861.0,126.0,480.0
2025-319,Kitzbuhel,Clay,28.0,250,20250721,10.0,105916,8.0,,Marton Fucsovics,R,188.0,HUN,33.448,212082,,WC,Joel Schwaerzler,L,188.0,AUT,19.48,6-2 2-6 6-3,3,R32,107.0,5.0,2.0,70.0,41.0,32.0,16.0,12.0,5.0,7.0,6.0,3.0,81.0,55.0,39.0,9.0,13.0,7.0,11.0,91.0,670.0,354.0,140.0
2025-319,Kitzbuhel,Clay,28.0,250,20250721,11.0,105613,,Q,Norbert Gombos,R,193.0,SVK,34.938,200384,,,Hugo Gaston,L,173.0,FRA,24.816,6-3 6-4,3,R32,86.0,4.0,0.0,64.0,41.0,28.0,16.0,10.0,4.0,5.0,0.0,4.0,59.0,30.0,19.0,15.0,9.0,5.0,8.0,307.0,166.0,99.0,638.0
2025-319,Kitzbuhel,Clay,28.0,250,20250721,12.0,207686,,,Alexander Shevchenko,R,188.0,KAZ,24.641,123755,,,Daniel Elahi Galan,R,191.0,COL,29.09,2-6 6-3 6-4,3,R32,135.0,8.0,7.0,106.0,60.0,42.0,19.0,14.0,3.0,7.0,4.0,6.0,93.0,46.0,39.0,15.0,13.0,5.0,9.0,110.0,585.0,125.0,487.0
2025-319,Kitzbuhel,Clay,28.0,250,20250721,13.0,122330,1.0,,Alexander Bublik,R,196.0,KAZ,28.093,202058,,,Thiago Agustin Tirante,R,185.0,ARG,24.279,6-3 6-4,3,R16,73.0,17.0,2.0,65.0,46.0,35.0,12.0,10.0,3.0,3.0,3.0,1.0,53.0,34.0,27.0,7.0,9.0,0.0,2.0,30.0,1825.0,130.0,461.0
2025-319,Kitzbuhel,Clay,28.0,250,20250721,14.0,105870,,Q,Yannick Hanfmann,R,193.0,GER,33.687,202104,2.0,,Sebastian Baez,R,170.0,ARG,24.561,5-7 6-3 7-5,3,R16,162.0,4.0,1.0,105.0,74.0,51.0,17.0,16.0,4.0,7.0,2.0,5.0,117.0,77.0,52.0,18.0,17.0,8.0,13.0,141.0,429.0,43.0,1220.0
2025-319,Kitzbuhel,Clay,28.0,250,20250721,15.0,105526,,Q,Jan-Lennard Struff,R,193.0,GER,35.239,124079,3.0,,Pedro Martinez,R,185.0,ESP,28.235,6-2 6-2,3,R16,71.0,9.0,1.0,43.0,22.0,18.0,12.0,8.0,0.0,1.0,0.0,6.0,66.0,47.0,26.0,6.0,8.0,10.0,15.0,152.0,375.0,62.0,930.0
2025-319,Kitzbuhel,Clay,28.0,250,20250721,16.0,205734,,,Thiago Seyboth Wild,R,185.0,BRA,25.363,105138,4.0,,Roberto Bautista Agut,R,183.0,ESP,37.268,7-5 7-5,3,R16,118.0,2.0,0.0,64.0,45.0,36.0,6.0,12.0,0.0,2.0,2.0,3.0,90.0,56.0,34.0,16.0,12.0,10.0,14.0,132.0,455.0,53.0,1046.0
2025-319,Kitzbuhel,Clay,28.0,250,20250721,17.0,126239,6.0,,Arthur Rinderknech,R,196.0,FRA,29.996,105613,,Q,Norbert Gombos,R,193.0,SVK,34.938,6-7(3) 6-4 6-4,3,R16,151.0,21.0,5.0,99.0,64.0,55.0,16.0,16.0,3.0,3.0,11.0,2.0,102.0,61.0,43.0,27.0,16.0,4.0,6.0,65.0,914.0,307.0,166.0
2025-319,Kitzbuhel,Clay,28.0,250,20250721,18.0,209070,,SE,Arthur Cazaux,R,183.0,FRA,22.91,207681,7.0,,Francisco Comesana,R,178.0,ARG,24.789,6-4 7-6(7),3,R16,106.0,11.0,3.0,69.0,40.0,31.0,20.0,11.0,1.0,1.0,8.0,9.0,73.0,42.0,32.0,17.0,11.0,3.0,4.0,100.0,635.0,73.0,861.0
2025-319,Kitzbuhel,Clay,28.0,250,20250721,19.0,207686,,,Alexander Shevchenko,R,188.0,KAZ,24.641,105916,8.0,,Marton Fucsovics,R,188.0,HUN,33.448,7-5 6-4,3,R16,86.0,5.0,4.0,60.0,33.0,26.0,15.0,11.0,1.0,3.0,2.0,4.0,62.0,32.0,22.0,13.0,11.0,3.0,7.0,110.0,585.0,91.0,670.0
2025-319,Kitzbuhel,Clay,28.0,250,20250721,20.0,122298,,,Botic van de Zandschulp,R,191.0,NED,29.796,209209,,,Filip Misolic,R,180.0,AUT,23.951,6-3 7-6(4),3,R16,101.0,8.0,3.0,72.0,47.0,37.0,14.0,11.0,2.0,3.0,3.0,2.0,70.0,44.0,32.0,12.0,10.0,5.0,7.0,103.0,622.0,97.0,649.0
2025-319,Kitzbuhel,Clay,28.0,250,20250721,21.0,122330,1.0,,Alexander Bublik,R,196.0,KAZ,28.093,207686,,,Alexander Shevchenko,R,188.0,KAZ,24.641,6-4 6-2,3,QF,75.0,5.0,6.0,56.0,26.0,25.0,16.0,9.0,5.0,5.0,2.0,2.0,64.0,40.0,25.0,8.0,9.0,4.0,7.0,30.0,1825.0,110.0,585.0
2025-319,Kitzbuhel,Clay,28.0,250,20250721,22.0,126239,6.0,,Arthur Rinderknech,R,196.0,FRA,29.996,105870,,Q,Yannick Hanfmann,R,193.0,GER,33.687,6-4 3-6 6-1,3,QF,131.0,13.0,4.0,80.0,53.0,41.0,13.0,13.0,3.0,4.0,2.0,3.0,91.0,60.0,43.0,12.0,13.0,6.0,9.0,65.0,914.0,141.0,429.0
2025-319,Kitzbuhel,Clay,28.0,250,20250721,23.0,209070,,SE,Arthur Cazaux,R,183.0,FRA,22.91,105526,,Q,Jan-Lennard Struff,R,193.0,GER,35.239,6-3 6-4,3,QF,82.0,7.0,4.0,63.0,38.0,30.0,15.0,10.0,3.0,3.0,4.0,0.0,56.0,34.0,23.0,14.0,9.0,2.0,4.0,100.0,635.0,152.0,375.0
2025-319,Kitzbuhel,Clay,28.0,250,20250721,24.0,122298,,,Botic van de Zandschulp,R,191.0,NED,29.796,205734,,,Thiago Seyboth Wild,R,185.0,BRA,25.363,7-6(2) 6-2,3,QF,110.0,4.0,3.0,63.0,49.0,39.0,3.0,10.0,6.0,8.0,2.0,1.0,81.0,57.0,34.0,9.0,10.0,4.0,8.0,103.0,622.0,132.0,455.0
2025-319,Kitzbuhel,Clay,28.0,250,20250721,25.0,122330,1.0,,Alexander Bublik,R,196.0,KAZ,28.093,122298,,,Botic van de Zandschulp,R,191.0,NED,29.796,6-3 6-4,3,SF,82.0,9.0,6.0,57.0,37.0,30.0,11.0,10.0,1.0,2.0,2.0,3.0,63.0,42.0,27.0,9.0,9.0,6.0,9.0,30.0,1825.0,103.0,622.0
2025-319,Kitzbuhel,Clay,28.0,250,20250721,26.0,209070,,SE,Arthur Cazaux,R,183.0,FRA,22.91,126239,6.0,,Arthur Rinderknech,R,196.0,FRA,29.996,7-5 6-3,3,SF,115.0,8.0,0.0,61.0,37.0,31.0,14.0,11.0,0.0,0.0,4.0,1.0,58.0,38.0,26.0,11.0,10.0,2.0,4.0,100.0,635.0,65.0,914.0
2025-319,Kitzbuhel,Clay,28.0,250,20250721,27.0,122330,1.0,,Alexander Bublik,R,196.0,KAZ,28.093,209070,,SE,Arthur Cazaux,R,183.0,FRA,22.91,6-4 6-3,3,F,84.0,5.0,7.0,61.0,32.0,27.0,15.0,10.0,4.0,5.0,7.0,0.0,61.0,32.0,22.0,14.0,9.0,4.0,7.0,30.0,1825.0,100.0,635.0
2025-418,Washington,Hard,48.0,500,20250721,1.0,900002,,,Yunchaokete Bu,R,185.0,CHN,23.502,105676,,,David Goffin,R,180.0,BEL,34.62,6-4 7-5,3,R64,104.0,10.0,4.0,68.0,40.0,31.0,15.0,11.0,6.0,7.0,6.0,9.0,74.0,35.0,28.0,17.0,11.0,4.0,7.0,75.0,812.0,60.0,939.0
2025-418,Washington,Hard,48.0,500,20250721,2.0,206499,,,Aleksandar Kovacevic,R,183.0,USA,26.894,111460,,,Quentin Halys,R,191.0,FRA,28.734,6-2 3-6 6-3,3,R64,116.0,8.0,9.0,83.0,46.0,39.0,15.0,13.0,2.0,3.0,8.0,6.0,87.0,56.0,40.0,13.0,13.0,5.0,8.0,66.0,914.0,71.0,886.0
2025-418,Washington,Hard,48.0,500,20250721,3.0,144719,,,Jaume Munar,R,183.0,ESP,28.211,106218,,,Marcos Giron,R,180.0,USA,31.992,7-5 6-3,3,R64,110.0,2.0,5.0,67.0,36.0,26.0,22.0,11.0,8.0,8.0,2.0,2.0,67.0,35.0,24.0,17.0,10.0,5.0,7.0,50.0,1062.0,57.0,960.0
2025-418,Washington,Hard,48.0,500,20250721,4.0,208260,,Q,Zachary Svajda,R,175.0,USA,22.642,200175,,,Miomir Kecmanovic,R,183.0,SRB,25.889,1-6 6-2 6-2,3,R64,88.0,14.0,4.0,83.0,45.0,32.0,19.0,12.0,5.0,8.0,3.0,2.0,68.0,34.0,22.0,17.0,11.0,6.0,10.0,153.0,371.0,49.0,1106.0
2025-418,Washington,Hard,48.0,500,20250721,5.0,200059,,Q,Yibing Wu,R,183.0,CHN,25.769,104792,,,Gael Monfils,R,193.0,FRA,38.886,6-3 6-1,3,R64,78.0,1.0,3.0,50.0,32.0,26.0,9.0,8.0,4.0,4.0,3.0,4.0,49.0,31.0,19.0,6.0,8.0,1.0,5.0,243.0,228.0,48.0,1115.0
2025-418,Washington,Hard,48.0,500,20250721,6.0,208286,,,Matteo Arnaldi,R,185.0,ITA,24.408,127157,,,Daniel Altmaier,R,188.0,GER,26.856,4-6 6-2 7-6(2),3,R64,162.0,3.0,2.0,95.0,53.0,35.0,28.0,15.0,8.0,11.0,7.0,1.0,113.0,71.0,45.0,22.0,15.0,11.0,15.0,44.0,1215.0,56.0,973.0
2025-418,Washington,Hard,48.0,500,20250721,7.0,105554,,WC,Daniel Evans,R,175.0,GBR,35.162,200267,,,Zizou Bergs,R,185.0,BEL,26.133,3-6 6-4 6-3,3,R64,149.0,5.0,6.0,84.0,43.0,29.0,25.0,14.0,2.0,5.0,10.0,15.0,98.0,53.0,38.0,18.0,14.0,8.0,12.0,144.0,415.0,52.0,1049.0
2025-418,Washington,Hard,48.0,500,20250721,8.0,206681,,,Fabian Marozsan,R,193.0,HUN,25.785,126127,,,Benjamin Bonzi,R,183.0,FRA,29.114,7-5 6-1,3,R64,77.0,10.0,1.0,60.0,37.0,28.0,11.0,9.0,4.0,5.0,7.0,6.0,58.0,37.0,23.0,6.0,10.0,3.0,8.0,54.0,1030.0,69.0,905.0
2025-418,Washington,Hard,48.0,500,20250721,9.0,111456,,WC,Mackenzie McDonald,R,178.0,USA,30.264,900021,,Q,Colton Smith,R,183.0,USA,22.379,6-4 6-1,3,R64,65.0,4.0,2.0,49.0,28.0,22.0,12.0,9.0,2.0,3.0,1.0,1.0,48.0,30.0,20.0,6.0,8.0,3.0,7.0,95.0,655.0,139.0,432.0
2025-418,Washington,Hard,48.0,500,20250721,10.0,124186,,,Alexandre Muller,R,183.0,FRA,28.465,202320,,Q,Beibit Zhukayev,R,198.0,KAZ,24.772,6-4 6-4,3,R64,86.0,3.0,1.0,59.0,36.0,27.0,15.0,10.0,4.0,5.0,14.0,5.0,62.0,37.0,29.0,8.0,10.0,6.0,9.0,39.0,1271.0,218.0,253.0
2025-418,Washington,Hard,48.0,500,20250721,11.0,106415,,,Yoshihito Nishioka,L,170.0,JPN,29.815,202385,,PR,Jenson Brooksby,R,193.0,USA,24.734,6-4 5-7 6-1,3,R64,158.0,0.0,6.0,91.0,42.0,32.0,21.0,15.0,2.0,6.0,5.0,5.0,104.0,53.0,34.0,20.0,14.0,8.0,14.0,89.0,684.0,102.0,627.0
2025-418,Washington,Hard,48.0,500,20250721,12.0,111815,,,Cameron Norrie,L,188.0,GBR,29.911,126129,,Q,Billy Harris,R,193.0,GBR,30.486,6-3 7-6(4),3,R64,103.0,3.0,1.0,76.0,44.0,35.0,17.0,11.0,3.0,4.0,6.0,0.0,60.0,40.0,29.0,12.0,10.0,2.0,4.0,41.0,1227.0,148.0,402.0
2025-418,Washington,Hard,48.0,500,20250721,13.0,124187,,,Reilly Opelka,R,211.0,USA,27.896,900078,,Q,Murphy Cassone,R,188.0,USA,22.93,7-6(4) 6-7(5) 6-3,3,R64,140.0,23.0,3.0,108.0,61.0,53.0,27.0,17.0,3.0,4.0,11.0,8.0,100.0,56.0,46.0,24.0,16.0,4.0,6.0,74.0,827.0,185.0,299.0
2025-418,Washington,Hard,48.0,500,20250721,14.0,210319,,WC,Ethan Quinn,R,191.0,USA,21.358,900000,,,Christopher O'Connell,R,183.0,AUS,31.132,6-3 6-2,3,R64,71.0,6.0,2.0,51.0,27.0,21.0,17.0,9.0,1.0,1.0,7.0,2.0,52.0,35.0,23.0,7.0,8.0,1.0,4.0,86.0,707.0,77.0,775.0
2025-418,Washington,Hard,48.0,500,20250721,15.0,210530,,,Learner Tien,L,180.0,USA,19.633,207182,,WC,Emilio Nava,R,185.0,USA,23.633,6-1 6-4,3,R64,75.0,2.0,1.0,53.0,28.0,20.0,16.0,9.0,4.0,5.0,6.0,7.0,60.0,35.0,20.0,10.0,8.0,4.0,8.0,67.0,912.0,116.0,539.0
2025-418,Washington,Hard,48.0,500,20250721,16.0,126846,,,Aleksandar Vukic,R,188.0,AUS,29.29,208659,,,Giovanni Mpetshi Perricard,R,203.0,FRA,22.037,6-4 3-6 6-3,3,R64,100.0,17.0,2.0,86.0,55.0,42.0,17.0,14.0,7.0,8.0,15.0,5.0,84.0,50.0,41.0,15.0,14.0,4.0,6.0,105.0,614.0,45.0,1205.0
2025-418,Washington,Hard,48.0,500,20250721,17.0,126203,1.0,,Taylor Fritz,R,196.0,USA,27.729,126846,,,Aleksandar Vukic,R,188.0,AUS,29.29,6-3 6-2,3,R32,59.0,11.0,2.0,48.0,33.0,29.0,9.0,9.0,1.0,1.0,9.0,1.0,52.0,32.0,21.0,8.0,8.0,1.0,4.0,4.0,5035.0,105.0,614.0
2025-418,Washington,Hard,48.0,500,20250721,18.0,210530,,,Learner Tien,L,180.0,USA,19.633,126094,5.0,,Andrey Rublev,R,188.0,RUS,27.751,7-5 6-2,3,R32,91.0,6.0,5.0,77.0,44.0,28.0,20.0,10.0,7.0,8.0,6.0,8.0,62.0,33.0,26.0,9.0,10.0,2.0,6.0,67.0,912.0,10.0,3160.0
2025-418,Washington,Hard,48.0,500,20250721,19.0,126207,6.0,,Frances Tiafoe,R,188.0,USA,27.499,206499,,,Aleksandar Kovacevic,R,183.0,USA,26.894,7-5 3-6 6-3,3,R32,115.0,12.0,3.0,80.0,46.0,40.0,21.0,15.0,2.0,3.0,12.0,3.0,84.0,58.0,42.0,16.0,15.0,3.0,5.0,11.0,2940.0,66.0,914.0
2025-418,Washington,Hard,48.0,500,20250721,20.0,200282,7.0,,Alex de Minaur,R,183.0,AUS,26.423,900002,,,Yunchaokete Bu,R,185.0,CHN,23.502,7-6(5) 6-2,3,R32,109.0,2.0,1.0,67.0,40.0,29.0,18.0,10.0,2.0,3.0,6.0,3.0,64.0,28.0,20.0,18.0,10.0,4.0,7.0,13.0,2885.0,75.0,812.0
2025-418,Washington,Hard,48.0,500,20250721,21.0,106421,8.0,,Daniil Medvedev,R,198.0,RUS,29.44,124187,,,Reilly Opelka,R,211.0,USA,27.896,3-6 7-5 6-1,3,R32,120.0,14.0,6.0,76.0,46.0,40.0,16.0,14.0,1.0,2.0,16.0,7.0,99.0,56.0,43.0,19.0,14.0,10.0,13.0,14.0,2630.0,74.0,827.0
2025-418,Washington,Hard,48.0,500,20250721,22.0,207925,9.0,,Flavio Cobolli,R,183.0,ITA,23.209,106415,,,Yoshihito Nishioka,L,170.0,JPN,29.815,6-2 7-6(3),3,R32,89.0,10.0,5.0,71.0,39.0,32.0,13.0,10.0,3.0,5.0,2.0,3.0,64.0,31.0,17.0,17.0,10.0,1.0,5.0,18.0,2360.0,89.0,684.0
2025-418,Washington,Hard,48.0,500,20250721,23.0,200059,,Q,Yibing Wu,R,183.0,CHN,25.769,200615,10.0,,Alexei Popyrin,R,196.0,AUS,25.96,7-5 5-7 6-3,3,R32,157.0,8.0,7.0,113.0,65.0,44.0,29.0,17.0,8.0,10.0,13.0,3.0,90.0,54.0,39.0,17.0,16.0,2.0,5.0,243.0,228.0,24.0,2050.0
2025-418,Washington,Hard,48.0,500,20250721,24.0,208103,11.0,,Jiri Lehecka,R,185.0,CZE,23.699,208260,,Q,Zachary Svajda,R,175.0,USA,22.642,6-4 6-7(5) 6-3,3,R32,124.0,11.0,1.0,87.0,55.0,46.0,20.0,16.0,0.0,1.0,9.0,4.0,91.0,47.0,33.0,26.0,15.0,1.0,4.0,25.0,2015.0,153.0,371.0
2025-418,Washington,Hard,48.0,500,20250721,25.0,200221,12.0,,Alejandro Davidovich Fokina,R,180.0,ESP,26.127,144719,,,Jaume Munar,R,183.0,ESP,28.211,6-4 6-2,3,R32,87.0,3.0,1.0,57.0,35.0,23.0,14.0,9.0,5.0,6.0,1.0,2.0,54.0,32.0,18.0,11.0,9.0,1.0,5.0,26.0,1945.0,50.0,1062.0
2025-418,Washington,Hard,48.0,500,20250721,26.0,208286,,,Matteo Arnaldi,R,185.0,ITA,24.408,132283,16.0,,Lorenzo Sonego,R,191.0,ITA,30.196,7-5 7-5,3,R32,126.0,4.0,6.0,70.0,38.0,30.0,17.0,12.0,2.0,4.0,4.0,3.0,77.0,51.0,31.0,14.0,12.0,4.0,8.0,44.0,1215.0,37.0,1321.0
2025-418,Washington,Hard,48.0,500,20250721,27.0,111815,,,Cameron Norrie,L,188.0,GBR,29.911,207518,2.0,,Lorenzo Musetti,R,185.0,ITA,23.384,3-6 6-2 6-3,3,R32,126.0,4.0,8.0,91.0,55.0,41.0,17.0,13.0,9.0,11.0,5.0,4.0,73.0,39.0,31.0,15.0,13.0,3.0,7.0,41.0,1227.0,7.0,3350.0
2025-418,Washington,Hard,48.0,500,20250721,28.0,210097,4.0,,Ben Shelton,L,193.0,USA,22.782,111456,,WC,Mackenzie McDonald,R,178.0,USA,30.264,6-3 6-4,3,R32,75.0,9.0,0.0,47.0,31.0,27.0,13.0,10.0,0.0,0.0,3.0,5.0,60.0,36.0,29.0,7.0,9.0,1.0,3.0,8.0,3330.0,95.0,655.0
2025-418,Washington,Hard,48.0,500,20250721,29.0,105554,,WC,Daniel Evans,R,175.0,GBR,35.162,210506,13.0,,Alex Michelsen,R,193.0,USA,20.903,6-4 6-4,3,R32,104.0,2.0,2.0,79.0,46.0,34.0,14.0,10.0,1.0,2.0,6.0,7.0,61.0,31.0,22.0,14.0,10.0,1.0,4.0,144.0,415.0,34.0,1555.0
2025-418,Washington,Hard,48.0,500,20250721,30.0,206909,14.0,,Brandon Nakashima,R,188.0,USA,23.964,210319,,WC,Ethan Quinn,R,191.0,USA,21.358,6-3 6-4,3,R32,80.0,11.0,0.0,57.0,34.0,28.0,14.0,10.0,3.0,3.0,6.0,3.0,56.0,38.0,26.0,9.0,9.0,3.0,5.0,32.0,1650.0,86.0,707.0
2025-418,Washington,Hard,48.0,500,20250721,31.0,209113,15.0,,Gabriel Diallo,R,203.0,CAN,23.822,206681,,,Fabian Marozsan,R,193.0,HUN,25.785,6-3 6-4,3,R32,73.0,10.0,0.0,53.0,34.0,27.0,14.0,10.0,1.0,1.0,1.0,6.0,69.0,35.0,26.0,15.0,9.0,5.0,7.0,35.0,1358.0,54.0,1030.0
2025-418,Washington,Hard,48.0,500,20250721,32.0,144895,,LL,Corentin Moutet,L,180.0,FRA,26.256,124186,,,Alexandre Muller,R,183.0,FRA,28.465,6-0 6-1,3,R32,57.0,1.0,2.0,42.0,23.0,15.0,13.0,7.0,1.0,2.0,2.0,3.0,36.0,17.0,7.0,4.0,6.0,4.0,10.0,59.0,944.0,39.0,1271.0
2025-418,Washington,Hard,48.0,500,20250721,33.0,126203,1.0,,Taylor Fritz,R,196.0,USA,27.729,208286,,,Matteo Arnaldi,R,185.0,ITA,24.408,6-3 6-4,3,R16,101.0,10.0,2.0,61.0,39.0,37.0,7.0,10.0,4.0,4.0,7.0,1.0,76.0,42.0,32.0,11.0,9.0,8.0,10.0,4.0,5035.0,44.0,1215.0
2025-418,Washington,Hard,48.0,500,20250721,34.0,210097,4.0,,Ben Shelton,L,193.0,USA,22.782,209113,15.0,,Gabriel Diallo,R,203.0,CAN,23.822,6-3 6-2,3,R16,61.0,16.0,2.0,42.0,30.0,28.0,8.0,9.0,0.0,0.0,5.0,4.0,44.0,28.0,20.0,6.0,8.0,1.0,4.0,8.0,3330.0,35.0,1358.0
2025-418,Washington,Hard,48.0,500,20250721,35.0,126207,6.0,,Frances Tiafoe,R,188.0,USA,27.499,207925,9.0,,Flavio Cobolli,R,183.0,ITA,23.209,6-1 6-4,3,R16,72.0,8.0,4.0,63.0,34.0,25.0,15.0,9.0,4.0,5.0,4.0,6.0,52.0,23.0,15.0,12.0,8.0,4.0,8.0,11.0,2940.0,18.0,2360.0
2025-418,Washington,Hard,48.0,500,20250721,36.0,200282,7.0,,Alex de Minaur,R,183.0,AUS,26.423,208103,11.0,,Jiri Lehecka,R,185.0,CZE,23.699,7-6(4) 6-7(6) 6-4,3,R16,165.0,8.0,4.0,98.0,48.0,41.0,30.0,17.0,3.0,5.0,9.0,5.0,121.0,67.0,48.0,26.0,17.0,6.0,9.0,13.0,2885.0,25.0,2015.0
2025-418,Washington,Hard,48.0,500,20250721,37.0,106421,8.0,,Daniil Medvedev,R,198.0,RUS,29.44,200059,,Q,Yibing Wu,R,183.0,CHN,25.769,6-3 6-2,3,R16,69.0,11.0,3.0,38.0,29.0,27.0,5.0,8.0,0.0,0.0,2.0,3.0,65.0,45.0,28.0,5.0,9.0,9.0,13.0,14.0,2630.0,243.0,228.0
2025-418,Washington,Hard,48.0,500,20250721,38.0,200221,12.0,,Alejandro Davidovich Fokina,R,180.0,ESP,26.127,210530,,,Learner Tien,L,180.0,USA,19.633,6-2 6-2,3,R16,70.0,2.0,1.0,48.0,27.0,20.0,14.0,8.0,1.0,1.0,5.0,4.0,55.0,25.0,14.0,13.0,8.0,1.0,5.0,26.0,1945.0,67.0,912.0
2025-418,Washington,Hard,48.0,500,20250721,39.0,206909,14.0,,Brandon Nakashima,R,188.0,USA,23.964,111815,,,Cameron Norrie,L,188.0,GBR,29.911,7-6(3) 6-3,3,R16,107.0,12.0,0.0,60.0,37.0,29.0,16.0,10.0,2.0,2.0,3.0,4.0,75.0,50.0,35.0,10.0,11.0,3.0,5.0,32.0,1650.0,41.0,1227.0
2025-418,Washington,Hard,48.0,500,20250721,40.0,144895,,LL,Corentin Moutet,L,180.0,FRA,26.256,105554,,WC,Daniel Evans,R,175.0,GBR,35.162,6-2 7-6(4),3,R16,100.0,3.0,5.0,56.0,29.0,23.0,15.0,10.0,0.0,2.0,2.0,3.0,62.0,37.0,20.0,13.0,10.0,3.0,7.0,59.0,944.0,144.0,415.0
2025-418,Washington,Hard,48.0,500,20250721,41.0,200221,12.0,,Alejandro Davidovich Fokina,R,180.0,ESP,26.127,126203,1.0,,Taylor Fritz,R,196.0,USA,27.729,7-6(3) 3-6 7-5,3,QF,184.0,8.0,8.0,131.0,88.0,57.0,20.0,17.0,11.0,17.0,20.0,6.0,120.0,71.0,53.0,17.0,16.0,10.0,15.0,26.0,1945.0,4.0,5035.0
2025-418,Washington,Hard,48.0,500,20250721,42.0,210097,4.0,,Ben Shelton,L,193.0,USA,22.782,126207,6.0,,Frances Tiafoe,R,188.0,USA,27.499,7-6(2) 6-4,3,QF,117.0,9.0,1.0,57.0,31.0,28.0,17.0,11.0,0.0,1.0,8.0,3.0,89.0,48.0,36.0,19.0,11.0,8.0,10.0,8.0,3330.0,11.0,2940.0
2025-418,Washington,Hard,48.0,500,20250721,43.0,200282,7.0,,Alex de Minaur,R,183.0,AUS,26.423,206909,14.0,,Brandon Nakashima,R,188.0,USA,23.964,6-4 6-4,3,QF,95.0,6.0,2.0,66.0,39.0,26.0,16.0,10.0,3.0,5.0,4.0,3.0,56.0,28.0,19.0,9.0,10.0,2.0,6.0,13.0,2885.0,32.0,1650.0
2025-418,Washington,Hard,48.0,500,20250721,44.0,144895,,LL,Corentin Moutet,L,180.0,FRA,26.256,106421,8.0,,Daniil Medvedev,R,198.0,RUS,29.44,1-6 6-4 6-4,3,QF,145.0,4.0,3.0,83.0,54.0,33.0,18.0,13.0,6.0,9.0,7.0,10.0,81.0,41.0,31.0,22.0,14.0,4.0,7.0,59.0,944.0,14.0,2630.0
2025-418,Washington,Hard,48.0,500,20250721,45.0,200221,12.0,,Alejandro Davidovich Fokina,R,180.0,ESP,26.127,210097,4.0,,Ben Shelton,L,193.0,USA,22.782,6-2 7-5,3,SF,79.0,1.0,1.0,52.0,37.0,29.0,9.0,10.0,0.0,1.0,7.0,5.0,55.0,30.0,20.0,12.0,10.0,2.0,6.0,26.0,1945.0,8.0,3330.0
2025-418,Washington,Hard,48.0,500,20250721,46.0,200282,7.0,,Alex de Minaur,R,183.0,AUS,26.423,144895,,LL,Corentin Moutet,L,180.0,FRA,26.256,6-4 6-3,3,SF,104.0,0.0,2.0,58.0,34.0,24.0,12.0,9.0,3.0,5.0,0.0,3.0,66.0,36.0,17.0,14.0,10.0,2.0,7.0,13.0,2885.0,59.0,944.0
2025-418,Washington,Hard,48.0,500,20250721,47.0,200282,7.0,,Alex de Minaur,R,183.0,AUS,26.423,200221,12.0,,Alejandro Davidovich Fokina,R,180.0,ESP,26.127,5-7 6-1 7-6(3),3,F,183.0,9.0,6.0,113.0,66.0,45.0,26.0,16.0,5.0,8.0,2.0,2.0,108.0,68.0,40.0,23.0,15.0,5.0,9.0,13.0,2885.0,26.0,1945.0
2025-421,Canada Masters,Hard,96.0,M,20250727,1.0,144895,,,Corentin Moutet,L,180.0,FRA,26.272,202385,,PR,Jenson Brooksby,R,193.0,USA,24.75,6-2 6-1,3,R128,73.0,1.0,1.0,37.0,18.0,15.0,11.0,7.0,0.0,1.0,2.0,5.0,53.0,30.0,15.0,6.0,8.0,8.0,14.0,46.0,1139.0,102.0,627.0
2025-421,Canada Masters,Hard,96.0,M,20250727,2.0,900001,,Q,Tristan Boyer,R,188.0,USA,24.266,206499,,,Aleksandar Kovacevic,R,183.0,USA,26.91,7-5 7-6(3),3,R128,121.0,5.0,3.0,79.0,46.0,38.0,17.0,12.0,2.0,2.0,12.0,9.0,97.0,56.0,41.0,18.0,12.0,6.0,7.0,123.0,480.0,62.0,929.0
2025-421,Canada Masters,Hard,96.0,M,20250727,3.0,900002,,,Yunchaokete Bu,R,185.0,CHN,23.518,200240,,,Vit Kopriva,R,178.0,CZE,28.115,7-6(4) 6-2,3,R128,110.0,11.0,0.0,68.0,35.0,30.0,15.0,10.0,2.0,3.0,3.0,6.0,75.0,39.0,28.0,12.0,10.0,11.0,14.0,76.0,793.0,80.0,756.0
2025-421,Canada Masters,Hard,96.0,M,20250727,4.0,106148,,,Roberto Carballes Baena,R,183.0,ESP,32.345,200116,,,Camilo Ugo Carabelli,R,185.0,ARG,26.111,6-4 4-1 RET,3,R128,77.0,0.0,1.0,36.0,18.0,14.0,12.0,7.0,1.0,2.0,3.0,2.0,60.0,27.0,17.0,14.0,8.0,6.0,10.0,89.0,690.0,47.0,1133.0
2025-421,Canada Masters,Hard,96.0,M,20250727,5.0,105807,,,Pablo Carreno Busta,R,188.0,ESP,34.042,900034,,WC,Liam Draxl,R,185.0,CAN,23.641,2-6 6-4 6-4,3,R128,141.0,7.0,4.0,84.0,42.0,32.0,21.0,14.0,4.0,7.0,9.0,8.0,85.0,46.0,34.0,21.0,14.0,3.0,6.0,93.0,662.0,113.0,548.0
2025-421,Canada Masters,Hard,96.0,M,20250727,6.0,207681,,,Francisco Comesana,R,178.0,ARG,24.805,106000,,,Damir Dzumhur,R,175.0,BIH,33.185,6-3 7-5,3,R128,86.0,11.0,3.0,55.0,31.0,28.0,10.0,11.0,0.0,2.0,0.0,6.0,62.0,42.0,25.0,9.0,10.0,3.0,7.0,71.0,874.0,54.0,1028.0
2025-421,Canada Masters,Hard,96.0,M,20250727,7.0,200008,,WC,Alexis Galarneau,R,180.0,CAN,26.404,126239,,,Arthur Rinderknech,R,196.0,FRA,30.012,7-6(2) 6-3,3,R128,96.0,5.0,2.0,69.0,44.0,36.0,14.0,11.0,2.0,3.0,11.0,4.0,67.0,44.0,32.0,8.0,10.0,6.0,8.0,193.0,285.0,64.0,914.0
2025-421,Canada Masters,Hard,96.0,M,20250727,8.0,200384,,,Hugo Gaston,L,173.0,FRA,24.832,208233,,,Mattia Bellucci,L,175.0,ITA,24.153,3-6 6-4 2-0 RET,3,R128,115.0,2.0,3.0,81.0,43.0,25.0,21.0,11.0,5.0,9.0,4.0,5.0,67.0,26.0,17.0,21.0,10.0,6.0,10.0,126.0,473.0,72.0,871.0
2025-421,Canada Masters,Hard,96.0,M,20250727,9.0,209263,,WC,Matteo Gigante,L,180.0,ITA,23.559,106432,,,Borna Coric,R,188.0,CRO,28.698,4-6 6-2 7-6(2),3,R128,156.0,8.0,9.0,94.0,48.0,39.0,23.0,15.0,4.0,8.0,3.0,3.0,90.0,52.0,31.0,21.0,15.0,7.0,12.0,125.0,476.0,92.0,680.0
2025-421,Canada Masters,Hard,96.0,M,20250727,10.0,105173,,Q,Adrian Mannarino,L,180.0,FRA,37.076,106218,,,Marcos Giron,R,180.0,USA,32.008,6-4 6-4,3,R128,88.0,4.0,1.0,49.0,23.0,21.0,16.0,10.0,0.0,1.0,6.0,3.0,68.0,35.0,26.0,14.0,10.0,5.0,8.0,94.0,661.0,59.0,960.0
2025-421,Canada Masters,Hard,96.0,M,20250727,11.0,206681,,,Fabian Marozsan,R,193.0,HUN,25.802,106198,,,Hugo Dellien,R,180.0,BOL,32.112,6-2 6-2,3,R128,63.0,4.0,0.0,40.0,24.0,20.0,13.0,8.0,0.0,0.0,3.0,2.0,53.0,28.0,15.0,13.0,8.0,2.0,6.0,56.0,1005.0,98.0,654.0
2025-421,Canada Masters,Hard,96.0,M,20250727,12.0,111456,,,Mackenzie McDonald,R,178.0,USA,30.281,105676,,,David Goffin,R,180.0,BEL,34.637,6-4 6-4,3,R128,85.0,6.0,1.0,49.0,31.0,25.0,14.0,10.0,0.0,1.0,6.0,10.0,74.0,36.0,26.0,16.0,10.0,8.0,11.0,96.0,655.0,65.0,914.0
2025-421,Canada Masters,Hard,96.0,M,20250727,13.0,144719,,,Jaume Munar,R,183.0,ESP,28.227,900079,,Q,Dan Martin,R,175.0,CAN,26.218,6-3 6-0,3,R128,70.0,6.0,0.0,34.0,22.0,19.0,9.0,7.0,0.0,0.0,0.0,1.0,53.0,30.0,12.0,12.0,8.0,5.0,10.0,51.0,1087.0,,
2025-421,Canada Masters,Hard,96.0,M,20250727,14.0,900000,,,Christopher O'Connell,R,183.0,AUS,31.149,202358,,LL,Chun-Hsin Tseng,R,175.0,TPE,23.967,6-1 6-2,3,R128,75.0,6.0,2.0,51.0,28.0,21.0,12.0,8.0,1.0,2.0,0.0,2.0,63.0,37.0,21.0,7.0,7.0,11.0,16.0,78.0,775.0,107.0,599.0
2025-421,Canada Masters,Hard,96.0,M,20250727,15.0,210319,,,Ethan Quinn,R,191.0,USA,21.374,106415,,,Yoshihito Nishioka,L,170.0,JPN,29.832,7-6(1) 6-2,3,R128,101.0,7.0,6.0,63.0,34.0,30.0,17.0,10.0,3.0,3.0,2.0,7.0,78.0,36.0,28.0,18.0,10.0,5.0,7.0,86.0,726.0,131.0,459.0
2025-421,Canada Masters,Hard,96.0,M,20250727,16.0,209262,,Q,Tristan Schoolkate,R,183.0,AUS,24.413,211663,,,Joao Fonseca,R,188.0,BRA,18.932,7-6(5) 6-4,3,R128,92.0,10.0,5.0,64.0,36.0,32.0,18.0,11.0,0.0,0.0,9.0,4.0,76.0,49.0,37.0,14.0,11.0,1.0,2.0,103.0,616.0,49.0,1110.0
2025-421,Canada Masters,Hard,96.0,M,20250727,17.0,207494,,LL,Dalibor Svrcina,R,178.0,CZE,22.817,210696,,Q,Alexander Blockx,R,193.0,BEL,20.301,6-4 6-2,3,R128,78.0,1.0,1.0,60.0,38.0,24.0,16.0,9.0,3.0,3.0,4.0,2.0,50.0,33.0,23.0,8.0,9.0,1.0,4.0,120.0,514.0,121.0,492.0
2025-421,Canada Masters,Hard,96.0,M,20250727,18.0,126846,,,Aleksandar Vukic,R,188.0,AUS,29.306,124079,,,Pedro Martinez,R,185.0,ESP,28.252,7-5 6-3,3,R128,111.0,8.0,2.0,66.0,35.0,27.0,13.0,11.0,2.0,5.0,1.0,3.0,76.0,53.0,27.0,12.0,10.0,5.0,10.0,99.0,639.0,68.0,890.0
2025-421,Canada Masters,Hard,96.0,M,20250727,19.0,133297,,Q,Yosuke Watanuki,R,180.0,JPN,27.291,127157,,,Daniel Altmaier,R,188.0,GER,26.872,3-6 6-1 6-4,3,R128,107.0,8.0,6.0,69.0,26.0,21.0,27.0,13.0,2.0,4.0,9.0,5.0,77.0,34.0,26.0,20.0,13.0,4.0,8.0,158.0,358.0,58.0,973.0
2025-421,Canada Masters,Hard,96.0,M,20250727,20.0,900031,,WC,Nicolas Arseneault,L,183.0,CAN,18.522,900000,,Q,Valentin Royer,R,188.0,FRA,24.162,6-3 7-6(4),3,R128,103.0,5.0,4.0,87.0,59.0,44.0,7.0,11.0,5.0,9.0,3.0,6.0,64.0,38.0,26.0,9.0,10.0,6.0,11.0,638.0,51.0,111.0,579.0
2025-421,Canada Masters,Hard,96.0,M,20250727,21.0,105487,,Q,Facundo Bagnis,L,183.0,ARG,35.411,105577,,WC,Vasek Pospisil,R,193.0,CAN,35.094,6-2 3-6 6-3,3,R128,116.0,11.0,2.0,68.0,42.0,31.0,15.0,13.0,1.0,4.0,6.0,5.0,79.0,35.0,31.0,13.0,13.0,4.0,9.0,689.0,44.0,1250.0,6.0
2025-421,Canada Masters,Hard,96.0,M,20250727,22.0,144642,,Q,Tomas Barrios Vera,R,191.0,CHI,27.628,104792,,,Gael Monfils,R,193.0,FRA,38.902,6-4 4-6 7-6(3),3,R128,166.0,6.0,3.0,122.0,77.0,54.0,22.0,16.0,10.0,13.0,7.0,15.0,97.0,49.0,40.0,22.0,16.0,7.0,10.0,143.0,425.0,48.0,1115.0
2025-421,Canada Masters,Hard,96.0,M,20250727,23.0,105902,,Q,James Duckworth,R,183.0,AUS,33.514,209992,,,Juncheng Shang,L,180.0,CHN,20.479,6-3 7-6(3),3,R128,90.0,6.0,4.0,66.0,28.0,26.0,20.0,11.0,2.0,4.0,2.0,3.0,61.0,34.0,26.0,9.0,10.0,2.0,5.0,106.0,600.0,109.0,580.0
2025-421,Canada Masters,Hard,96.0,M,20250727,24.0,144869,,,Tomas Martin Etcheverry,R,196.0,ARG,26.026,105732,,Q,Pierre-Hugues Herbert,R,188.0,FRA,34.36,6-4 4-6 7-5,3,R128,138.0,5.0,2.0,86.0,53.0,40.0,20.0,16.0,4.0,7.0,12.0,13.0,94.0,54.0,43.0,16.0,16.0,3.0,7.0,60.0,960.0,142.0,431.0
2025-421,Canada Masters,Hard,96.0,M,20250727,25.0,126663,,Q,Juan Pablo Ficovich,R,188.0,ARG,28.504,207985,,,Jacob Fearnley,R,183.0,GBR,24.033,6-2 6-3,3,R128,70.0,2.0,0.0,38.0,27.0,23.0,9.0,8.0,0.0,0.0,1.0,5.0,64.0,35.0,20.0,15.0,9.0,8.0,12.0,140.0,435.0,55.0,1007.0
2025-421,Canada Masters,Hard,96.0,M,20250727,26.0,200175,,,Miomir Kecmanovic,R,183.0,SRB,25.906,111460,,,Quentin Halys,R,191.0,FRA,28.75,4-6 6-4 7-5,3,R128,137.0,9.0,8.0,117.0,56.0,48.0,27.0,16.0,11.0,13.0,12.0,7.0,95.0,60.0,46.0,16.0,16.0,0.0,3.0,50.0,1106.0,69.0,886.0
2025-421,Canada Masters,Hard,96.0,M,20250727,27.0,208659,,,Giovanni Mpetshi Perricard,R,203.0,FRA,22.053,208278,,Q,Shintaro Mochizuki,R,175.0,JPN,22.152,6-4 6-2,3,R128,71.0,6.0,4.0,50.0,29.0,24.0,13.0,9.0,1.0,1.0,5.0,2.0,55.0,24.0,17.0,14.0,9.0,1.0,4.0,43.0,1205.0,122.0,491.0
2025-421,Canada Masters,Hard,96.0,M,20250727,28.0,207182,,Q,Emilio Nava,R,185.0,USA,23.65,200267,,,Zizou Bergs,R,185.0,BEL,26.149,6-1 7-6(4),3,R128,86.0,7.0,4.0,58.0,35.0,30.0,15.0,10.0,2.0,3.0,3.0,7.0,70.0,35.0,21.0,20.0,9.0,7.0,10.0,114.0,539.0,52.0,1049.0
2025-421,Canada Masters,Hard,96.0,M,20250727,29.0,124187,,,Reilly Opelka,R,211.0,USA,27.912,124116,,PR,Sebastian Ofner,R,191.0,AUT,29.207,7-6(6) 7-5,3,R128,115.0,19.0,10.0,89.0,40.0,36.0,26.0,12.0,7.0,7.0,10.0,5.0,80.0,43.0,36.0,19.0,12.0,1.0,2.0,74.0,827.0,141.0,433.0
2025-421,Canada Masters,Hard,96.0,M,20250727,30.0,126128,,,Roman Safiullin,R,185.0,RUS,27.97,200259,,Q,Ugo Blanchet,R,175.0,FRA,26.557,4-6 6-2 7-6(9),3,R128,141.0,7.0,8.0,95.0,56.0,42.0,24.0,15.0,2.0,4.0,7.0,11.0,102.0,53.0,37.0,27.0,15.0,3.0,6.0,82.0,741.0,231.0,243.0
2025-421,Canada Masters,Hard,96.0,M,20250727,31.0,210530,,,Learner Tien,L,180.0,USA,19.65,900021,,Q,Colton Smith,R,183.0,USA,22.396,6-4 7-5,3,R128,91.0,2.0,6.0,68.0,31.0,25.0,22.0,11.0,4.0,5.0,7.0,2.0,69.0,42.0,29.0,11.0,11.0,4.0,7.0,61.0,940.0,136.0,448.0
2025-421,Canada Masters,Hard,96.0,M,20250727,32.0,200443,,,Adam Walton,R,183.0,AUS,26.278,126127,,,Benjamin Bonzi,R,183.0,FRA,29.131,4-6 6-0 6-3,3,R128,117.0,14.0,4.0,94.0,48.0,34.0,28.0,13.0,9.0,10.0,4.0,5.0,81.0,45.0,34.0,11.0,12.0,4.0,8.0,88.0,706.0,66.0,905.0
2025-421,Canada Masters,Hard,96.0,M,20250727,33.0,126203,2.0,,Taylor Fritz,R,196.0,USA,27.745,106148,,,Roberto Carballes Baena,R,183.0,ESP,32.345,7-5 7-6(1),3,R64,151.0,8.0,3.0,78.0,46.0,38.0,15.0,12.0,4.0,6.0,1.0,4.0,88.0,44.0,29.0,22.0,12.0,3.0,6.0,4.0,5135.0,89.0,690.0
2025-421,Canada Masters,Hard,96.0,M,20250727,34.0,210097,4.0,,Ben Shelton,L,193.0,USA,22.798,105173,,Q,Adrian Mannarino,L,180.0,FRA,37.076,6-2 6-3,3,R64,65.0,16.0,4.0,50.0,31.0,28.0,12.0,9.0,2.0,2.0,2.0,1.0,48.0,32.0,19.0,10.0,8.0,5.0,8.0,7.0,3520.0,94.0,661.0
2025-421,Canada Masters,Hard,96.0,M,20250727,35.0,126094,6.0,,Andrey Rublev,R,188.0,RUS,27.767,200384,,,Hugo Gaston,L,173.0,FRA,24.832,6-2 6-3,3,R64,86.0,6.0,6.0,64.0,35.0,27.0,13.0,9.0,4.0,5.0,1.0,4.0,54.0,27.0,20.0,7.0,8.0,2.0,6.0,11.0,3110.0,126.0,473.0
2025-421,Canada Masters,Hard,96.0,M,20250727,36.0,126207,7.0,,Frances Tiafoe,R,188.0,USA,27.515,133297,,Q,Yosuke Watanuki,R,180.0,JPN,27.291,1-6 7-5 7-6(5),3,R64,133.0,10.0,3.0,94.0,55.0,41.0,24.0,15.0,7.0,9.0,17.0,3.0,95.0,45.0,40.0,30.0,16.0,2.0,3.0,12.0,2990.0,158.0,358.0
2025-421,Canada Masters,Hard,96.0,M,20250727,37.0,200282,9.0,,Alex de Minaur,R,183.0,AUS,26.439,207681,,,Francisco Comesana,R,178.0,ARG,24.805,6-4 6-2,3,R64,90.0,2.0,3.0,53.0,23.0,19.0,20.0,9.0,1.0,1.0,4.0,7.0,58.0,34.0,25.0,6.0,9.0,3.0,6.0,8.0,3335.0,71.0,874.0
2025-421,Canada Masters,Hard,96.0,M,20250727,38.0,210150,12.0,,Jakub Mensik,R,196.0,CZE,19.901,900001,,Q,Tristan Boyer,R,188.0,USA,24.266,6-4 6-4,3,R64,89.0,13.0,2.0,63.0,33.0,31.0,15.0,10.0,7.0,7.0,1.0,2.0,64.0,37.0,26.0,14.0,10.0,5.0,7.0,18.0,2362.0,123.0,480.0
2025-421,Canada Masters,Hard,96.0,M,20250727,39.0,207925,13.0,,Flavio Cobolli,R,183.0,ITA,23.225,200008,,WC,Alexis Galarneau,R,180.0,CAN,26.404,6-4 5-7 6-4,3,R64,148.0,12.0,9.0,110.0,55.0,38.0,27.0,16.0,7.0,11.0,7.0,3.0,88.0,51.0,35.0,20.0,16.0,3.0,8.0,17.0,2385.0,193.0,285.0
2025-421,Canada Masters,Hard,96.0,M,20250727,40.0,209950,15.0,,Arthur Fils,R,185.0,FRA,21.123,105807,,,Pablo Carreno Busta,R,188.0,ESP,34.042,6-3 6-4,3,R64,88.0,6.0,2.0,68.0,46.0,33.0,12.0,10.0,5.0,6.0,0.0,3.0,63.0,39.0,26.0,11.0,9.0,1.0,4.0,21.0,2130.0,93.0,662.0
2025-421,Canada Masters,Hard,96.0,M,20250727,41.0,208103,19.0,,Jiri Lehecka,R,185.0,CZE,23.715,111456,,,Mackenzie McDonald,R,178.0,USA,30.281,7-6(2) 6-4,3,R64,91.0,5.0,1.0,66.0,45.0,35.0,13.0,11.0,0.0,1.0,9.0,1.0,71.0,47.0,32.0,12.0,11.0,5.0,7.0,27.0,2015.0,96.0,655.0
2025-421,Canada Masters,Hard,96.0,M,20250727,42.0,200221,20.0,,Alejandro Davidovich Fokina,R,180.0,ESP,26.144,144895,,,Corentin Moutet,L,180.0,FRA,26.272,6-4 6-3,3,R64,84.0,4.0,3.0,63.0,38.0,28.0,9.0,9.0,8.0,10.0,2.0,5.0,53.0,30.0,16.0,10.0,10.0,1.0,6.0,19.0,2225.0,46.0,1139.0
2025-421,Canada Masters,Hard,96.0,M,20250727,43.0,206681,,,Fabian Marozsan,R,193.0,HUN,25.802,200000,21.0,,Felix Auger-Aliassime,R,193.0,CAN,24.966,6-4 6-4,3,R64,101.0,4.0,0.0,64.0,37.0,29.0,12.0,10.0,5.0,7.0,2.0,5.0,59.0,33.0,22.0,11.0,10.0,1.0,5.0,56.0,1005.0,28.0,1865.0
2025-421,Canada Masters,Hard,96.0,M,20250727,44.0,900000,,,Christopher O'Connell,R,183.0,AUS,31.149,126774,23.0,,Stefanos Tsitsipas,R,193.0,GRE,26.957,6-4 4-6 6-2,3,R64,121.0,7.0,5.0,93.0,46.0,34.0,24.0,14.0,6.0,8.0,10.0,4.0,76.0,40.0,29.0,16.0,14.0,2.0,6.0,78.0,775.0,30.0,1825.0
2025-421,Canada Masters,Hard,96.0,M,20250727,45.0,206909,25.0,,Brandon Nakashima,R,188.0,USA,23.981,210319,,,Ethan Quinn,R,191.0,USA,21.374,7-6(6) 6-4,3,R64,112.0,13.0,0.0,70.0,45.0,36.0,16.0,11.0,2.0,2.0,10.0,8.0,92.0,44.0,35.0,25.0,11.0,11.0,12.0,32.0,1700.0,86.0,726.0
2025-421,Canada Masters,Hard,96.0,M,20250727,46.0,209113,27.0,,Gabriel Diallo,R,203.0,CAN,23.838,209263,,WC,Matteo Gigante,L,180.0,ITA,23.559,6-3 7-6(5),3,R64,106.0,8.0,5.0,65.0,43.0,35.0,12.0,11.0,2.0,3.0,5.0,6.0,91.0,52.0,36.0,18.0,10.0,10.0,12.0,36.0,1333.0,125.0,476.0
2025-421,Canada Masters,Hard,96.0,M,20250727,47.0,132283,28.0,,Lorenzo Sonego,R,191.0,ITA,30.212,900002,,,Yunchaokete Bu,R,185.0,CHN,23.518,6-1 6-4,3,R64,79.0,7.0,5.0,53.0,28.0,22.0,15.0,9.0,1.0,2.0,1.0,3.0,42.0,21.0,14.0,8.0,8.0,0.0,4.0,38.0,1281.0,76.0,793.0
2025-421,Canada Masters,Hard,96.0,M,20250727,48.0,126846,,,Aleksandar Vukic,R,188.0,AUS,29.306,111815,31.0,,Cameron Norrie,L,188.0,GBR,29.927,6-3 6-7(2) 6-3,3,R64,127.0,13.0,0.0,87.0,48.0,39.0,29.0,16.0,3.0,3.0,14.0,3.0,94.0,55.0,46.0,18.0,14.0,9.0,11.0,99.0,639.0,39.0,1277.0
2025-421,Canada Masters,Hard,96.0,M,20250727,49.0,100644,1.0,,Alexander Zverev,R,198.0,GER,28.268,200443,,,Adam Walton,R,183.0,AUS,26.278,7-6(6) 6-4,3,R64,102.0,7.0,1.0,61.0,40.0,37.0,11.0,11.0,2.0,3.0,5.0,6.0,81.0,48.0,36.0,16.0,11.0,4.0,6.0,3.0,6030.0,88.0,706.0
2025-421,Canada Masters,Hard,96.0,M,20250727,50.0,207518,3.0,,Lorenzo Musetti,R,185.0,ITA,23.4,105902,,Q,James Duckworth,R,183.0,AUS,33.514,7-5 6-1,3,R64,82.0,2.0,3.0,55.0,30.0,27.0,14.0,10.0,2.0,2.0,6.0,4.0,61.0,30.0,19.0,16.0,9.0,6.0,9.0,10.0,3195.0,106.0,600.0
2025-421,Canada Masters,Hard,96.0,M,20250727,51.0,208029,5.0,,Holger Rune,R,188.0,DEN,22.245,208659,,,Giovanni Mpetshi Perricard,R,203.0,FRA,22.053,7-6(7) 6-3,3,R64,76.0,12.0,2.0,59.0,38.0,33.0,18.0,11.0,0.0,0.0,7.0,4.0,58.0,37.0,32.0,12.0,10.0,2.0,3.0,9.0,3250.0,43.0,1205.0
2025-421,Canada Masters,Hard,96.0,M,20250727,52.0,134770,8.0,,Casper Ruud,R,183.0,NOR,26.595,126128,,,Roman Safiullin,R,185.0,RUS,27.97,6-3 6-3,3,R64,81.0,7.0,2.0,61.0,41.0,30.0,9.0,9.0,2.0,3.0,6.0,3.0,49.0,31.0,19.0,8.0,9.0,1.0,5.0,13.0,2905.0,82.0,741.0
2025-421,Canada Masters,Hard,96.0,M,20250727,53.0,106421,10.0,,Daniil Medvedev,R,198.0,RUS,29.457,207494,,LL,Dalibor Svrcina,R,178.0,CZE,22.817,7-6(3) 6-4,3,R64,111.0,4.0,5.0,67.0,33.0,23.0,18.0,11.0,4.0,8.0,0.0,5.0,82.0,43.0,29.0,14.0,11.0,7.0,12.0,14.0,2720.0,120.0,514.0
2025-421,Canada Masters,Hard,96.0,M,20250727,54.0,111575,11.0,,Karen Khachanov,R,198.0,RUS,29.183,126663,,Q,Juan Pablo Ficovich,R,188.0,ARG,28.504,6-4 6-2,3,R64,87.0,5.0,7.0,65.0,43.0,38.0,5.0,9.0,7.0,8.0,3.0,4.0,59.0,30.0,19.0,11.0,9.0,5.0,9.0,16.0,2590.0,140.0,435.0
2025-421,Canada Masters,Hard,96.0,M,20250727,55.0,202103,14.0,,Francisco Cerundolo,R,185.0,ARG,26.954,144719,,,Jaume Munar,R,183.0,ESP,28.227,7-6(4) 4-6 6-4,3,R64,178.0,5.0,5.0,118.0,71.0,53.0,23.0,16.0,10.0,13.0,2.0,8.0,105.0,58.0,45.0,20.0,16.0,3.0,6.0,24.0,2085.0,51.0,1087.0
2025-421,Canada Masters,Hard,96.0,M,20250727,56.0,124187,,,Reilly Opelka,R,211.0,USA,27.912,207830,16.0,,Tomas Machac,R,183.0,CZE,24.786,7-6(5) 6-7(5) 6-3,3,R64,140.0,24.0,4.0,107.0,66.0,57.0,23.0,17.0,3.0,4.0,12.0,8.0,106.0,54.0,42.0,33.0,16.0,4.0,6.0,74.0,827.0,22.0,2110.0
2025-421,Canada Masters,Hard,96.0,M,20250727,57.0,200615,18.0,,Alexei Popyrin,R,196.0,AUS,25.977,900031,,WC,Nicolas Arseneault,L,183.0,CAN,18.522,7-6(7) 6-3,3,R64,94.0,9.0,3.0,72.0,41.0,35.0,20.0,11.0,1.0,1.0,9.0,4.0,67.0,40.0,33.0,14.0,10.0,2.0,3.0,26.0,2050.0,638.0,51.0
2025-421,Canada Masters,Hard,96.0,M,20250727,58.0,210530,,,Learner Tien,L,180.0,USA,19.65,133430,22.0,,Denis Shapovalov,L,185.0,CAN,26.283,7-6(4) 7-5,3,R64,94.0,2.0,4.0,72.0,42.0,32.0,15.0,12.0,1.0,4.0,5.0,8.0,75.0,52.0,35.0,10.0,12.0,4.0,8.0,61.0,940.0,29.0,1836.0
2025-421,Canada Masters,Hard,96.0,M,20250727,59.0,144869,,,Tomas Martin Etcheverry,R,196.0,ARG,26.026,134868,24.0,,Tallon Griekspoor,R,188.0,NED,29.068,6-4 7-6(4),3,R64,119.0,12.0,1.0,78.0,58.0,40.0,11.0,11.0,7.0,9.0,6.0,6.0,82.0,47.0,30.0,17.0,11.0,6.0,9.0,60.0,960.0,31.0,1715.0
2025-421,Canada Masters,Hard,96.0,M,20250727,60.0,210506,26.0,,Alex Michelsen,R,193.0,USA,20.92,144642,,Q,Tomas Barrios Vera,R,191.0,CHI,27.628,7-6(7) 6-3,3,R64,116.0,13.0,8.0,70.0,36.0,27.0,17.0,10.0,5.0,7.0,5.0,1.0,89.0,50.0,30.0,19.0,11.0,8.0,12.0,34.0,1555.0,143.0,425.0
2025-421,Canada Masters,Hard,96.0,M,20250727,61.0,124186,29.0,,Alexandre Muller,R,183.0,FRA,28.482,200175,,,Miomir Kecmanovic,R,183.0,SRB,25.906,2-6 6-3 7-5,3,R64,127.0,7.0,4.0,100.0,63.0,43.0,17.0,15.0,8.0,12.0,2.0,2.0,72.0,35.0,28.0,19.0,14.0,2.0,6.0,40.0,1271.0,50.0,1106.0
2025-421,Canada Masters,Hard,96.0,M,20250727,62.0,132686,30.0,,Nuno Borges,R,185.0,POR,28.433,105487,,Q,Facundo Bagnis,L,183.0,ARG,35.411,5-7 7-6(3) 6-2,3,R64,169.0,15.0,0.0,111.0,73.0,55.0,22.0,16.0,3.0,4.0,5.0,1.0,134.0,92.0,62.0,21.0,16.0,11.0,13.0,42.0,1265.0,689.0,44.0
2025-421,Canada Masters,Hard,96.0,M,20250727,63.0,208286,32.0,,Matteo Arnaldi,R,185.0,ITA,24.424,209262,,Q,Tristan Schoolkate,R,183.0,AUS,24.413,6-3 3-6 6-3,3,R64,129.0,12.0,8.0,96.0,48.0,40.0,22.0,14.0,6.0,8.0,6.0,7.0,84.0,46.0,35.0,18.0,13.0,6.0,9.0,41.0,1265.0,103.0,616.0
2025-421,Canada Masters,Hard,96.0,M,20250727,64.0,207182,,Q,Emilio Nava,R,185.0,USA,23.65,209279,,,Terence Atmane,L,193.0,FRA,23.546,6-2 7-5,3,R64,87.0,8.0,5.0,62.0,39.0,35.0,8.0,10.0,1.0,1.0,4.0,5.0,66.0,37.0,25.0,14.0,10.0,6.0,9.0,114.0,539.0,132.0,458.0
2025-421,Canada Masters,Hard,96.0,M,20250727,65.0,126203,2.0,,Taylor Fritz,R,196.0,USA,27.745,209113,27.0,,Gabriel Diallo,R,203.0,CAN,23.838,6-4 6-2,3,R32,75.0,5.0,0.0,48.0,26.0,23.0,15.0,9.0,1.0,1.0,4.0,6.0,63.0,35.0,24.0,11.0,9.0,4.0,7.0,4.0,5135.0,36.0,1333.0
2025-421,Canada Masters,Hard,96.0,M,20250727,66.0,210097,4.0,,Ben Shelton,L,193.0,USA,22.798,206909,25.0,,Brandon Nakashima,R,188.0,USA,23.981,6-7(8) 6-2 7-6(5),3,R32,156.0,19.0,8.0,111.0,69.0,56.0,20.0,16.0,3.0,4.0,3.0,1.0,104.0,66.0,49.0,21.0,16.0,5.0,8.0,7.0,3520.0,32.0,1700.0
2025-421,Canada Masters,Hard,96.0,M,20250727,67.0,126094,6.0,,Andrey Rublev,R,188.0,RUS,27.767,132283,28.0,,Lorenzo Sonego,R,191.0,ITA,30.212,5-7 6-4 6-3,3,R32,152.0,6.0,2.0,86.0,58.0,51.0,9.0,15.0,2.0,4.0,10.0,5.0,110.0,65.0,46.0,21.0,16.0,6.0,10.0,11.0,3110.0,38.0,1281.0
2025-421,Canada Masters,Hard,96.0,M,20250727,68.0,126207,7.0,,Frances Tiafoe,R,188.0,USA,27.515,126846,,,Aleksandar Vukic,R,188.0,AUS,29.306,6-3 4-6 6-3,3,R32,110.0,10.0,3.0,83.0,45.0,34.0,22.0,14.0,2.0,4.0,4.0,2.0,100.0,58.0,40.0,21.0,14.0,8.0,12.0,12.0,2990.0,99.0,639.0
2025-421,Canada Masters,Hard,96.0,M,20250727,69.0,200221,20.0,,Alejandro Davidovich Fokina,R,180.0,ESP,26.144,210150,12.0,,Jakub Mensik,R,196.0,CZE,19.901,6-2 6-4,3,R32,76.0,2.0,1.0,48.0,25.0,17.0,17.0,9.0,2.0,3.0,7.0,5.0,57.0,29.0,18.0,11.0,9.0,0.0,4.0,19.0,2225.0,18.0,2362.0
2025-421,Canada Masters,Hard,96.0,M,20250727,70.0,207925,13.0,,Flavio Cobolli,R,183.0,ITA,23.225,206681,,,Fabian Marozsan,R,193.0,HUN,25.802,6-2 4-6 6-3,3,R32,110.0,7.0,3.0,84.0,48.0,32.0,23.0,13.0,4.0,6.0,3.0,5.0,99.0,58.0,36.0,19.0,14.0,7.0,12.0,17.0,2385.0,56.0,1005.0
2025-421,Canada Masters,Hard,96.0,M,20250727,71.0,208103,19.0,,Jiri Lehecka,R,185.0,CZE,23.715,209950,15.0,,Arthur Fils,R,185.0,FRA,21.123,3-6 6-3 6-4,3,R32,112.0,12.0,5.0,88.0,50.0,42.0,17.0,14.0,1.0,2.0,3.0,1.0,76.0,54.0,41.0,13.0,14.0,3.0,5.0,27.0,2015.0,21.0,2130.0
2025-421,Canada Masters,Hard,96.0,M,20250727,72.0,100644,1.0,,Alexander Zverev,R,198.0,GER,28.268,208286,32.0,,Matteo Arnaldi,R,185.0,ITA,24.424,6-7(5) 6-3 6-2,3,R32,166.0,9.0,4.0,106.0,78.0,60.0,14.0,15.0,3.0,4.0,6.0,7.0,104.0,58.0,41.0,21.0,14.0,10.0,14.0,3.0,6030.0,41.0,1265.0
2025-421,Canada Masters,Hard,96.0,M,20250727,73.0,210506,26.0,,Alex Michelsen,R,193.0,USA,20.92,207518,3.0,,Lorenzo Musetti,R,185.0,ITA,23.4,3-6 7-6(4) 6-4,3,R32,151.0,5.0,6.0,109.0,68.0,54.0,17.0,15.0,10.0,12.0,5.0,4.0,99.0,59.0,42.0,25.0,16.0,7.0,9.0,34.0,1555.0,10.0,3195.0
2025-421,Canada Masters,Hard,96.0,M,20250727,74.0,208029,5.0,,Holger Rune,R,188.0,DEN,22.245,124186,29.0,,Alexandre Muller,R,183.0,FRA,28.482,6-2 6-4,3,R32,65.0,4.0,1.0,49.0,32.0,26.0,11.0,9.0,0.0,0.0,2.0,2.0,46.0,25.0,19.0,10.0,9.0,0.0,3.0,9.0,3250.0,40.0,1271.0
2025-421,Canada Masters,Hard,96.0,M,20250727,75.0,134770,8.0,,Casper Ruud,R,183.0,NOR,26.595,132686,30.0,,Nuno Borges,R,185.0,POR,28.433,7-5 6-4,3,R32,102.0,9.0,1.0,80.0,55.0,38.0,13.0,11.0,4.0,5.0,1.0,6.0,69.0,29.0,18.0,22.0,11.0,5.0,8.0,13.0,2905.0,42.0,1265.0
2025-421,Canada Masters,Hard,96.0,M,20250727,76.0,200615,18.0,,Alexei Popyrin,R,196.0,AUS,25.977,106421,10.0,,Daniil Medvedev,R,198.0,RUS,29.457,5-7 6-4 6-4,3,R32,150.0,7.0,7.0,103.0,63.0,53.0,16.0,16.0,9.0,11.0,12.0,8.0,110.0,58.0,44.0,25.0,16.0,9.0,12.0,26.0,2050.0,14.0,2720.0
2025-421,Canada Masters,Hard,96.0,M,20250727,77.0,111575,11.0,,Karen Khachanov,R,198.0,RUS,29.183,207182,,Q,Emilio Nava,R,185.0,USA,23.65,6-7(6) 6-4 6-1,3,R32,130.0,8.0,3.0,82.0,48.0,34.0,24.0,14.0,0.0,1.0,10.0,8.0,103.0,57.0,44.0,16.0,15.0,6.0,11.0,16.0,2590.0,114.0,539.0
2025-421,Canada Masters,Hard,96.0,M,20250727,78.0,202103,14.0,,Francisco Cerundolo,R,185.0,ARG,26.954,144869,,,Tomas Martin Etcheverry,R,196.0,ARG,26.026,6-3 6-4,3,R32,109.0,1.0,1.0,71.0,36.0,23.0,22.0,10.0,8.0,9.0,5.0,0.0,64.0,37.0,26.0,11.0,9.0,7.0,10.0,24.0,2085.0,60.0,960.0
2025-421,Canada Masters,Hard,96.0,M,20250727,79.0,200282,9.0,,Alex de Minaur,R,183.0,AUS,26.439,900000,,,Christopher O'Connell,R,183.0,AUS,31.149,W/O,3,R32,,,,,,,,,,,,,,,,,,,,8.0,3335.0,78.0,775.0
2025-421,Canada Masters,Hard,96.0,M,20250727,80.0,210530,,,Learner Tien,L,180.0,USA,19.65,124187,,,Reilly Opelka,R,211.0,USA,27.912,7-6(3) 6-3,3,R32,85.0,2.0,2.0,82.0,50.0,40.0,18.0,11.0,4.0,4.0,10.0,5.0,57.0,31.0,30.0,12.0,10.0,0.0,1.0,61.0,940.0,74.0,827.0
2025-421,Canada Masters,Hard,96.0,M,20250727,81.0,126203,2.0,,Taylor Fritz,R,196.0,USA,27.745,208103,19.0,,Jiri Lehecka,R,185.0,CZE,23.715,7-6(4) 6-7(5) 7-6(5),3,R16,176.0,16.0,5.0,133.0,79.0,65.0,31.0,18.0,9.0,9.0,6.0,2.0,125.0,78.0,63.0,28.0,18.0,5.0,5.0,4.0,5135.0,27.0,2015.0
2025-421,Canada Masters,Hard,96.0,M,20250727,82.0,210097,4.0,,Ben Shelton,L,193.0,USA,22.798,207925,13.0,,Flavio Cobolli,R,183.0,ITA,23.225,6-4 4-6 7-6(1),3,R16,144.0,12.0,4.0,112.0,69.0,49.0,21.0,16.0,7.0,10.0,8.0,2.0,101.0,45.0,34.0,29.0,16.0,6.0,9.0,7.0,3520.0,17.0,2385.0
2025-421,Canada Masters,Hard,96.0,M,20250727,83.0,126094,6.0,,Andrey Rublev,R,188.0,RUS,27.767,200221,20.0,,Alejandro Davidovich Fokina,R,180.0,ESP,26.144,6-7(3) 7-6(2) 3-0 RET,3,R16,141.0,12.0,2.0,90.0,52.0,47.0,22.0,14.0,3.0,3.0,8.0,2.0,107.0,74.0,50.0,19.0,13.0,5.0,6.0,11.0,3110.0,19.0,2225.0
2025-421,Canada Masters,Hard,96.0,M,20250727,84.0,200282,9.0,,Alex de Minaur,R,183.0,AUS,26.439,126207,7.0,,Frances Tiafoe,R,188.0,USA,27.515,6-2 4-6 6-4,3,R16,144.0,6.0,5.0,92.0,39.0,30.0,26.0,14.0,4.0,7.0,10.0,4.0,90.0,43.0,32.0,20.0,14.0,5.0,10.0,8.0,3335.0,12.0,2990.0
2025-421,Canada Masters,Hard,96.0,M,20250727,85.0,100644,1.0,,Alexander Zverev,R,198.0,GER,28.268,202103,14.0,,Francisco Cerundolo,R,185.0,ARG,26.954,6-4 1-0 RET,3,R16,51.0,3.0,1.0,29.0,21.0,16.0,3.0,5.0,1.0,2.0,1.0,3.0,35.0,29.0,15.0,2.0,6.0,1.0,4.0,3.0,6030.0,24.0,2085.0
2025-421,Canada Masters,Hard,96.0,M,20250727,86.0,200615,18.0,,Alexei Popyrin,R,196.0,AUS,25.977,208029,5.0,,Holger Rune,R,188.0,DEN,22.245,4-6 6-2 6-3,3,R16,123.0,14.0,4.0,77.0,45.0,39.0,18.0,14.0,3.0,4.0,7.0,5.0,97.0,63.0,41.0,17.0,13.0,11.0,14.0,26.0,2050.0,9.0,3250.0
2025-421,Canada Masters,Hard,96.0,M,20250727,87.0,111575,11.0,,Karen Khachanov,R,198.0,RUS,29.183,134770,8.0,,Casper Ruud,R,183.0,NOR,26.595,6-4 7-5,3,R16,93.0,7.0,3.0,54.0,30.0,29.0,13.0,11.0,3.0,4.0,9.0,2.0,72.0,49.0,28.0,15.0,11.0,9.0,12.0,16.0,2590.0,13.0,2905.0
2025-421,Canada Masters,Hard,96.0,M,20250727,88.0,210506,26.0,,Alex Michelsen,R,193.0,USA,20.92,210530,,,Learner Tien,L,180.0,USA,19.65,6-3 6-3,3,R16,80.0,3.0,2.0,65.0,36.0,26.0,16.0,9.0,3.0,4.0,2.0,8.0,66.0,35.0,21.0,14.0,9.0,6.0,10.0,34.0,1555.0,61.0,940.0
2025-421,Canada Masters,Hard,96.0,M,20250727,89.0,126203,2.0,,Taylor Fritz,R,196.0,USA,27.745,126094,6.0,,Andrey Rublev,R,188.0,RUS,27.767,6-3 7-6(4),3,QF,81.0,20.0,3.0,73.0,48.0,38.0,16.0,11.0,3.0,4.0,6.0,1.0,57.0,31.0,24.0,15.0,10.0,0.0,2.0,4.0,5135.0,11.0,3110.0
2025-421,Canada Masters,Hard,96.0,M,20250727,90.0,210097,4.0,,Ben Shelton,L,193.0,USA,22.798,200282,9.0,,Alex de Minaur,R,183.0,AUS,26.439,6-3 6-4,3,QF,91.0,11.0,1.0,60.0,37.0,29.0,12.0,10.0,1.0,2.0,1.0,2.0,66.0,35.0,23.0,15.0,9.0,2.0,5.0,7.0,3520.0,8.0,3335.0
2025-421,Canada Masters,Hard,96.0,M,20250727,91.0,100644,1.0,,Alexander Zverev,R,198.0,GER,28.268,200615,18.0,,Alexei Popyrin,R,196.0,AUS,25.977,6-7(8) 6-4 6-3,3,QF,162.0,12.0,7.0,100.0,68.0,56.0,16.0,16.0,2.0,3.0,11.0,5.0,103.0,63.0,47.0,18.0,15.0,3.0,6.0,3.0,6030.0,26.0,2050.0
2025-421,Canada Masters,Hard,96.0,M,20250727,92.0,111575,11.0,,Karen Khachanov,R,198.0,RUS,29.183,210506,26.0,,Alex Michelsen,R,193.0,USA,20.92,6-4 7-6(3),3,QF,104.0,6.0,5.0,73.0,47.0,40.0,13.0,11.0,6.0,7.0,5.0,3.0,88.0,55.0,37.0,17.0,11.0,9.0,11.0,16.0,2590.0,34.0,1555.0
2025-421,Canada Masters,Hard,96.0,M,20250727,93.0,111575,11.0,,Karen Khachanov,R,198.0,RUS,29.183,100644,1.0,,Alexander Zverev,R,198.0,GER,28.268,6-3 4-6 7-6(4),3,SF,172.0,5.0,3.0,105.0,63.0,46.0,22.0,16.0,1.0,2.0,13.0,7.0,102.0,72.0,52.0,13.0,15.0,2.0,3.0,16.0,2590.0,3.0,6030.0
2025-421,Canada Masters,Hard,96.0,M,20250727,94.0,210097,4.0,,Ben Shelton,L,193.0,USA,22.798,126203,2.0,,Taylor Fritz,R,196.0,USA,27.745,6-4 6-3,3,SF,78.0,7.0,0.0,51.0,29.0,25.0,13.0,9.0,2.0,2.0,4.0,3.0,61.0,38.0,26.0,9.0,10.0,7.0,10.0,7.0,3520.0,4.0,5135.0
2025-421,Canada Masters,Hard,96.0,M,20250727,95.0,210097,4.0,,Ben Shelton,L,193.0,USA,22.798,111575,11.0,,Karen Khachanov,R,198.0,RUS,29.183,6-7(5) 6-4 7-6(3),3,F,167.0,16.0,6.0,108.0,69.0,55.0,23.0,17.0,5.0,6.0,3.0,2.0,101.0,64.0,46.0,26.0,17.0,4.0,6.0,7.0,3520.0,16.0,2590.0
2025-422,Cincinnati Masters,Hard,96.0,M,20250807,1.0,210460,,,Nishesh Basavareddy,R,180.0,USA,20.266,126846,,,Aleksandar Vukic,R,188.0,AUS,29.336,7-6(5) 7-5,3,R128,100.0,10.0,4.0,74.0,47.0,30.0,19.0,12.0,1.0,3.0,13.0,2.0,82.0,42.0,32.0,18.0,12.0,3.0,6.0,110.0,580.0,99.0,639.0
2025-422,Cincinnati Masters,Hard,96.0,M,20250807,2.0,105138,,,Roberto Bautista Agut,R,183.0,ESP,37.314,127157,,,Daniel Altmaier,R,188.0,GER,26.902,7-6(5) 7-6(1),3,R128,119.0,5.0,5.0,76.0,50.0,40.0,13.0,12.0,1.0,3.0,13.0,4.0,87.0,53.0,40.0,15.0,12.0,5.0,7.0,53.0,1046.0,58.0,973.0
2025-422,Cincinnati Masters,Hard,96.0,M,20250807,3.0,210696,,,Alexander Blockx,R,193.0,BEL,20.331,106218,,,Marcos Giron,R,180.0,USA,32.038,6-2 3-6 6-3,3,R128,111.0,8.0,2.0,72.0,47.0,37.0,15.0,13.0,0.0,1.0,1.0,1.0,82.0,43.0,29.0,21.0,13.0,4.0,7.0,121.0,492.0,59.0,960.0
2025-422,Cincinnati Masters,Hard,96.0,M,20250807,4.0,900001,,,Tristan Boyer,R,188.0,USA,24.296,200587,,,Brandon Holt,R,185.0,USA,27.337,6-3 7-6(3),3,R128,110.0,8.0,0.0,70.0,48.0,37.0,11.0,11.0,3.0,4.0,5.0,1.0,80.0,50.0,32.0,16.0,10.0,7.0,9.0,123.0,480.0,108.0,594.0
2025-422,Cincinnati Masters,Hard,96.0,M,20250807,5.0,202385,,,Jenson Brooksby,R,193.0,USA,24.78,124186,,,Alexandre Muller,R,183.0,FRA,28.512,7-6(2) 5-7 6-1,3,R128,159.0,7.0,3.0,111.0,63.0,44.0,27.0,16.0,8.0,11.0,7.0,9.0,95.0,57.0,39.0,18.0,15.0,5.0,9.0,102.0,627.0,40.0,1271.0
2025-422,Cincinnati Masters,Hard,96.0,M,20250807,6.0,207681,,,Francisco Comesana,R,178.0,ARG,24.835,144719,,,Jaume Munar,R,183.0,ESP,28.257,6-4 6-4,3,R128,105.0,6.0,2.0,68.0,36.0,29.0,15.0,10.0,9.0,10.0,2.0,0.0,56.0,38.0,25.0,10.0,10.0,2.0,5.0,71.0,874.0,51.0,1087.0
2025-422,Cincinnati Masters,Hard,96.0,M,20250807,7.0,106000,,,Damir Dzumhur,R,175.0,BIH,33.216,208233,,,Mattia Bellucci,L,175.0,ITA,24.183,7-6(7) 7-6(5),3,R128,143.0,1.0,4.0,102.0,69.0,48.0,15.0,12.0,8.0,11.0,5.0,6.0,100.0,66.0,44.0,13.0,12.0,4.0,7.0,54.0,1028.0,72.0,871.0
2025-422,Cincinnati Masters,Hard,96.0,M,20250807,8.0,212021,,,Martin Landaluce,R,193.0,ESP,19.578,200516,,,Patrick Kypson,R,188.0,USA,25.777,3-6 6-3 6-2,3,R128,140.0,8.0,5.0,82.0,47.0,39.0,18.0,13.0,4.0,6.0,10.0,5.0,90.0,56.0,39.0,14.0,13.0,5.0,9.0,137.0,440.0,213.0,258.0
2025-422,Cincinnati Masters,Hard,96.0,M,20250807,9.0,209098,,,Hamad Medjedovic,R,188.0,SRB,22.056,206499,,,Aleksandar Kovacevic,R,183.0,USA,26.94,6-2 6-3,3,R128,62.0,15.0,0.0,35.0,22.0,20.0,12.0,8.0,0.0,0.0,4.0,5.0,54.0,27.0,20.0,9.0,9.0,1.0,5.0,73.0,869.0,62.0,929.0
2025-422,Cincinnati Masters,Hard,96.0,M,20250807,10.0,208134,,,Luca Nardi,R,185.0,ITA,22.004,202058,,,Thiago Agustin Tirante,R,185.0,ARG,24.326,6-4 7-6(5),3,R128,117.0,4.0,6.0,72.0,46.0,32.0,15.0,11.0,2.0,5.0,5.0,8.0,75.0,32.0,23.0,20.0,11.0,6.0,10.0,97.0,655.0,130.0,461.0
2025-422,Cincinnati Masters,Hard,96.0,M,20250807,11.0,207182,,,Emilio Nava,R,185.0,USA,23.68,106432,,,Borna Coric,R,188.0,CRO,28.728,6-3 7-5,3,R128,98.0,10.0,0.0,54.0,38.0,30.0,14.0,11.0,0.0,0.0,5.0,5.0,72.0,32.0,23.0,20.0,10.0,6.0,8.0,114.0,539.0,92.0,680.0
2025-422,Cincinnati Masters,Hard,96.0,M,20250807,12.0,124187,,,Reilly Opelka,R,211.0,USA,27.943,106198,,,Hugo Dellien,R,180.0,BOL,32.142,7-5 7-6(3),3,R128,100.0,15.0,2.0,72.0,35.0,27.0,29.0,12.0,5.0,5.0,2.0,3.0,74.0,52.0,38.0,12.0,12.0,2.0,3.0,74.0,827.0,98.0,654.0
2025-422,Cincinnati Masters,Hard,96.0,M,20250807,13.0,210319,,,Ethan Quinn,R,191.0,USA,21.405,200175,,,Miomir Kecmanovic,R,183.0,SRB,25.936,7-6(5) 6-4,3,R128,98.0,7.0,5.0,65.0,33.0,30.0,15.0,11.0,3.0,5.0,3.0,3.0,75.0,42.0,27.0,19.0,11.0,1.0,4.0,86.0,726.0,50.0,1106.0
2025-422,Cincinnati Masters,Hard,96.0,M,20250807,14.0,900000,,,Valentin Royer,R,188.0,FRA,24.192,124116,,,Sebastian Ofner,R,191.0,AUT,29.238,5-7 6-3 6-3,3,R128,105.0,9.0,1.0,81.0,50.0,40.0,20.0,15.0,2.0,3.0,16.0,9.0,90.0,40.0,34.0,25.0,15.0,6.0,9.0,111.0,579.0,141.0,433.0
2025-422,Cincinnati Masters,Hard,96.0,M,20250807,15.0,210530,,,Learner Tien,L,180.0,USA,19.68,209857,,,Leandro Riedi,R,191.0,SUI,23.526,6-3 6-4,3,R128,78.0,5.0,5.0,67.0,43.0,34.0,13.0,10.0,6.0,6.0,7.0,3.0,52.0,25.0,21.0,14.0,9.0,4.0,6.0,61.0,940.0,487.0,82.0
2025-422,Cincinnati Masters,Hard,96.0,M,20250807,16.0,200116,,,Camilo Ugo Carabelli,R,185.0,ARG,26.141,105453,,,Kei Nishikori,R,178.0,JPN,35.606,7-5 6-3,3,R128,97.0,4.0,3.0,67.0,37.0,30.0,15.0,11.0,2.0,3.0,2.0,4.0,73.0,44.0,28.0,13.0,10.0,5.0,8.0,47.0,1133.0,67.0,893.0
2025-422,Cincinnati Masters,Hard,96.0,M,20250807,17.0,200443,,,Adam Walton,R,183.0,AUS,26.308,208363,,,Mariano Navone,R,178.0,ARG,24.441,4-6 7-6(3) 6-1,3,R128,159.0,1.0,4.0,96.0,46.0,34.0,28.0,14.0,6.0,9.0,7.0,9.0,106.0,51.0,34.0,25.0,15.0,6.0,11.0,88.0,706.0,77.0,785.0
2025-422,Cincinnati Masters,Hard,96.0,M,20250807,18.0,209279,,,Terence Atmane,L,193.0,FRA,23.576,106415,,,Yoshihito Nishioka,L,170.0,JPN,29.862,6-2 6-2,3,R128,80.0,7.0,2.0,44.0,28.0,23.0,8.0,8.0,2.0,3.0,2.0,5.0,81.0,51.0,29.0,9.0,8.0,14.0,19.0,132.0,458.0,131.0,459.0
2025-422,Cincinnati Masters,Hard,96.0,M,20250807,19.0,202104,,,Sebastian Baez,R,170.0,ARG,24.608,105676,,,David Goffin,R,180.0,BEL,34.667,6-1 6-3,3,R128,76.0,2.0,2.0,59.0,37.0,29.0,12.0,8.0,4.0,4.0,3.0,3.0,61.0,35.0,19.0,12.0,8.0,4.0,8.0,45.0,1180.0,65.0,914.0
2025-422,Cincinnati Masters,Hard,96.0,M,20250807,20.0,200267,,,Zizou Bergs,R,185.0,BEL,26.179,207985,,,Jacob Fearnley,R,183.0,GBR,24.063,6-1 6-4,3,R128,80.0,8.0,6.0,56.0,29.0,25.0,12.0,9.0,1.0,2.0,2.0,6.0,51.0,31.0,20.0,6.0,8.0,5.0,9.0,52.0,1049.0,55.0,1007.0
2025-422,Cincinnati Masters,Hard,96.0,M,20250807,21.0,126127,,,Benjamin Bonzi,R,183.0,FRA,29.161,208286,,,Matteo Arnaldi,R,185.0,ITA,24.454,6-7(1) 6-3 6-4,3,R128,177.0,5.0,2.0,128.0,72.0,53.0,31.0,16.0,10.0,10.0,4.0,6.0,95.0,48.0,35.0,28.0,15.0,4.0,6.0,66.0,905.0,41.0,1265.0
2025-422,Cincinnati Masters,Hard,96.0,M,20250807,22.0,106148,,,Roberto Carballes Baena,R,183.0,ESP,32.375,200384,,,Hugo Gaston,L,173.0,FRA,24.862,6-4 5-7 6-3,3,R128,154.0,1.0,4.0,100.0,57.0,41.0,24.0,16.0,6.0,9.0,3.0,2.0,79.0,52.0,36.0,14.0,15.0,2.0,6.0,89.0,690.0,126.0,473.0
2025-422,Cincinnati Masters,Hard,96.0,M,20250807,23.0,144869,,,Tomas Martin Etcheverry,R,196.0,ARG,26.056,209992,,,Juncheng Shang,L,180.0,CHN,20.509,6-7(5) 7-6(4) 6-4,3,R128,219.0,16.0,2.0,120.0,66.0,47.0,32.0,17.0,5.0,7.0,5.0,3.0,114.0,73.0,56.0,18.0,17.0,3.0,6.0,60.0,960.0,109.0,580.0
2025-422,Cincinnati Masters,Hard,96.0,M,20250807,24.0,211663,,,Joao Fonseca,R,188.0,BRA,18.962,900002,,,Yunchaokete Bu,R,185.0,CHN,23.548,4-6 6-2 7-5,3,R128,139.0,13.0,5.0,86.0,59.0,45.0,14.0,15.0,3.0,5.0,8.0,4.0,93.0,39.0,29.0,25.0,15.0,4.0,8.0,49.0,1110.0,76.0,793.0
2025-422,Cincinnati Masters,Hard,96.0,M,20250807,25.0,123755,,,Daniel Elahi Galan,R,191.0,COL,29.136,200240,,,Vit Kopriva,R,178.0,CZE,28.145,6-2 6-4,3,R128,99.0,6.0,5.0,64.0,34.0,27.0,12.0,9.0,4.0,6.0,1.0,6.0,67.0,35.0,18.0,14.0,9.0,6.0,11.0,134.0,455.0,80.0,756.0
2025-422,Cincinnati Masters,Hard,96.0,M,20250807,26.0,105173,,,Adrian Mannarino,L,180.0,FRA,37.106,111442,,,Jordan Thompson,R,183.0,AUS,31.299,6-2 6-2,3,R128,88.0,5.0,1.0,45.0,27.0,23.0,11.0,8.0,1.0,1.0,4.0,1.0,68.0,36.0,21.0,13.0,8.0,4.0,8.0,94.0,661.0,44.0,1185.0
2025-422,Cincinnati Masters,Hard,96.0,M,20250807,27.0,206681,,,Fabian Marozsan,R,193.0,HUN,25.832,900021,,,Colton Smith,R,183.0,USA,22.426,6-1 4-6 6-4,3,R128,132.0,4.0,5.0,94.0,60.0,46.0,16.0,14.0,6.0,7.0,3.0,7.0,95.0,57.0,42.0,15.0,13.0,8.0,11.0,56.0,1005.0,136.0,448.0
2025-422,Cincinnati Masters,Hard,96.0,M,20250807,28.0,124079,,,Pedro Martinez,R,185.0,ESP,28.282,111797,,,Nicolas Jarry,R,201.0,CHI,29.823,1-6 6-4 6-3,3,R128,152.0,3.0,6.0,94.0,56.0,34.0,21.0,13.0,7.0,10.0,15.0,5.0,73.0,47.0,35.0,13.0,13.0,3.0,6.0,68.0,890.0,100.0,638.0
2025-422,Cincinnati Masters,Hard,96.0,M,20250807,29.0,144895,,,Corentin Moutet,L,180.0,FRA,26.303,111456,,,Mackenzie McDonald,R,178.0,USA,30.311,7-5 6-3,3,R128,91.0,8.0,4.0,70.0,39.0,28.0,17.0,11.0,5.0,7.0,3.0,0.0,52.0,35.0,21.0,10.0,10.0,1.0,5.0,46.0,1139.0,96.0,655.0
2025-422,Cincinnati Masters,Hard,96.0,M,20250807,30.0,126239,,,Arthur Rinderknech,R,196.0,FRA,30.042,132686,,,Nuno Borges,R,185.0,POR,28.463,6-3 6-3,3,R128,84.0,6.0,3.0,55.0,33.0,28.0,12.0,9.0,2.0,2.0,2.0,4.0,58.0,33.0,22.0,14.0,9.0,2.0,5.0,64.0,914.0,42.0,1265.0
2025-422,Cincinnati Masters,Hard,96.0,M,20250807,31.0,126128,,,Roman Safiullin,R,185.0,RUS,28.0,126214,,,Alejandro Tabilo,L,188.0,CHI,28.181,6-3 6-3,3,R128,68.0,11.0,3.0,47.0,29.0,25.0,12.0,9.0,0.0,0.0,6.0,1.0,50.0,30.0,23.0,9.0,9.0,2.0,5.0,82.0,741.0,104.0,605.0
2025-422,Cincinnati Masters,Hard,96.0,M,20250807,32.0,209409,,,Coleman Wong,R,191.0,HKG,21.169,208659,,,Giovanni Mpetshi Perricard,R,203.0,FRA,22.084,6-3 6-2,3,R128,55.0,6.0,1.0,46.0,34.0,28.0,8.0,9.0,0.0,0.0,7.0,5.0,42.0,22.0,20.0,6.0,8.0,4.0,7.0,168.0,323.0,43.0,1205.0
2025-422,Cincinnati Masters,Hard,96.0,M,20250807,33.0,207989,2.0,,Carlos Alcaraz,R,183.0,ESP,22.259,106000,,,Damir Dzumhur,R,175.0,BIH,33.216,6-1 2-6 6-3,3,R64,101.0,7.0,6.0,73.0,44.0,30.0,15.0,12.0,0.0,3.0,2.0,1.0,83.0,58.0,32.0,13.0,12.0,5.0,10.0,2.0,8600.0,54.0,1028.0
2025-422,Cincinnati Masters,Hard,96.0,M,20250807,34.0,100644,3.0,,Alexander Zverev,R,198.0,GER,28.298,210460,,,Nishesh Basavareddy,R,180.0,USA,20.266,6-3 6-3,3,R64,66.0,12.0,1.0,50.0,41.0,32.0,4.0,9.0,0.0,0.0,1.0,4.0,51.0,26.0,18.0,12.0,9.0,0.0,3.0,3.0,6030.0,110.0,580.0
2025-422,Cincinnati Masters,Hard,96.0,M,20250807,35.0,210097,5.0,,Ben Shelton,L,193.0,USA,22.828,200116,,,Camilo Ugo Carabelli,R,185.0,ARG,26.141,6-3 3-1 RET,3,R64,63.0,4.0,3.0,44.0,31.0,26.0,6.0,7.0,1.0,1.0,0.0,3.0,38.0,19.0,15.0,8.0,6.0,3.0,5.0,7.0,3520.0,47.0,1133.0
2025-422,Cincinnati Masters,Hard,96.0,M,20250807,36.0,124187,,,Reilly Opelka,R,211.0,USA,27.943,200282,6.0,,Alex de Minaur,R,183.0,AUS,26.47,7-6(6) 6-4,3,R64,99.0,14.0,5.0,76.0,41.0,31.0,24.0,11.0,7.0,7.0,2.0,0.0,69.0,49.0,37.0,12.0,11.0,0.0,1.0,74.0,827.0,8.0,3335.0
2025-422,Cincinnati Masters,Hard,96.0,M,20250807,37.0,126094,9.0,,Andrey Rublev,R,188.0,RUS,27.797,210530,,,Learner Tien,L,180.0,USA,19.68,7-6(4) 6-3,3,R64,104.0,12.0,0.0,67.0,40.0,34.0,15.0,11.0,3.0,4.0,4.0,8.0,74.0,37.0,27.0,17.0,10.0,4.0,6.0,11.0,3110.0,61.0,940.0
2025-422,Cincinnati Masters,Hard,96.0,M,20250807,38.0,200443,,,Adam Walton,R,183.0,AUS,26.308,106421,12.0,,Daniil Medvedev,R,198.0,RUS,29.487,6-7(0) 6-4 6-1,3,R64,141.0,5.0,2.0,106.0,65.0,50.0,18.0,15.0,5.0,6.0,18.0,7.0,81.0,48.0,40.0,11.0,14.0,2.0,6.0,88.0,706.0,14.0,2720.0
2025-422,Cincinnati Masters,Hard,96.0,M,20250807,39.0,111575,14.0,,Karen Khachanov,R,198.0,RUS,29.213,900000,,,Valentin Royer,R,188.0,FRA,24.192,6-4 7-6(6),3,R64,110.0,7.0,0.0,63.0,41.0,30.0,13.0,11.0,1.0,3.0,6.0,2.0,92.0,60.0,41.0,12.0,11.0,8.0,11.0,16.0,2590.0,111.0,579.0
2025-422,Cincinnati Masters,Hard,96.0,M,20250807,40.0,210150,16.0,,Jakub Mensik,R,196.0,CZE,19.932,210319,,,Ethan Quinn,R,191.0,USA,21.405,6-4 6-2,3,R64,72.0,10.0,1.0,58.0,28.0,23.0,17.0,9.0,0.0,0.0,2.0,4.0,50.0,26.0,18.0,11.0,9.0,0.0,3.0,18.0,2362.0,86.0,726.0
2025-422,Cincinnati Masters,Hard,96.0,M,20250807,41.0,200615,21.0,,Alexei Popyrin,R,196.0,AUS,26.007,212021,,,Martin Landaluce,R,193.0,ESP,19.578,7-6(3) 6-3,3,R64,137.0,15.0,7.0,99.0,51.0,37.0,25.0,11.0,13.0,14.0,7.0,7.0,67.0,43.0,31.0,9.0,10.0,5.0,7.0,26.0,2050.0,137.0,440.0
2025-422,Cincinnati Masters,Hard,96.0,M,20250807,42.0,208103,22.0,,Jiri Lehecka,R,185.0,CZE,23.745,900001,,,Tristan Boyer,R,188.0,USA,24.296,4-6 6-1 6-4,3,R64,113.0,9.0,5.0,71.0,46.0,40.0,14.0,14.0,2.0,3.0,4.0,1.0,77.0,48.0,36.0,13.0,13.0,0.0,3.0,27.0,2015.0,123.0,480.0
2025-422,Cincinnati Masters,Hard,96.0,M,20250807,43.0,208134,,,Luca Nardi,R,185.0,ITA,22.004,133430,24.0,,Denis Shapovalov,L,185.0,CAN,26.313,6-7(5) 6-3 6-4,3,R64,148.0,3.0,3.0,101.0,64.0,48.0,21.0,16.0,5.0,6.0,4.0,8.0,103.0,69.0,48.0,16.0,15.0,7.0,10.0,97.0,655.0,29.0,1836.0
2025-422,Cincinnati Masters,Hard,96.0,M,20250807,44.0,209098,,,Hamad Medjedovic,R,188.0,SRB,22.056,134868,26.0,,Tallon Griekspoor,R,188.0,NED,29.098,6-4 7-6(3),3,R64,100.0,14.0,3.0,72.0,43.0,36.0,17.0,11.0,5.0,6.0,13.0,7.0,72.0,44.0,36.0,11.0,11.0,5.0,7.0,73.0,869.0,31.0,1715.0
2025-422,Cincinnati Masters,Hard,96.0,M,20250807,45.0,206909,27.0,,Brandon Nakashima,R,188.0,USA,24.011,210696,,,Alexander Blockx,R,193.0,BEL,20.331,4-6 6-3 7-6(5),3,R64,143.0,6.0,3.0,107.0,73.0,50.0,20.0,16.0,11.0,15.0,7.0,3.0,100.0,61.0,43.0,20.0,15.0,12.0,16.0,32.0,1700.0,121.0,492.0
2025-422,Cincinnati Masters,Hard,96.0,M,20250807,46.0,207681,,,Francisco Comesana,R,178.0,ARG,24.835,209260,29.0,,Luciano Darderi,R,183.0,ITA,23.477,6-4 3-1 RET,3,R64,52.0,14.0,2.0,33.0,22.0,22.0,6.0,7.0,0.0,0.0,3.0,10.0,43.0,12.0,9.0,15.0,7.0,0.0,2.0,71.0,874.0,35.0,1414.0
2025-422,Cincinnati Masters,Hard,96.0,M,20250807,47.0,105138,,,Roberto Bautista Agut,R,183.0,ESP,37.314,111815,32.0,,Cameron Norrie,L,188.0,GBR,29.958,6-4 6-3,3,R64,111.0,9.0,2.0,74.0,50.0,39.0,9.0,10.0,6.0,7.0,6.0,6.0,64.0,38.0,28.0,10.0,9.0,8.0,11.0,53.0,1046.0,39.0,1277.0
2025-422,Cincinnati Masters,Hard,96.0,M,20250807,48.0,202385,,,Jenson Brooksby,R,193.0,USA,24.78,209070,,,Arthur Cazaux,R,183.0,FRA,22.957,7-5 6-1,3,R64,113.0,3.0,1.0,65.0,42.0,34.0,13.0,10.0,6.0,6.0,5.0,3.0,81.0,42.0,33.0,13.0,9.0,6.0,9.0,102.0,627.0,75.0,800.0
2025-422,Cincinnati Masters,Hard,96.0,M,20250807,49.0,206173,1.0,,Jannik Sinner,R,191.0,ITA,23.975,123755,,,Daniel Elahi Galan,R,191.0,COL,29.136,6-1 6-1,3,R64,59.0,6.0,3.0,36.0,23.0,22.0,8.0,7.0,1.0,1.0,5.0,2.0,48.0,26.0,13.0,8.0,7.0,8.0,13.0,1.0,12030.0,134.0,455.0
2025-422,Cincinnati Masters,Hard,96.0,M,20250807,50.0,126203,4.0,,Taylor Fritz,R,196.0,USA,27.775,207182,,,Emilio Nava,R,185.0,USA,23.68,6-4 6-4,3,R64,68.0,12.0,0.0,53.0,32.0,26.0,16.0,10.0,2.0,2.0,9.0,2.0,50.0,32.0,25.0,9.0,10.0,1.0,3.0,4.0,5135.0,114.0,539.0
2025-422,Cincinnati Masters,Hard,96.0,M,20250807,51.0,208029,7.0,,Holger Rune,R,188.0,DEN,22.275,126128,,,Roman Safiullin,R,185.0,RUS,28.0,7-5 7-6(5),3,R64,118.0,4.0,4.0,84.0,47.0,32.0,23.0,12.0,2.0,4.0,2.0,4.0,70.0,38.0,24.0,21.0,12.0,2.0,5.0,9.0,3250.0,82.0,741.0
2025-422,Cincinnati Masters,Hard,96.0,M,20250807,52.0,126127,,,Benjamin Bonzi,R,183.0,FRA,29.161,207518,8.0,,Lorenzo Musetti,R,185.0,ITA,23.431,5-7 6-4 7-6(4),3,R64,166.0,10.0,4.0,110.0,65.0,43.0,22.0,17.0,9.0,14.0,11.0,5.0,110.0,67.0,46.0,21.0,17.0,3.0,8.0,66.0,905.0,10.0,3195.0
2025-422,Cincinnati Masters,Hard,96.0,M,20250807,53.0,126207,10.0,,Frances Tiafoe,R,188.0,USA,27.546,106148,,,Roberto Carballes Baena,R,183.0,ESP,32.375,6-4 6-3,3,R64,90.0,7.0,3.0,54.0,24.0,18.0,14.0,9.0,1.0,4.0,10.0,4.0,74.0,39.0,25.0,12.0,10.0,11.0,17.0,12.0,2990.0,89.0,690.0
2025-422,Cincinnati Masters,Hard,96.0,M,20250807,54.0,126239,,,Arthur Rinderknech,R,196.0,FRA,30.042,134770,11.0,,Casper Ruud,R,183.0,NOR,26.626,6-7(5) 6-4 6-2,3,R64,157.0,13.0,6.0,95.0,63.0,49.0,18.0,15.0,8.0,9.0,8.0,3.0,88.0,49.0,35.0,20.0,15.0,0.0,4.0,64.0,914.0,13.0,2905.0
2025-422,Cincinnati Masters,Hard,96.0,M,20250807,55.0,126205,13.0,,Tommy Paul,R,185.0,USA,28.225,124079,,,Pedro Martinez,R,185.0,ESP,28.282,6-2 6-2,3,R64,91.0,8.0,2.0,56.0,33.0,25.0,13.0,8.0,6.0,6.0,0.0,4.0,65.0,37.0,19.0,13.0,8.0,6.0,10.0,15.0,2620.0,68.0,890.0
2025-422,Cincinnati Masters,Hard,96.0,M,20250807,56.0,209279,,,Terence Atmane,L,193.0,FRA,23.576,207925,15.0,,Flavio Cobolli,R,183.0,ITA,23.255,6-4 3-6 7-6(5),3,R64,134.0,9.0,5.0,106.0,61.0,46.0,22.0,15.0,8.0,10.0,7.0,6.0,94.0,49.0,40.0,27.0,16.0,3.0,5.0,132.0,458.0,17.0,2385.0
2025-422,Cincinnati Masters,Hard,96.0,M,20250807,57.0,211663,,,Joao Fonseca,R,188.0,BRA,18.962,200221,17.0,,Alejandro Davidovich Fokina,R,180.0,ESP,26.174,6-7(4) 5-4 RET,3,R64,98.0,7.0,3.0,65.0,42.0,28.0,11.0,10.0,2.0,6.0,7.0,4.0,68.0,32.0,23.0,18.0,11.0,2.0,7.0,49.0,1110.0,19.0,2225.0
2025-422,Cincinnati Masters,Hard,96.0,M,20250807,58.0,105173,,,Adrian Mannarino,L,180.0,FRA,37.106,207830,19.0,,Tomas Machac,R,183.0,CZE,24.816,6-3 6-3,3,R64,90.0,5.0,0.0,59.0,29.0,24.0,16.0,9.0,3.0,4.0,7.0,7.0,75.0,41.0,21.0,16.0,9.0,7.0,11.0,94.0,661.0,22.0,2110.0
2025-422,Cincinnati Masters,Hard,96.0,M,20250807,59.0,200005,20.0,,Ugo Humbert,L,188.0,FRA,27.116,209409,,,Coleman Wong,R,191.0,HKG,21.169,6-3 6-4,3,R64,67.0,10.0,1.0,57.0,37.0,32.0,10.0,10.0,1.0,1.0,6.0,1.0,45.0,32.0,25.0,7.0,9.0,2.0,4.0,23.0,2095.0,168.0,323.0
2025-422,Cincinnati Masters,Hard,96.0,M,20250807,60.0,200000,23.0,,Felix Auger-Aliassime,R,193.0,CAN,24.997,144869,,,Tomas Martin Etcheverry,R,196.0,ARG,26.056,6-2 7-6(3),3,R64,117.0,14.0,1.0,67.0,53.0,41.0,8.0,10.0,4.0,4.0,2.0,2.0,66.0,35.0,25.0,14.0,10.0,2.0,4.0,28.0,1865.0,60.0,960.0
2025-422,Cincinnati Masters,Hard,96.0,M,20250807,61.0,126774,25.0,,Stefanos Tsitsipas,R,193.0,GRE,26.987,206681,,,Fabian Marozsan,R,193.0,HUN,25.832,7-6(3) 6-2,3,R64,83.0,9.0,0.0,63.0,44.0,33.0,12.0,10.0,3.0,3.0,2.0,5.0,65.0,38.0,29.0,11.0,10.0,1.0,3.0,30.0,1825.0,56.0,1005.0
2025-422,Cincinnati Masters,Hard,96.0,M,20250807,62.0,210506,28.0,,Alex Michelsen,R,193.0,USA,20.95,144895,,,Corentin Moutet,L,180.0,FRA,26.303,3-6 6-3 6-4,3,R64,146.0,2.0,4.0,87.0,46.0,37.0,18.0,14.0,3.0,6.0,8.0,4.0,92.0,55.0,36.0,17.0,14.0,9.0,13.0,34.0,1555.0,46.0,1139.0
2025-422,Cincinnati Masters,Hard,96.0,M,20250807,63.0,209113,30.0,,Gabriel Diallo,R,203.0,CAN,23.869,202104,,,Sebastian Baez,R,170.0,ARG,24.608,7-5 6-4,3,R64,91.0,9.0,3.0,56.0,32.0,27.0,12.0,11.0,0.0,2.0,0.0,5.0,67.0,44.0,29.0,10.0,11.0,3.0,7.0,36.0,1333.0,45.0,1180.0
2025-422,Cincinnati Masters,Hard,96.0,M,20250807,64.0,132283,31.0,,Lorenzo Sonego,R,191.0,ITA,30.242,200267,,,Zizou Bergs,R,185.0,BEL,26.179,6-3 7-6(4),3,R64,101.0,5.0,2.0,66.0,43.0,36.0,13.0,11.0,1.0,1.0,5.0,5.0,64.0,31.0,23.0,19.0,10.0,3.0,4.0,38.0,1281.0,52.0,1049.0
2025-422,Cincinnati Masters,Hard,96.0,M,20250807,65.0,207989,2.0,,Carlos Alcaraz,R,183.0,ESP,22.259,209098,,,Hamad Medjedovic,R,188.0,SRB,22.056,6-4 6-4,3,R32,95.0,12.0,3.0,57.0,33.0,26.0,15.0,10.0,1.0,2.0,9.0,8.0,79.0,47.0,30.0,16.0,10.0,4.0,7.0,2.0,8600.0,73.0,869.0
2025-422,Cincinnati Masters,Hard,96.0,M,20250807,66.0,100644,3.0,,Alexander Zverev,R,198.0,GER,28.298,206909,27.0,,Brandon Nakashima,R,188.0,USA,24.011,6-4 6-4,3,R32,96.0,12.0,2.0,61.0,44.0,33.0,10.0,10.0,4.0,4.0,3.0,0.0,59.0,31.0,23.0,14.0,10.0,2.0,4.0,3.0,6030.0,32.0,1700.0
2025-422,Cincinnati Masters,Hard,96.0,M,20250807,67.0,126094,9.0,,Andrey Rublev,R,188.0,RUS,27.797,200615,21.0,,Alexei Popyrin,R,196.0,AUS,26.007,6-7(5) 7-6(5) 7-5,3,R32,209.0,18.0,9.0,124.0,69.0,54.0,33.0,18.0,5.0,6.0,20.0,5.0,127.0,77.0,57.0,25.0,18.0,6.0,8.0,11.0,3110.0,26.0,2050.0
2025-422,Cincinnati Masters,Hard,96.0,M,20250807,68.0,111575,14.0,,Karen Khachanov,R,198.0,RUS,29.213,202385,,,Jenson Brooksby,R,193.0,USA,24.78,6-3 6-3,3,R32,84.0,2.0,0.0,58.0,32.0,23.0,16.0,9.0,2.0,3.0,1.0,1.0,52.0,34.0,21.0,7.0,9.0,3.0,7.0,16.0,2590.0,102.0,627.0
2025-422,Cincinnati Masters,Hard,96.0,M,20250807,69.0,208134,,,Luca Nardi,R,185.0,ITA,22.004,210150,16.0,,Jakub Mensik,R,196.0,CZE,19.932,6-2 2-1 RET,3,R32,42.0,3.0,1.0,31.0,16.0,12.0,11.0,5.0,2.0,2.0,5.0,6.0,32.0,18.0,12.0,4.0,6.0,3.0,6.0,97.0,655.0,18.0,2362.0
2025-422,Cincinnati Masters,Hard,96.0,M,20250807,70.0,208103,22.0,,Jiri Lehecka,R,185.0,CZE,23.745,200443,,,Adam Walton,R,183.0,AUS,26.308,7-6(5) 7-6(3),3,R32,114.0,17.0,3.0,71.0,40.0,36.0,19.0,12.0,0.0,1.0,5.0,2.0,81.0,49.0,36.0,19.0,12.0,1.0,2.0,27.0,2015.0,88.0,706.0
2025-422,Cincinnati Masters,Hard,96.0,M,20250807,71.0,207681,,,Francisco Comesana,R,178.0,ARG,24.835,124187,,,Reilly Opelka,R,211.0,USA,27.943,6-7(4) 6-4 7-5,3,R32,188.0,15.0,6.0,103.0,59.0,45.0,25.0,17.0,3.0,5.0,27.0,10.0,123.0,67.0,57.0,19.0,17.0,9.0,13.0,71.0,874.0,74.0,827.0
2025-422,Cincinnati Masters,Hard,96.0,M,20250807,72.0,206173,1.0,,Jannik Sinner,R,191.0,ITA,23.975,209113,30.0,,Gabriel Diallo,R,203.0,CAN,23.869,6-2 7-6(6),3,R32,112.0,6.0,5.0,62.0,31.0,25.0,20.0,10.0,2.0,3.0,10.0,10.0,84.0,52.0,40.0,5.0,10.0,9.0,12.0,1.0,12030.0,36.0,1333.0
2025-422,Cincinnati Masters,Hard,96.0,M,20250807,73.0,126203,4.0,,Taylor Fritz,R,196.0,USA,27.775,132283,31.0,,Lorenzo Sonego,R,191.0,ITA,30.242,7-6(4) 7-5,3,R32,127.0,13.0,2.0,66.0,37.0,32.0,21.0,12.0,0.0,0.0,4.0,6.0,83.0,45.0,35.0,21.0,12.0,4.0,5.0,4.0,5135.0,38.0,1281.0
2025-422,Cincinnati Masters,Hard,96.0,M,20250807,74.0,208029,7.0,,Holger Rune,R,188.0,DEN,22.275,210506,28.0,,Alex Michelsen,R,193.0,USA,20.95,7-6(4) 6-3,3,R32,93.0,9.0,4.0,67.0,39.0,32.0,14.0,11.0,0.0,1.0,3.0,3.0,62.0,39.0,28.0,12.0,10.0,4.0,6.0,9.0,3250.0,34.0,1555.0
2025-422,Cincinnati Masters,Hard,96.0,M,20250807,75.0,126207,10.0,,Frances Tiafoe,R,188.0,USA,27.546,200005,20.0,,Ugo Humbert,L,188.0,FRA,27.116,6-4 6-4,3,R32,83.0,8.0,1.0,59.0,41.0,31.0,8.0,10.0,1.0,2.0,8.0,1.0,66.0,37.0,24.0,14.0,10.0,9.0,12.0,12.0,2990.0,23.0,2095.0
2025-422,Cincinnati Masters,Hard,96.0,M,20250807,76.0,105173,,,Adrian Mannarino,L,180.0,FRA,37.106,126205,13.0,,Tommy Paul,R,185.0,USA,28.225,5-7 6-3 6-4,3,R32,159.0,5.0,3.0,108.0,59.0,47.0,23.0,16.0,6.0,8.0,8.0,4.0,95.0,48.0,40.0,22.0,15.0,5.0,8.0,94.0,661.0,15.0,2620.0
2025-422,Cincinnati Masters,Hard,96.0,M,20250807,77.0,200000,23.0,,Felix Auger-Aliassime,R,193.0,CAN,24.997,126239,,,Arthur Rinderknech,R,196.0,FRA,30.042,7-6(4) 4-2 RET,3,R32,121.0,7.0,3.0,50.0,30.0,26.0,13.0,9.0,0.0,1.0,10.0,6.0,81.0,52.0,35.0,13.0,9.0,9.0,11.0,28.0,1865.0,64.0,914.0
2025-422,Cincinnati Masters,Hard,96.0,M,20250807,78.0,126127,,,Benjamin Bonzi,R,183.0,FRA,29.161,126774,25.0,,Stefanos Tsitsipas,R,193.0,GRE,26.987,6-7(4) 6-3 6-4,3,R32,159.0,6.0,6.0,103.0,59.0,49.0,21.0,16.0,5.0,6.0,14.0,3.0,108.0,57.0,43.0,25.0,15.0,8.0,11.0,66.0,905.0,30.0,1825.0
2025-422,Cincinnati Masters,Hard,96.0,M,20250807,79.0,209279,,,Terence Atmane,L,193.0,FRA,23.576,211663,,,Joao Fonseca,R,188.0,BRA,18.962,6-3 6-4,3,R32,78.0,8.0,3.0,60.0,34.0,27.0,15.0,10.0,1.0,2.0,1.0,0.0,64.0,45.0,28.0,9.0,9.0,10.0,13.0,132.0,458.0,49.0,1110.0
2025-422,Cincinnati Masters,Hard,96.0,M,20250807,80.0,210097,5.0,,Ben Shelton,L,193.0,USA,22.828,105138,,,Roberto Bautista Agut,R,183.0,ESP,37.314,7-6(3) 6-3,3,R32,109.0,15.0,2.0,78.0,41.0,30.0,22.0,10.0,8.0,8.0,5.0,3.0,60.0,46.0,36.0,4.0,11.0,0.0,2.0,7.0,3520.0,53.0,1046.0
2025-422,Cincinnati Masters,Hard,96.0,M,20250807,81.0,206173,1.0,,Jannik Sinner,R,191.0,ITA,23.975,105173,,,Adrian Mannarino,L,180.0,FRA,37.106,6-4 7-6(4),3,R16,108.0,12.0,2.0,62.0,32.0,31.0,17.0,11.0,0.0,1.0,10.0,3.0,83.0,48.0,35.0,17.0,11.0,7.0,9.0,1.0,12030.0,94.0,661.0
2025-422,Cincinnati Masters,Hard,96.0,M,20250807,82.0,207989,2.0,,Carlos Alcaraz,R,183.0,ESP,22.259,208134,,,Luca Nardi,R,185.0,ITA,22.004,6-1 6-4,3,R16,80.0,2.0,3.0,46.0,30.0,25.0,9.0,9.0,1.0,2.0,0.0,8.0,66.0,38.0,24.0,11.0,8.0,7.0,11.0,2.0,8600.0,97.0,655.0
2025-422,Cincinnati Masters,Hard,96.0,M,20250807,83.0,100644,3.0,,Alexander Zverev,R,198.0,GER,28.298,111575,14.0,,Karen Khachanov,R,198.0,RUS,29.213,7-5 3-0 RET,3,R16,70.0,5.0,1.0,34.0,25.0,20.0,4.0,7.0,0.0,1.0,1.0,0.0,54.0,32.0,22.0,5.0,8.0,4.0,8.0,3.0,6030.0,16.0,2590.0
2025-422,Cincinnati Masters,Hard,96.0,M,20250807,84.0,209279,,,Terence Atmane,L,193.0,FRA,23.576,126203,4.0,,Taylor Fritz,R,196.0,USA,27.775,3-6 7-5 6-3,3,R16,119.0,13.0,5.0,83.0,49.0,40.0,17.0,15.0,3.0,5.0,7.0,2.0,92.0,60.0,46.0,14.0,15.0,3.0,6.0,132.0,458.0,4.0,5135.0
2025-422,Cincinnati Masters,Hard,96.0,M,20250807,85.0,208029,7.0,,Holger Rune,R,188.0,DEN,22.275,126207,10.0,,Frances Tiafoe,R,188.0,USA,27.546,6-4 3-1 RET,3,R16,72.0,5.0,4.0,40.0,21.0,19.0,9.0,7.0,1.0,2.0,2.0,1.0,48.0,18.0,10.0,14.0,7.0,2.0,5.0,9.0,3250.0,12.0,2990.0
2025-422,Cincinnati Masters,Hard,96.0,M,20250807,86.0,126094,9.0,,Andrey Rublev,R,188.0,RUS,27.797,207681,,,Francisco Comesana,R,178.0,ARG,24.835,6-2 6-3,3,R16,64.0,8.0,2.0,47.0,32.0,26.0,6.0,8.0,1.0,2.0,11.0,5.0,52.0,28.0,19.0,6.0,9.0,3.0,8.0,11.0,3110.0,71.0,874.0
2025-422,Cincinnati Masters,Hard,96.0,M,20250807,87.0,200000,23.0,,Felix Auger-Aliassime,R,193.0,CAN,24.997,126127,,,Benjamin Bonzi,R,183.0,FRA,29.161,6-4 6-3,3,R16,74.0,9.0,3.0,51.0,35.0,31.0,7.0,10.0,1.0,2.0,2.0,1.0,48.0,24.0,15.0,12.0,9.0,0.0,3.0,28.0,1865.0,66.0,905.0
2025-422,Cincinnati Masters,Hard,96.0,M,20250807,88.0,210097,5.0,,Ben Shelton,L,193.0,USA,22.828,208103,22.0,,Jiri Lehecka,R,185.0,CZE,23.745,6-4 6-4,3,R16,81.0,8.0,2.0,51.0,32.0,26.0,12.0,10.0,0.0,1.0,6.0,4.0,63.0,30.0,21.0,16.0,10.0,5.0,8.0,7.0,3520.0,27.0,2015.0
2025-422,Cincinnati Masters,Hard,96.0,M,20250807,89.0,206173,1.0,,Jannik Sinner,R,191.0,ITA,23.975,200000,23.0,,Felix Auger-Aliassime,R,193.0,CAN,24.997,6-0 6-2,3,QF,71.0,2.0,2.0,39.0,23.0,18.0,10.0,7.0,0.0,1.0,0.0,8.0,45.0,25.0,12.0,4.0,7.0,4.0,10.0,1.0,12030.0,28.0,1865.0
2025-422,Cincinnati Masters,Hard,96.0,M,20250807,90.0,209279,,,Terence Atmane,L,193.0,FRA,23.576,208029,7.0,,Holger Rune,R,188.0,DEN,22.275,6-2 6-3,3,QF,73.0,7.0,3.0,53.0,33.0,28.0,8.0,9.0,1.0,2.0,4.0,1.0,57.0,33.0,20.0,10.0,8.0,7.0,11.0,132.0,458.0,9.0,3250.0
2025-422,Cincinnati Masters,Hard,96.0,M,20250807,91.0,207989,2.0,,Carlos Alcaraz,R,183.0,ESP,22.259,126094,9.0,,Andrey Rublev,R,188.0,RUS,27.797,6-3 4-6 7-5,3,QF,137.0,11.0,4.0,86.0,53.0,40.0,17.0,15.0,0.0,2.0,11.0,8.0,95.0,59.0,43.0,17.0,16.0,2.0,6.0,2.0,8600.0,11.0,3110.0
2025-422,Cincinnati Masters,Hard,96.0,M,20250807,92.0,100644,3.0,,Alexander Zverev,R,198.0,GER,28.298,210097,5.0,,Ben Shelton,L,193.0,USA,22.828,6-2 6-2,3,QF,77.0,5.0,2.0,49.0,32.0,26.0,9.0,8.0,1.0,1.0,12.0,2.0,58.0,39.0,26.0,4.0,8.0,7.0,11.0,3.0,6030.0,7.0,3520.0
2025-422,Cincinnati Masters,Hard,96.0,M,20250807,93.0,206173,1.0,,Jannik Sinner,R,191.0,ITA,23.975,209279,,,Terence Atmane,L,193.0,FRA,23.576,7-6(4) 6-2,3,SF,86.0,6.0,0.0,60.0,35.0,32.0,17.0,10.0,0.0,0.0,9.0,1.0,58.0,40.0,31.0,8.0,10.0,3.0,5.0,1.0,12030.0,132.0,458.0
2025-422,Cincinnati Masters,Hard,96.0,M,20250807,94.0,207989,2.0,,Carlos Alcaraz,R,183.0,ESP,22.259,100644,3.0,,Alexander Zverev,R,198.0,GER,28.298,6-4 6-3,3,SF,105.0,11.0,4.0,51.0,27.0,22.0,15.0,9.0,4.0,5.0,3.0,1.0,61.0,46.0,25.0,7.0,10.0,2.0,6.0,2.0,8600.0,3.0,6030.0
2025-422,Cincinnati Masters,Hard,96.0,M,20250807,95.0,207989,2.0,,Carlos Alcaraz,R,183.0,ESP,22.259,206173,1.0,,Jannik Sinner,R,191.0,ITA,23.975,5-0 RET,3,F,23.0,1.0,0.0,13.0,6.0,5.0,4.0,2.0,0.0,0.0,1.0,2.0,16.0,8.0,4.0,0.0,3.0,3.0,6.0,2.0,8600.0,1.0,12030.0
2025-6242,Winston-Salem,Hard,48.0,250,20250818,1.0,900002,,,Yunchaokete Bu,R,185.0,CHN,23.58,202358,,,Chun-Hsin Tseng,R,175.0,TPE,24.03,6-7(2) 6-3 7-6(4),3,R64,192.0,9.0,4.0,103.0,54.0,45.0,27.0,17.0,3.0,5.0,11.0,7.0,135.0,74.0,53.0,30.0,16.0,14.0,17.0,76.0,801.0,119.0,529.0
2025-6242,Winston-Salem,Hard,48.0,250,20250818,2.0,105807,,,Pablo Carreno Busta,R,188.0,ESP,34.1,106415,,,Yoshihito Nishioka,L,170.0,JPN,29.89,6-0 6-3,3,R64,58.0,3.0,0.0,41.0,24.0,20.0,13.0,8.0,0.0,0.0,1.0,2.0,41.0,30.0,13.0,5.0,7.0,3.0,7.0,113.0,549.0,149.0,399.0
2025-6242,Winston-Salem,Hard,48.0,250,20250818,3.0,200240,,,Vit Kopriva,R,178.0,CZE,28.18,124116,,,Sebastian Ofner,R,191.0,AUT,29.27,3-6 6-4 6-3,3,R64,118.0,2.0,9.0,84.0,47.0,39.0,18.0,14.0,4.0,6.0,8.0,4.0,88.0,48.0,38.0,19.0,14.0,10.0,13.0,87.0,726.0,141.0,453.0
2025-6242,Winston-Salem,Hard,48.0,250,20250818,4.0,111794,,,Kamil Majchrzak,R,183.0,POL,29.6,111797,,,Nicolas Jarry,R,201.0,CHI,29.85,7-6(6) 6-4,3,R64,99.0,7.0,2.0,63.0,37.0,34.0,15.0,11.0,0.0,0.0,12.0,1.0,67.0,38.0,32.0,16.0,11.0,2.0,3.0,78.0,794.0,103.0,628.0
2025-6242,Winston-Salem,Hard,48.0,250,20250818,5.0,124079,,,Pedro Martinez,R,185.0,ESP,28.31,105676,,,David Goffin,R,180.0,BEL,34.7,6-3 6-3,3,R64,93.0,2.0,2.0,62.0,37.0,26.0,12.0,9.0,8.0,10.0,8.0,5.0,57.0,28.0,21.0,8.0,9.0,4.0,9.0,64.0,910.0,68.0,884.0
2025-6242,Winston-Salem,Hard,48.0,250,20250818,6.0,111456,,,Mackenzie McDonald,R,178.0,USA,30.34,200587,,,Brandon Holt,R,185.0,USA,27.37,6-4 6-7(2) 7-6(2),3,R64,152.0,15.0,8.0,112.0,69.0,53.0,24.0,17.0,3.0,5.0,11.0,1.0,107.0,69.0,55.0,16.0,17.0,4.0,7.0,102.0,639.0,111.0,554.0
2025-6242,Winston-Salem,Hard,48.0,250,20250818,7.0,209098,,,Hamad Medjedovic,R,188.0,SRB,22.09,126239,,,Arthur Rinderknech,R,196.0,FRA,30.07,6-3 7-6(9),3,R64,127.0,7.0,6.0,72.0,41.0,31.0,18.0,11.0,0.0,1.0,3.0,7.0,68.0,35.0,24.0,18.0,10.0,1.0,3.0,65.0,907.0,77.0,794.0
2025-6242,Winston-Salem,Hard,48.0,250,20250818,8.0,122298,,,Botic van de Zandschulp,R,191.0,NED,29.87,200443,,,Adam Walton,R,183.0,AUS,26.34,2-6 7-5 6-3,3,R64,149.0,7.0,3.0,92.0,56.0,44.0,18.0,14.0,3.0,5.0,15.0,7.0,92.0,59.0,47.0,15.0,15.0,5.0,7.0,92.0,684.0,82.0,763.0
2025-6242,Winston-Salem,Hard,48.0,250,20250818,9.0,210460,,,Nishesh Basavareddy,R,180.0,USA,20.3,209920,,,Raphael Collignon,R,191.0,BEL,23.59,6-2 7-6(2),3,R64,98.0,4.0,7.0,74.0,40.0,32.0,20.0,10.0,1.0,1.0,4.0,9.0,66.0,41.0,31.0,9.0,10.0,3.0,5.0,106.0,593.0,105.0,608.0
2025-6242,Winston-Salem,Hard,48.0,250,20250818,10.0,210464,,,Darwin Blanch,L,185.0,USA,17.89,106432,,,Borna Coric,R,188.0,CRO,28.76,6-4 7-6(5),3,R64,108.0,10.0,2.0,77.0,49.0,38.0,16.0,11.0,3.0,3.0,5.0,4.0,65.0,36.0,31.0,16.0,11.0,1.0,2.0,409.0,115.0,104.0,620.0
2025-6242,Winston-Salem,Hard,48.0,250,20250818,11.0,105916,,,Marton Fucsovics,R,188.0,HUN,33.52,200384,,,Hugo Gaston,L,173.0,FRA,24.89,6-3 6-3,3,R64,81.0,5.0,2.0,56.0,35.0,28.0,10.0,9.0,1.0,2.0,1.0,3.0,67.0,41.0,23.0,11.0,9.0,5.0,9.0,94.0,679.0,125.0,513.0
2025-6242,Winston-Salem,Hard,48.0,250,20250818,12.0,900000,,,Christopher O'Connell,R,183.0,AUS,31.21,126128,,,Roman Safiullin,R,185.0,RUS,28.03,6-3 6-3,3,R64,81.0,3.0,3.0,64.0,29.0,20.0,21.0,9.0,3.0,3.0,5.0,5.0,56.0,31.0,20.0,13.0,9.0,3.0,6.0,79.0,784.0,90.0,691.0
2025-6242,Winston-Salem,Hard,48.0,250,20250818,13.0,206499,,,Aleksandar Kovacevic,R,183.0,USA,26.97,209209,,,Filip Misolic,R,180.0,AUT,24.03,7-6(2) 7-6(8),3,R64,111.0,20.0,3.0,86.0,49.0,44.0,18.0,12.0,1.0,1.0,19.0,4.0,98.0,62.0,49.0,17.0,12.0,7.0,7.0,71.0,859.0,95.0,677.0
2025-6242,Winston-Salem,Hard,48.0,250,20250818,14.0,208363,,,Mariano Navone,R,178.0,ARG,24.47,900037,,,Dhakshineswar Suresh,R,196.0,IND,25.39,6-3 6-3,3,R64,79.0,1.0,2.0,52.0,36.0,30.0,7.0,9.0,1.0,1.0,0.0,3.0,65.0,39.0,25.0,11.0,9.0,4.0,7.0,74.0,810.0,645.0,50.0
2025-6242,Winston-Salem,Hard,48.0,250,20250818,15.0,208233,,,Mattia Bellucci,L,175.0,ITA,24.21,207681,,,Francisco Comesana,R,178.0,ARG,24.87,6-4 6-3,3,R64,80.0,1.0,2.0,52.0,35.0,24.0,8.0,9.0,1.0,3.0,5.0,3.0,57.0,33.0,20.0,7.0,10.0,4.0,9.0,63.0,911.0,54.0,962.0
2025-6242,Winston-Salem,Hard,48.0,250,20250818,16.0,900032,,,Stefan Dostanic,R,188.0,,23.79,126846,,,Aleksandar Vukic,R,188.0,AUS,29.37,6-4 6-2,3,R64,64.0,3.0,2.0,44.0,27.0,22.0,11.0,9.0,3.0,4.0,8.0,6.0,52.0,29.0,20.0,8.0,9.0,3.0,7.0,412.0,114.0,93.0,683.0
2025-6242,Winston-Salem,Hard,48.0,250,20250818,17.0,200624,11.0,,Sebastian Korda,R,196.0,USA,25.12,200240,,,Vit Kopriva,R,178.0,CZE,28.18,6-3 6-4,3,R32,83.0,10.0,1.0,60.0,34.0,27.0,14.0,10.0,3.0,4.0,0.0,8.0,59.0,40.0,29.0,5.0,9.0,2.0,5.0,86.0,735.0,87.0,726.0
2025-6242,Winston-Salem,Hard,48.0,250,20250818,18.0,111794,,,Kamil Majchrzak,R,183.0,POL,29.6,132686,7.0,,Nuno Borges,R,185.0,POR,28.49,6-1 6-3,3,R32,67.0,6.0,1.0,48.0,30.0,23.0,11.0,8.0,3.0,3.0,4.0,5.0,60.0,34.0,21.0,10.0,8.0,2.0,6.0,78.0,794.0,42.0,1145.0
2025-6242,Winston-Salem,Hard,48.0,250,20250818,19.0,202104,10.0,,Sebastian Baez,R,170.0,ARG,24.64,105807,,,Pablo Carreno Busta,R,188.0,ESP,34.1,7-5 6-2,3,R32,107.0,3.0,2.0,84.0,60.0,40.0,9.0,10.0,10.0,12.0,1.0,2.0,57.0,37.0,20.0,8.0,10.0,2.0,7.0,40.0,1160.0,113.0,549.0
2025-6242,Winston-Salem,Hard,48.0,250,20250818,20.0,105916,,,Marton Fucsovics,R,188.0,HUN,33.52,134868,,,Tallon Griekspoor,R,188.0,NED,29.13,6-3 4-6 6-3,3,R32,143.0,5.0,5.0,84.0,46.0,36.0,18.0,14.0,5.0,8.0,8.0,6.0,103.0,61.0,40.0,15.0,14.0,10.0,15.0,94.0,679.0,31.0,1655.0
2025-6242,Winston-Salem,Hard,48.0,250,20250818,21.0,209260,3.0,,Luciano Darderi,R,183.0,ITA,23.51,111456,,,Mackenzie McDonald,R,178.0,USA,30.34,7-6(5) 6-7(6) 6-4,3,R32,151.0,22.0,5.0,120.0,66.0,54.0,28.0,17.0,9.0,12.0,20.0,5.0,104.0,69.0,52.0,18.0,17.0,5.0,9.0,34.0,1364.0,102.0,639.0
2025-6242,Winston-Salem,Hard,48.0,250,20250818,22.0,209113,4.0,,Gabriel Diallo,R,203.0,CAN,23.9,210460,,,Nishesh Basavareddy,R,180.0,USA,20.3,W/O,3,R32,,,,,,,,,,,,,,,,,,,,33.0,1388.0,106.0,593.0
2025-6242,Winston-Salem,Hard,48.0,250,20250818,23.0,122298,,,Botic van de Zandschulp,R,191.0,NED,29.87,208286,6.0,,Matteo Arnaldi,R,185.0,ITA,24.48,6-3 6-3,3,R32,92.0,8.0,1.0,74.0,38.0,25.0,14.0,9.0,5.0,8.0,1.0,4.0,47.0,27.0,24.0,12.0,9.0,0.0,0.0,92.0,684.0,62.0,915.0
2025-6242,Winston-Salem,Hard,48.0,250,20250818,24.0,124186,8.0,,Alexandre Muller,R,183.0,FRA,28.54,210464,,,Darwin Blanch,L,185.0,USA,17.89,6-7(3) 6-3 7-5,3,R32,133.0,6.0,3.0,97.0,58.0,44.0,25.0,17.0,5.0,7.0,10.0,5.0,107.0,60.0,43.0,22.0,16.0,7.0,11.0,38.0,1193.0,409.0,115.0
2025-6242,Winston-Salem,Hard,48.0,250,20250818,25.0,208659,9.0,,Giovanni Mpetshi Perricard,R,203.0,FRA,22.11,124079,,,Pedro Martinez,R,185.0,ESP,28.31,2-6 6-3 7-6(3),3,R32,111.0,2.0,4.0,71.0,44.0,33.0,19.0,14.0,0.0,2.0,11.0,4.0,93.0,69.0,52.0,11.0,15.0,1.0,4.0,39.0,1185.0,64.0,910.0
2025-6242,Winston-Salem,Hard,48.0,250,20250818,26.0,144719,12.0,,Jaume Munar,R,183.0,ESP,28.29,208233,,,Mattia Bellucci,L,175.0,ITA,24.21,6-3 6-1,3,R32,88.0,4.0,2.0,48.0,25.0,21.0,11.0,8.0,2.0,3.0,1.0,2.0,55.0,36.0,17.0,8.0,8.0,6.0,11.0,46.0,1077.0,63.0,911.0
2025-6242,Winston-Salem,Hard,48.0,250,20250818,27.0,200175,13.0,,Miomir Kecmanovic,R,183.0,SRB,25.97,206499,,,Aleksandar Kovacevic,R,183.0,USA,26.97,6-4 7-6(5),3,R32,92.0,11.0,5.0,71.0,41.0,32.0,16.0,11.0,2.0,3.0,8.0,6.0,70.0,46.0,34.0,9.0,11.0,1.0,3.0,45.0,1086.0,71.0,859.0
2025-6242,Winston-Salem,Hard,48.0,250,20250818,28.0,105138,14.0,,Roberto Bautista Agut,R,183.0,ESP,37.34,900000,,,Christopher O'Connell,R,183.0,AUS,31.21,6-4 RET,3,R32,51.0,2.0,1.0,26.0,14.0,7.0,3.0,5.0,0.0,3.0,2.0,0.0,37.0,27.0,16.0,5.0,5.0,3.0,5.0,47.0,1060.0,79.0,784.0
2025-6242,Winston-Salem,Hard,48.0,250,20250818,29.0,209098,,,Hamad Medjedovic,R,188.0,SRB,22.09,207985,15.0,,Jacob Fearnley,R,183.0,GBR,24.09,6-4 7-6(2),3,R32,94.0,10.0,0.0,65.0,49.0,37.0,9.0,11.0,2.0,3.0,12.0,4.0,71.0,43.0,31.0,15.0,11.0,3.0,5.0,65.0,907.0,59.0,939.0
2025-6242,Winston-Salem,Hard,48.0,250,20250818,30.0,208363,,,Mariano Navone,R,178.0,ARG,24.47,106218,,,Marcos Giron,R,180.0,USA,32.07,6-2 6-2,3,R32,84.0,2.0,4.0,54.0,27.0,20.0,15.0,8.0,5.0,6.0,3.0,3.0,56.0,27.0,17.0,9.0,8.0,4.0,9.0,74.0,810.0,55.0,960.0
2025-6242,Winston-Salem,Hard,48.0,250,20250818,31.0,132283,5.0,,Lorenzo Sonego,R,191.0,ITA,30.27,900032,,,Stefan Dostanic,R,188.0,,23.79,6-3 6-7(2) 7-6(3),3,R32,173.0,7.0,6.0,110.0,77.0,57.0,16.0,17.0,5.0,7.0,6.0,6.0,112.0,76.0,50.0,18.0,16.0,5.0,8.0,35.0,1315.0,412.0,114.0
2025-6242,Winston-Salem,Hard,48.0,250,20250818,32.0,900002,,,Yunchaokete Bu,R,185.0,CHN,23.58,126774,1.0,,Stefanos Tsitsipas,R,193.0,GRE,27.02,6-3 6-2,3,R32,88.0,3.0,2.0,61.0,35.0,23.0,14.0,9.0,5.0,7.0,4.0,4.0,56.0,33.0,21.0,6.0,8.0,9.0,14.0,76.0,801.0,28.0,1790.0
2025-6242,Winston-Salem,Hard,48.0,250,20250818,33.0,200175,13.0,,Miomir Kecmanovic,R,183.0,SRB,25.97,209260,3.0,,Luciano Darderi,R,183.0,ITA,23.51,6-3 6-1,3,R16,58.0,5.0,1.0,41.0,25.0,23.0,6.0,8.0,0.0,1.0,2.0,6.0,50.0,27.0,16.0,8.0,8.0,2.0,7.0,45.0,1086.0,34.0,1364.0
2025-6242,Winston-Salem,Hard,48.0,250,20250818,34.0,209098,,,Hamad Medjedovic,R,188.0,SRB,22.09,209113,4.0,,Gabriel Diallo,R,203.0,CAN,23.9,6-4 6-2,3,R16,83.0,8.0,2.0,51.0,32.0,24.0,14.0,9.0,1.0,1.0,8.0,0.0,59.0,41.0,24.0,9.0,9.0,1.0,4.0,65.0,907.0,33.0,1388.0
2025-6242,Winston-Salem,Hard,48.0,250,20250818,35.0,144719,12.0,,Jaume Munar,R,183.0,ESP,28.29,132283,5.0,,Lorenzo Sonego,R,191.0,ITA,30.27,4-6 6-4 6-1,3,R16,141.0,5.0,1.0,78.0,48.0,36.0,17.0,14.0,4.0,7.0,4.0,1.0,81.0,51.0,31.0,16.0,13.0,7.0,12.0,46.0,1077.0,35.0,1315.0
2025-6242,Winston-Salem,Hard,48.0,250,20250818,36.0,208659,9.0,,Giovanni Mpetshi Perricard,R,203.0,FRA,22.11,124186,8.0,,Alexandre Muller,R,183.0,FRA,28.54,6-3 6-2,3,R16,62.0,4.0,2.0,53.0,40.0,25.0,6.0,8.0,3.0,6.0,8.0,1.0,49.0,37.0,28.0,8.0,9.0,0.0,0.0,39.0,1185.0,38.0,1193.0
2025-6242,Winston-Salem,Hard,48.0,250,20250818,37.0,122298,,,Botic van de Zandschulp,R,191.0,NED,29.87,202104,10.0,,Sebastian Baez,R,170.0,ARG,24.64,0-6 6-1 6-4,3,R16,109.0,6.0,4.0,65.0,37.0,25.0,13.0,11.0,7.0,11.0,2.0,1.0,69.0,52.0,33.0,7.0,12.0,2.0,7.0,92.0,684.0,40.0,1160.0
2025-6242,Winston-Salem,Hard,48.0,250,20250818,38.0,200624,11.0,,Sebastian Korda,R,196.0,USA,25.12,111794,,,Kamil Majchrzak,R,183.0,POL,29.6,6-7(3) 6-3 6-4,3,R16,128.0,19.0,2.0,102.0,56.0,46.0,27.0,16.0,6.0,6.0,10.0,2.0,85.0,51.0,41.0,18.0,15.0,3.0,5.0,86.0,735.0,78.0,794.0
2025-6242,Winston-Salem,Hard,48.0,250,20250818,39.0,105916,,,Marton Fucsovics,R,188.0,HUN,33.52,105138,14.0,,Roberto Bautista Agut,R,183.0,ESP,37.34,6-4 6-3,3,R16,93.0,0.0,1.0,50.0,28.0,25.0,13.0,9.0,1.0,1.0,2.0,3.0,59.0,35.0,22.0,14.0,10.0,1.0,4.0,94.0,679.0,47.0,1060.0
2025-6242,Winston-Salem,Hard,48.0,250,20250818,40.0,900002,,,Yunchaokete Bu,R,185.0,CHN,23.58,208363,,,Mariano Navone,R,178.0,ARG,24.47,6-4 6-4,3,R16,100.0,0.0,3.0,65.0,34.0,26.0,15.0,10.0,6.0,7.0,3.0,4.0,60.0,39.0,27.0,9.0,10.0,6.0,9.0,76.0,801.0,74.0,810.0
2025-6242,Winston-Salem,Hard,48.0,250,20250818,41.0,200624,11.0,,Sebastian Korda,R,196.0,USA,25.12,200175,13.0,,Miomir Kecmanovic,R,183.0,SRB,25.97,6-1 6-4,3,QF,68.0,14.0,1.0,60.0,38.0,30.0,9.0,9.0,2.0,3.0,3.0,4.0,51.0,29.0,18.0,9.0,8.0,2.0,6.0,86.0,735.0,45.0,1086.0
2025-6242,Winston-Salem,Hard,48.0,250,20250818,42.0,105916,,,Marton Fucsovics,R,188.0,HUN,33.52,144719,12.0,,Jaume Munar,R,183.0,ESP,28.29,7-5 6-3,3,QF,100.0,2.0,1.0,52.0,35.0,27.0,5.0,10.0,1.0,4.0,5.0,1.0,63.0,38.0,22.0,9.0,11.0,3.0,9.0,94.0,679.0,46.0,1077.0
2025-6242,Winston-Salem,Hard,48.0,250,20250818,43.0,208659,9.0,,Giovanni Mpetshi Perricard,R,203.0,FRA,22.11,209098,,,Hamad Medjedovic,R,188.0,SRB,22.09,7-6(8) 6-2,3,QF,88.0,15.0,0.0,63.0,41.0,34.0,14.0,10.0,1.0,1.0,13.0,4.0,64.0,44.0,32.0,10.0,10.0,2.0,4.0,39.0,1185.0,65.0,907.0
2025-6242,Winston-Salem,Hard,48.0,250,20250818,44.0,122298,,,Botic van de Zandschulp,R,191.0,NED,29.87,900002,,,Yunchaokete Bu,R,185.0,CHN,23.58,6-3 5-7 6-3,3,QF,158.0,7.0,4.0,88.0,59.0,43.0,15.0,15.0,5.0,8.0,3.0,1.0,106.0,53.0,30.0,30.0,15.0,7.0,12.0,92.0,684.0,76.0,801.0
2025-6242,Winston-Salem,Hard,48.0,250,20250818,45.0,105916,,,Marton Fucsovics,R,188.0,HUN,33.52,200624,11.0,,Sebastian Korda,R,196.0,USA,25.12,W/O,3,SF,,,,,,,,,,,,,,,,,,,,94.0,679.0,86.0,735.0
2025-6242,Winston-Salem,Hard,48.0,250,20250818,46.0,122298,,,Botic van de Zandschulp,R,191.0,NED,29.87,208659,9.0,,Giovanni Mpetshi Perricard,R,203.0,FRA,22.11,6-4 7-5,3,SF,96.0,7.0,2.0,64.0,45.0,32.0,7.0,11.0,3.0,6.0,6.0,3.0,62.0,35.0,28.0,16.0,11.0,1.0,2.0,92.0,684.0,39.0,1185.0
2025-6242,Winston-Salem,Hard,48.0,250,20250818,47.0,105916,,,Marton Fucsovics,R,188.0,HUN,33.52,122298,,,Botic van de Zandschulp,R,191.0,NED,29.87,6-3 7-6(3),3,F,111.0,4.0,3.0,72.0,43.0,31.0,15.0,11.0,2.0,5.0,2.0,3.0,72.0,41.0,30.0,9.0,10.0,3.0,7.0,94.0,679.0,92.0,684.0
2025-560,US Open,Hard,128.0,G,20250824,1.0,200221,18.0,,Alejandro Davidovich Fokina,R,180.0,ESP,26.22,207686,,,Alexander Shevchenko,R,188.0,KAZ,24.73,6-1 6-1 6-2,5,R128,129.0,6.0,2.0,66.0,37.0,29.0,17.0,11.0,4.0,4.0,1.0,2.0,62.0,29.0,17.0,10.0,11.0,2.0,9.0,18.0,2185.0,91.0,692.0
2025-560,US Open,Hard,128.0,G,20250824,2.0,126203,4.0,,Taylor Fritz,R,196.0,USA,27.82,207182,,,Emilio Nava,R,185.0,USA,23.73,7-5 6-2 6-3,5,R128,120.0,11.0,5.0,90.0,59.0,44.0,20.0,15.0,4.0,4.0,9.0,6.0,100.0,64.0,42.0,18.0,14.0,6.0,10.0,4.0,5575.0,101.0,640.0
2025-560,US Open,Hard,128.0,G,20250824,3.0,210097,6.0,,Ben Shelton,L,193.0,USA,22.87,209860,,,Ignacio Buse,R,183.0,PER,21.42,6-3 6-2 6-4,5,R128,128.0,5.0,3.0,88.0,55.0,43.0,18.0,14.0,5.0,5.0,2.0,6.0,91.0,48.0,35.0,18.0,13.0,9.0,13.0,6.0,4280.0,135.0,473.0
2025-560,US Open,Hard,128.0,G,20250824,4.0,210150,16.0,,Jakub Mensik,R,196.0,CZE,19.98,111797,,,Nicolas Jarry,R,201.0,CHI,29.87,7-6(5) 6-3 6-4,5,R128,147.0,16.0,3.0,106.0,57.0,46.0,23.0,16.0,8.0,10.0,13.0,5.0,97.0,63.0,43.0,15.0,15.0,5.0,9.0,16.0,2430.0,102.0,628.0
2025-560,US Open,Hard,128.0,G,20250824,5.0,209260,32.0,,Luciano Darderi,R,183.0,ITA,23.52,208014,,,Rinky Hijikata,R,178.0,AUS,24.5,6-2 6-1 6-2,5,R128,85.0,11.0,6.0,62.0,35.0,33.0,14.0,12.0,0.0,0.0,3.0,5.0,68.0,38.0,24.0,10.0,13.0,2.0,8.0,34.0,1379.0,103.0,623.0
2025-560,US Open,Hard,128.0,G,20250824,6.0,126239,,,Arthur Rinderknech,R,196.0,FRA,30.09,106148,,,Roberto Carballes Baena,R,183.0,ESP,32.42,7-6(2) 7-5 4-6 6-2,5,R128,234.0,14.0,6.0,128.0,122.0,89.0,0.0,21.0,5.0,6.0,4.0,5.0,151.0,146.0,93.0,0.0,21.0,10.0,13.0,82.0,782.0,87.0,740.0
2025-560,US Open,Hard,128.0,G,20250824,7.0,207830,21.0,,Tomas Machac,R,183.0,CZE,24.86,208134,,,Luca Nardi,R,185.0,ITA,22.05,6-3 6-1 6-1,5,R128,83.0,10.0,0.0,58.0,43.0,34.0,11.0,11.0,2.0,2.0,1.0,10.0,72.0,35.0,22.0,14.0,12.0,7.0,14.0,22.0,2110.0,86.0,755.0
2025-560,US Open,Hard,128.0,G,20250824,8.0,200259,,,Ugo Blanchet,R,175.0,FRA,26.63,206681,,,Fabian Marozsan,R,193.0,HUN,25.88,6-4 3-6 7-6(7) 6-2,5,R128,170.0,10.0,7.0,130.0,76.0,55.0,28.0,19.0,3.0,6.0,8.0,6.0,126.0,81.0,54.0,26.0,20.0,4.0,9.0,184.0,295.0,53.0,975.0
2025-560,US Open,Hard,128.0,G,20250824,9.0,208118,,,Eliot Spizzirri,R,185.0,USA,23.67,900032,,,Stefan Dostanic,R,188.0,USA,23.8,7-5 6-4 7-6(4),5,R128,162.0,5.0,3.0,120.0,94.0,62.0,16.0,17.0,8.0,10.0,12.0,3.0,124.0,100.0,64.0,8.0,17.0,9.0,13.0,127.0,493.0,389.0,127.0
2025-560,US Open,Hard,128.0,G,20250824,10.0,208103,20.0,,Jiri Lehecka,R,185.0,CZE,23.79,106432,,,Borna Coric,R,188.0,CRO,28.77,3-6 6-4 7-6(5) 6-1,5,R128,194.0,13.0,6.0,118.0,72.0,57.0,23.0,20.0,2.0,5.0,7.0,7.0,122.0,74.0,49.0,25.0,18.0,4.0,8.0,21.0,2115.0,105.0,595.0
2025-560,US Open,Hard,128.0,G,20250824,11.0,105173,,,Adrian Mannarino,L,180.0,FRA,37.15,134868,29.0,,Tallon Griekspoor,R,188.0,NED,29.14,7-5 6-4 6-0,5,R128,147.0,14.0,3.0,86.0,46.0,41.0,21.0,14.0,8.0,9.0,14.0,10.0,99.0,58.0,40.0,11.0,14.0,10.0,16.0,77.0,811.0,30.0,1655.0
2025-560,US Open,Hard,128.0,G,20250824,12.0,105807,,,Pablo Carreno Busta,R,188.0,ESP,34.12,208010,,,Pablo Llamas Ruiz,R,188.0,ESP,22.86,7-6(7) 6-4 6-2,5,R128,147.0,12.0,8.0,119.0,78.0,56.0,16.0,15.0,11.0,14.0,4.0,1.0,98.0,66.0,48.0,23.0,15.0,5.0,5.0,137.0,468.0,361.0,136.0
2025-560,US Open,Hard,128.0,G,20250824,13.0,144869,,,Tomas Martin Etcheverry,R,196.0,ARG,26.1,200116,,,Camilo Ugo Carabelli,R,185.0,ARG,26.19,6-3 6-2 6-0,5,R128,106.0,10.0,0.0,67.0,48.0,37.0,11.0,12.0,0.0,1.0,4.0,8.0,67.0,34.0,15.0,13.0,11.0,4.0,11.0,59.0,940.0,43.0,1123.0
2025-560,US Open,Hard,128.0,G,20250824,14.0,208260,,,Zachary Svajda,R,175.0,USA,22.74,200436,,,Zsombor Piros,R,180.0,HUN,25.86,6-4 6-2 7-5,5,R128,125.0,14.0,1.0,85.0,54.0,39.0,12.0,15.0,3.0,8.0,5.0,6.0,88.0,51.0,27.0,12.0,15.0,5.0,14.0,145.0,421.0,156.0,362.0
2025-560,US Open,Hard,128.0,G,20250824,15.0,208843,,,Jerome Kym,R,198.0,SUI,22.53,210319,,,Ethan Quinn,R,191.0,USA,21.45,6-3 6-2 3-6 7-6(5),5,R128,153.0,12.0,5.0,134.0,129.0,85.0,1.0,41.0,3.0,5.0,15.0,1.0,125.0,124.0,75.0,0.0,43.0,4.0,8.0,175.0,309.0,84.0,771.0
2025-560,US Open,Hard,128.0,G,20250824,16.0,111442,,,Jordan Thompson,R,183.0,AUS,31.35,144895,,,Corentin Moutet,L,180.0,FRA,26.35,6-2 6-4 1-6 6-3,5,R128,176.0,11.0,2.0,100.0,63.0,44.0,22.0,17.0,5.0,8.0,4.0,5.0,113.0,61.0,42.0,24.0,17.0,9.0,14.0,58.0,945.0,40.0,1146.0
2025-560,US Open,Hard,128.0,G,20250824,17.0,104925,7.0,,Novak Djokovic,R,188.0,SRB,38.26,210530,,,Learner Tien,L,180.0,USA,19.73,6-1 7-6(3) 6-2,5,R128,144.0,7.0,4.0,94.0,56.0,43.0,18.0,14.0,6.0,8.0,1.0,7.0,89.0,58.0,32.0,10.0,13.0,3.0,9.0,7.0,4130.0,50.0,1000.0
2025-560,US Open,Hard,128.0,G,20250824,18.0,126127,,,Benjamin Bonzi,R,183.0,FRA,29.21,106421,13.0,,Daniil Medvedev,R,198.0,RUS,29.53,6-3 7-5 6-7(5) 0-6 6-4,5,R128,226.0,7.0,4.0,157.0,107.0,70.0,29.0,25.0,13.0,19.0,21.0,10.0,149.0,92.0,68.0,24.0,24.0,10.0,16.0,51.0,999.0,13.0,2760.0
2025-560,US Open,Hard,128.0,G,20250824,19.0,206909,30.0,,Brandon Nakashima,R,188.0,USA,24.06,207411,,,Jesper de Jong,R,180.0,NED,25.23,6-2 6-7(5) 2-6 6-2 7-6(7),5,R128,226.0,17.0,4.0,149.0,88.0,71.0,33.0,24.0,4.0,7.0,17.0,8.0,147.0,88.0,60.0,35.0,24.0,5.0,10.0,31.0,1570.0,83.0,774.0
2025-560,US Open,Hard,128.0,G,20250824,20.0,106218,,,Marcos Giron,R,180.0,USA,32.08,208363,,,Mariano Navone,R,178.0,ARG,24.49,6-0 7-5 4-6 5-7 6-4,5,R128,255.0,2.0,5.0,172.0,103.0,66.0,37.0,25.0,11.0,17.0,4.0,11.0,156.0,101.0,60.0,25.0,25.0,7.0,16.0,55.0,960.0,78.0,810.0
2025-560,US Open,Hard,128.0,G,20250824,21.0,200267,,,Zizou Bergs,R,185.0,BEL,26.23,202358,,,Chun-Hsin Tseng,R,175.0,TPE,24.04,6-3 6-4 6-3,5,R128,115.0,7.0,5.0,68.0,41.0,28.0,15.0,14.0,1.0,5.0,0.0,3.0,77.0,44.0,20.0,14.0,14.0,4.0,12.0,48.0,1039.0,118.0,529.0
2025-560,US Open,Hard,128.0,G,20250824,22.0,102093,,,Martin Damm,L,203.0,USA,21.902,210464,,,Darwin Blanch,L,185.0,USA,17.91,6-3 6-4 6-4,5,R128,101.0,24.0,4.0,85.0,56.0,46.0,17.0,15.0,3.0,3.0,11.0,3.0,78.0,55.0,39.0,12.0,14.0,3.0,6.0,431.0,106.0,364.0,136.0
2025-560,US Open,Hard,128.0,G,20250824,23.0,144750,,,Lloyd Harris,R,193.0,RSA,28.5,202104,,,Sebastian Baez,R,170.0,ARG,24.65,6-3 7-5 6-4,5,R128,136.0,9.0,5.0,89.0,84.0,59.0,1.0,16.0,4.0,7.0,3.0,2.0,96.0,94.0,50.0,15.0,0.0,5.0,11.0,353.0,139.0,39.0,1175.0
2025-560,US Open,Hard,128.0,G,20250824,24.0,111815,,,Cameron Norrie,L,188.0,GBR,30.0,200624,,,Sebastian Korda,R,196.0,USA,25.14,7-5 6-4 RET,5,R128,106.0,3.0,3.0,78.0,48.0,37.0,16.0,11.0,6.0,6.0,12.0,3.0,77.0,40.0,30.0,16.0,11.0,5.0,7.0,35.0,1297.0,75.0,835.0
2025-560,US Open,Hard,128.0,G,20250824,25.0,209409,,,Coleman Wong,R,191.0,HKG,21.22,206499,,,Aleksandar Kovacevic,R,183.0,USA,26.99,6-4 7-5 7-6(4),5,R128,148.0,22.0,1.0,103.0,56.0,42.0,32.0,17.0,4.0,6.0,10.0,9.0,100.0,62.0,48.0,18.0,17.0,5.0,9.0,173.0,315.0,71.0,862.0
2025-560,US Open,Hard,128.0,G,20250824,26.0,200443,,,Adam Walton,R,183.0,AUS,26.35,200005,22.0,,Ugo Humbert,L,188.0,FRA,27.16,6-4 7-6(4) 5-7 6-1,5,R128,175.0,15.0,5.0,118.0,69.0,61.0,29.0,21.0,2.0,3.0,19.0,8.0,132.0,74.0,58.0,29.0,20.0,3.0,6.0,85.0,763.0,23.0,2085.0
2025-560,US Open,Hard,128.0,G,20250824,27.0,207733,5.0,,Jack Draper,L,193.0,GBR,23.67,144870,,,Federico Agustin Gomez,R,191.0,ARG,28.74,6-4 7-5 6-7(7) 6-2,5,R128,185.0,14.0,5.0,133.0,81.0,65.0,28.0,21.0,2.0,4.0,15.0,6.0,129.0,81.0,55.0,25.0,21.0,5.0,11.0,5.0,4440.0,203.0,268.0
2025-560,US Open,Hard,128.0,G,20250824,28.0,207681,,,Francisco Comesana,R,178.0,ARG,24.88,210506,28.0,,Alex Michelsen,R,193.0,USA,21.0,1-6 6-3 6-4 6-4,5,R128,159.0,9.0,7.0,110.0,55.0,45.0,20.0,18.0,5.0,9.0,4.0,5.0,106.0,72.0,48.0,18.0,18.0,4.0,9.0,54.0,962.0,32.0,1525.0
2025-560,US Open,Hard,128.0,G,20250824,29.0,209920,,,Raphael Collignon,R,191.0,BEL,23.61,123755,,,Daniel Elahi Galan,R,191.0,COL,29.18,6-4 6-4 6-4,5,R128,140.0,6.0,5.0,95.0,58.0,42.0,23.0,15.0,5.0,6.0,8.0,6.0,106.0,59.0,42.0,21.0,15.0,7.0,11.0,107.0,583.0,131.0,480.0
2025-560,US Open,Hard,128.0,G,20250824,30.0,211663,,,Joao Fonseca,R,188.0,BRA,19.01,200175,,,Miomir Kecmanovic,R,183.0,SRB,25.98,7-6(3) 7-6(5) 6-3,5,R128,148.0,14.0,0.0,101.0,63.0,47.0,24.0,16.0,1.0,3.0,6.0,6.0,124.0,69.0,51.0,24.0,17.0,5.0,9.0,45.0,1095.0,42.0,1126.0
2025-560,US Open,Hard,128.0,G,20250824,31.0,126207,17.0,,Frances Tiafoe,R,188.0,USA,27.59,106415,,,Yoshihito Nishioka,L,170.0,JPN,29.91,6-3 7-6(6) 6-3,5,R128,149.0,19.0,2.0,108.0,64.0,50.0,20.0,16.0,4.0,6.0,5.0,0.0,101.0,64.0,39.0,16.0,14.0,8.0,12.0,17.0,2340.0,149.0,399.0
2025-560,US Open,Hard,128.0,G,20250824,32.0,207925,24.0,,Flavio Cobolli,R,183.0,ITA,23.3,208859,,,Francesco Passaro,R,180.0,ITA,24.63,7-5 4-6 6-4 3-6 6-3,5,R128,226.0,7.0,15.0,161.0,65.0,47.0,51.0,25.0,9.0,15.0,15.0,12.0,163.0,95.0,68.0,28.0,25.0,11.0,18.0,26.0,2040.0,120.0,524.0
2025-560,US Open,Hard,128.0,G,20250824,33.0,208233,,,Mattia Bellucci,L,175.0,ITA,24.23,209992,,,Juncheng Shang,L,180.0,CHN,20.56,7-6(0) 1-6 6-3 3-0 RET,5,R128,174.0,12.0,4.0,106.0,65.0,44.0,21.0,15.0,12.0,16.0,3.0,7.0,123.0,71.0,43.0,23.0,16.0,6.0,11.0,65.0,914.0,111.0,550.0
2025-560,US Open,Hard,128.0,G,20250824,34.0,144719,,,Jaume Munar,R,183.0,ESP,28.3,210262,,,Jaime Faria,R,188.0,POR,22.05,6-0 6-3 5-7 6-2,5,R128,166.0,5.0,7.0,117.0,83.0,59.0,13.0,18.0,5.0,9.0,3.0,5.0,95.0,49.0,31.0,17.0,17.0,4.0,13.0,44.0,1117.0,117.0,530.0
2025-560,US Open,Hard,128.0,G,20250824,35.0,111575,9.0,,Karen Khachanov,R,198.0,RUS,29.26,210460,,,Nishesh Basavareddy,R,180.0,USA,20.31,6-7(5) 6-3 7-5 6-1,5,R128,192.0,19.0,6.0,125.0,76.0,61.0,25.0,20.0,8.0,10.0,3.0,5.0,129.0,68.0,44.0,31.0,20.0,1.0,8.0,9.0,3240.0,104.0,604.0
2025-560,US Open,Hard,128.0,G,20250824,36.0,208029,11.0,,Holger Rune,R,188.0,DEN,22.32,122298,,,Botic van de Zandschulp,R,191.0,NED,29.89,6-3 7-6(4) 7-6(2),5,R128,182.0,9.0,7.0,121.0,66.0,45.0,32.0,17.0,2.0,5.0,6.0,11.0,110.0,64.0,45.0,18.0,16.0,5.0,9.0,11.0,3050.0,73.0,849.0
2025-560,US Open,Hard,128.0,G,20250824,37.0,126094,15.0,,Andrey Rublev,R,188.0,RUS,27.84,209976,,,Dino Prizmic,R,188.0,CRO,20.05,6-4 6-4 6-4,5,R128,121.0,9.0,3.0,87.0,43.0,36.0,27.0,15.0,3.0,3.0,6.0,5.0,78.0,46.0,32.0,18.0,15.0,0.0,3.0,15.0,2610.0,124.0,514.0
2025-560,US Open,Hard,128.0,G,20250824,38.0,900001,,,Tristan Boyer,R,188.0,USA,24.34,105902,,,James Duckworth,R,183.0,AUS,33.59,6-3 7-5 6-4,5,R128,124.0,3.0,3.0,87.0,42.0,34.0,24.0,16.0,0.0,3.0,4.0,8.0,92.0,50.0,35.0,15.0,15.0,6.0,12.0,113.0,546.0,106.0,584.0
2025-560,US Open,Hard,128.0,G,20250824,39.0,202385,,,Jenson Brooksby,R,193.0,USA,24.83,126846,,,Aleksandar Vukic,R,188.0,AUS,29.38,6-3 6-7(4) 6-4 3-6 6-4,5,R128,229.0,11.0,9.0,168.0,101.0,69.0,32.0,24.0,11.0,17.0,18.0,7.0,168.0,97.0,70.0,29.0,26.0,11.0,20.0,92.0,687.0,95.0,668.0
2025-560,US Open,Hard,128.0,G,20250824,40.0,111794,,,Kamil Majchrzak,R,183.0,POL,29.61,106198,,,Hugo Dellien,R,180.0,BOL,32.19,6-1 6-4 6-7(5) 6-4,5,R128,190.0,18.0,4.0,141.0,83.0,57.0,26.0,20.0,11.0,16.0,4.0,8.0,149.0,96.0,55.0,22.0,19.0,16.0,25.0,76.0,819.0,121.0,524.0
2025-560,US Open,Hard,128.0,G,20250824,41.0,105526,,,Jan-Lennard Struff,R,193.0,GER,35.33,111456,,,Mackenzie McDonald,R,178.0,USA,30.36,3-6 7-6(4) 6-3 6-3,5,R128,174.0,18.0,14.0,130.0,64.0,57.0,26.0,19.0,4.0,7.0,8.0,12.0,132.0,71.0,49.0,27.0,20.0,3.0,8.0,144.0,428.0,100.0,642.0
2025-560,US Open,Hard,128.0,G,20250824,42.0,134770,12.0,,Casper Ruud,R,183.0,NOR,26.67,124116,,,Sebastian Ofner,R,191.0,AUT,29.28,6-1 6-2 7-6(5),5,R128,116.0,9.0,2.0,90.0,50.0,41.0,24.0,14.0,4.0,4.0,12.0,5.0,89.0,45.0,36.0,17.0,13.0,1.0,5.0,12.0,2905.0,140.0,453.0
2025-560,US Open,Hard,128.0,G,20250824,43.0,209113,31.0,,Gabriel Diallo,R,203.0,CAN,23.92,106000,,,Damir Dzumhur,R,175.0,BIH,33.26,7-6(4) 4-6 7-5 7-5,5,R128,201.0,17.0,2.0,136.0,91.0,67.0,27.0,23.0,2.0,5.0,0.0,7.0,149.0,105.0,73.0,24.0,23.0,6.0,10.0,33.0,1388.0,61.0,933.0
2025-560,US Open,Hard,128.0,G,20250824,44.0,207989,2.0,,Carlos Alcaraz,R,183.0,ESP,22.31,124187,,,Reilly Opelka,R,211.0,USA,27.99,6-4 7-5 6-4,5,R128,127.0,4.0,6.0,84.0,58.0,50.0,16.0,16.0,3.0,3.0,14.0,9.0,105.0,66.0,49.0,16.0,16.0,8.0,11.0,2.0,9590.0,67.0,895.0
2025-560,US Open,Hard,128.0,G,20250824,45.0,206173,1.0,,Jannik Sinner,R,191.0,ITA,24.02,200240,,,Vit Kopriva,R,178.0,CZE,28.19,6-1 6-1 6-2,5,R128,100.0,7.0,1.0,68.0,40.0,33.0,15.0,11.0,2.0,2.0,4.0,8.0,63.0,32.0,19.0,8.0,11.0,3.0,10.0,1.0,11480.0,89.0,732.0
2025-560,US Open,Hard,128.0,G,20250824,46.0,207518,10.0,,Lorenzo Musetti,R,185.0,ITA,23.48,208659,,,Giovanni Mpetshi Perricard,R,203.0,FRA,22.13,6-7(3) 6-3 6-4 6-4,5,R128,156.0,13.0,1.0,100.0,68.0,59.0,28.0,21.0,0.0,0.0,13.0,10.0,125.0,74.0,63.0,26.0,20.0,5.0,8.0,10.0,3205.0,37.0,1275.0
2025-560,US Open,Hard,128.0,G,20250824,47.0,202103,19.0,,Francisco Cerundolo,R,185.0,ARG,27.03,208286,,,Matteo Arnaldi,R,185.0,ITA,24.5,3-6 2-6 7-5 6-4 6-3,5,R128,225.0,3.0,7.0,146.0,78.0,55.0,38.0,24.0,9.0,14.0,10.0,4.0,138.0,71.0,48.0,37.0,24.0,4.0,9.0,19.0,2135.0,64.0,915.0
2025-560,US Open,Hard,128.0,G,20250824,48.0,122330,23.0,,Alexander Bublik,R,196.0,KAZ,28.19,105227,,,Marin Cilic,R,198.0,CRO,36.9,6-4 6-1 6-4,5,R128,114.0,16.0,4.0,79.0,44.0,42.0,16.0,14.0,2.0,2.0,5.0,2.0,78.0,42.0,31.0,15.0,13.0,5.0,9.0,24.0,2055.0,62.0,922.0
2025-560,US Open,Hard,128.0,G,20250824,49.0,133430,27.0,,Denis Shapovalov,L,185.0,CAN,26.36,105916,,,Marton Fucsovics,R,188.0,HUN,33.54,6-4 6-4 6-0,5,R128,123.0,8.0,5.0,79.0,40.0,27.0,22.0,13.0,4.0,7.0,1.0,8.0,86.0,48.0,28.0,11.0,13.0,3.0,11.0,29.0,1748.0,63.0,916.0
2025-560,US Open,Hard,128.0,G,20250824,50.0,105676,,,David Goffin,R,180.0,BEL,34.71,111460,,,Quentin Halys,R,191.0,FRA,28.83,6-7(2) 6-4 6-3 7-5,5,R128,195.0,6.0,11.0,149.0,72.0,46.0,41.0,22.0,10.0,16.0,13.0,17.0,159.0,81.0,56.0,32.0,21.0,13.0,22.0,80.0,784.0,70.0,873.0
2025-560,US Open,Hard,128.0,G,20250824,51.0,208278,,,Shintaro Mochizuki,R,175.0,JPN,22.23,200384,,,Hugo Gaston,L,173.0,FRA,24.91,6-4 6-3 6-4,5,R128,119.0,4.0,5.0,85.0,40.0,28.0,22.0,14.0,6.0,11.0,2.0,4.0,96.0,56.0,29.0,16.0,15.0,14.0,23.0,112.0,550.0,125.0,513.0
2025-560,US Open,Hard,128.0,G,20250824,52.0,200615,,,Alexei Popyrin,R,196.0,AUS,26.05,200325,,,Emil Ruusuvuori,R,188.0,FIN,26.4,6-3 6-4 7-6(3),5,R128,134.0,19.0,3.0,85.0,53.0,46.0,17.0,16.0,0.0,3.0,4.0,9.0,110.0,64.0,41.0,21.0,15.0,9.0,14.0,36.0,1290.0,752.0,36.0
2025-560,US Open,Hard,128.0,G,20250824,53.0,209857,,,Leandro Riedi,R,191.0,SUI,23.57,124079,,,Pedro Martinez,R,185.0,ESP,28.33,6-4 6-2 6-3,5,R128,130.0,15.0,4.0,83.0,55.0,44.0,15.0,13.0,8.0,8.0,0.0,10.0,101.0,53.0,34.0,21.0,14.0,10.0,15.0,435.0,104.0,66.0,913.0
2025-560,US Open,Hard,128.0,G,20250824,54.0,900000,,,Valentin Royer,R,188.0,FRA,24.24,900002,,,Yunchaokete Bu,R,185.0,CHN,23.59,6-1 6-4 7-6(1),5,R128,137.0,12.0,1.0,95.0,63.0,51.0,18.0,15.0,5.0,5.0,11.0,3.0,90.0,50.0,37.0,20.0,14.0,1.0,4.0,98.0,643.0,74.0,841.0
2025-560,US Open,Hard,128.0,G,20250824,55.0,200000,25.0,,Felix Auger-Aliassime,R,193.0,CAN,25.04,126129,,,Billy Harris,R,193.0,GBR,30.58,6-4 7-6(8) 6-4,5,R128,177.0,10.0,5.0,107.0,72.0,53.0,17.0,16.0,7.0,10.0,0.0,2.0,110.0,69.0,45.0,20.0,16.0,3.0,8.0,27.0,1965.0,151.0,382.0
2025-560,US Open,Hard,128.0,G,20250824,56.0,126774,26.0,,Stefanos Tsitsipas,R,193.0,GRE,27.03,124186,,,Alexandre Muller,R,183.0,FRA,28.56,4-6 6-0 6-1 7-6(5),5,R128,138.0,16.0,3.0,105.0,62.0,43.0,25.0,18.0,5.0,7.0,4.0,5.0,111.0,75.0,49.0,14.0,17.0,9.0,15.0,28.0,1790.0,38.0,1208.0
2025-560,US Open,Hard,128.0,G,20250824,57.0,127157,,,Daniel Altmaier,R,188.0,GER,26.949,209098,,,Hamad Medjedovic,R,188.0,SRB,22.103,7-5 6-7(3) 7-6(7) 6-7(5) 6-4,5,R128,289.0,24.0,3.0,181.0,118.0,95.0,30.0,29.0,1.0,4.0,28.0,11.0,197.0,122.0,100.0,32.0,29.0,12.0,17.0,56.0,952.0,57.0,950.0
2025-560,US Open,Hard,128.0,G,20250824,58.0,132686,,,Nuno Borges,R,185.0,POR,28.509,200587,,,Brandon Holt,R,185.0,USA,27.384,6-4 6-2 6-3,5,R128,110.0,10.0,4.0,83.0,54.0,42.0,15.0,14.0,2.0,4.0,5.0,0.0,87.0,46.0,28.0,18.0,13.0,11.0,17.0,41.0,1145.0,110.0,554.0
2025-560,US Open,Hard,128.0,G,20250824,59.0,126128,,,Roman Safiullin,R,185.0,RUS,28.047,104792,,,Gael Monfils,R,193.0,FRA,38.979,6-4 2-6 6-1 3-6 6-4,5,R128,164.0,8.0,3.0,119.0,82.0,60.0,14.0,22.0,1.0,7.0,15.0,10.0,117.0,59.0,44.0,26.0,22.0,5.0,12.0,94.0,676.0,49.0,1015.0
2025-560,US Open,Hard,128.0,G,20250824,60.0,209262,,,Tristan Schoolkate,R,183.0,AUS,24.49,132283,,,Lorenzo Sonego,R,191.0,ITA,30.289,6-3 7-6(8) 1-6 1-6 7-6(6),5,R128,261.0,10.0,11.0,159.0,91.0,69.0,34.0,24.0,8.0,14.0,20.0,9.0,177.0,107.0,78.0,38.0,23.0,12.0,14.0,96.0,654.0,46.0,1090.0
2025-560,US Open,Hard,128.0,G,20250824,61.0,200282,8.0,,Alex de Minaur,R,183.0,AUS,26.516,900000,,,Christopher O'Connell,R,183.0,AUS,31.225,6-3 6-4 6-4,5,R128,114.0,10.0,1.0,78.0,41.0,37.0,24.0,15.0,0.0,0.0,7.0,1.0,93.0,60.0,44.0,15.0,14.0,8.0,11.0,8.0,3545.0,81.0,784.0
2025-560,US Open,Hard,128.0,G,20250824,62.0,100644,3.0,,Alexander Zverev,R,198.0,GER,28.345,126214,,,Alejandro Tabilo,L,188.0,CHI,28.227,6-2 7-6(4) 6-4,5,R128,129.0,9.0,3.0,100.0,67.0,54.0,20.0,15.0,6.0,6.0,8.0,2.0,86.0,54.0,43.0,16.0,15.0,2.0,5.0,3.0,6230.0,122.0,517.0
2025-560,US Open,Hard,128.0,G,20250824,63.0,126205,14.0,,Tommy Paul,R,185.0,USA,28.271,209284,,,Elmer Moller,R,183.0,DEN,22.127,6-3 6-3 6-1,5,R128,109.0,4.0,3.0,73.0,37.0,31.0,23.0,13.0,0.0,0.0,1.0,12.0,83.0,41.0,28.0,18.0,12.0,5.0,10.0,14.0,2610.0,109.0,560.0
2025-560,US Open,Hard,128.0,G,20250824,64.0,207985,,,Jacob Fearnley,R,183.0,GBR,24.11,105138,,,Roberto Bautista Agut,R,183.0,ESP,37.361,7-5 6-2 5-7 6-4,5,R128,206.0,20.0,18.0,148.0,74.0,63.0,32.0,21.0,11.0,15.0,2.0,9.0,133.0,84.0,52.0,22.0,21.0,5.0,12.0,60.0,939.0,47.0,1075.0
2025-560,US Open,Hard,128.0,G,20250824,65.0,208103,20.0,,Jiri Lehecka,R,185.0,CZE,23.792,144869,,,Tomas Martin Etcheverry,R,196.0,ARG,26.103,3-6 6-0 6-2 6-4,5,R64,157.0,12.0,4.0,88.0,66.0,50.0,13.0,17.0,1.0,3.0,5.0,6.0,114.0,67.0,40.0,23.0,16.0,8.0,14.0,21.0,2115.0,59.0,940.0
2025-560,US Open,Hard,128.0,G,20250824,66.0,200267,,,Zizou Bergs,R,185.0,BEL,26.226,207733,5.0,,Jack Draper,L,193.0,GBR,23.671,W/O,5,R64,,,,,,,,,,,,,,,,,,,,48.0,1039.0,5.0,4440.0
2025-560,US Open,Hard,128.0,G,20250824,67.0,104925,7.0,,Novak Djokovic,R,188.0,SRB,38.259,208260,,,Zachary Svajda,R,175.0,USA,22.735,6-7(5) 6-3 6-3 6-1,5,R64,154.0,10.0,4.0,104.0,62.0,52.0,27.0,19.0,2.0,3.0,8.0,3.0,115.0,84.0,54.0,16.0,18.0,9.0,15.0,7.0,4130.0,145.0,421.0
2025-560,US Open,Hard,128.0,G,20250824,68.0,207830,21.0,,Tomas Machac,R,183.0,CZE,24.862,211663,,,Joao Fonseca,R,188.0,BRA,19.009,7-6(4) 6-2 6-3,5,R64,121.0,3.0,2.0,93.0,59.0,47.0,21.0,15.0,4.0,4.0,9.0,4.0,79.0,55.0,40.0,14.0,14.0,3.0,6.0,22.0,2110.0,45.0,1095.0
2025-560,US Open,Hard,128.0,G,20250824,69.0,208843,,,Jerome Kym,R,198.0,SUI,22.53,206909,30.0,,Brandon Nakashima,R,188.0,USA,24.057,4-6 7-6(2) 7-5 3-6 7-6(8),5,R64,265.0,28.0,5.0,171.0,114.0,81.0,31.0,27.0,6.0,11.0,22.0,9.0,198.0,130.0,97.0,32.0,28.0,10.0,14.0,175.0,309.0,31.0,1570.0
2025-560,US Open,Hard,128.0,G,20250824,70.0,126203,4.0,,Taylor Fritz,R,196.0,USA,27.822,144750,,,Lloyd Harris,R,193.0,RSA,28.496,4-6 7-6(3) 6-2 6-4,5,R64,203.0,17.0,3.0,135.0,85.0,64.0,24.0,20.0,5.0,8.0,10.0,6.0,147.0,80.0,57.0,27.0,20.0,9.0,14.0,4.0,5575.0,353.0,139.0
2025-560,US Open,Hard,128.0,G,20250824,71.0,209920,,,Raphael Collignon,R,191.0,BEL,23.611,134770,12.0,,Casper Ruud,R,183.0,NOR,26.672,6-4 3-6 3-6 6-4 7-5,5,R64,214.0,18.0,17.0,161.0,98.0,68.0,26.0,25.0,7.0,13.0,12.0,3.0,140.0,83.0,61.0,29.0,25.0,7.0,13.0,107.0,583.0,12.0,2905.0
2025-560,US Open,Hard,128.0,G,20250824,72.0,126127,,,Benjamin Bonzi,R,183.0,FRA,29.207,106218,,,Marcos Giron,R,180.0,USA,32.085,2-6 4-6 7-5 6-3 6-4,5,R64,223.0,12.0,7.0,166.0,144.0,92.0,9.0,25.0,10.0,15.0,7.0,3.0,154.0,140.0,88.0,8.0,24.0,10.0,15.0,51.0,999.0,55.0,960.0
2025-560,US Open,Hard,128.0,G,20250824,73.0,126207,17.0,,Frances Tiafoe,R,188.0,USA,27.592,102093,,,Martin Damm,L,203.0,USA,21.902,6-4 7-5 6-7(8) 7-5,5,R64,179.0,13.0,1.0,123.0,81.0,69.0,31.0,23.0,3.0,3.0,27.0,7.0,142.0,89.0,69.0,31.0,23.0,6.0,9.0,17.0,2340.0,431.0,106.0
2025-560,US Open,Hard,128.0,G,20250824,74.0,126239,,,Arthur Rinderknech,R,196.0,FRA,30.089,200221,18.0,,Alejandro Davidovich Fokina,R,180.0,ESP,26.22,6-4 3-6 2-6 6-2 6-3,5,R64,196.0,8.0,9.0,132.0,82.0,58.0,24.0,22.0,7.0,12.0,6.0,5.0,130.0,83.0,58.0,25.0,22.0,7.0,13.0,82.0,782.0,18.0,2185.0
2025-560,US Open,Hard,128.0,G,20250824,75.0,111815,,,Cameron Norrie,L,188.0,GBR,30.004,207681,,,Francisco Comesana,R,178.0,ARG,24.882,7-6(5) 6-3 6-7(0) 7-6(4),5,R64,243.0,8.0,6.0,165.0,124.0,78.0,19.0,22.0,14.0,20.0,16.0,12.0,170.0,117.0,71.0,24.0,23.0,12.0,20.0,35.0,1297.0,54.0,962.0
2025-560,US Open,Hard,128.0,G,20250824,76.0,200259,,,Ugo Blanchet,R,175.0,FRA,26.634,210150,16.0,,Jakub Mensik,R,196.0,CZE,19.978,6-7(2) 7-6(5) 3-6 6-4 7-6(7),5,R64,268.0,13.0,10.0,184.0,136.0,99.0,21.0,27.0,5.0,9.0,29.0,12.0,184.0,138.0,97.0,25.0,28.0,3.0,7.0,184.0,295.0,16.0,2430.0
2025-560,US Open,Hard,128.0,G,20250824,77.0,209260,32.0,,Luciano Darderi,R,183.0,ITA,23.524,208118,,,Eliot Spizzirri,R,185.0,USA,23.669,6-0 7-6(3) 2-6 6-4,5,R64,153.0,12.0,7.0,111.0,63.0,49.0,26.0,18.0,3.0,6.0,11.0,1.0,104.0,70.0,44.0,19.0,18.0,1.0,6.0,34.0,1379.0,127.0,493.0
2025-560,US Open,Hard,128.0,G,20250824,78.0,210097,6.0,,Ben Shelton,L,193.0,USA,22.875,105807,,,Pablo Carreno Busta,R,188.0,ESP,34.119,6-4 6-2 6-4,5,R64,119.0,8.0,2.0,78.0,52.0,38.0,14.0,14.0,2.0,4.0,14.0,2.0,85.0,58.0,34.0,10.0,0.0,1.0,7.0,6.0,4280.0,137.0,468.0
2025-560,US Open,Hard,128.0,G,20250824,79.0,207989,2.0,,Carlos Alcaraz,R,183.0,ESP,22.305,208233,,,Mattia Bellucci,L,175.0,ITA,24.23,6-1 6-0 6-3,5,R64,98.0,7.0,2.0,58.0,35.0,30.0,15.0,11.0,0.0,0.0,2.0,2.0,83.0,52.0,22.0,17.0,11.0,10.0,17.0,2.0,9590.0,65.0,914.0
2025-560,US Open,Hard,128.0,G,20250824,80.0,105526,,,Jan-Lennard Struff,R,193.0,GER,35.332,208029,11.0,,Holger Rune,R,188.0,DEN,22.322,7-6(5) 2-6 6-3 4-6 7-5,5,R64,208.0,28.0,5.0,159.0,93.0,74.0,33.0,26.0,4.0,8.0,13.0,5.0,159.0,105.0,83.0,24.0,25.0,6.0,9.0,144.0,428.0,11.0,3050.0
2025-560,US Open,Hard,128.0,G,20250824,81.0,105173,,,Adrian Mannarino,L,180.0,FRA,37.153,111442,,,Jordan Thompson,R,183.0,AUS,31.346,6-4 6-7(5) 6-3 6-3,5,R64,213.0,6.0,3.0,129.0,113.0,79.0,9.0,20.0,8.0,9.0,10.0,3.0,136.0,122.0,75.0,9.0,20.0,7.0,12.0,77.0,811.0,58.0,945.0
2025-560,US Open,Hard,128.0,G,20250824,82.0,207518,10.0,,Lorenzo Musetti,R,185.0,ITA,23.477,105676,,,David Goffin,R,180.0,BEL,34.713,6-4 6-0 6-2,5,R64,123.0,4.0,2.0,85.0,54.0,35.0,18.0,12.0,9.0,11.0,3.0,8.0,71.0,30.0,17.0,13.0,12.0,4.0,12.0,10.0,3205.0,80.0,784.0
2025-560,US Open,Hard,128.0,G,20250824,83.0,126094,15.0,,Andrey Rublev,R,188.0,RUS,27.844,900001,,,Tristan Boyer,R,188.0,USA,24.342,6-3 6-3 5-7 7-6(4),5,R64,178.0,21.0,5.0,132.0,83.0,66.0,23.0,21.0,4.0,7.0,7.0,6.0,133.0,72.0,51.0,32.0,21.0,6.0,11.0,15.0,2610.0,113.0,546.0
2025-560,US Open,Hard,128.0,G,20250824,84.0,209409,,,Coleman Wong,R,191.0,HKG,21.216,200443,,,Adam Walton,R,183.0,AUS,26.355,7-6(5) 6-2 4-6 6-4,5,R64,182.0,21.0,5.0,130.0,71.0,53.0,30.0,20.0,11.0,16.0,7.0,6.0,136.0,78.0,49.0,26.0,20.0,8.0,15.0,173.0,315.0,85.0,763.0
2025-560,US Open,Hard,128.0,G,20250824,85.0,206173,1.0,,Jannik Sinner,R,191.0,ITA,24.022,200615,,,Alexei Popyrin,R,196.0,AUS,26.053,6-3 6-2 6-2,5,R64,123.0,6.0,4.0,82.0,45.0,35.0,22.0,13.0,5.0,5.0,6.0,4.0,75.0,45.0,27.0,10.0,12.0,4.0,9.0,1.0,11480.0,36.0,1290.0
2025-560,US Open,Hard,128.0,G,20250824,86.0,111794,,,Kamil Majchrzak,R,183.0,POL,29.613,111575,9.0,,Karen Khachanov,R,198.0,RUS,29.259,2-6 6-7(4) 6-4 7-5 7-6(5),5,R64,275.0,14.0,5.0,218.0,142.0,100.0,37.0,27.0,13.0,17.0,22.0,12.0,174.0,116.0,90.0,24.0,27.0,5.0,9.0,76.0,819.0,9.0,3240.0
2025-560,US Open,Hard,128.0,G,20250824,87.0,209857,,,Leandro Riedi,R,191.0,SUI,23.573,202103,19.0,,Francisco Cerundolo,R,185.0,ARG,27.031,3-6 4-6 6-4 6-4 6-2,5,R64,217.0,15.0,7.0,139.0,72.0,50.0,38.0,23.0,2.0,7.0,4.0,12.0,178.0,107.0,73.0,31.0,24.0,14.0,21.0,435.0,104.0,19.0,2135.0
2025-560,US Open,Hard,128.0,G,20250824,88.0,207925,24.0,,Flavio Cobolli,R,183.0,ITA,23.302,202385,,,Jenson Brooksby,R,193.0,USA,24.827,5-7 6-3 6-4 2-6 7-6(3),5,R64,192.0,4.0,8.0,204.0,113.0,69.0,53.0,26.0,16.0,22.0,5.0,6.0,154.0,92.0,69.0,29.0,25.0,9.0,14.0,26.0,2040.0,92.0,687.0
2025-560,US Open,Hard,128.0,G,20250824,89.0,133430,27.0,,Denis Shapovalov,L,185.0,CAN,26.36,900000,,,Valentin Royer,R,188.0,FRA,24.238,7-6(6) 3-6 7-6(4) 6-3,5,R64,219.0,29.0,15.0,133.0,71.0,58.0,27.0,20.0,8.0,13.0,7.0,10.0,167.0,100.0,63.0,34.0,22.0,8.0,14.0,29.0,1748.0,98.0,643.0
2025-560,US Open,Hard,128.0,G,20250824,90.0,122330,23.0,,Alexander Bublik,R,196.0,KAZ,28.186,209262,,,Tristan Schoolkate,R,183.0,AUS,24.49,6-3 6-3 6-3,5,R64,105.0,16.0,6.0,90.0,67.0,52.0,9.0,14.0,4.0,4.0,5.0,5.0,79.0,52.0,31.0,16.0,13.0,2.0,6.0,24.0,2055.0,96.0,654.0
2025-560,US Open,Hard,128.0,G,20250824,91.0,144719,,,Jaume Munar,R,183.0,ESP,28.304,209113,31.0,,Gabriel Diallo,R,203.0,CAN,23.915,7-5 6-3 7-5,5,R64,158.0,0.0,4.0,108.0,77.0,50.0,16.0,17.0,6.0,10.0,7.0,3.0,104.0,70.0,45.0,10.0,16.0,6.0,13.0,44.0,1117.0,33.0,1388.0
2025-560,US Open,Hard,128.0,G,20250824,92.0,200282,8.0,,Alex de Minaur,R,183.0,AUS,26.516,208278,,,Shintaro Mochizuki,R,175.0,JPN,22.229,6-2 6-4 6-2,5,R64,122.0,6.0,4.0,92.0,58.0,40.0,17.0,13.0,12.0,14.0,5.0,8.0,85.0,37.0,23.0,17.0,13.0,2.0,9.0,8.0,3545.0,112.0,550.0
2025-560,US Open,Hard,128.0,G,20250824,93.0,126205,14.0,,Tommy Paul,R,185.0,USA,28.271,132686,,,Nuno Borges,R,185.0,POR,28.509,7-6(6) 6-3 5-7 5-7 7-5,5,R64,268.0,11.0,6.0,176.0,100.0,69.0,43.0,28.0,9.0,16.0,8.0,5.0,185.0,133.0,90.0,20.0,29.0,10.0,18.0,14.0,2610.0,41.0,1145.0
2025-560,US Open,Hard,128.0,G,20250824,94.0,100644,3.0,,Alexander Zverev,R,198.0,GER,28.345,207985,,,Jacob Fearnley,R,183.0,GBR,24.11,6-4 6-4 6-4,5,R64,148.0,9.0,4.0,102.0,70.0,48.0,15.0,15.0,3.0,5.0,4.0,12.0,96.0,69.0,46.0,8.0,15.0,9.0,14.0,3.0,6230.0,60.0,939.0
2025-560,US Open,Hard,128.0,G,20250824,95.0,200000,25.0,,Felix Auger-Aliassime,R,193.0,CAN,25.043,126128,,,Roman Safiullin,R,185.0,RUS,28.047,6-1 7-6(4) 7-6(5),5,R64,178.0,14.0,5.0,106.0,74.0,59.0,17.0,16.0,6.0,7.0,4.0,9.0,129.0,86.0,59.0,17.0,15.0,10.0,13.0,27.0,1965.0,94.0,676.0
2025-560,US Open,Hard,128.0,G,20250824,96.0,127157,,,Daniel Altmaier,R,188.0,GER,26.949,126774,26.0,,Stefanos Tsitsipas,R,193.0,GRE,27.034,7-6(5) 1-6 4-6 6-3 7-5,5,R64,266.0,15.0,8.0,174.0,111.0,80.0,27.0,25.0,8.0,13.0,17.0,12.0,163.0,91.0,74.0,32.0,25.0,5.0,9.0,56.0,952.0,28.0,1790.0
2025-560,US Open,Hard,128.0,G,20250824,97.0,208103,20.0,,Jiri Lehecka,R,185.0,CZE,23.792,209920,,,Raphael Collignon,R,191.0,BEL,23.611,6-4 6-4 6-4,5,R32,132.0,3.0,2.0,83.0,42.0,34.0,21.0,15.0,5.0,8.0,11.0,14.0,114.0,72.0,53.0,8.0,15.0,11.0,17.0,21.0,2115.0,107.0,583.0
2025-560,US Open,Hard,128.0,G,20250824,98.0,126239,,,Arthur Rinderknech,R,196.0,FRA,30.089,126127,,,Benjamin Bonzi,R,183.0,FRA,29.207,4-6 6-3 6-3 6-2,5,R32,161.0,15.0,3.0,112.0,75.0,59.0,20.0,18.0,4.0,5.0,2.0,2.0,101.0,65.0,45.0,19.0,18.0,1.0,6.0,82.0,782.0,51.0,999.0
2025-560,US Open,Hard,128.0,G,20250824,99.0,207989,2.0,,Carlos Alcaraz,R,183.0,ESP,22.305,209260,32.0,,Luciano Darderi,R,183.0,ITA,23.524,6-2 6-4 6-0,5,R32,104.0,9.0,1.0,70.0,49.0,39.0,11.0,12.0,2.0,3.0,5.0,8.0,78.0,42.0,26.0,10.0,12.0,11.0,18.0,2.0,9590.0,34.0,1379.0
2025-560,US Open,Hard,128.0,G,20250824,100.0,105173,,,Adrian Mannarino,L,180.0,FRA,37.153,210097,6.0,,Ben Shelton,L,193.0,USA,22.875,3-6 6-3 4-6 6-4 RET,5,R32,183.0,4.0,3.0,130.0,80.0,58.0,25.0,19.0,7.0,10.0,11.0,3.0,107.0,80.0,61.0,11.0,19.0,6.0,9.0,77.0,811.0,6.0,4280.0
2025-560,US Open,Hard,128.0,G,20250824,101.0,105526,,,Jan-Lennard Struff,R,193.0,GER,35.332,126207,17.0,,Frances Tiafoe,R,188.0,USA,27.592,6-4 6-3 7-6(7),5,R32,131.0,14.0,4.0,84.0,53.0,47.0,14.0,15.0,0.0,2.0,15.0,5.0,112.0,63.0,44.0,23.0,16.0,5.0,10.0,144.0,428.0,17.0,2340.0
2025-560,US Open,Hard,128.0,G,20250824,102.0,126203,4.0,,Taylor Fritz,R,196.0,USA,27.822,208843,,,Jerome Kym,R,198.0,SUI,22.53,7-6(3) 6-7(9) 6-4 6-4,5,R32,181.0,20.0,1.0,127.0,79.0,66.0,29.0,22.0,1.0,2.0,16.0,5.0,129.0,69.0,55.0,34.0,22.0,3.0,6.0,4.0,5575.0,175.0,309.0
2025-560,US Open,Hard,128.0,G,20250824,103.0,104925,7.0,,Novak Djokovic,R,188.0,SRB,38.259,111815,,,Cameron Norrie,L,188.0,GBR,30.004,6-4 6-7(4) 6-2 6-3,5,R32,169.0,18.0,6.0,104.0,75.0,61.0,20.0,20.0,0.0,1.0,9.0,4.0,127.0,98.0,63.0,15.0,19.0,7.0,12.0,7.0,4130.0,35.0,1297.0
2025-560,US Open,Hard,128.0,G,20250824,104.0,207830,21.0,,Tomas Machac,R,183.0,CZE,24.862,200259,,,Ugo Blanchet,R,175.0,FRA,26.634,7-5 6-3 6-1,5,R32,109.0,6.0,2.0,77.0,47.0,35.0,18.0,14.0,3.0,5.0,4.0,6.0,85.0,43.0,24.0,16.0,14.0,2.0,9.0,22.0,2110.0,184.0,295.0
2025-560,US Open,Hard,128.0,G,20250824,105.0,207518,10.0,,Lorenzo Musetti,R,185.0,ITA,23.477,207925,24.0,,Flavio Cobolli,R,183.0,ITA,23.302,6-3 6-2 2-0 RET,5,R32,96.0,3.0,5.0,62.0,34.0,25.0,16.0,10.0,5.0,6.0,0.0,2.0,57.0,37.0,20.0,5.0,9.0,4.0,9.0,10.0,3205.0,26.0,2040.0
2025-560,US Open,Hard,128.0,G,20250824,106.0,206173,1.0,,Jannik Sinner,R,191.0,ITA,24.022,133430,27.0,,Denis Shapovalov,L,185.0,CAN,26.36,5-7 6-4 6-3 6-3,5,R32,194.0,2.0,5.0,110.0,65.0,55.0,22.0,20.0,3.0,6.0,15.0,9.0,126.0,70.0,49.0,26.0,20.0,7.0,13.0,1.0,11480.0,29.0,1748.0
2025-560,US Open,Hard,128.0,G,20250824,107.0,200282,8.0,,Alex de Minaur,R,183.0,AUS,26.516,127157,,,Daniel Altmaier,R,188.0,GER,26.949,6-7(7) 6-3 6-4 2-0 RET,5,R32,180.0,11.0,5.0,111.0,59.0,45.0,35.0,17.0,6.0,6.0,4.0,3.0,110.0,56.0,35.0,33.0,16.0,4.0,7.0,8.0,3545.0,56.0,952.0
2025-560,US Open,Hard,128.0,G,20250824,108.0,126094,15.0,,Andrey Rublev,R,188.0,RUS,27.844,209409,,,Coleman Wong,R,191.0,HKG,21.216,2-6 6-4 6-3 4-6 6-3,5,R32,190.0,15.0,8.0,139.0,72.0,57.0,36.0,23.0,3.0,6.0,25.0,4.0,142.0,89.0,63.0,27.0,23.0,7.0,11.0,15.0,2610.0,173.0,315.0
2025-560,US Open,Hard,128.0,G,20250824,109.0,144719,,,Jaume Munar,R,183.0,ESP,28.304,200267,,,Zizou Bergs,R,185.0,BEL,26.226,6-1 6-4 6-4,5,R32,131.0,1.0,2.0,82.0,57.0,39.0,12.0,14.0,3.0,7.0,3.0,8.0,84.0,47.0,27.0,10.0,13.0,5.0,13.0,44.0,1117.0,48.0,1039.0
2025-560,US Open,Hard,128.0,G,20250824,110.0,209857,,,Leandro Riedi,R,191.0,SUI,23.573,111794,,,Kamil Majchrzak,R,183.0,POL,29.613,5-3 RET,5,R32,33.0,1.0,1.0,26.0,16.0,10.0,3.0,4.0,2.0,4.0,0.0,0.0,23.0,19.0,9.0,0.0,4.0,0.0,3.0,435.0,104.0,76.0,819.0
2025-560,US Open,Hard,128.0,G,20250824,111.0,200000,25.0,,Felix Auger-Aliassime,R,193.0,CAN,25.043,100644,3.0,,Alexander Zverev,R,198.0,GER,28.345,4-6 7-6(7) 6-4 6-4,5,R32,196.0,10.0,8.0,130.0,85.0,65.0,28.0,21.0,7.0,9.0,12.0,5.0,133.0,107.0,69.0,17.0,0.0,3.0,6.0,27.0,1965.0,3.0,6230.0
2025-560,US Open,Hard,128.0,G,20250824,112.0,122330,23.0,,Alexander Bublik,R,196.0,KAZ,28.186,126205,14.0,,Tommy Paul,R,185.0,USA,28.271,7-6(5) 6-7(4) 6-3 6-7(5) 6-1,5,R32,219.0,22.0,12.0,180.0,115.0,94.0,32.0,27.0,6.0,6.0,10.0,4.0,160.0,97.0,73.0,35.0,26.0,5.0,8.0,24.0,2055.0,14.0,2610.0
2025-560,US Open,Hard,128.0,G,20250824,113.0,208103,20.0,,Jiri Lehecka,R,185.0,CZE,23.792,105173,,,Adrian Mannarino,L,180.0,FRA,37.153,7-6(4) 6-4 2-6 6-2,5,R16,196.0,18.0,10.0,117.0,83.0,58.0,11.0,19.0,2.0,7.0,4.0,4.0,137.0,91.0,54.0,21.0,19.0,11.0,17.0,21.0,2115.0,77.0,811.0
2025-560,US Open,Hard,128.0,G,20250824,114.0,207989,2.0,,Carlos Alcaraz,R,183.0,ESP,22.305,126239,,,Arthur Rinderknech,R,196.0,FRA,30.089,7-6(3) 6-3 6-4,5,R16,134.0,6.0,1.0,86.0,57.0,48.0,22.0,16.0,2.0,2.0,11.0,4.0,89.0,56.0,44.0,15.0,15.0,3.0,5.0,2.0,9590.0,82.0,782.0
2025-560,US Open,Hard,128.0,G,20250824,115.0,126203,4.0,,Taylor Fritz,R,196.0,USA,27.822,207830,21.0,,Tomas Machac,R,183.0,CZE,24.862,6-4 6-3 6-3,5,R16,99.0,14.0,2.0,69.0,49.0,42.0,14.0,14.0,0.0,0.0,4.0,3.0,81.0,60.0,40.0,10.0,14.0,4.0,8.0,4.0,5575.0,22.0,2110.0
2025-560,US Open,Hard,128.0,G,20250824,116.0,104925,7.0,,Novak Djokovic,R,188.0,SRB,38.259,105526,,,Jan-Lennard Struff,R,193.0,GER,35.332,6-3 6-3 6-2,5,R16,111.0,12.0,0.0,74.0,54.0,41.0,12.0,13.0,0.0,1.0,6.0,6.0,78.0,42.0,26.0,15.0,13.0,2.0,8.0,7.0,4130.0,144.0,428.0
2025-560,US Open,Hard,128.0,G,20250824,117.0,200282,8.0,,Alex de Minaur,R,183.0,AUS,26.516,209857,,,Leandro Riedi,R,191.0,SUI,23.573,6-3 6-2 6-1,5,R16,93.0,9.0,3.0,77.0,48.0,35.0,14.0,12.0,4.0,6.0,3.0,9.0,70.0,36.0,17.0,12.0,12.0,7.0,15.0,8.0,3545.0,435.0,104.0
2025-560,US Open,Hard,128.0,G,20250824,118.0,207518,10.0,,Lorenzo Musetti,R,185.0,ITA,23.477,144719,,,Jaume Munar,R,183.0,ESP,28.304,6-3 6-0 6-1,5,R16,98.0,7.0,4.0,65.0,33.0,27.0,21.0,11.0,4.0,4.0,2.0,5.0,56.0,27.0,13.0,12.0,11.0,1.0,8.0,10.0,3205.0,44.0,1117.0
2025-560,US Open,Hard,128.0,G,20250824,119.0,200000,25.0,,Felix Auger-Aliassime,R,193.0,CAN,25.043,126094,15.0,,Andrey Rublev,R,188.0,RUS,27.844,7-5 6-3 6-4,5,R16,137.0,13.0,4.0,91.0,60.0,50.0,17.0,16.0,3.0,4.0,6.0,4.0,93.0,50.0,35.0,21.0,15.0,3.0,7.0,27.0,1965.0,15.0,2610.0
2025-560,US Open,Hard,128.0,G,20250824,120.0,206173,1.0,,Jannik Sinner,R,191.0,ITA,24.022,122330,23.0,,Alexander Bublik,R,196.0,KAZ,28.186,6-1 6-1 6-1,5,R16,83.0,8.0,1.0,53.0,31.0,25.0,16.0,10.0,1.0,1.0,2.0,13.0,79.0,47.0,28.0,6.0,11.0,9.0,17.0,1.0,11480.0,24.0,2055.0
2025-560,US Open,Hard,128.0,G,20250824,121.0,207989,2.0,,Carlos Alcaraz,R,183.0,ESP,22.305,208103,20.0,,Jiri Lehecka,R,185.0,CZE,23.792,6-4 6-2 6-4,5,QF,118.0,5.0,2.0,71.0,45.0,38.0,19.0,14.0,0.0,0.0,4.0,4.0,86.0,55.0,37.0,14.0,14.0,5.0,9.0,2.0,9590.0,21.0,2115.0
2025-560,US Open,Hard,128.0,G,20250824,122.0,104925,7.0,,Novak Djokovic,R,188.0,SRB,38.259,126203,4.0,,Taylor Fritz,R,196.0,USA,27.822,6-3 7-5 3-6 6-4,5,QF,207.0,10.0,8.0,139.0,88.0,63.0,28.0,20.0,11.0,13.0,12.0,5.0,117.0,66.0,54.0,24.0,20.0,5.0,9.0,7.0,4130.0,4.0,5575.0
2025-560,US Open,Hard,128.0,G,20250824,123.0,200000,25.0,,Felix Auger-Aliassime,R,193.0,CAN,25.043,200282,8.0,,Alex de Minaur,R,183.0,AUS,26.516,4-6 7-6(7) 7-5 7-6(4),5,QF,253.0,22.0,11.0,148.0,95.0,78.0,17.0,23.0,6.0,10.0,8.0,11.0,163.0,71.0,54.0,46.0,23.0,5.0,9.0,27.0,1965.0,8.0,3545.0
2025-560,US Open,Hard,128.0,G,20250824,124.0,206173,1.0,,Jannik Sinner,R,191.0,ITA,24.022,207518,10.0,,Lorenzo Musetti,R,185.0,ITA,23.477,6-1 6-4 6-2,5,QF,120.0,10.0,0.0,75.0,46.0,42.0,14.0,13.0,7.0,7.0,2.0,1.0,66.0,41.0,30.0,8.0,12.0,1.0,6.0,1.0,11480.0,10.0,3205.0
2025-560,US Open,Hard,128.0,G,20250824,125.0,207989,2.0,,Carlos Alcaraz,R,183.0,ESP,22.305,104925,7.0,,Novak Djokovic,R,188.0,SRB,38.259,6-4 7-6(4) 6-2,5,SF,146.0,7.0,2.0,89.0,50.0,42.0,21.0,15.0,0.0,1.0,4.0,5.0,93.0,56.0,37.0,18.0,15.0,3.0,7.0,2.0,9590.0,7.0,4130.0
2025-560,US Open,Hard,128.0,G,20250824,126.0,206173,1.0,,Jannik Sinner,R,191.0,ITA,24.022,200000,25.0,,Felix Auger-Aliassime,R,193.0,CAN,25.043,6-1 3-6 6-3 6-4,5,SF,199.0,11.0,4.0,109.0,64.0,49.0,28.0,18.0,9.0,10.0,9.0,5.0,111.0,75.0,54.0,15.0,17.0,7.0,11.0,1.0,11480.0,27.0,1965.0
2025-560,US Open,Hard,128.0,G,20250824,127.0,207989,2.0,,Carlos Alcaraz,R,183.0,ESP,22.305,206173,1.0,,Jannik Sinner,R,191.0,ITA,24.022,6-2 3-6 6-1 6-4,5,F,164.0,10.0,0.0,89.0,54.0,45.0,19.0,17.0,0.0,1.0,2.0,4.0,112.0,54.0,37.0,28.0,17.0,6.0,11.0,2.0,9590.0,1.0,11480.0
2025-M-DC-2025-WG1-R1-KOR-KAZ-01,Davis Cup WG1 R1: KOR vs KAZ,Hard,4.0,D,20250912,1.0,207686,,,Alexander Shevchenko,R,188.0,KAZ,24.786,111202,,,Hyeon Chung,R,188.0,KOR,29.317,6-4 6-3,3,RR,97.0,4.0,3.0,58.0,35.0,22.0,11.0,10.0,4.0,8.0,1.0,6.0,54.0,32.0,20.0,5.0,9.0,1.0,7.0,97.0,652.0,379.0,132.0
2025-M-DC-2025-WG1-R1-KOR-KAZ-01,Davis Cup WG1 R1: KOR vs KAZ,Hard,4.0,D,20250912,2.0,900033,,,Soonwoo Kwon,R,180.0,KOR,27.778,122330,,,Alexander Bublik,R,196.0,KAZ,28.238,7-6(6) 3-0 RET,3,RR,68.0,10.0,2.0,49.0,27.0,24.0,16.0,8.0,4.0,1.0,13.0,3.0,44.0,30.0,25.0,6.0,7.0,0.0,4.0,478.0,89.0,19.0,2245.0
2025-M-DC-2025-WG1-R1-KOR-KAZ-01,Davis Cup WG1 R1: KOR vs KAZ,Hard,4.0,D,20250912,3.0,111202,,,Hyeon Chung,R,188.0,KOR,29.317,122078,,,Dmitry Popko,R,191.0,KAZ,28.884,6-3 7-5,3,RR,107.0,4.0,3.0,63.0,63.0,42.0,0.0,9.0,5.0,7.0,3.0,1.0,56.0,55.0,32.0,0.0,6.0,0.0,7.0,379.0,132.0,220.0,251.0
2025-M-DC-2025-WG1-R1-CAN-ISR-01,Davis Cup WG1 R1: ISR vs CAN,Hard,4.0,D,20250912,1.0,209113,,,Gabriel Diallo,R,203.0,CAN,23.967,131951,,,Daniel Cukierman,R,,ISR,30.179,6-1 6-2,3,RR,65.0,7.0,1.0,41.0,35.0,28.0,4.0,8.0,0.0,0.0,0.0,3.0,48.0,29.0,15.0,5.0,7.0,4.0,8.0,35.0,1308.0,1178.0,8.0
2025-M-DC-2025-WG1-R1-CAN-ISR-01,Davis Cup WG1 R1: ISR vs CAN,Hard,4.0,D,20250912,2.0,900034,,,Liam Draxl,R,185.0,CAN,23.77,210039,,,Orel Kimhi,R,173.0,ISR,22.067,7-5 6-4,3,RR,129.0,8.0,6.0,82.0,56.0,42.0,10.0,11.0,4.0,7.0,2.0,1.0,77.0,54.0,32.0,10.0,11.0,5.0,9.0,117.0,543.0,787.0,32.0
2025-M-DC-2025-WG1-R1-CAN-ISR-01,Davis Cup WG1 R1: ISR vs CAN,Hard,4.0,D,20250912,3.0,900035,,,Cleeve Harper,R,183.0,CAN,24.717,210039,,,Orel Kimhi,R,173.0,ISR,22.067,6-3 7-6(3),3,RR,109.0,2.0,2.0,67.0,50.0,34.0,15.0,10.0,3.0,6.0,1.0,2.0,69.0,53.0,31.0,6.0,10.0,4.0,9.0,1029.0,13.0,787.0,32.0
2025-M-DC-2025-WG1-R1-PER-POR-01,Davis Cup WG1 R1: PER vs POR,Clay,4.0,D,20250912,1.0,208293,,,Gonzalo Bueno,R,173.0,PER,21.443,132686,,,Nuno Borges,R,185.0,POR,28.561,3-6 6-2 7-5,3,RR,145.0,1.0,3.0,103.0,66.0,42.0,23.0,14.0,9.0,11.0,3.0,0.0,80.0,58.0,38.0,13.0,15.0,4.0,8.0,209.0,261.0,52.0,995.0
2025-M-DC-2025-WG1-R1-PER-POR-01,Davis Cup WG1 R1: PER vs POR,Clay,4.0,D,20250912,2.0,209860,,,Ignacio Buse,R,183.0,PER,21.467,210262,,,Jaime Faria,R,188.0,POR,22.103,6-0 6-2,3,RR,69.0,4.0,1.0,45.0,31.0,23.0,9.0,7.0,4.0,4.0,1.0,3.0,44.0,24.0,14.0,6.0,7.0,3.0,8.0,112.0,559.0,115.0,552.0
2025-M-DC-2025-WG1-R1-PER-POR-01,Davis Cup WG1 R1: PER vs POR,Clay,4.0,D,20250912,3.0,209860,,,Ignacio Buse,R,183.0,PER,21.467,132686,,,Nuno Borges,R,185.0,POR,28.561,3-6 6-3 6-2,3,RR,107.0,3.0,0.0,66.0,45.0,37.0,11.0,13.0,2.0,4.0,0.0,0.0,81.0,61.0,39.0,10.0,13.0,3.0,7.0,112.0,559.0,52.0,995.0
2025-M-DC-2025-WG1-R1-SVK-COL-01,Davis Cup WG1 R1: SVK vs COL,Hard,4.0,D,20250912,1.0,144684,,,Alex Molcan,L,178.0,SVK,27.781,200711,,,Nicolas Mejia,R,183.0,COL,25.585,6-4 7-6(4),3,RR,146.0,0.0,1.0,66.0,46.0,31.0,13.0,11.0,2.0,5.0,0.0,1.0,94.0,61.0,40.0,14.0,11.0,9.0,13.0,201.0,266.0,200.0,267.0
2025-M-DC-2025-WG1-R1-SVK-COL-01,Davis Cup WG1 R1: SVK vs COL,Hard,4.0,D,20250912,2.0,202075,,,Adria Soriano Barrera,R,191.0,COL,26.281,127760,,,Lukas Klein,R,193.0,SVK,27.477,3-6 7-6(5) 7-6(5),3,RR,143.0,11.0,6.0,106.0,71.0,55.0,20.0,16.0,1.0,2.0,4.0,3.0,109.0,76.0,62.0,18.0,17.0,3.0,3.0,331.0,152.0,121.0,531.0
2025-M-DC-2025-WG1-R1-SVK-COL-01,Davis Cup WG1 R1: SVK vs COL,Hard,4.0,D,20250912,3.0,105613,,,Norbert Gombos,R,193.0,SVK,35.083,200711,,,Nicolas Mejia,R,183.0,COL,25.585,6-4 6-4,3,RR,96.0,6.0,0.0,53.0,39.0,31.0,10.0,10.0,0.0,0.0,6.0,3.0,63.0,42.0,29.0,9.0,10.0,3.0,5.0,325.0,160.0,200.0,267.0
2025-M-DC-2025-WG1-R1-SWE-TUN-01,Davis Cup WG1 R1: SWE vs TUN,Hard,4.0,D,20250912,1.0,121411,,,Moez Echargui,R,178.0,TUN,32.671,209863,,,Leo Borg,R,183.0,SWE,22.33,6-1 6-1,3,RR,62.0,6.0,1.0,40.0,24.0,18.0,9.0,7.0,2.0,3.0,1.0,4.0,48.0,24.0,10.0,3.0,7.0,2.0,8.0,175.0,316.0,589.0,60.0
2025-M-DC-2025-WG1-R1-SWE-TUN-01,Davis Cup WG1 R1: SWE vs TUN,Hard,4.0,D,20250912,2.0,900036,,,Olle Wallin,R,191.0,SWE,23.89,200297,,,Aziz Ouakaa,R,185.0,TUN,26.1,2-6 7-6(3) 6-3,3,RR,146.0,12.0,4.0,98.0,60.0,41.0,23.0,14.0,4.0,8.0,6.0,5.0,98.0,54.0,38.0,20.0,13.0,7.0,11.0,410.0,118.0,625.0,55.0
2025-M-DC-2025-WG1-R1-SWE-TUN-01,Davis Cup WG1 R1: SWE vs TUN,Hard,4.0,D,20250912,3.0,121411,,,Moez Echargui,R,178.0,TUN,32.671,900036,,,Olle Wallin,R,191.0,SWE,23.89,7-5 6-3,3,RR,105.0,8.0,4.0,71.0,33.0,25.0,19.0,11.0,4.0,6.0,0.0,10.0,66.0,38.0,23.0,12.0,6.0,4.0,10.0,175.0,316.0,410.0,118.0
2025-M-DC-2025-WG1-R1-SWE-TUN-01,Davis Cup WG1 R1: SWE vs TUN,Hard,4.0,D,20250912,4.0,209863,,,Leo Borg,R,183.0,SWE,22.33,200297,,,Aziz Ouakaa,R,185.0,TUN,26.1,6-4 6-3,3,RR,87.0,1.0,1.0,44.0,24.0,18.0,14.0,9.0,0.0,1.0,4.0,1.0,73.0,45.0,28.0,12.0,10.0,7.0,11.0,589.0,60.0,625.0,55.0
2025-M-DC-2025-WG1-R1-POL-GBR-01,Davis Cup WG1 R1: POL vs GBR,Hard,4.0,D,20250912,1.0,209259,,,Arthur Fery,R,175.0,GBR,23.17,210142,,,Olaf Pieczkowski,R,183.0,POL,21.448,6-4 6-2,3,RR,78.0,2.0,0.0,47.0,31.0,23.0,15.0,7.0,7.0,8.0,2.0,3.0,47.0,45.0,28.0,10.0,6.0,6.0,9.0,227.0,247.0,484.0,87.0
2025-M-DC-2025-WG1-R1-POL-GBR-01,Davis Cup WG1 R1: POL vs GBR,Hard,4.0,D,20250912,2.0,111815,,,Cameron Norrie,L,188.0,GBR,30.056,900080,,,Tomasz Berkieta,R,191.0,POL,19.146,7-6(7) 6-4,3,RR,100.0,4.0,3.0,75.0,42.0,37.0,15.0,11.0,2.0,2.0,13.0,4.0,73.0,44.0,35.0,14.0,11.0,0.0,1.0,34.0,1397.0,545.0,70.0
2025-M-DC-2025-WG1-R1-POL-GBR-01,Davis Cup WG1 R1: POL vs GBR,Hard,4.0,D,20250912,3.0,111815,,,Cameron Norrie,L,188.0,GBR,30.056,210142,,,Olaf Pieczkowski,R,183.0,POL,21.448,6-4 6-4,3,RR,81.0,5.0,0.0,42.0,62.0,27.0,8.0,10.0,2.0,0.0,10.0,2.0,62.0,37.0,40.0,2.0,23.0,0.0,10.0,34.0,1397.0,484.0,87.0
2025-M-DC-2025-WG1-R1-SRB-TUR-01,Davis Cup WG1 R1: SRB vs TUR,Hard,4.0,D,20250912,1.0,209098,,,Hamad Medjedovic,R,188.0,SRB,22.155,207129,,,Yanki Erel,L,178.0,TUR,24.964,6-7(7) 7-6(6) 3-1 RET,3,RR,173.0,14.0,4.0,109.0,73.0,56.0,21.0,14.0,9.0,10.0,15.0,3.0,93.0,61.0,50.0,17.0,14.0,5.0,7.0,66.0,883.0,433.0,106.0
2025-M-DC-2025-WG1-R1-SRB-TUR-01,Davis Cup WG1 R1: SRB vs TUR,Hard,4.0,D,20250912,2.0,200175,,,Miomir Kecmanovic,R,183.0,SRB,26.034,144985,,,Ergi Kirkin,R,180.0,TUR,26.626,6-2 6-2,3,RR,61.0,6.0,0.0,42.0,29.0,25.0,8.0,8.0,0.0,0.0,6.0,2.0,54.0,37.0,22.0,6.0,8.0,6.0,10.0,47.0,1086.0,479.0,89.0
2025-M-DC-2025-WG1-R1-SRB-TUR-01,Davis Cup WG1 R1: SRB vs TUR,Hard,4.0,D,20250912,3.0,101831,,,Arda Azkara,,,TUR,22.5,210025,,,Branko Djuric,R,188.0,SRB,20.586,5-7 7-6(3) [10-7],3,RR,116.0,5.0,1.0,75.0,43.0,32.0,17.0,20.0,0.0,1.0,12.0,5.0,74.0,46.0,36.0,14.0,20.0,6.0,8.0,551.0,67.0,461.0,93.0
2025-M-DC-2025-WG1-R1-SUI-IND-01,Davis Cup WG1 R1: SUI vs IND,Hard,4.0,D,20250912,1.0,900037,,,Dhakshineswar Suresh,R,196.0,IND,25.457,208843,,,Jerome Kym,R,198.0,SUI,22.582,5-7 6-3 6-3,3,RR,81.0,9.0,2.0,73.0,52.0,41.0,12.0,11.0,7.0,7.0,9.0,1.0,51.0,40.0,32.0,7.0,10.0,0.0,1.0,626.0,54.0,155.0,387.0
2025-M-DC-2025-WG1-R1-SUI-IND-01,Davis Cup WG1 R1: SUI vs IND,Hard,4.0,D,20250912,2.0,111576,,,Sumit Nagal,R,178.0,IND,28.074,144817,,,Marc-Andrea Huesler,L,196.0,SUI,29.218,6-4 7-6(4),3,RR,108.0,3.0,1.0,64.0,52.0,41.0,4.0,10.0,2.0,2.0,5.0,2.0,84.0,47.0,33.0,17.0,11.0,7.0,9.0,290.0,179.0,222.0,248.0
2025-M-DC-2025-WG1-R1-SUI-IND-01,Davis Cup WG1 R1: SUI vs IND,Hard,4.0,D,20250912,3.0,111576,,,Sumit Nagal,R,178.0,IND,28.074,900081,,,Henry Bernet,R,191.0,SUI,18.631,6-3 6-1,3,RR,51.0,1.0,0.0,45.0,48.0,33.0,4.0,8.0,4.0,1.0,8.0,0.0,41.0,27.0,18.0,2.0,11.0,0.0,8.0,290.0,179.0,603.0,57.0
2025-M-DC-2025-WG1-R1-BUL-FIN-01,Davis Cup WG1 R1: BUL vs FIN,Clay,4.0,D,20250912,1.0,200325,,,Emil Ruusuvuori,R,188.0,FIN,26.448,104901,,,Ivan Ivanov,R,,BUL,16.868,6-2 6-2,3,RR,65.0,2.0,1.0,47.0,31.0,26.0,8.0,8.0,0.0,0.0,1.0,2.0,42.0,30.0,15.0,6.0,8.0,0.0,4.0,677.0,46.0,934.0,19.0
2025-M-DC-2025-WG1-R1-BUL-FIN-01,Davis Cup WG1 R1: BUL vs FIN,Clay,4.0,D,20250912,2.0,900038,,,Alexander Vasilev,L,185.0,BUL,18.333,202261,,,Otto Virtanen,R,193.0,FIN,24.227,6-3 7-5,3,RR,110.0,0.0,7.0,72.0,47.0,33.0,13.0,11.0,3.0,5.0,0.0,6.0,63.0,31.0,20.0,15.0,10.0,2.0,6.0,992.0,15.0,141.0,449.0
2025-M-DC-2025-WG1-R1-BUL-FIN-01,Davis Cup WG1 R1: BUL vs FIN,Clay,4.0,D,20250912,3.0,144814,,,Eero Vasa,R,185.0,FIN,28.611,210200,,,Yanaki Milev,R,180.0,BUL,21.41,6-2 6-2,3,RR,78.0,2.0,2.0,49.0,28.0,24.0,11.0,8.0,1.0,1.0,0.0,4.0,56.0,28.0,15.0,15.0,8.0,6.0,10.0,504.0,82.0,713.0,41.0
2025-M-DC-2025-WG1-R1-BUL-FIN-01,Davis Cup WG1 R1: BUL vs FIN,Clay,4.0,D,20250912,4.0,900038,,,Alexander Vasilev,L,185.0,BUL,18.333,200325,,,Emil Ruusuvuori,R,188.0,FIN,26.448,7-6(5) 6-3,3,RR,120.0,1.0,4.0,76.0,47.0,36.0,17.0,11.0,1.0,1.0,3.0,4.0,80.0,47.0,35.0,16.0,11.0,3.0,4.0,992.0,15.0,677.0,46.0
2025-M-DC-2025-WG1-R1-TPE-NOR-01,Davis Cup WG1 R1: TPE vs NOR,Hard,4.0,D,20250912,1.0,149282,,,Nicolai Budkov Kjaer,R,191.0,NOR,19.031,126555,,,Tung-Lin Wu,R,188.0,TPE,27.337,4-6 6-3 6-4,3,RR,125.0,17.0,1.0,87.0,62.0,49.0,17.0,14.0,4.0,5.0,6.0,1.0,83.0,66.0,51.0,11.0,15.0,2.0,5.0,159.0,377.0,291.0,179.0
2025-M-DC-2025-WG1-R1-TPE-NOR-01,Davis Cup WG1 R1: TPE vs NOR,Hard,4.0,D,20250912,2.0,202358,,,Chun-Hsin Tseng,R,175.0,TPE,24.096,126340,,,Viktor Durasovic,R,185.0,NOR,28.485,6-1 6-1,3,RR,55.0,2.0,2.0,33.0,20.0,19.0,9.0,7.0,0.0,0.0,3.0,3.0,44.0,25.0,14.0,7.0,7.0,3.0,8.0,120.0,531.0,246.0,233.0
2025-M-DC-2025-WG1-R1-TPE-NOR-01,Davis Cup WG1 R1: TPE vs NOR,Hard,4.0,D,20250912,3.0,149282,,,Nicolai Budkov Kjaer,R,191.0,NOR,19.031,202358,,,Chun-Hsin Tseng,R,175.0,TPE,24.096,7-6(2) 6-4,3,RR,113.0,8.0,5.0,86.0,48.0,40.0,18.0,11.0,3.0,3.0,3.0,4.0,63.0,44.0,32.0,11.0,11.0,0.0,1.0,159.0,377.0,120.0,531.0
2025-M-DC-2025-WG1-R1-TPE-NOR-01,Davis Cup WG1 R1: TPE vs NOR,Hard,4.0,D,20250912,4.0,126340,,,Viktor Durasovic,R,185.0,NOR,28.485,126555,,,Tung-Lin Wu,R,188.0,TPE,27.337,7-6(4) 6-7(2) 6-4,3,RR,192.0,16.0,5.0,120.0,72.0,54.0,25.0,14.0,6.0,9.0,3.0,3.0,131.0,85.0,53.0,29.0,13.0,11.0,15.0,246.0,233.0,291.0,179.0
2025-M-DC-2025-WG1-R1-CHI-LUX-01,Davis Cup WG1 R1: CHI vs LUX,Clay,4.0,D,20250912,1.0,144642,,,Tomas Barrios Vera,R,191.0,CHI,27.756,200270,,,Alex Knaff,R,193.0,LUX,27.795,6-1 6-2,3,RR,75.0,3.0,1.0,41.0,26.0,23.0,7.0,7.0,2.0,2.0,1.0,3.0,53.0,24.0,12.0,13.0,8.0,13.0,2.0,134.0,473.0,668.0,48.0
2025-M-DC-2025-WG1-R1-CHI-LUX-01,Davis Cup WG1 R1: CHI vs LUX,Clay,4.0,D,20250912,2.0,106426,,,Cristian Garin,R,185.0,CHI,29.287,900082,,,Aaron Gil Garcia,,,LUX,21.947,6-2 6-7(1) 6-2,3,RR,148.0,2.0,0.0,88.0,57.0,38.0,16.0,14.0,4.0,6.0,2.0,4.0,96.0,54.0,36.0,15.0,14.0,5.0,11.0,124.0,518.0,1361.0,5.0
2025-M-DC-2025-WG1-R1-CHI-LUX-01,Davis Cup WG1 R1: CHI vs LUX,Clay,4.0,D,20250912,3.0,900039,,,Daniel Antonio Nunez,R,,CHI,24.279,102394,,,Louis Van Herck,R,,LUX,26.198,7-6(4) 4-6 [10-4],3,RR,103.0,2.0,1.0,74.0,51.0,33.0,11.0,11.0,3.0,7.0,1.0,6.0,69.0,42.0,30.0,11.0,11.0,0.0,3.0,790.0,32.0,1293.0,6.0
2025-M-DC-2025-WG1-R1-ECU-BIH-01,Davis Cup WG1 R1: ECU vs BIH,Clay,4.0,D,20250912,1.0,106000,,,Damir Dzumhur,R,175.0,BIH,33.314,200748,,,Andres Andrade,R,180.0,ECU,26.746,7-6(3) 6-1,3,RR,133.0,3.0,0.0,77.0,54.0,34.0,15.0,10.0,5.0,6.0,2.0,2.0,63.0,37.0,25.0,8.0,9.0,0.0,3.0,68.0,868.0,344.0,148.0
2025-M-DC-2025-WG1-R1-ECU-BIH-01,Davis Cup WG1 R1: ECU vs BIH,Clay,4.0,D,20250912,2.0,208223,,,Alvaro Guillen Meza,R,175.0,ECU,22.694,123983,,,Nerman Fatic,R,191.0,BIH,30.886,6-4 7-6(0),3,RR,117.0,4.0,3.0,61.0,44.0,37.0,10.0,11.0,4.0,5.0,5.0,2.0,79.0,59.0,38.0,8.0,11.0,7.0,9.0,237.0,241.0,239.0,239.0
2025-M-DC-2025-WG1-R1-ECU-BIH-01,Davis Cup WG1 R1: ECU vs BIH,Clay,4.0,D,20250912,3.0,208223,,,Alvaro Guillen Meza,R,175.0,ECU,22.694,106000,,,Damir Dzumhur,R,175.0,BIH,33.314,6-2 6-1,3,RR,81.0,0.0,3.0,41.0,26.0,20.0,7.0,7.0,1.0,2.0,0.0,1.0,56.0,42.0,18.0,6.0,8.0,9.0,15.0,237.0,241.0,68.0,868.0
2025-M-DC-2025-WG1-R1-ECU-BIH-01,Davis Cup WG1 R1: ECU vs BIH,Clay,4.0,D,20250912,4.0,200748,,,Andres Andrade,R,180.0,ECU,26.746,210119,,,Andrej Nedic,R,185.0,BIH,20.906,1-6 6-3 6-2,3,RR,125.0,4.0,3.0,68.0,68.0,45.0,0.0,12.0,5.0,8.0,1.0,1.0,75.0,74.0,42.0,0.0,12.0,3.0,7.0,344.0,148.0,363.0,140.0
2025-M-DC-2025-WG1-R1-GRE-BRA-01,Davis Cup WG1 R1: GRE vs BRA,Hard,4.0,D,20250912,1.0,126774,,,Stefanos Tsitsipas,R,193.0,GRE,27.086,205734,,,Thiago Seyboth Wild,R,185.0,BRA,25.509,6-2 6-1,3,RR,72.0,5.0,1.0,47.0,27.0,21.0,11.0,8.0,4.0,5.0,1.0,2.0,47.0,30.0,14.0,7.0,7.0,2.0,7.0,27.0,1830.0,146.0,420.0
2025-M-DC-2025-WG1-R1-GRE-BRA-01,Davis Cup WG1 R1: GRE vs BRA,Hard,4.0,D,20250912,2.0,211663,,,Joao Fonseca,R,188.0,BRA,19.061,208852,,,Stefanos Sakellaridis,R,198.0,GRE,20.997,7-5 6-3,3,RR,112.0,3.0,4.0,81.0,58.0,41.0,14.0,11.0,6.0,6.0,2.0,2.0,72.0,44.0,29.0,15.0,9.0,7.0,9.0,42.0,1129.0,286.0,182.0
2025-M-DC-2025-WG1-R1-GRE-BRA-01,Davis Cup WG1 R1: GRE vs BRA,Hard,4.0,D,20250912,3.0,211663,,,Joao Fonseca,R,188.0,BRA,19.061,126774,,,Stefanos Tsitsipas,R,193.0,GRE,27.086,6-4 3-6 7-5,3,RR,127.0,1.0,1.0,83.0,61.0,46.0,11.0,15.0,0.0,2.0,4.0,1.0,83.0,54.0,42.0,17.0,16.0,2.0,5.0,42.0,1129.0,27.0,1830.0
2025-M-DC-2025-QLS-M-NED-ARG-01,Davis Cup QLS R2: NED vs ARG,Hard,4.0,D,20250912,1.0,202103,,,Francisco Cerundolo,R,185.0,ARG,27.083,122298,,,Botic van de Zandschulp,R,191.0,NED,29.941,7-6(1) 6-1,3,RR,111.0,1.0,4.0,66.0,36.0,23.0,14.0,9.0,5.0,8.0,2.0,5.0,81.0,49.0,29.0,9.0,10.0,9.0,15.0,21.0,2135.0,82.0,759.0
2025-M-DC-2025-QLS-M-NED-ARG-01,Davis Cup QLS R2: NED vs ARG,Hard,4.0,D,20250912,2.0,144869,,,Tomas Martin Etcheverry,R,196.0,ARG,26.155,207411,,,Jesper de Jong,R,180.0,NED,25.284,6-4 6-4,3,RR,122.0,4.0,1.0,54.0,34.0,23.0,7.0,10.0,0.0,3.0,6.0,2.0,77.0,47.0,29.0,11.0,10.0,11.0,16.0,64.0,890.0,79.0,784.0
2025-M-DC-2025-QLS-M-NED-ARG-01,Davis Cup QLS R2: NED vs ARG,Hard,4.0,D,20250912,3.0,207411,,,Jesper de Jong,R,180.0,NED,25.284,207681,,,Francisco Comesana,R,178.0,ARG,24.934,6-4 6-3,3,RR,84.0,8.0,2.0,53.0,27.0,22.0,15.0,9.0,1.0,2.0,7.0,2.0,57.0,42.0,26.0,8.0,10.0,2.0,6.0,79.0,784.0,61.0,912.0
2025-M-DC-2025-QLS-M-HUN-AUT-01,Davis Cup QLS R2: HUN vs AUT,Hard,4.0,D,20250912,1.0,209903,,,Lukas Neumayer,R,183.0,AUT,23.017,105916,,,Marton Fucsovics,R,188.0,HUN,33.593,3-6 6-3 7-6(7),3,RR,174.0,2.0,3.0,98.0,53.0,37.0,28.0,15.0,5.0,9.0,7.0,3.0,103.0,66.0,45.0,16.0,15.0,1.0,5.0,173.0,317.0,59.0,916.0
2025-M-DC-2025-QLS-M-HUN-AUT-01,Davis Cup QLS R2: HUN vs AUT,Hard,4.0,D,20250912,2.0,200436,,,Zsombor Piros,R,180.0,HUN,25.916,209903,,,Lukas Neumayer,R,183.0,AUT,23.017,7-5 7-6(6),3,RR,130.0,11.0,0.0,78.0,52.0,39.0,19.0,12.0,2.0,2.0,4.0,1.0,95.0,69.0,48.0,13.0,12.0,12.0,13.0,154.0,390.0,173.0,317.0
2025-M-DC-2025-QLS-M-HUN-AUT-01,Davis Cup QLS R2: HUN vs AUT,Hard,4.0,D,20250912,3.0,200514,,,Jurij Rodionov,L,191.0,AUT,26.327,206681,,,Fabian Marozsan,R,193.0,HUN,25.93,6-2 6-7(5) 7-5,3,RR,139.0,8.0,5.0,99.0,61.0,49.0,18.0,16.0,3.0,5.0,5.0,3.0,109.0,78.0,49.0,17.0,16.0,5.0,10.0,158.0,378.0,56.0,935.0
2025-M-DC-2025-QLS-M-HUN-AUT-01,Davis Cup QLS R2: HUN vs AUT,Hard,4.0,D,20250912,4.0,200514,,,Jurij Rodionov,L,191.0,AUT,26.327,105916,,,Marton Fucsovics,R,188.0,HUN,33.593,6-1 6-2,3,RR,63.0,2.0,0.0,34.0,23.0,21.0,7.0,8.0,5.0,9.0,0.0,0.0,60.0,36.0,17.0,7.0,9.0,5.0,8.0,158.0,378.0,59.0,916.0
2025-M-DC-2025-QLS-M-CRO-FRA-01,Davis Cup QLS R2: CRO vs FRA,Clay,4.0,D,20250912,1.0,126239,,,Arthur Rinderknech,R,196.0,FRA,30.141,105227,,,Marin Cilic,R,198.0,CRO,36.956,6-2 6-4,3,RR,88.0,9.0,1.0,48.0,30.0,23.0,14.0,9.0,0.0,0.0,3.0,3.0,55.0,37.0,26.0,6.0,9.0,4.0,7.0,57.0,932.0,60.0,914.0
2025-M-DC-2025-QLS-M-CRO-FRA-01,Davis Cup QLS R2: CRO vs FRA,Clay,4.0,D,20250912,2.0,144895,,,Corentin Moutet,L,180.0,FRA,26.401,209976,,,Dino Prizmic,R,188.0,CRO,20.104,6-4 5-7 6-1,3,RR,197.0,0.0,2.0,84.0,59.0,49.0,13.0,14.0,7.0,8.0,1.0,3.0,110.0,69.0,46.0,23.0,15.0,13.0,17.0,39.0,1146.0,119.0,536.0
2025-M-DC-2025-QLS-M-CRO-FRA-01,Davis Cup QLS R2: CRO vs FRA,Clay,4.0,D,20250912,3.0,144895,,,Corentin Moutet,L,180.0,FRA,26.401,105227,,,Marin Cilic,R,198.0,CRO,36.956,7-5 6-4,3,RR,137.0,0.0,0.0,70.0,49.0,24.0,8.0,11.0,5.0,8.0,0.0,0.0,76.0,50.0,28.0,14.0,11.0,6.0,9.0,39.0,1146.0,60.0,914.0
2025-M-DC-2025-QLS-M-JPN-GER-01,Davis Cup QLS R2: JPN vs GER,Hard,4.0,D,20250912,1.0,105526,,,Jan-Lennard Struff,R,193.0,GER,35.384,106415,,,Yoshihito Nishioka,L,170.0,JPN,29.96,6-4 6-7(4) 6-3,3,RR,147.0,18.0,3.0,108.0,70.0,56.0,18.0,16.0,10.0,10.0,3.0,1.0,98.0,64.0,44.0,23.0,16.0,1.0,3.0,98.0,648.0,153.0,399.0
2025-M-DC-2025-QLS-M-JPN-GER-01,Davis Cup QLS R2: JPN vs GER,Hard,4.0,D,20250912,2.0,105870,,,Yannick Hanfmann,R,193.0,GER,33.832,208278,,,Shintaro Mochizuki,R,175.0,JPN,22.281,6-3 6-3,3,RR,84.0,9.0,1.0,57.0,40.0,32.0,8.0,9.0,1.0,1.0,1.0,2.0,64.0,38.0,23.0,11.0,9.0,5.0,8.0,135.0,469.0,104.0,614.0
2025-M-DC-2025-QLS-M-JPN-GER-01,Davis Cup QLS R2: JPN vs GER,Hard,4.0,D,20250912,3.0,211514,,,Justin Engel,R,185.0,GER,17.949,106203,,,Rei Sakamoto,R,193.0,JPN,19.22,3-6 7-6(2) [10-7],3,RR,92.0,10.0,4.0,60.0,43.0,33.0,13.0,10.0,1.0,1.0,10.0,2.0,67.0,52.0,39.0,13.0,11.0,1.0,1.0,219.0,253.0,189.0,281.0
2025-M-DC-2025-QLS-M-ESP-DEN-01,Davis Cup QLS R2: ESP vs DEN,Clay,4.0,D,20250912,1.0,208029,,,Holger Rune,R,188.0,DEN,22.374,105807,,,Pablo Carreno Busta,R,188.0,ESP,34.171,7-5 6-3,3,RR,100.0,6.0,1.0,65.0,36.0,26.0,12.0,11.0,3.0,5.0,2.0,2.0,53.0,30.0,20.0,6.0,10.0,0.0,4.0,11.0,3090.0,123.0,518.0
2025-M-DC-2025-QLS-M-ESP-DEN-01,Davis Cup QLS R2: ESP vs DEN,Clay,4.0,D,20250912,2.0,209284,,,Elmer Moller,R,183.0,DEN,22.179,144719,,,Jaume Munar,R,183.0,ESP,28.356,2-6 6-1 6-4,3,RR,154.0,1.0,4.0,91.0,61.0,36.0,14.0,13.0,7.0,13.0,1.0,4.0,69.0,40.0,22.0,12.0,12.0,3.0,10.0,113.0,558.0,37.0,1253.0
2025-M-DC-2025-QLS-M-ESP-DEN-01,Davis Cup QLS R2: ESP vs DEN,Clay,4.0,D,20250912,3.0,124079,,,Pedro Martinez,R,185.0,ESP,28.381,208029,,,Holger Rune,R,188.0,DEN,22.374,6-1 4-6 7-6,3,RR,196.0,0.0,3.0,89.0,58.0,42.0,18.0,15.0,2.0,5.0,2.0,3.0,98.0,58.0,41.0,19.0,14.0,4.0,8.0,67.0,873.0,11.0,3090.0
2025-M-DC-2025-QLS-M-ESP-DEN-01,Davis Cup QLS R2: ESP vs DEN,Clay,4.0,D,20250912,4.0,105807,,,Pablo Carreno Busta,R,188.0,ESP,34.171,209284,,,Elmer Moller,R,183.0,DEN,22.179,6-2 6-3,3,RR,85.0,3.0,0.0,51.0,36.0,31.0,8.0,9.0,2.0,2.0,1.0,1.0,50.0,36.0,21.0,9.0,8.0,1.0,4.0,123.0,518.0,113.0,558.0
2025-M-DC-2025-QLS-M-AUS-BEL-01,Davis Cup QLS R2: AUS vs BEL,Hard,4.0,D,20250912,1.0,200267,,,Zizou Bergs,R,185.0,BEL,26.278,111442,,,Jordan Thompson,R,183.0,AUS,31.398,7-6(4) 6-4,3,RR,97.0,3.0,6.0,65.0,39.0,29.0,15.0,11.0,0.0,2.0,4.0,0.0,63.0,39.0,28.0,11.0,11.0,2.0,5.0,46.0,1089.0,77.0,795.0
2025-M-DC-2025-QLS-M-AUS-BEL-01,Davis Cup QLS R2: AUS vs BEL,Hard,4.0,D,20250912,2.0,209920,,,Raphael Collignon,R,191.0,BEL,23.663,200282,,,Alex de Minaur,R,183.0,AUS,26.568,7-5 3-6 6-3,3,RR,193.0,4.0,12.0,152.0,88.0,59.0,21.0,15.0,21.0,26.0,2.0,3.0,94.0,54.0,29.0,41.0,9.0,5.0,15.0,91.0,677.0,8.0,3545.0
2025-M-DC-2025-QLS-M-AUS-BEL-01,Davis Cup QLS R2: AUS vs BEL,Hard,4.0,D,20250912,3.0,200282,,,Alex de Minaur,R,183.0,AUS,26.568,200267,,,Zizou Bergs,R,185.0,BEL,26.278,6-2 7-5,3,RR,91.0,2.0,1.0,58.0,32.0,23.0,14.0,10.0,5.0,7.0,2.0,0.0,62.0,40.0,24.0,9.0,10.0,2.0,7.0,8.0,3545.0,46.0,1089.0
2025-M-DC-2025-QLS-M-AUS-BEL-01,Davis Cup QLS R2: AUS vs BEL,Hard,4.0,D,20250912,4.0,209920,,,Raphael Collignon,R,191.0,BEL,23.663,126846,,,Aleksandar Vukic,R,188.0,AUS,29.435,7-5 2-6 6-3,3,RR,131.0,13.0,8.0,93.0,55.0,42.0,17.0,13.0,6.0,7.0,6.0,0.0,92.0,50.0,34.0,17.0,15.0,3.0,8.0,91.0,677.0,95.0,668.0
2025-M-DC-2025-QLS-M-USA-CZE-01,Davis Cup QLS R2: USA vs CZE,Hard,4.0,D,20250912,1.0,208103,,,Jiri Lehecka,R,185.0,CZE,23.844,126207,,,Frances Tiafoe,R,188.0,USA,27.644,6-3 6-2,3,RR,78.0,8.0,1.0,58.0,38.0,28.0,12.0,9.0,0.0,0.0,5.0,3.0,54.0,29.0,20.0,10.0,8.0,3.0,6.0,16.0,2415.0,29.0,1640.0
2025-M-DC-2025-QLS-M-USA-CZE-01,Davis Cup QLS R2: USA vs CZE,Hard,4.0,D,20250912,2.0,126203,,,Taylor Fritz,R,196.0,USA,27.874,210150,,,Jakub Mensik,R,196.0,CZE,20.03,6-4 6-3,3,RR,101.0,9.0,5.0,60.0,32.0,25.0,13.0,9.0,3.0,5.0,5.0,6.0,76.0,41.0,27.0,12.0,10.0,8.0,13.0,5.0,4675.0,17.0,2380.0
2025-M-DC-2025-QLS-M-USA-CZE-01,Davis Cup QLS R2: USA vs CZE,Hard,4.0,D,20250912,3.0,208103,,,Jiri Lehecka,R,185.0,CZE,23.844,126203,,,Taylor Fritz,R,196.0,USA,27.874,6-4 3-6 6-4,3,RR,149.0,13.0,5.0,88.0,57.0,45.0,12.0,14.0,6.0,8.0,13.0,4.0,114.0,62.0,43.0,25.0,15.0,17.0,17.0,16.0,2415.0,5.0,4675.0
2025-M-DC-2025-QLS-M-USA-CZE-01,Davis Cup QLS R2: USA vs CZE,Hard,4.0,D,20250912,4.0,210150,,,Jakub Mensik,R,196.0,CZE,20.03,126207,,,Frances Tiafoe,R,188.0,USA,27.644,6-1 6-4,3,RR,73.0,7.0,3.0,43.0,31.0,25.0,8.0,9.0,0.0,1.0,4.0,4.0,58.0,33.0,19.0,8.0,8.0,8.0,12.0,17.0,2380.0,29.0,1640.0
2025-M-DC-2025-WG2-R1-UKR-DOM-01,Davis Cup WG2 R1: UKR vs DOM,Clay,4.0,D,20250912,1.0,200550,,,Vladyslav Orlov,R,188.0,UKR,30.324,900010,,,Roberto Cid Subervi,R,193.0,DOM,32.036,6-2 6-1,3,RR,,,,,,,,,,,,,,,,,,,,475.0,91.0,367.0,136.0
2025-M-DC-2025-WG2-R1-UKR-DOM-02,Davis Cup WG2 R1: UKR vs DOM,Clay,4.0,D,20250912,2.0,209907,,,Viacheslav Bielinskyi,R,,UKR,21.78,126209,,,Peter Bertran,R,183.0,DOM,29.522,6-4 4-6 7-6(3),3,RR,,,,,,,,,,,,,,,,,,,,373.0,132.0,660.0,50.0
2025-M-DC-2025-WG2-R1-UKR-DOM-04,Davis Cup WG2 R1: UKR vs DOM,Clay,4.0,D,20250912,4.0,208071,,,Oleksii Krutykh,R,185.0,UKR,25.509,102506,,,Enmanuel Munoz,,,DOM,20.638,6-1 6-4,3,RR,,,,,,,,,,,,,,,,,,,,459.0,95.0,,
2025-M-DC-2025-WG2-R1-ESA-ROU-01,Davis Cup WG2 R1: ESA vs ROU,Hard,4.0,D,20250913,1.0,900040,,,Radu David Turcanu,L,,ROU,19.496,105656,,,Marcelo Arevalo,R,191.0,ESA,34.908,6-7(3) 6-3 6-2,3,RR,,,,,,,,,,,,,,,,,,,,664.0,49.0,,
2025-M-DC-2025-WG2-R1-ESA-ROU-02,Davis Cup WG2 R1: ESA vs ROU,Hard,4.0,D,20250913,2.0,900041,,,Gabriel Ghetu,R,,ROU,17.851,211570,,,Cesar Cruz,,,ESA,19.006,6-1 2-6 6-2,3,RR,,,,,,,,,,,,,,,,,,,,761.0,35.0,1400.0,4.0
2025-M-DC-2025-WG2-R1-ESA-ROU-04,Davis Cup WG2 R1: ESA vs ROU,Hard,4.0,D,20250913,4.0,900040,,,Radu David Turcanu,L,,ROU,19.496,211570,,,Cesar Cruz,,,ESA,19.006,7-6(5) 6-3,3,RR,,,,,,,,,,,,,,,,,,,,664.0,49.0,1400.0,4.0
2025-M-DC-2025-WG2-R1-LTU-BEN-01,Davis Cup WG2 R1: LTU vs BEN,Hard,4.0,D,20250913,1.0,209147,,,Vilius Gaubas,R,178.0,LTU,20.706,105278,,,Alexis Klegou,R,,BEN,36.632,6-3 7-5,3,RR,,,,,,,,,,,,,,,,,,,,161.0,345.0,,
2025-M-DC-2025-WG2-R1-LTU-BEN-02,Davis Cup WG2 R1: LTU vs BEN,Hard,4.0,D,20250913,2.0,210220,,,Edas Butvilas,R,191.0,LTU,21.142,900009,,,Patrick Agbo-Panzo,,,BEN,22.702,6-1 6-2,3,RR,,,,,,,,,,,,,,,,,,,,234.0,242.0,,
2025-M-DC-2025-WG2-R1-LTU-BEN-04,Davis Cup WG2 R1: LTU vs BEN,Hard,4.0,D,20250913,4.0,900042,,,Pijus Vaitiekunas,,,LTU,22.543,900009,,,Patrick Agbo-Panzo,,,BEN,22.702,6-3 7-5,3,RR,,,,,,,,,,,,,,,,,,,,1431.0,4.0,,
2025-M-DC-2025-WG2-R1-TOG-EGY-01,Davis Cup WG2 R1: TOG vs EGY,Hard,4.0,D,20250913,1.0,900043,,,Fares Zakaria,R,183.0,EGY,24.337,900083,,,Kodjo Charles Alipoe-Tchotchodji,,,TOG,32.496,6-2 6-0,3,RR,,,,,,,,,,,,,,,,,,,,543.0,72.0,,
2025-M-DC-2025-WG2-R1-TOG-EGY-02,Davis Cup WG2 R1: TOG vs EGY,Hard,4.0,D,20250913,2.0,209971,,,Michael Bassem Sobhy,R,,EGY,21.352,900044,,,Hod'abalo Padio,,,TOG,20.665,6-4 6-2,3,RR,,,,,,,,,,,,,,,,,,,,712.0,42.0,,
2025-M-DC-2025-WG2-R1-TOG-EGY-04,Davis Cup WG2 R1: TOG vs EGY,Hard,4.0,D,20250913,4.0,900044,,,Hod'abalo Padio,,,TOG,20.665,900084,,,Akram El Sallaly,R,175.0,EGY,27.833,6-4 6-2,3,RR,,,,,,,,,,,,,,,,,,,,,,,
2025-M-DC-2025-WG2-R1-HKG-UZB-01,Davis Cup WG2 R1: HKG vs UZB,Hard,4.0,D,20250913,1.0,209409,,,Coleman Wong,R,191.0,HKG,21.27,200672,,,Sergey Fomin,R,180.0,UZB,24.613,6-3 6-2,3,RR,,,,,,,,,,,,,,,,,,,,149.0,418.0,495.0,86.0
2025-M-DC-2025-WG2-R1-HKG-UZB-02,Davis Cup WG2 R1: HKG vs UZB,Hard,4.0,D,20250913,2.0,126939,,,Khumoyun Sultanov,R,180.0,UZB,26.88,900059,,,Tsz Fu Wong,R,175.0,HKG,19.97,7-6(4) 6-3,3,RR,,,,,,,,,,,,,,,,,,,,403.0,122.0,,
2025-M-DC-2025-WG2-R1-HKG-UZB-04,Davis Cup WG2 R1: HKG vs UZB,Hard,4.0,D,20250913,4.0,209409,,,Coleman Wong,R,191.0,HKG,21.27,126939,,,Khumoyun Sultanov,R,180.0,UZB,26.88,6-2 6-2,3,RR,,,,,,,,,,,,,,,,,,,,149.0,418.0,403.0,122.0
2025-M-DC-2025-WG2-R1-IRL-CHN-01,Davis Cup WG2 R1: IRL vs CHN,Hard,4.0,D,20250913,1.0,900002,,,Yunchaokete Bu,R,185.0,CHN,23.65,900085,,,Peter Buldorini,R,183.0,IRL,21.095,6-4 6-1,3,RR,,,,,,,,,,,,,,,,,,,,74.0,811.0,921.0,20.0
2025-M-DC-2025-WG2-R1-IRL-CHN-02,Davis Cup WG2 R1: IRL vs CHN,Hard,4.0,D,20250913,2.0,212044,,,Yi Zhou,R,193.0,CHN,20.501,210686,,,Michael Agwi,R,193.0,IRL,22.026,6-1 6-7(6) 6-0,3,RR,,,,,,,,,,,,,,,,,,,,304.0,170.0,528.0,76.0
2025-M-DC-2025-WG2-R1-IRL-CHN-04,Davis Cup WG2 R1: IRL vs CHN,Hard,4.0,D,20250913,4.0,210686,,,Michael Agwi,R,193.0,IRL,22.026,111806,,,Fajing Sun,R,178.0,CHN,28.945,0-6 6-2 [10-5],3,RR,,,,,,,,,,,,,,,,,,,,528.0,76.0,236.0,241.0
2025-M-DC-2025-WG2-R1-CYP-MON-01,Davis Cup WG2 R1: CYP vs MON,Hard,4.0,D,20250913,1.0,200473,,,Valentin Vacherot,R,193.0,MON,26.825,210308,,,Stylianos Christodoulou,,,CYP,20.857,4-6 6-1 6-1,3,RR,,,,,,,,,,,,,,,,,,,,206.0,263.0,1770.0,2.0
2025-M-DC-2025-WG2-R1-CYP-MON-02,Davis Cup WG2 R1: CYP vs MON,Hard,4.0,D,20250913,2.0,144949,,,Menelaos Efstathiou,R,183.0,CYP,26.535,106033,,,Romain Arneodo,R,175.0,MON,33.109,7-5 6-3,3,RR,,,,,,,,,,,,,,,,,,,,865.0,26.0,,
2025-M-DC-2025-WG2-R1-CYP-MON-04,Davis Cup WG2 R1: CYP vs MON,Hard,4.0,D,20250913,4.0,200473,,,Valentin Vacherot,R,193.0,MON,26.825,144949,,,Menelaos Efstathiou,R,183.0,CYP,26.535,6-2 6-3,3,RR,,,,,,,,,,,,,,,,,,,,206.0,263.0,865.0,26.0
2025-M-DC-2025-WG2-R1-NZL-GEO-01,Davis Cup WG2 R1: NZL vs GEO,Hard,4.0,D,20250913,1.0,900001,,,James Watt,R,206.0,NZL,25.262,206600,,,Zura Tkemaladze,R,188.0,GEO,25.276,6-2 7-6(2),3,RR,,,,,,,,,,,,,,,,,,,,573.0,65.0,944.0,19.0
2025-M-DC-2025-WG2-R1-NZL-GEO-02,Davis Cup WG2 R1: NZL vs GEO,Hard,4.0,D,20250913,2.0,126762,,,Aleksandre Bakshi,L,180.0,GEO,28.164,211638,,,Jack Loutit,L,,NZL,21.224,6-3 6-3,3,RR,,,,,,,,,,,,,,,,,,,,643.0,53.0,1091.0,11.0
2025-M-DC-2025-WG2-R1-NZL-GEO-04,Davis Cup WG2 R1: NZL vs GEO,Hard,4.0,D,20250913,4.0,900001,,,James Watt,R,206.0,NZL,25.262,126762,,,Aleksandre Bakshi,L,180.0,GEO,28.164,7-6(3) 6-2,3,RR,,,,,,,,,,,,,,,,,,,,573.0,65.0,643.0,53.0
2025-M-DC-2025-WG2-R1-SLO-URU-01,Davis Cup WG2 R1: SLO vs URU,Hard,4.0,D,20250912,1.0,210107,,,Bor Artnak,R,193.0,SLO,21.273,212051,,,Joaquin Aguilar Cardozo,R,168.0,URU,20.43,6-1 6-4,3,RR,,,,,,,,,,,,,,,,,,,,491.0,86.0,808.0,31.0
2025-M-DC-2025-WG2-R1-SLO-URU-02,Davis Cup WG2 R1: SLO vs URU,Hard,4.0,D,20250912,2.0,900014,,,Filip Jeff Planinsek,R,188.0,SLO,24.205,208364,,,Franco Roncadelli,L,185.0,URU,25.599,6-1 7-6(5),3,RR,,,,,,,,,,,,,,,,,,,,619.0,56.0,371.0,133.0
2025-M-DC-2025-WG2-R1-SLO-URU-04,Davis Cup WG2 R1: SLO vs URU,Hard,4.0,D,20250912,4.0,900046,,,Ziga Sesko,,,SVN,17.128,208028,,,Francisco Llanes,R,178.0,URU,23.409,1-6 7-6(4) [10-7],3,RR,,,,,,,,,,,,,,,,,,,,,,,
2025-M-DC-2025-WG2-R1-RSA-MAR-01,Davis Cup WG2 R1: RSA vs MAR,Hard,4.0,D,20250913,1.0,209120,,,Yassine Dlimi,R,191.0,MAR,22.36,209278,,,Alec Beckley,R,183.0,RSA,24.238,6-7(5) 7-6(7) 6-2,3,RR,,,,,,,,,,,,,,,,,,,,780.0,33.0,666.0,49.0
2025-M-DC-2025-WG2-R1-RSA-MAR-02,Davis Cup WG2 R1: RSA vs MAR,Hard,4.0,D,20250913,2.0,900019,,,Taha Baadi,R,183.0,MAR,24.153,900086,,,Marc Van Der Merwe,,,RSA,31.072,3-6 6-1 6-1,3,RR,,,,,,,,,,,,,,,,,,,,713.0,42.0,1086.0,11.0
2025-M-DC-2025-WG2-R1-RSA-MAR-04,Davis Cup WG2 R1: RSA vs MAR,Hard,4.0,D,20250913,4.0,900019,,,Taha Baadi,R,183.0,MAR,24.153,900087,,,Connor Doig,,,RSA,17.665,6-3 6-2,3,RR,,,,,,,,,,,,,,,,,,,,713.0,42.0,1509.0,3.0
2025-M-DC-2025-WG2-R1-RSA-MAR-05,Davis Cup WG2 R1: RSA vs MAR,Hard,4.0,D,20250913,5.0,900020,,,Karim Bennani,,,MAR,18.029,900088,,,Leo Matthysen,,,RSA,19.135,6-1 6-2,3,RR,,,,,,,,,,,,,,,,,,,,1120.0,10.0,,
2025-M-DC-2025-WG2-R1-LBN-BAR-01,Davis Cup WG2 R1: LBN vs BAR,Clay,4.0,D,20250912,1.0,133975,,,Benjamin Hassan,R,183.0,LBN,30.604,105985,,,Darian King,R,188.0,BAR,33.38,7-6(6) 1-6 7-6(6),3,RR,,,,,,,,,,,,,,,,,,,,197.0,270.0,2118.0,1.0
2025-M-DC-2025-WG2-R1-LBN-BAR-02,Davis Cup WG2 R1: LBN vs BAR,Clay,4.0,D,20250912,2.0,200273,,,Hady Habib,R,188.0,LBN,27.061,209868,,,Kaipo Marshall,,,BAR,23.48,6-1 6-3,3,RR,,,,,,,,,,,,,,,,,,,,172.0,317.0,,
2025-M-DC-2025-WG2-R1-LBN-BAR-04,Davis Cup WG2 R1: LBN vs BAR,Clay,4.0,D,20250912,4.0,900047,,,Fadi Bidan,,,LBN,19.696,900089,,,Stephen Slocombe,,,BAR,22.453,6-1 6-4,3,RR,,,,,,,,,,,,,,,,,,,,1238.0,7.0,1815.0,1.0
2025-M-DC-2025-WG2-R1-PAR-PAK-01,Davis Cup WG2 R1: PAR vs PAK,Clay,4.0,D,20250912,1.0,144642,,,Alex Santino Nuñez Vera,,,PRY,18.103,900048,,,Huzaifa Abdul Rehman,,,PAK,22.79,6-1 5-7 6-4,3,RR,,,,,,,,,,,,,,,,,,,,1562.0,3.0,,
2025-M-DC-2025-WG2-R1-PAR-PAK-02,Davis Cup WG2 R1: PAR vs PAK,Clay,4.0,D,20250912,2.0,209226,,,Adolfo Daniel Vallejo,R,183.0,PAR,21.374,207836,,,Muzammil Murtaza,,,PAK,25.834,6-0 6-2,3,RR,,,,,,,,,,,,,,,,,,,,256.0,220.0,,
2025-M-DC-2025-WG2-R1-PAR-PAK-04,Davis Cup WG2 R1: PAR vs PAK,Clay,4.0,D,20250912,4.0,900048,,,Huzaifa Abdul Rehman,,,PAK,22.79,209225,,,Martin Antonio Vergara del Puerto,L,,PRY,21.394,2-6 6-4 [10-5],3,RR,,,,,,,,,,,,,,,,,,,,,,,
2025-M-DC-2025-WG2-R1-EST-MEX-01,Davis Cup WG2 R1: EST vs MEX,Hard,4.0,D,20250912,1.0,210136,,,Mark Lajal,R,191.0,EST,22.338,900028,,,Luis Carlos Alvarez,R,175.0,MEX,,7-6(5) 6-4,3,RR,,,,,,,,,,,,,,,,,,,,156.0,381.0,598.0,60.0
2025-M-DC-2025-WG2-R1-EST-MEX-02,Davis Cup WG2 R1: EST vs MEX,Hard,4.0,D,20250912,2.0,210202,,,Rodrigo Pacheco Mendez,L,191.0,MEX,,206750,,,Daniil Glinka,L,188.0,EST,25.336,3-6 6-2 6-3,3,RR,,,,,,,,,,,,,,,,,,,,212.0,258.0,313.0,165.0
2025-M-DC-2025-WG2-R1-EST-MEX-04,Davis Cup WG2 R1: EST vs MEX,Hard,4.0,D,20250912,4.0,210202,,,Rodrigo Pacheco Mendez,L,191.0,MEX,,210136,,,Mark Lajal,R,191.0,EST,22.338,6-4 6-4,3,RR,,,,,,,,,,,,,,,,,,,,212.0,258.0,156.0,381.0
2025-9210,Laver Cup,Hard,2.0,A,20250919,1.0,134770,,,Casper Ruud,R,183.0,NOR,26.743,124187,,,Reilly Opelka,R,211.0,USA,28.06,6-4 7-6(4),3,RR,87.0,6.0,0.0,64.0,51.0,45.0,9.0,11.0,2.0,2.0,9.0,2.0,65.0,44.0,36.0,11.0,11.0,1.0,2.0,12.0,2755.0,62.0,895.0
2025-9210,Laver Cup,Hard,2.0,A,20250919,2.0,210150,,,Jakub Mensik,R,196.0,CZE,20.049,210506,,,Alex Michelsen,R,193.0,USA,21.068,6-1 6-7(3) 10-8,3,RR,95.0,5.0,2.0,72.0,50.0,33.0,7.0,10.0,0.0,4.0,5.0,1.0,58.0,37.0,29.0,12.0,9.0,0.0,1.0,17.0,2380.0,32.0,1485.0
2025-9210,Laver Cup,Hard,2.0,A,20250919,3.0,211663,,,Joao Fonseca,R,188.0,BRA,19.08,207925,,,Flavio Cobolli,R,183.0,ITA,23.373,6-4 6-3,3,RR,86.0,2.0,0.0,50.0,36.0,27.0,8.0,10.0,1.0,3.0,1.0,2.0,60.0,34.0,19.0,13.0,9.0,5.0,9.0,42.0,1129.0,25.0,2040.0
2025-9210,Laver Cup,Hard,2.0,A,20250919,4.0,200282,,,Alex de Minaur,R,183.0,AUS,26.587,100644,,,Alexander Zverev,R,198.0,GER,28.416,6-1 6-4,3,RR,89.0,0.0,2.0,60.0,42.0,28.0,12.0,9.0,3.0,4.0,1.0,0.0,50.0,42.0,20.0,4.0,8.0,3.0,7.0,8.0,3545.0,3.0,5930.0
2025-9210,Laver Cup,Hard,2.0,A,20250919,5.0,202103,,,Francisco Cerundolo,R,185.0,ARG,27.102,208029,,,Holger Rune,R,188.0,DEN,22.393,6-3 7-6(5),3,RR,120.0,1.0,1.0,84.0,57.0,38.0,15.0,11.0,6.0,7.0,1.0,1.0,66.0,46.0,32.0,8.0,10.0,3.0,5.0,21.0,2135.0,11.0,3090.0
2025-9210,Laver Cup,Hard,2.0,A,20250919,6.0,126203,,,Taylor Fritz,R,196.0,USA,27.893,207989,,,Carlos Alcaraz,R,183.0,ESP,22.376,6-3 6-2,3,RR,71.0,5.0,4.0,51.0,30.0,24.0,14.0,9.0,2.0,2.0,2.0,1.0,43.0,30.0,19.0,5.0,8.0,1.0,4.0,5.0,4675.0,1.0,11540.0
2025-9210,Laver Cup,Hard,2.0,A,20250919,7.0,200282,,,Alex de Minaur,R,183.0,AUS,26.587,210150,,,Jakub Mensik,R,196.0,CZE,20.049,6-3 6-4,3,RR,96.0,1.0,0.0,64.0,44.0,32.0,14.0,10.0,5.0,5.0,7.0,5.0,60.0,37.0,29.0,7.0,9.0,2.0,4.0,8.0,3545.0,17.0,2380.0
2025-9210,Laver Cup,Hard,2.0,A,20250919,8.0,126203,,,Taylor Fritz,R,196.0,USA,27.893,100644,,,Alexander Zverev,R,198.0,GER,28.416,6-3 7-6(4),3,RR,104.0,3.0,1.0,64.0,40.0,32.0,17.0,11.0,2.0,3.0,3.0,1.0,65.0,49.0,34.0,6.0,10.0,2.0,4.0,5.0,4675.0,3.0,5930.0
2025-9210,Laver Cup,Hard,2.0,A,20250919,9.0,207989,,,Carlos Alcaraz,R,183.0,ESP,22.376,202103,,,Francisco Cerundolo,R,185.0,ARG,27.102,6-2 6-1,3,RR,72.0,0.0,1.0,53.0,33.0,22.0,13.0,8.0,2.0,3.0,1.0,2.0,46.0,26.0,13.0,5.0,7.0,5.0,10.0,1.0,11540.0,21.0,2135.0
2025-7581,Chengdu,Hard,28.0,250,20250917,1.0,208659,6.0,,Giovanni Mpetshi Perricard,R,203.0,FRA,22.196,209209,,,Filip Misolic,R,180.0,AUT,24.11,3-6 6-1 6-4,3,R32,104.0,9.0,3.0,71.0,48.0,38.0,14.0,13.0,2.0,3.0,7.0,8.0,95.0,61.0,40.0,16.0,13.0,10.0,13.0,36.0,1275.0,92.0,671.0
2025-7581,Chengdu,Hard,28.0,250,20250917,2.0,132283,8.0,,Lorenzo Sonego,R,191.0,ITA,30.355,207678,,,Juan Manuel Cerundolo,L,183.0,ARG,23.838,4-6 6-3 6-1,3,R32,130.0,6.0,3.0,86.0,58.0,46.0,12.0,13.0,8.0,9.0,2.0,3.0,79.0,43.0,29.0,19.0,13.0,4.0,8.0,44.0,1090.0,72.0,829.0
2025-7581,Chengdu,Hard,28.0,250,20250917,3.0,105932,,,Nikoloz Basilashvili,R,185.0,GEO,33.566,126129,,,Billy Harris,R,193.0,GBR,30.645,7-6(5) 6-3,3,R32,92.0,11.0,2.0,73.0,44.0,26.0,18.0,11.0,4.0,7.0,9.0,1.0,71.0,53.0,31.0,8.0,10.0,2.0,6.0,114.0,558.0,131.0,492.0
2025-7581,Chengdu,Hard,28.0,250,20250917,4.0,106121,,,Taro Daniel,R,191.0,JPN,32.638,209409,,,Coleman Wong,R,191.0,HKG,21.281,6-3 6-2,3,R32,81.0,3.0,3.0,50.0,28.0,21.0,14.0,8.0,0.0,0.0,8.0,2.0,67.0,48.0,30.0,4.0,9.0,10.0,14.0,168.0,326.0,149.0,418.0
2025-7581,Chengdu,Hard,28.0,250,20250917,5.0,111456,,,Mackenzie McDonald,R,178.0,USA,30.423,122298,,,Botic van de Zandschulp,R,191.0,NED,29.955,6-4 3-6 6-3,3,R32,120.0,8.0,0.0,88.0,59.0,45.0,12.0,14.0,4.0,6.0,7.0,8.0,78.0,48.0,41.0,10.0,14.0,3.0,6.0,98.0,642.0,83.0,759.0
2025-7581,Chengdu,Hard,28.0,250,20250917,6.0,209976,,,Dino Prizmic,R,188.0,CRO,20.118,209279,,,Terence Atmane,L,193.0,FRA,23.688,6-4 6-3,3,R32,82.0,3.0,2.0,53.0,32.0,27.0,10.0,9.0,0.0,0.0,3.0,3.0,61.0,34.0,21.0,15.0,10.0,3.0,6.0,121.0,536.0,70.0,852.0
2025-7581,Chengdu,Hard,28.0,250,20250917,7.0,207686,,,Alexander Shevchenko,R,188.0,KAZ,24.799,104792,,,Gael Monfils,R,193.0,FRA,39.044,6-7(3) 6-3 1-0 RET,3,R32,108.0,7.0,1.0,86.0,50.0,35.0,20.0,11.0,11.0,11.0,3.0,2.0,64.0,42.0,28.0,14.0,11.0,1.0,3.0,96.0,652.0,52.0,975.0
2025-7581,Chengdu,Hard,28.0,250,20250917,8.0,126214,,,Alejandro Tabilo,L,188.0,CHI,28.293,111442,,,Jordan Thompson,R,183.0,AUS,31.411,6-4 6-3,3,R32,79.0,5.0,1.0,58.0,43.0,36.0,7.0,10.0,2.0,2.0,10.0,1.0,50.0,31.0,25.0,7.0,9.0,2.0,4.0,112.0,567.0,78.0,795.0
2025-7581,Chengdu,Hard,28.0,250,20250917,9.0,212044,,,Yi Zhou,R,193.0,CHN,20.512,111815,5.0,,Cameron Norrie,L,188.0,GBR,30.07,6-7(3) 6-4 7-6(2),3,R32,164.0,22.0,1.0,120.0,87.0,63.0,18.0,17.0,6.0,7.0,8.0,4.0,115.0,76.0,57.0,21.0,17.0,8.0,10.0,304.0,170.0,34.0,1397.0
2025-7581,Chengdu,Hard,28.0,250,20250917,10.0,106218,,,Marcos Giron,R,180.0,USA,32.151,210319,,,Ethan Quinn,R,191.0,USA,21.517,7-5 6-4,3,R32,90.0,9.0,2.0,68.0,35.0,28.0,22.0,11.0,1.0,1.0,4.0,3.0,62.0,41.0,32.0,8.0,11.0,2.0,4.0,50.0,1000.0,81.0,773.0
2025-7581,Chengdu,Hard,28.0,250,20250917,11.0,900000,,,Christopher O'Connell,R,183.0,AUS,31.291,111460,,,Quentin Halys,R,191.0,FRA,28.893,6-7(3) 6-3 6-4,3,R32,131.0,7.0,2.0,88.0,56.0,45.0,20.0,16.0,0.0,1.0,15.0,4.0,93.0,59.0,43.0,20.0,15.0,4.0,7.0,103.0,619.0,75.0,806.0
2025-7581,Chengdu,Hard,28.0,250,20250917,12.0,209992,,,Juncheng Shang,L,180.0,CHN,20.621,200267,,,Zizou Bergs,R,185.0,BEL,26.292,6-1 5-7 6-4,3,R32,130.0,7.0,2.0,88.0,63.0,49.0,14.0,15.0,6.0,7.0,12.0,2.0,74.0,42.0,32.0,19.0,14.0,2.0,5.0,138.0,460.0,46.0,1089.0
2025-7581,Chengdu,Hard,28.0,250,20250917,13.0,105932,,,Nikoloz Basilashvili,R,185.0,GEO,33.566,111456,,,Mackenzie McDonald,R,178.0,USA,30.423,6-2 7-6(4),3,R16,92.0,14.0,3.0,60.0,35.0,30.0,14.0,10.0,0.0,0.0,10.0,0.0,87.0,54.0,34.0,16.0,10.0,5.0,7.0,114.0,558.0,98.0,642.0
2025-7581,Chengdu,Hard,28.0,250,20250917,14.0,207686,,,Alexander Shevchenko,R,188.0,KAZ,24.799,208659,6.0,,Giovanni Mpetshi Perricard,R,203.0,FRA,22.196,6-7(2) 7-6(5) 6-4,3,R16,134.0,10.0,2.0,90.0,59.0,50.0,25.0,17.0,0.0,0.0,24.0,6.0,108.0,77.0,66.0,14.0,17.0,4.0,5.0,96.0,652.0,36.0,1275.0
2025-7581,Chengdu,Hard,28.0,250,20250917,15.0,207518,1.0,,Lorenzo Musetti,R,185.0,ITA,23.543,209976,,,Dino Prizmic,R,188.0,CRO,20.118,7-5 3-6 6-2,3,R16,136.0,10.0,1.0,72.0,54.0,44.0,10.0,14.0,3.0,5.0,3.0,0.0,90.0,58.0,38.0,17.0,15.0,4.0,8.0,9.0,3505.0,121.0,536.0
2025-7581,Chengdu,Hard,28.0,250,20250917,16.0,900000,,,Christopher O'Connell,R,183.0,AUS,31.291,212044,,,Yi Zhou,R,193.0,CHN,20.512,6-2 6-4,3,R16,93.0,14.0,1.0,64.0,36.0,29.0,14.0,9.0,2.0,2.0,4.0,2.0,68.0,39.0,25.0,13.0,9.0,4.0,7.0,103.0,619.0,304.0,170.0
2025-7581,Chengdu,Hard,28.0,250,20250917,17.0,126214,,,Alejandro Tabilo,L,188.0,CHI,28.293,209260,2.0,,Luciano Darderi,R,183.0,ITA,23.589,6-4 6-3,3,R16,86.0,12.0,1.0,69.0,49.0,37.0,11.0,10.0,4.0,4.0,7.0,3.0,56.0,41.0,31.0,5.0,9.0,0.0,2.0,112.0,567.0,30.0,1584.0
2025-7581,Chengdu,Hard,28.0,250,20250917,18.0,106218,,,Marcos Giron,R,180.0,USA,32.151,132283,8.0,,Lorenzo Sonego,R,191.0,ITA,30.355,6-4 6-4,3,R16,103.0,0.0,3.0,62.0,38.0,35.0,10.0,10.0,2.0,2.0,3.0,4.0,67.0,40.0,32.0,10.0,10.0,6.0,8.0,50.0,1000.0,44.0,1090.0
2025-7581,Chengdu,Hard,28.0,250,20250917,19.0,206909,4.0,,Brandon Nakashima,R,188.0,USA,24.123,209992,,,Juncheng Shang,L,180.0,CHN,20.621,7-5 6-3,3,R16,101.0,13.0,0.0,72.0,56.0,41.0,8.0,11.0,6.0,7.0,6.0,0.0,67.0,45.0,27.0,14.0,10.0,6.0,9.0,33.0,1420.0,138.0,460.0
2025-7581,Chengdu,Hard,28.0,250,20250917,20.0,106121,,,Taro Daniel,R,191.0,JPN,32.638,134868,3.0,,Tallon Griekspoor,R,188.0,NED,29.21,3-6 6-4 6-3,3,R16,115.0,10.0,1.0,74.0,52.0,43.0,12.0,14.0,1.0,2.0,11.0,3.0,80.0,48.0,38.0,18.0,14.0,2.0,4.0,168.0,326.0,31.0,1565.0
2025-7581,Chengdu,Hard,28.0,250,20250917,21.0,126214,,,Alejandro Tabilo,L,188.0,CHI,28.293,900000,,,Christopher O'Connell,R,183.0,AUS,31.291,4-6 7-5 6-2,3,QF,144.0,10.0,0.0,97.0,71.0,48.0,15.0,15.0,5.0,7.0,14.0,0.0,94.0,61.0,41.0,14.0,15.0,6.0,10.0,112.0,567.0,103.0,619.0
2025-7581,Chengdu,Hard,28.0,250,20250917,22.0,207686,,,Alexander Shevchenko,R,188.0,KAZ,24.799,106121,,,Taro Daniel,R,191.0,JPN,32.638,7-6(2) 3-6 6-2,3,QF,135.0,7.0,2.0,76.0,54.0,44.0,16.0,14.0,3.0,4.0,9.0,4.0,106.0,69.0,50.0,19.0,15.0,4.0,6.0,96.0,652.0,168.0,326.0
2025-7581,Chengdu,Hard,28.0,250,20250917,23.0,207518,1.0,,Lorenzo Musetti,R,185.0,ITA,23.543,105932,,,Nikoloz Basilashvili,R,185.0,GEO,33.566,6-3 6-3,3,QF,76.0,7.0,2.0,53.0,35.0,27.0,9.0,9.0,3.0,4.0,3.0,4.0,57.0,27.0,18.0,14.0,9.0,5.0,9.0,9.0,3505.0,114.0,558.0
2025-7581,Chengdu,Hard,28.0,250,20250917,24.0,206909,4.0,,Brandon Nakashima,R,188.0,USA,24.123,106218,,,Marcos Giron,R,180.0,USA,32.151,6-3 2-6 7-6(3),3,QF,132.0,13.0,0.0,94.0,76.0,56.0,5.0,15.0,2.0,5.0,9.0,1.0,84.0,55.0,44.0,13.0,14.0,1.0,3.0,33.0,1420.0,50.0,1000.0
2025-7581,Chengdu,Hard,28.0,250,20250917,25.0,207518,1.0,,Lorenzo Musetti,R,185.0,ITA,23.543,207686,,,Alexander Shevchenko,R,188.0,KAZ,24.799,6-3 6-1,3,SF,64.0,3.0,1.0,40.0,26.0,24.0,8.0,8.0,0.0,0.0,3.0,1.0,55.0,37.0,18.0,9.0,8.0,4.0,8.0,9.0,3505.0,96.0,652.0
2025-7581,Chengdu,Hard,28.0,250,20250917,26.0,126214,,,Alejandro Tabilo,L,188.0,CHI,28.293,206909,4.0,,Brandon Nakashima,R,188.0,USA,24.123,6-4 7-6(0),3,SF,94.0,11.0,0.0,59.0,47.0,40.0,8.0,11.0,0.0,0.0,9.0,0.0,65.0,45.0,33.0,12.0,11.0,2.0,3.0,112.0,567.0,33.0,1420.0
2025-7581,Chengdu,Hard,28.0,250,20250917,27.0,126214,,,Alejandro Tabilo,L,188.0,CHI,28.293,207518,1.0,,Lorenzo Musetti,R,185.0,ITA,23.543,6-3 2-6 7-6(5),3,F,157.0,12.0,2.0,123.0,84.0,59.0,17.0,15.0,7.0,9.0,11.0,0.0,81.0,50.0,41.0,18.0,14.0,0.0,1.0,112.0,567.0,9.0,3505.0
2025-4713,Hangzhou,Hard,28.0,250,20250917,1.0,200624,,,Sebastian Korda,R,196.0,USA,25.202,200443,,,Adam Walton,R,183.0,AUS,26.42,7-5 6-3,3,R32,87.0,20.0,4.0,62.0,34.0,28.0,15.0,11.0,2.0,3.0,3.0,3.0,64.0,32.0,24.0,14.0,10.0,5.0,8.0,79.0,795.0,76.0,803.0
2025-4713,Hangzhou,Hard,28.0,250,20250917,2.0,208014,,,Rinky Hijikata,R,178.0,AUS,24.564,200116,5.0,,Camilo Ugo Carabelli,R,185.0,ARG,26.253,7-6(2) 6-4,3,R32,147.0,7.0,6.0,114.0,64.0,33.0,29.0,11.0,13.0,17.0,9.0,0.0,82.0,50.0,37.0,13.0,11.0,6.0,9.0,111.0,583.0,43.0,1123.0
2025-4713,Hangzhou,Hard,28.0,250,20250917,3.0,207494,,,Dalibor Svrcina,R,178.0,CZE,22.96,126610,8.0,,Matteo Berrettini,R,196.0,ITA,29.432,6-3 6-3,3,R32,85.0,1.0,2.0,51.0,37.0,29.0,9.0,9.0,1.0,1.0,7.0,1.0,63.0,37.0,27.0,8.0,9.0,3.0,6.0,99.0,641.0,57.0,925.0
2025-4713,Hangzhou,Hard,28.0,250,20250917,4.0,210460,,,Nishesh Basavareddy,R,180.0,USA,20.378,105227,,,Marin Cilic,R,198.0,CRO,36.969,4-6 6-4 6-3,3,R32,153.0,7.0,7.0,93.0,43.0,28.0,31.0,14.0,3.0,5.0,10.0,9.0,89.0,44.0,37.0,18.0,15.0,3.0,7.0,109.0,590.0,59.0,914.0
2025-4713,Hangzhou,Hard,28.0,250,20250917,5.0,144869,,,Tomas Martin Etcheverry,R,196.0,ARG,26.168,106000,,,Damir Dzumhur,R,175.0,BIH,33.328,6-2 6-4,3,R32,75.0,8.0,1.0,46.0,35.0,27.0,7.0,9.0,1.0,2.0,6.0,5.0,52.0,31.0,19.0,8.0,9.0,4.0,8.0,63.0,890.0,68.0,868.0
2025-4713,Hangzhou,Hard,28.0,250,20250917,6.0,206748,,,Giulio Zeppieri,L,183.0,ITA,23.778,111806,,,Fajing Sun,R,178.0,CHN,28.956,6-3 6-2,3,R32,84.0,10.0,5.0,59.0,34.0,27.0,15.0,9.0,5.0,5.0,1.0,2.0,57.0,34.0,21.0,8.0,8.0,3.0,6.0,169.0,324.0,236.0,241.0
2025-4713,Hangzhou,Hard,28.0,250,20250917,7.0,111190,,,Zhizhen Zhang,R,193.0,CHN,28.92,900002,,,Yunchaokete Bu,R,185.0,CHN,23.661,6-7(2) 6-4 7-6(3),3,R32,167.0,15.0,8.0,115.0,77.0,63.0,19.0,17.0,4.0,4.0,9.0,3.0,106.0,66.0,54.0,22.0,17.0,3.0,4.0,192.0,275.0,74.0,811.0
2025-4713,Hangzhou,Hard,28.0,250,20250917,8.0,200059,,,Yibing Wu,R,183.0,CHN,25.927,105173,6.0,,Adrian Mannarino,L,180.0,FRA,37.218,4-6 7-6(5) 7-5,3,R32,171.0,3.0,0.0,103.0,65.0,43.0,20.0,17.0,4.0,8.0,11.0,1.0,109.0,67.0,45.0,25.0,17.0,7.0,11.0,196.0,272.0,53.0,947.0
2025-4713,Hangzhou,Hard,28.0,250,20250917,9.0,210530,7.0,,Learner Tien,L,180.0,USA,19.792,208363,,,Mariano Navone,R,178.0,ARG,24.553,5-7 6-3 6-4,3,R32,142.0,4.0,6.0,102.0,63.0,41.0,23.0,16.0,9.0,13.0,3.0,5.0,84.0,49.0,32.0,18.0,15.0,2.0,7.0,54.0,945.0,82.0,770.0
2025-4713,Hangzhou,Hard,28.0,250,20250917,10.0,900000,,,Valentin Royer,R,188.0,FRA,24.304,206499,,,Aleksandar Kovacevic,R,183.0,USA,27.053,4-6 7-6(6) 6-3,3,R32,152.0,12.0,1.0,90.0,62.0,49.0,16.0,15.0,4.0,6.0,21.0,3.0,124.0,82.0,57.0,18.0,16.0,8.0,11.0,88.0,677.0,69.0,862.0
2025-4713,Hangzhou,Hard,28.0,250,20250917,11.0,209070,,,Arthur Cazaux,R,183.0,FRA,23.069,208286,,,Matteo Arnaldi,R,185.0,ITA,24.567,6-4 3-6 7-5,3,R32,171.0,5.0,4.0,90.0,55.0,39.0,23.0,15.0,5.0,6.0,9.0,2.0,98.0,63.0,45.0,19.0,16.0,5.0,7.0,84.0,757.0,73.0,825.0
2025-4713,Hangzhou,Hard,28.0,250,20250917,12.0,126846,,,Aleksandar Vukic,R,188.0,AUS,29.448,105676,,,David Goffin,R,180.0,BEL,34.779,6-4 1-6 6-1,3,R32,102.0,4.0,2.0,83.0,43.0,28.0,22.0,12.0,6.0,8.0,13.0,8.0,73.0,42.0,31.0,17.0,12.0,1.0,4.0,93.0,668.0,87.0,734.0
2025-4713,Hangzhou,Hard,28.0,250,20250917,13.0,207494,,,Dalibor Svrcina,R,178.0,CZE,22.96,111190,,,Zhizhen Zhang,R,193.0,CHN,28.92,6-4 6-3,3,R16,92.0,1.0,2.0,49.0,30.0,22.0,10.0,9.0,2.0,4.0,5.0,1.0,76.0,52.0,33.0,6.0,10.0,8.0,13.0,99.0,641.0,192.0,275.0
2025-4713,Hangzhou,Hard,28.0,250,20250917,14.0,900000,,,Valentin Royer,R,188.0,FRA,24.304,126094,1.0,,Andrey Rublev,R,188.0,RUS,27.91,6-4 7-6(2),3,R16,108.0,10.0,3.0,74.0,49.0,38.0,13.0,11.0,3.0,4.0,10.0,3.0,76.0,48.0,36.0,10.0,11.0,3.0,5.0,88.0,677.0,14.0,2610.0
2025-4713,Hangzhou,Hard,28.0,250,20250917,15.0,122330,3.0,,Alexander Bublik,R,196.0,KAZ,28.252,126846,,,Aleksandar Vukic,R,188.0,AUS,29.448,6-7(6) 6-4 6-4,3,R16,133.0,24.0,5.0,91.0,57.0,52.0,18.0,16.0,0.0,0.0,14.0,3.0,109.0,60.0,44.0,29.0,16.0,8.0,10.0,19.0,2245.0,93.0,668.0
2025-4713,Hangzhou,Hard,28.0,250,20250917,16.0,200059,,,Yibing Wu,R,183.0,CHN,25.927,200624,,,Sebastian Korda,R,196.0,USA,25.202,4-6 6-1 6-4,3,R16,109.0,9.0,3.0,89.0,59.0,45.0,16.0,14.0,3.0,4.0,10.0,4.0,65.0,37.0,27.0,17.0,13.0,0.0,3.0,196.0,272.0,79.0,795.0
2025-4713,Hangzhou,Hard,28.0,250,20250917,17.0,106421,2.0,,Daniil Medvedev,R,198.0,RUS,29.599,210460,,,Nishesh Basavareddy,R,180.0,USA,20.378,6-2 6-3,3,R16,75.0,8.0,2.0,48.0,32.0,24.0,10.0,9.0,0.0,1.0,1.0,6.0,52.0,28.0,16.0,11.0,8.0,4.0,8.0,18.0,2370.0,109.0,590.0
2025-4713,Hangzhou,Hard,28.0,250,20250917,18.0,210530,7.0,,Learner Tien,L,180.0,USA,19.792,206748,,,Giulio Zeppieri,L,183.0,ITA,23.778,6-4 6-3,3,R16,73.0,5.0,2.0,53.0,36.0,31.0,11.0,10.0,2.0,2.0,4.0,1.0,57.0,36.0,22.0,11.0,9.0,2.0,4.0,54.0,945.0,169.0,324.0
2025-4713,Hangzhou,Hard,28.0,250,20250917,19.0,144869,,,Tomas Martin Etcheverry,R,196.0,ARG,26.168,208014,,,Rinky Hijikata,R,178.0,AUS,24.564,6-1 6-4,3,R16,88.0,5.0,1.0,51.0,33.0,28.0,11.0,9.0,2.0,2.0,2.0,1.0,63.0,36.0,26.0,10.0,8.0,4.0,7.0,63.0,890.0,111.0,583.0
2025-4713,Hangzhou,Hard,28.0,250,20250917,20.0,144895,4.0,,Corentin Moutet,L,180.0,FRA,26.415,209070,,,Arthur Cazaux,R,183.0,FRA,23.069,6-7(1) 6-3 7-6(3),3,R16,227.0,3.0,3.0,135.0,91.0,61.0,25.0,17.0,10.0,12.0,6.0,1.0,111.0,68.0,49.0,22.0,16.0,3.0,6.0,39.0,1146.0,84.0,757.0
2025-4713,Hangzhou,Hard,28.0,250,20250917,21.0,144895,4.0,,Corentin Moutet,L,180.0,FRA,26.415,144869,,,Tomas Martin Etcheverry,R,196.0,ARG,26.168,3-6 3-0 RET,3,QF,68.0,2.0,1.0,32.0,20.0,16.0,7.0,6.0,2.0,3.0,3.0,1.0,36.0,27.0,18.0,5.0,6.0,3.0,4.0,39.0,1146.0,63.0,890.0
2025-4713,Hangzhou,Hard,28.0,250,20250917,22.0,122330,3.0,,Alexander Bublik,R,196.0,KAZ,28.252,207494,,,Dalibor Svrcina,R,178.0,CZE,22.96,6-1 6-1,3,QF,53.0,6.0,1.0,38.0,22.0,22.0,7.0,7.0,1.0,1.0,0.0,1.0,49.0,32.0,13.0,7.0,7.0,7.0,12.0,19.0,2245.0,99.0,641.0
2025-4713,Hangzhou,Hard,28.0,250,20250917,23.0,200059,,,Yibing Wu,R,183.0,CHN,25.927,106421,2.0,,Daniil Medvedev,R,198.0,RUS,29.599,5-7 7-6(5) 6-4,3,QF,191.0,1.0,1.0,114.0,79.0,55.0,20.0,17.0,8.0,10.0,17.0,7.0,111.0,69.0,54.0,21.0,17.0,4.0,6.0,196.0,272.0,18.0,2370.0
2025-4713,Hangzhou,Hard,28.0,250,20250917,24.0,900000,,,Valentin Royer,R,188.0,FRA,24.304,210530,7.0,,Learner Tien,L,180.0,USA,19.792,7-6(0) 4-6 6-2,3,QF,158.0,11.0,1.0,107.0,70.0,50.0,18.0,15.0,9.0,12.0,5.0,5.0,96.0,58.0,36.0,20.0,15.0,4.0,8.0,88.0,677.0,54.0,945.0
2025-4713,Hangzhou,Hard,28.0,250,20250917,25.0,122330,3.0,,Alexander Bublik,R,196.0,KAZ,28.252,200059,,,Yibing Wu,R,183.0,CHN,25.927,6-3 6-3,3,SF,61.0,19.0,3.0,45.0,34.0,31.0,6.0,9.0,0.0,0.0,2.0,0.0,55.0,35.0,24.0,8.0,9.0,2.0,5.0,19.0,2245.0,196.0,272.0
2025-4713,Hangzhou,Hard,28.0,250,20250917,26.0,900000,,,Valentin Royer,R,188.0,FRA,24.304,144895,4.0,,Corentin Moutet,L,180.0,FRA,26.415,6-3 6-2,3,SF,86.0,2.0,1.0,52.0,34.0,24.0,13.0,9.0,2.0,2.0,4.0,3.0,52.0,32.0,23.0,6.0,8.0,5.0,8.0,88.0,677.0,39.0,1146.0
2025-4713,Hangzhou,Hard,28.0,250,20250917,27.0,122330,3.0,,Alexander Bublik,R,196.0,KAZ,28.252,900000,,,Valentin Royer,R,188.0,FRA,24.304,7-6(4) 7-6(4),3,F,111.0,21.0,3.0,85.0,52.0,42.0,20.0,12.0,2.0,2.0,8.0,1.0,73.0,45.0,35.0,19.0,12.0,2.0,2.0,19.0,2245.0,88.0,677.0
2025-329,Tokyo,Hard,32.0,500,20250924,1.0,127157,,,Daniel Altmaier,R,188.0,GER,27.034,133430,7.0,,Denis Shapovalov,L,185.0,CAN,26.445,7-5 6-3,3,R32,90.0,5.0,1.0,62.0,43.0,32.0,10.0,10.0,4.0,5.0,5.0,5.0,69.0,42.0,30.0,11.0,11.0,4.0,8.0,50.0,1003.0,26.0,1838.0
2025-329,Tokyo,Hard,32.0,500,20250924,2.0,126610,,,Matteo Berrettini,R,196.0,ITA,29.451,144719,,,Jaume Munar,R,183.0,ESP,28.389,6-4 6-2,3,R32,96.0,9.0,0.0,57.0,33.0,26.0,14.0,9.0,8.0,8.0,3.0,3.0,63.0,40.0,26.0,10.0,9.0,4.0,7.0,56.0,925.0,40.0,1138.0
2025-329,Tokyo,Hard,32.0,500,20250924,3.0,132686,,,Nuno Borges,R,185.0,POR,28.594,133297,,,Yosuke Watanuki,R,180.0,JPN,27.452,2-6 6-4 6-1,3,R32,120.0,3.0,2.0,82.0,60.0,42.0,9.0,13.0,3.0,6.0,10.0,5.0,84.0,47.0,29.0,17.0,12.0,7.0,11.0,51.0,995.0,147.0,401.0
2025-329,Tokyo,Hard,32.0,500,20250924,4.0,105916,,,Marton Fucsovics,R,188.0,HUN,33.626,126207,8.0,,Frances Tiafoe,R,188.0,USA,27.677,3-6 6-1 7-5,3,R32,147.0,6.0,1.0,82.0,48.0,33.0,24.0,14.0,2.0,4.0,10.0,3.0,103.0,55.0,37.0,21.0,14.0,9.0,13.0,58.0,916.0,29.0,1640.0
2025-329,Tokyo,Hard,32.0,500,20250924,5.0,134770,4.0,,Casper Ruud,R,183.0,NOR,26.757,208278,,,Shintaro Mochizuki,R,175.0,JPN,22.313,4-6 6-1 6-1,3,R32,99.0,10.0,2.0,63.0,48.0,39.0,4.0,12.0,4.0,6.0,5.0,5.0,79.0,44.0,27.0,11.0,12.0,7.0,13.0,12.0,2755.0,106.0,607.0
2025-329,Tokyo,Hard,32.0,500,20250924,6.0,126203,2.0,,Taylor Fritz,R,196.0,USA,27.907,209113,,,Gabriel Diallo,R,203.0,CAN,24.0,4-6 6-3 7-6(3),3,R32,129.0,13.0,4.0,105.0,74.0,56.0,16.0,16.0,1.0,3.0,9.0,4.0,82.0,57.0,51.0,8.0,15.0,0.0,2.0,5.0,4675.0,35.0,1308.0
2025-329,Tokyo,Hard,32.0,500,20250924,7.0,200647,,,Sho Shimabukuro,R,180.0,JPN,28.153,207830,5.0,,Tomas Machac,R,183.0,CZE,24.947,6-3 7-6(4),3,R32,89.0,5.0,0.0,64.0,38.0,27.0,20.0,11.0,0.0,1.0,6.0,3.0,83.0,53.0,34.0,16.0,10.0,10.0,12.0,273.0,198.0,22.0,2110.0
2025-329,Tokyo,Hard,32.0,500,20250924,8.0,202385,,,Jenson Brooksby,R,193.0,USA,24.912,200005,6.0,,Ugo Humbert,L,188.0,FRA,27.247,7-6(4) 6-3,3,R32,104.0,3.0,2.0,69.0,40.0,33.0,14.0,11.0,3.0,5.0,4.0,2.0,68.0,45.0,30.0,11.0,10.0,3.0,6.0,86.0,737.0,24.0,2045.0
2025-329,Tokyo,Hard,32.0,500,20250924,9.0,209260,,,Luciano Darderi,R,183.0,ITA,23.608,106415,,,Yoshihito Nishioka,L,170.0,JPN,29.993,7-6(9) 6-3,3,R32,120.0,10.0,0.0,73.0,50.0,38.0,14.0,10.0,5.0,6.0,7.0,0.0,80.0,56.0,36.0,13.0,11.0,4.0,7.0,30.0,1584.0,157.0,374.0
2025-329,Tokyo,Hard,32.0,500,20250924,10.0,200624,,,Sebastian Korda,R,196.0,USA,25.221,106218,,,Marcos Giron,R,180.0,USA,32.17,4-6 6-3 7-6(4),3,R32,149.0,8.0,2.0,108.0,60.0,48.0,23.0,16.0,10.0,12.0,6.0,1.0,97.0,56.0,40.0,24.0,15.0,3.0,5.0,74.0,820.0,48.0,1040.0
2025-329,Tokyo,Hard,32.0,500,20250924,11.0,210319,,,Ethan Quinn,R,191.0,USA,21.536,210506,,,Alex Michelsen,R,193.0,USA,21.081,7-5 6-2,3,R32,82.0,10.0,2.0,55.0,32.0,26.0,15.0,10.0,0.0,0.0,8.0,3.0,66.0,44.0,26.0,12.0,10.0,5.0,8.0,81.0,773.0,32.0,1485.0
2025-329,Tokyo,Hard,32.0,500,20250924,12.0,126846,,,Aleksandar Vukic,R,188.0,AUS,29.467,106000,,,Damir Dzumhur,R,175.0,BIH,33.347,6-4 3-6 6-3,3,R32,110.0,12.0,3.0,80.0,40.0,34.0,22.0,14.0,4.0,5.0,2.0,2.0,74.0,52.0,36.0,15.0,14.0,0.0,2.0,95.0,668.0,66.0,868.0
2025-329,Tokyo,Hard,32.0,500,20250924,13.0,200267,,,Zizou Bergs,R,185.0,BEL,26.311,126214,,,Alejandro Tabilo,L,188.0,CHI,28.312,1-6 7-6(2) 7-6(4),3,R32,168.0,12.0,3.0,102.0,60.0,43.0,23.0,15.0,2.0,5.0,3.0,4.0,115.0,73.0,53.0,20.0,16.0,4.0,5.0,45.0,1089.0,72.0,826.0
2025-329,Tokyo,Hard,32.0,500,20250924,14.0,207989,1.0,,Carlos Alcaraz,R,183.0,ESP,22.39,202104,,,Sebastian Baez,R,170.0,ARG,24.739,6-4 6-2,3,R32,90.0,3.0,2.0,56.0,43.0,31.0,5.0,9.0,1.0,2.0,1.0,2.0,54.0,40.0,25.0,5.0,9.0,1.0,5.0,1.0,11540.0,41.0,1135.0
2025-329,Tokyo,Hard,32.0,500,20250924,15.0,208029,3.0,,Holger Rune,R,188.0,DEN,22.407,209098,,,Hamad Medjedovic,R,188.0,SRB,22.188,7-6(7) 6-1,3,R32,101.0,11.0,2.0,63.0,40.0,29.0,15.0,10.0,3.0,4.0,9.0,0.0,64.0,41.0,26.0,11.0,9.0,3.0,6.0,11.0,3090.0,63.0,883.0
2025-329,Tokyo,Hard,32.0,500,20250924,16.0,206909,,,Brandon Nakashima,R,188.0,USA,24.142,111442,,,Jordan Thompson,R,183.0,AUS,31.431,6-7(6) 7-6(4) 6-2,3,R32,184.0,10.0,1.0,116.0,75.0,55.0,23.0,16.0,9.0,10.0,10.0,5.0,119.0,73.0,52.0,22.0,16.0,4.0,7.0,33.0,1420.0,78.0,795.0
2025-329,Tokyo,Hard,32.0,500,20250924,17.0,126203,2.0,,Taylor Fritz,R,196.0,USA,27.907,132686,,,Nuno Borges,R,185.0,POR,28.594,7-5 7-6(4),3,R16,113.0,15.0,1.0,66.0,43.0,36.0,7.0,12.0,2.0,5.0,2.0,6.0,96.0,58.0,40.0,12.0,12.0,9.0,13.0,5.0,4675.0,51.0,995.0
2025-329,Tokyo,Hard,32.0,500,20250924,18.0,200624,,,Sebastian Korda,R,196.0,USA,25.221,200647,,,Sho Shimabukuro,R,180.0,JPN,28.153,6-1 6-4,3,R16,80.0,9.0,3.0,71.0,40.0,32.0,16.0,9.0,7.0,7.0,4.0,4.0,47.0,29.0,18.0,9.0,8.0,3.0,6.0,74.0,820.0,273.0,198.0
2025-329,Tokyo,Hard,32.0,500,20250924,19.0,126846,,,Aleksandar Vukic,R,188.0,AUS,29.467,127157,,,Daniel Altmaier,R,188.0,GER,27.034,6-4 6-2,3,R16,83.0,7.0,0.0,50.0,30.0,23.0,14.0,9.0,0.0,0.0,8.0,5.0,57.0,34.0,23.0,10.0,9.0,3.0,6.0,95.0,668.0,50.0,1003.0
2025-329,Tokyo,Hard,32.0,500,20250924,20.0,134770,4.0,,Casper Ruud,R,183.0,NOR,26.757,126610,,,Matteo Berrettini,R,196.0,ITA,29.451,7-6(4) 6-2,3,R16,98.0,3.0,1.0,57.0,42.0,36.0,8.0,10.0,0.0,0.0,11.0,3.0,64.0,36.0,27.0,15.0,10.0,1.0,3.0,12.0,2755.0,56.0,925.0
2025-329,Tokyo,Hard,32.0,500,20250924,21.0,207989,1.0,,Carlos Alcaraz,R,183.0,ESP,22.39,200267,,,Zizou Bergs,R,185.0,BEL,26.311,6-4 6-3,3,R16,79.0,3.0,2.0,60.0,37.0,25.0,9.0,10.0,3.0,6.0,5.0,3.0,52.0,34.0,19.0,7.0,9.0,1.0,6.0,1.0,11540.0,45.0,1089.0
2025-329,Tokyo,Hard,32.0,500,20250924,22.0,208029,3.0,,Holger Rune,R,188.0,DEN,22.407,210319,,,Ethan Quinn,R,191.0,USA,21.536,6-4 6-2,3,R16,73.0,6.0,1.0,53.0,37.0,25.0,11.0,9.0,1.0,2.0,4.0,1.0,49.0,34.0,18.0,8.0,9.0,3.0,7.0,11.0,3090.0,81.0,773.0
2025-329,Tokyo,Hard,32.0,500,20250924,23.0,202385,,,Jenson Brooksby,R,193.0,USA,24.912,209260,,,Luciano Darderi,R,183.0,ITA,23.608,7-6(7) 6-1,3,R16,98.0,5.0,0.0,60.0,37.0,28.0,14.0,9.0,3.0,4.0,1.0,1.0,68.0,44.0,26.0,11.0,10.0,2.0,6.0,86.0,737.0,30.0,1584.0
2025-329,Tokyo,Hard,32.0,500,20250924,24.0,206909,,,Brandon Nakashima,R,188.0,USA,24.142,105916,,,Marton Fucsovics,R,188.0,HUN,33.626,7-5 6-3,3,R16,115.0,6.0,0.0,72.0,49.0,35.0,12.0,11.0,4.0,5.0,7.0,3.0,69.0,37.0,25.0,13.0,10.0,3.0,6.0,33.0,1420.0,58.0,916.0
2025-329,Tokyo,Hard,32.0,500,20250924,25.0,207989,1.0,,Carlos Alcaraz,R,183.0,ESP,22.39,206909,,,Brandon Nakashima,R,188.0,USA,24.142,6-2 6-4,3,QF,80.0,1.0,1.0,45.0,30.0,25.0,12.0,9.0,0.0,0.0,3.0,0.0,64.0,46.0,32.0,5.0,9.0,4.0,7.0,1.0,11540.0,33.0,1420.0
2025-329,Tokyo,Hard,32.0,500,20250924,26.0,126203,2.0,,Taylor Fritz,R,196.0,USA,27.907,200624,,,Sebastian Korda,R,196.0,USA,25.221,6-3 6-7(5) 6-3,3,QF,138.0,14.0,3.0,120.0,76.0,59.0,21.0,16.0,6.0,7.0,13.0,3.0,81.0,52.0,45.0,12.0,14.0,2.0,5.0,5.0,4675.0,74.0,820.0
2025-329,Tokyo,Hard,32.0,500,20250924,27.0,202385,,,Jenson Brooksby,R,193.0,USA,24.912,208029,3.0,,Holger Rune,R,188.0,DEN,22.407,6-3 6-3,3,QF,90.0,1.0,0.0,62.0,40.0,27.0,12.0,9.0,4.0,5.0,5.0,2.0,58.0,39.0,28.0,4.0,9.0,3.0,7.0,86.0,737.0,11.0,3090.0
2025-329,Tokyo,Hard,32.0,500,20250924,28.0,134770,4.0,,Casper Ruud,R,183.0,NOR,26.757,126846,,,Aleksandar Vukic,R,188.0,AUS,29.467,6-3 6-2,3,QF,58.0,9.0,0.0,48.0,40.0,32.0,6.0,9.0,2.0,2.0,4.0,0.0,39.0,22.0,15.0,8.0,8.0,1.0,4.0,12.0,2755.0,95.0,668.0
2025-329,Tokyo,Hard,32.0,500,20250924,29.0,126203,2.0,,Taylor Fritz,R,196.0,USA,27.907,202385,,,Jenson Brooksby,R,193.0,USA,24.912,6-4 6-3,3,SF,90.0,13.0,0.0,62.0,46.0,39.0,7.0,10.0,2.0,2.0,2.0,1.0,58.0,39.0,25.0,12.0,9.0,2.0,4.0,5.0,4675.0,86.0,737.0
2025-329,Tokyo,Hard,32.0,500,20250924,30.0,207989,1.0,,Carlos Alcaraz,R,183.0,ESP,22.39,134770,4.0,,Casper Ruud,R,183.0,NOR,26.757,3-6 6-3 6-4,3,SF,128.0,11.0,2.0,80.0,51.0,40.0,16.0,14.0,3.0,4.0,7.0,2.0,90.0,64.0,44.0,15.0,14.0,7.0,9.0,1.0,11540.0,12.0,2755.0
2025-329,Tokyo,Hard,32.0,500,20250924,31.0,207989,1.0,,Carlos Alcaraz,R,183.0,ESP,22.39,126203,2.0,,Taylor Fritz,R,196.0,USA,27.907,6-4 6-4,3,F,93.0,6.0,3.0,63.0,40.0,31.0,10.0,10.0,2.0,3.0,6.0,3.0,66.0,39.0,27.0,11.0,10.0,6.0,9.0,1.0,11540.0,5.0,4675.0
2025-747,Beijing,Hard,32.0,500,20250924,1.0,209279,,,Terence Atmane,L,193.0,FRA,23.707,111190,,,Zhizhen Zhang,R,193.0,CHN,28.939,6-4 6-2,3,R32,71.0,6.0,0.0,48.0,25.0,22.0,17.0,9.0,2.0,2.0,1.0,2.0,63.0,41.0,27.0,10.0,9.0,5.0,8.0,68.0,839.0,370.0,135.0
2025-747,Beijing,Hard,32.0,500,20250924,2.0,124186,,,Alexandre Muller,R,183.0,FRA,28.643,111575,5.0,,Karen Khachanov,R,198.0,RUS,29.344,4-6 7-6(5) 6-4,3,R32,168.0,5.0,4.0,108.0,69.0,53.0,19.0,16.0,4.0,6.0,12.0,4.0,106.0,68.0,50.0,19.0,16.0,9.0,11.0,38.0,1168.0,10.0,3280.0
2025-747,Beijing,Hard,32.0,500,20250924,3.0,206681,,,Fabian Marozsan,R,193.0,HUN,25.963,126127,,,Benjamin Bonzi,R,183.0,FRA,29.292,7-6(1) 6-3,3,R32,92.0,9.0,1.0,59.0,45.0,39.0,6.0,10.0,2.0,2.0,5.0,5.0,78.0,39.0,29.0,18.0,11.0,5.0,7.0,57.0,920.0,47.0,1083.0
2025-747,Beijing,Hard,32.0,500,20250924,4.0,206173,1.0,,Jannik Sinner,R,191.0,ITA,24.107,105227,,,Marin Cilic,R,198.0,CRO,36.988,6-2 6-2,3,R32,81.0,3.0,0.0,47.0,36.0,27.0,7.0,8.0,1.0,1.0,3.0,4.0,53.0,24.0,14.0,11.0,8.0,6.0,10.0,2.0,10780.0,97.0,664.0
2025-747,Beijing,Hard,32.0,500,20250924,5.0,200221,,,Alejandro Davidovich Fokina,R,180.0,ESP,26.305,200116,,,Camilo Ugo Carabelli,R,185.0,ARG,26.272,6-1 6-3,3,R32,64.0,1.0,1.0,46.0,26.0,14.0,9.0,8.0,5.0,9.0,6.0,0.0,44.0,33.0,26.0,9.0,8.0,3.0,3.0,20.0,2225.0,43.0,1123.0
2025-747,Beijing,Hard,32.0,500,20250924,6.0,105173,,,Adrian Mannarino,L,180.0,FRA,37.238,122330,,,Alexander Bublik,R,196.0,KAZ,28.271,6-3 6-2,3,R32,59.0,8.0,0.0,45.0,30.0,25.0,10.0,8.0,3.0,3.0,3.0,3.0,44.0,24.0,16.0,7.0,9.0,1.0,5.0,60.0,897.0,16.0,2445.0
2025-747,Beijing,Hard,32.0,500,20250924,7.0,200282,3.0,,Alex de Minaur,R,183.0,AUS,26.601,900002,,,Yunchaokete Bu,R,185.0,CHN,23.68,6-4 6-0,3,R32,87.0,5.0,3.0,57.0,32.0,18.0,11.0,8.0,7.0,11.0,10.0,0.0,51.0,34.0,26.0,9.0,8.0,1.0,1.0,8.0,3545.0,89.0,721.0
2025-747,Beijing,Hard,32.0,500,20250924,8.0,207925,,,Flavio Cobolli,R,183.0,ITA,23.387,126094,6.0,,Andrey Rublev,R,188.0,RUS,27.929,7-6(3) 6-3,3,R32,112.0,5.0,5.0,79.0,41.0,32.0,19.0,11.0,7.0,9.0,4.0,4.0,75.0,42.0,30.0,15.0,10.0,9.0,12.0,25.0,2040.0,14.0,2610.0
2025-747,Beijing,Hard,32.0,500,20250924,9.0,210150,7.0,,Jakub Mensik,R,196.0,CZE,20.063,200175,,,Miomir Kecmanovic,R,183.0,SRB,26.067,7-5 6-4,3,R32,111.0,10.0,7.0,88.0,41.0,31.0,20.0,11.0,14.0,17.0,3.0,3.0,75.0,41.0,30.0,12.0,11.0,3.0,8.0,19.0,2380.0,46.0,1086.0
2025-747,Beijing,Hard,32.0,500,20250924,10.0,106421,8.0,,Daniil Medvedev,R,198.0,RUS,29.618,111815,,,Cameron Norrie,L,188.0,GBR,30.089,6-3 6-4,3,R32,75.0,9.0,3.0,43.0,27.0,22.0,8.0,9.0,0.0,2.0,1.0,1.0,61.0,38.0,19.0,11.0,10.0,6.0,11.0,18.0,2410.0,34.0,1397.0
2025-747,Beijing,Hard,32.0,500,20250924,11.0,209070,,,Arthur Cazaux,R,183.0,FRA,23.088,209992,,,Juncheng Shang,L,180.0,CHN,20.641,0-6 7-6(5) 7-5,3,R32,161.0,8.0,2.0,110.0,62.0,41.0,24.0,15.0,8.0,12.0,6.0,2.0,84.0,49.0,38.0,20.0,15.0,0.0,2.0,80.0,782.0,238.0,235.0
2025-747,Beijing,Hard,32.0,500,20250924,12.0,126239,,,Arthur Rinderknech,R,196.0,FRA,30.174,105676,,,David Goffin,R,180.0,BEL,34.798,6-4 3-6 6-4,3,R32,148.0,12.0,3.0,100.0,52.0,38.0,26.0,14.0,7.0,9.0,9.0,3.0,75.0,44.0,35.0,18.0,15.0,1.0,4.0,54.0,932.0,87.0,734.0
2025-747,Beijing,Hard,32.0,500,20250924,13.0,210530,,,Learner Tien,L,180.0,USA,19.811,202103,,,Francisco Cerundolo,R,185.0,ARG,27.116,4-6 6-3 6-4,3,R32,135.0,1.0,6.0,93.0,56.0,36.0,19.0,15.0,3.0,7.0,9.0,3.0,89.0,49.0,36.0,14.0,14.0,3.0,8.0,52.0,985.0,21.0,2135.0
2025-747,Beijing,Hard,32.0,500,20250924,14.0,100644,2.0,,Alexander Zverev,R,198.0,GER,28.43,132283,,,Lorenzo Sonego,R,191.0,ITA,30.374,6-4 6-3,3,R32,90.0,4.0,0.0,50.0,41.0,32.0,6.0,10.0,0.0,1.0,2.0,2.0,59.0,38.0,24.0,9.0,9.0,1.0,4.0,3.0,5930.0,44.0,1105.0
2025-747,Beijing,Hard,32.0,500,20250924,15.0,207518,4.0,,Lorenzo Musetti,R,185.0,ITA,23.562,208659,,,Giovanni Mpetshi Perricard,R,203.0,FRA,22.215,7-6(3) 6-7(4) 6-4,3,R32,144.0,4.0,2.0,111.0,73.0,57.0,24.0,17.0,4.0,5.0,14.0,1.0,98.0,73.0,59.0,13.0,17.0,3.0,5.0,9.0,3505.0,36.0,1275.0
2025-747,Beijing,Hard,32.0,500,20250924,16.0,144895,,,Corentin Moutet,L,180.0,FRA,26.434,134868,,,Tallon Griekspoor,R,188.0,NED,29.229,6-4 7-5,3,R32,109.0,4.0,2.0,80.0,50.0,37.0,17.0,11.0,7.0,7.0,2.0,3.0,54.0,32.0,25.0,13.0,11.0,0.0,2.0,37.0,1233.0,31.0,1565.0
2025-747,Beijing,Hard,32.0,500,20250924,17.0,206173,1.0,,Jannik Sinner,R,191.0,ITA,24.107,209279,,,Terence Atmane,L,193.0,FRA,23.707,6-4 5-7 6-0,3,R16,141.0,3.0,0.0,92.0,58.0,40.0,16.0,14.0,6.0,9.0,11.0,1.0,83.0,55.0,35.0,9.0,14.0,5.0,11.0,2.0,10780.0,68.0,839.0
2025-747,Beijing,Hard,32.0,500,20250924,18.0,200282,3.0,,Alex de Minaur,R,183.0,AUS,26.601,126239,,,Arthur Rinderknech,R,196.0,FRA,30.174,6-3 3-6 7-6(2),3,R16,136.0,11.0,1.0,97.0,70.0,54.0,13.0,15.0,3.0,4.0,7.0,2.0,83.0,58.0,46.0,19.0,15.0,4.0,5.0,8.0,3545.0,54.0,932.0
2025-747,Beijing,Hard,32.0,500,20250924,19.0,206681,,,Fabian Marozsan,R,193.0,HUN,25.963,124186,,,Alexandre Muller,R,183.0,FRA,28.643,6-3 7-6(5),3,R16,93.0,3.0,1.0,74.0,56.0,37.0,13.0,11.0,0.0,1.0,7.0,3.0,67.0,37.0,27.0,13.0,10.0,3.0,5.0,57.0,920.0,38.0,1168.0
2025-747,Beijing,Hard,32.0,500,20250924,20.0,210150,7.0,,Jakub Mensik,R,196.0,CZE,20.063,209070,,,Arthur Cazaux,R,183.0,FRA,23.088,6-3 2-6 6-4,3,R16,130.0,10.0,4.0,81.0,50.0,37.0,14.0,14.0,2.0,5.0,2.0,2.0,88.0,48.0,32.0,20.0,13.0,8.0,11.0,19.0,2380.0,80.0,782.0
2025-747,Beijing,Hard,32.0,500,20250924,21.0,207518,4.0,,Lorenzo Musetti,R,185.0,ITA,23.562,105173,,,Adrian Mannarino,L,180.0,FRA,37.238,6-3 6-3,3,R16,84.0,6.0,2.0,52.0,28.0,22.0,15.0,9.0,2.0,3.0,3.0,3.0,51.0,32.0,20.0,6.0,9.0,2.0,6.0,9.0,3505.0,60.0,897.0
2025-747,Beijing,Hard,32.0,500,20250924,22.0,106421,8.0,,Daniil Medvedev,R,198.0,RUS,29.618,200221,,,Alejandro Davidovich Fokina,R,180.0,ESP,26.305,6-3 6-3,3,R16,84.0,5.0,5.0,56.0,31.0,21.0,11.0,9.0,0.0,3.0,1.0,3.0,60.0,34.0,19.0,8.0,9.0,3.0,9.0,18.0,2410.0,20.0,2225.0
2025-747,Beijing,Hard,32.0,500,20250924,23.0,210530,,,Learner Tien,L,180.0,USA,19.811,207925,,,Flavio Cobolli,R,183.0,ITA,23.387,6-3 6-2,3,R16,73.0,1.0,1.0,59.0,36.0,24.0,12.0,9.0,3.0,5.0,1.0,3.0,49.0,25.0,12.0,10.0,8.0,4.0,9.0,52.0,985.0,25.0,2040.0
2025-747,Beijing,Hard,32.0,500,20250924,24.0,100644,2.0,,Alexander Zverev,R,198.0,GER,28.43,144895,,,Corentin Moutet,L,180.0,FRA,26.434,7-5 3-6 6-3,3,R16,158.0,7.0,2.0,95.0,71.0,45.0,12.0,15.0,6.0,9.0,3.0,1.0,88.0,55.0,38.0,18.0,15.0,5.0,9.0,3.0,5930.0,37.0,1233.0
2025-747,Beijing,Hard,32.0,500,20250924,25.0,206173,1.0,,Jannik Sinner,R,191.0,ITA,24.107,206681,,,Fabian Marozsan,R,193.0,HUN,25.963,6-1 7-5,3,QF,80.0,7.0,1.0,53.0,30.0,21.0,14.0,9.0,1.0,2.0,3.0,3.0,53.0,35.0,19.0,6.0,10.0,6.0,11.0,2.0,10780.0,57.0,920.0
2025-747,Beijing,Hard,32.0,500,20250924,26.0,200282,3.0,,Alex de Minaur,R,183.0,AUS,26.601,210150,7.0,,Jakub Mensik,R,196.0,CZE,20.063,4-1 RET,3,QF,29.0,4.0,2.0,26.0,11.0,9.0,3.0,3.0,2.0,4.0,2.0,0.0,9.0,6.0,5.0,3.0,2.0,0.0,0.0,8.0,3545.0,19.0,2380.0
2025-747,Beijing,Hard,32.0,500,20250924,27.0,106421,8.0,,Daniil Medvedev,R,198.0,RUS,29.618,100644,2.0,,Alexander Zverev,R,198.0,GER,28.43,6-3 6-3,3,QF,82.0,5.0,5.0,52.0,35.0,30.0,9.0,9.0,4.0,4.0,0.0,0.0,57.0,44.0,28.0,5.0,9.0,1.0,4.0,18.0,2410.0,3.0,5930.0
2025-747,Beijing,Hard,32.0,500,20250924,28.0,210530,,,Learner Tien,L,180.0,USA,19.811,207518,4.0,,Lorenzo Musetti,R,185.0,ITA,23.562,4-6 6-3 3-0 RET,3,QF,101.0,0.0,0.0,78.0,56.0,37.0,14.0,11.0,5.0,6.0,6.0,1.0,59.0,46.0,32.0,6.0,11.0,5.0,8.0,52.0,985.0,9.0,3505.0
2025-747,Beijing,Hard,32.0,500,20250924,29.0,210530,,,Learner Tien,L,180.0,USA,19.811,106421,8.0,,Daniil Medvedev,R,198.0,RUS,29.618,5-7 7-5 4-0 RET,3,SF,146.0,4.0,3.0,103.0,70.0,36.0,20.0,14.0,5.0,10.0,8.0,1.0,80.0,47.0,29.0,13.0,14.0,9.0,16.0,52.0,985.0,18.0,2410.0
2025-747,Beijing,Hard,32.0,500,20250924,30.0,206173,1.0,,Jannik Sinner,R,191.0,ITA,24.107,200282,3.0,,Alex de Minaur,R,183.0,AUS,26.601,6-3 4-6 6-2,3,SF,140.0,7.0,0.0,96.0,61.0,50.0,16.0,14.0,11.0,12.0,5.0,1.0,77.0,52.0,29.0,17.0,13.0,4.0,7.0,2.0,10780.0,8.0,3545.0
2025-747,Beijing,Hard,32.0,500,20250924,31.0,206173,1.0,,Jannik Sinner,R,191.0,ITA,24.107,210530,,,Learner Tien,L,180.0,USA,19.811,6-2 6-2,3,F,72.0,10.0,1.0,53.0,35.0,27.0,10.0,8.0,2.0,2.0,0.0,6.0,43.0,22.0,12.0,10.0,8.0,2.0,6.0,2.0,10780.0,52.0,985.0
2025-5014,Shanghai,Hard,96.0,M,20250924,1.0,202104,,,Sebastian Baez,R,170.0,ARG,24.739,111190,,,Zhizhen Zhang,R,193.0,CHN,28.939,2-6 6-3 6-4,3,R128,120.0,7.0,4.0,88.0,58.0,40.0,12.0,14.0,8.0,12.0,9.0,0.0,84.0,55.0,35.0,16.0,13.0,8.0,12.0,41.0,1135.0,370.0,135.0
2025-5014,Shanghai,Hard,96.0,M,20250924,2.0,127157,,,Daniel Altmaier,R,188.0,GER,27.034,209262,,,Tristan Schoolkate,R,183.0,AUS,24.575,6-3 6-4,3,R128,82.0,8.0,0.0,48.0,28.0,25.0,15.0,10.0,0.0,0.0,8.0,0.0,59.0,46.0,33.0,3.0,9.0,4.0,6.0,50.0,1003.0,100.0,654.0
2025-5014,Shanghai,Hard,96.0,M,20250924,3.0,208233,,,Mattia Bellucci,L,175.0,ITA,24.315,200443,,,Adam Walton,R,183.0,AUS,26.439,7-6(6) 6-1,3,R128,83.0,9.0,2.0,58.0,37.0,30.0,15.0,10.0,0.0,0.0,3.0,1.0,54.0,39.0,29.0,8.0,9.0,0.0,2.0,64.0,869.0,77.0,803.0
2025-5014,Shanghai,Hard,96.0,M,20250924,4.0,200267,,,Zizou Bergs,R,185.0,BEL,26.311,200624,,,Sebastian Korda,R,196.0,USA,25.221,6-4 7-5,3,R128,97.0,7.0,3.0,63.0,41.0,31.0,11.0,11.0,0.0,2.0,3.0,4.0,68.0,43.0,27.0,11.0,11.0,6.0,10.0,45.0,1089.0,74.0,820.0
2025-5014,Shanghai,Hard,96.0,M,20250924,5.0,105227,,,Marin Cilic,R,198.0,CRO,36.988,105932,,,Nikoloz Basilashvili,R,185.0,GEO,33.585,6-3 7-6(5),3,R128,89.0,17.0,0.0,63.0,37.0,33.0,16.0,11.0,2.0,2.0,8.0,3.0,63.0,40.0,32.0,11.0,10.0,0.0,1.0,97.0,664.0,104.0,617.0
2025-5014,Shanghai,Hard,96.0,M,20250924,6.0,105676,,,David Goffin,R,180.0,BEL,34.798,124186,,,Alexandre Muller,R,183.0,FRA,28.643,6-7(6) 6-1 6-1,3,R128,126.0,12.0,1.0,84.0,49.0,37.0,21.0,13.0,2.0,3.0,3.0,5.0,82.0,51.0,34.0,12.0,13.0,4.0,10.0,87.0,734.0,38.0,1168.0
2025-5014,Shanghai,Hard,96.0,M,20250924,7.0,105173,,,Adrian Mannarino,L,180.0,FRA,37.238,126610,,,Matteo Berrettini,R,196.0,ITA,29.451,7-5 7-6(5),3,R128,112.0,6.0,1.0,62.0,37.0,34.0,19.0,12.0,0.0,0.0,10.0,3.0,77.0,52.0,39.0,14.0,12.0,5.0,6.0,60.0,897.0,56.0,925.0
2025-5014,Shanghai,Hard,96.0,M,20250924,8.0,144719,,,Jaume Munar,R,183.0,ESP,28.389,105916,,,Marton Fucsovics,R,188.0,HUN,33.626,4-6 7-5 6-1,3,R128,161.0,4.0,1.0,93.0,65.0,48.0,18.0,15.0,7.0,8.0,0.0,4.0,85.0,49.0,35.0,19.0,14.0,4.0,7.0,40.0,1138.0,58.0,916.0
2025-5014,Shanghai,Hard,96.0,M,20250924,9.0,208134,,,Luca Nardi,R,185.0,ITA,22.136,124116,,,Sebastian Ofner,R,191.0,AUT,29.369,3-6 6-3 6-2,3,R128,107.0,5.0,5.0,81.0,49.0,38.0,18.0,13.0,7.0,8.0,7.0,2.0,78.0,44.0,32.0,20.0,13.0,6.0,9.0,85.0,740.0,137.0,453.0
2025-5014,Shanghai,Hard,96.0,M,20250924,10.0,106415,,,Yoshihito Nishioka,L,170.0,JPN,29.993,207686,,,Alexander Shevchenko,R,188.0,KAZ,24.819,6-1 6-2,3,R128,70.0,2.0,0.0,65.0,47.0,32.0,10.0,8.0,5.0,5.0,9.0,1.0,46.0,30.0,21.0,2.0,7.0,4.0,8.0,157.0,374.0,88.0,727.0
2025-5014,Shanghai,Hard,96.0,M,20250924,11.0,111442,,,Jordan Thompson,R,183.0,AUS,31.431,200416,,,August Holmgren,R,188.0,DEN,27.425,4-6 6-3 6-4,3,R128,128.0,10.0,1.0,89.0,54.0,43.0,20.0,15.0,4.0,5.0,8.0,4.0,78.0,47.0,38.0,15.0,14.0,2.0,4.0,78.0,795.0,176.0,315.0
2025-5014,Shanghai,Hard,96.0,M,20250924,12.0,200473,,,Valentin Vacherot,R,193.0,MON,26.856,111513,,,Laslo Djere,R,188.0,SRB,30.313,6-3 6-4,3,R128,84.0,4.0,2.0,55.0,31.0,26.0,14.0,10.0,0.0,0.0,4.0,0.0,61.0,43.0,31.0,6.0,9.0,2.0,4.0,202.0,263.0,83.0,766.0
2025-5014,Shanghai,Hard,96.0,M,20250924,13.0,206681,,,Fabian Marozsan,R,193.0,HUN,25.963,104527,,,Stan Wawrinka,R,183.0,SUI,40.493,6-1 4-6 6-4,3,R128,106.0,3.0,4.0,80.0,47.0,39.0,16.0,14.0,7.0,9.0,3.0,1.0,75.0,40.0,28.0,19.0,13.0,6.0,10.0,57.0,920.0,129.0,502.0
2025-5014,Shanghai,Hard,96.0,M,20250924,14.0,105870,,,Yannick Hanfmann,R,193.0,GER,33.864,132283,,,Lorenzo Sonego,R,191.0,ITA,30.374,2-6 6-3 6-1,3,R128,115.0,2.0,2.0,71.0,50.0,32.0,15.0,12.0,3.0,5.0,8.0,3.0,66.0,37.0,26.0,13.0,12.0,3.0,7.0,159.0,369.0,44.0,1105.0
2025-5014,Shanghai,Hard,96.0,M,20250924,15.0,209992,,,Juncheng Shang,L,180.0,CHN,20.641,206499,,,Aleksandar Kovacevic,R,183.0,USA,27.072,6-4 3-6 6-3,3,R128,115.0,6.0,1.0,77.0,56.0,40.0,14.0,14.0,0.0,1.0,10.0,1.0,84.0,54.0,42.0,14.0,14.0,1.0,3.0,238.0,235.0,67.0,862.0
2025-5014,Shanghai,Hard,96.0,M,20250924,16.0,126127,,,Benjamin Bonzi,R,183.0,FRA,29.292,124187,,,Reilly Opelka,R,211.0,USA,28.074,7-6(2) 6-4,3,R128,95.0,4.0,1.0,65.0,42.0,33.0,16.0,11.0,1.0,2.0,11.0,0.0,71.0,44.0,33.0,12.0,11.0,8.0,10.0,47.0,1083.0,61.0,895.0
2025-5014,Shanghai,Hard,96.0,M,20250924,17.0,132686,,,Nuno Borges,R,185.0,POR,28.594,122298,,,Botic van de Zandschulp,R,191.0,NED,29.974,7-6(5) 7-6(5),3,R128,136.0,8.0,3.0,90.0,55.0,39.0,19.0,12.0,2.0,3.0,10.0,4.0,80.0,50.0,40.0,16.0,12.0,1.0,2.0,51.0,995.0,84.0,759.0
2025-5014,Shanghai,Hard,96.0,M,20250924,18.0,202385,,,Jenson Brooksby,R,193.0,USA,24.912,900073,,,James Trotter,R,183.0,JPN,26.157,7-6(2) 6-1,3,R128,100.0,6.0,0.0,54.0,38.0,32.0,12.0,10.0,0.0,0.0,4.0,0.0,68.0,39.0,29.0,12.0,9.0,2.0,4.0,86.0,737.0,212.0,255.0
2025-5014,Shanghai,Hard,96.0,M,20250924,19.0,209070,,,Arthur Cazaux,R,183.0,FRA,23.088,124079,,,Pedro Martinez,R,185.0,ESP,28.413,6-3 3-6 7-5,3,R128,181.0,23.0,1.0,78.0,50.0,43.0,14.0,15.0,2.0,4.0,2.0,3.0,114.0,79.0,52.0,16.0,15.0,8.0,11.0,80.0,782.0,70.0,833.0
2025-5014,Shanghai,Hard,96.0,M,20250924,20.0,207681,,,Francisco Comesana,R,178.0,ARG,24.966,200259,,,Ugo Blanchet,R,175.0,FRA,26.719,6-4 6-2,3,R128,91.0,3.0,4.0,56.0,31.0,29.0,10.0,9.0,3.0,4.0,4.0,0.0,55.0,34.0,20.0,10.0,9.0,1.0,5.0,59.0,912.0,149.0,390.0
2025-5014,Shanghai,Hard,96.0,M,20250924,21.0,207411,,,Jesper de Jong,R,180.0,NED,25.317,212044,,,Yi Zhou,R,193.0,CHN,20.531,6-7(1) 6-2 7-6(3),3,R128,164.0,11.0,4.0,104.0,68.0,54.0,18.0,16.0,1.0,2.0,17.0,0.0,97.0,67.0,55.0,11.0,16.0,3.0,6.0,79.0,784.0,305.0,170.0
2025-5014,Shanghai,Hard,96.0,M,20250924,22.0,111460,,,Quentin Halys,R,191.0,FRA,28.912,111456,,,Mackenzie McDonald,R,178.0,USA,30.442,6-3 6-2,3,R128,63.0,7.0,2.0,51.0,31.0,23.0,15.0,9.0,3.0,3.0,1.0,0.0,46.0,33.0,20.0,8.0,8.0,2.0,5.0,75.0,806.0,96.0,667.0
2025-5014,Shanghai,Hard,96.0,M,20250924,23.0,111794,,,Kamil Majchrzak,R,183.0,POL,29.697,210319,,,Ethan Quinn,R,191.0,USA,21.536,6-3 6-4,3,R128,66.0,2.0,0.0,47.0,27.0,22.0,18.0,10.0,0.0,0.0,8.0,3.0,51.0,30.0,23.0,10.0,9.0,4.0,6.0,65.0,868.0,81.0,773.0
2025-5014,Shanghai,Hard,96.0,M,20250924,24.0,900000,,,Christopher O'Connell,R,183.0,AUS,31.31,106000,,,Damir Dzumhur,R,175.0,BIH,33.347,6-2 6-4,3,R128,97.0,6.0,0.0,70.0,39.0,29.0,18.0,9.0,4.0,4.0,1.0,2.0,62.0,39.0,20.0,15.0,9.0,4.0,7.0,103.0,644.0,66.0,868.0
2025-5014,Shanghai,Hard,96.0,M,20250924,25.0,900000,,,Valentin Royer,R,188.0,FRA,24.323,208363,,,Mariano Navone,R,178.0,ARG,24.572,3-6 6-4 6-4,3,R128,137.0,8.0,1.0,91.0,65.0,44.0,14.0,15.0,3.0,7.0,8.0,3.0,82.0,49.0,33.0,15.0,14.0,1.0,5.0,76.0,805.0,82.0,770.0
2025-5014,Shanghai,Hard,96.0,M,20250924,26.0,207494,,,Dalibor Svrcina,R,178.0,CZE,22.979,200059,,,Yibing Wu,R,183.0,CHN,25.947,7-5 RET,3,R128,55.0,0.0,1.0,31.0,23.0,16.0,4.0,6.0,2.0,4.0,1.0,0.0,40.0,28.0,12.0,8.0,6.0,5.0,8.0,91.0,691.0,158.0,372.0
2025-5014,Shanghai,Hard,96.0,M,20250924,27.0,126214,,,Alejandro Tabilo,L,188.0,CHI,28.312,106218,,,Marcos Giron,R,180.0,USA,32.17,6-4 6-3,3,R128,77.0,6.0,1.0,58.0,42.0,34.0,9.0,10.0,2.0,2.0,3.0,1.0,50.0,32.0,20.0,12.0,9.0,4.0,6.0,72.0,826.0,48.0,1040.0
2025-5014,Shanghai,Hard,96.0,M,20250924,28.0,200116,,,Camilo Ugo Carabelli,R,185.0,ARG,26.272,209279,,,Terence Atmane,L,193.0,FRA,23.707,4-4 RET,3,R128,38.0,4.0,2.0,27.0,17.0,12.0,3.0,4.0,1.0,2.0,1.0,1.0,26.0,17.0,12.0,4.0,4.0,2.0,3.0,43.0,1123.0,68.0,839.0
2025-5014,Shanghai,Hard,96.0,M,20250924,29.0,210530,,,Learner Tien,L,180.0,USA,19.811,200175,,,Miomir Kecmanovic,R,183.0,SRB,26.067,4-6 6-3 6-4,3,R128,126.0,11.0,4.0,84.0,50.0,40.0,19.0,15.0,5.0,7.0,5.0,2.0,95.0,70.0,47.0,11.0,14.0,6.0,9.0,52.0,985.0,46.0,1086.0
2025-5014,Shanghai,Hard,96.0,M,20250924,30.0,208286,,,Matteo Arnaldi,R,185.0,ITA,24.586,106203,,,Rei Sakamoto,R,193.0,JPN,19.253,7-6(3) 6-4,3,R128,111.0,6.0,2.0,66.0,45.0,35.0,9.0,11.0,1.0,3.0,3.0,2.0,72.0,39.0,27.0,18.0,11.0,7.0,10.0,73.0,825.0,190.0,279.0
2025-5014,Shanghai,Hard,96.0,M,20250924,31.0,900002,,,Yunchaokete Bu,R,185.0,CHN,23.68,207678,,,Juan Manuel Cerundolo,L,183.0,ARG,23.858,6-3 6-7(5) 6-3,3,R128,172.0,10.0,1.0,117.0,82.0,63.0,16.0,16.0,9.0,9.0,10.0,4.0,97.0,58.0,46.0,19.0,14.0,3.0,5.0,89.0,721.0,71.0,829.0
2025-5014,Shanghai,Hard,96.0,M,20250924,32.0,126239,,,Arthur Rinderknech,R,196.0,FRA,30.174,209098,,,Hamad Medjedovic,R,188.0,SRB,22.188,6-7(3) 1-0 RET,3,R128,104.0,14.0,0.0,46.0,35.0,27.0,3.0,7.0,3.0,4.0,6.0,2.0,68.0,44.0,31.0,9.0,6.0,6.0,7.0,54.0,932.0,63.0,883.0
2025-5014,Shanghai,Hard,96.0,M,20250924,33.0,200473,,,Valentin Vacherot,R,193.0,MON,26.856,122330,14.0,,Alexander Bublik,R,196.0,KAZ,28.271,3-6 6-3 6-4,3,R64,109.0,11.0,4.0,83.0,61.0,49.0,10.0,14.0,3.0,4.0,10.0,1.0,80.0,49.0,39.0,17.0,14.0,4.0,6.0,202.0,263.0,16.0,2445.0
2025-5014,Shanghai,Hard,96.0,M,20250924,34.0,104925,4.0,,Novak Djokovic,R,188.0,SRB,38.344,105227,,,Marin Cilic,R,198.0,CRO,36.988,7-6(2) 6-4,3,R64,114.0,10.0,2.0,73.0,50.0,42.0,13.0,11.0,4.0,4.0,6.0,0.0,56.0,34.0,27.0,14.0,11.0,0.0,1.0,4.0,4830.0,97.0,664.0
2025-5014,Shanghai,Hard,96.0,M,20250924,35.0,105676,,,David Goffin,R,180.0,BEL,34.798,210097,6.0,,Ben Shelton,L,193.0,USA,22.96,6-2 6-4,3,R64,91.0,2.0,0.0,52.0,39.0,32.0,7.0,9.0,3.0,3.0,6.0,0.0,43.0,30.0,20.0,7.0,9.0,2.0,5.0,87.0,734.0,6.0,4280.0
2025-5014,Shanghai,Hard,96.0,M,20250924,36.0,208029,10.0,,Holger Rune,R,188.0,DEN,22.407,202104,,,Sebastian Baez,R,170.0,ARG,24.739,7-5 6-4,3,R64,106.0,3.0,5.0,68.0,42.0,32.0,9.0,11.0,3.0,6.0,1.0,0.0,71.0,51.0,28.0,10.0,11.0,8.0,13.0,11.0,3090.0,41.0,1135.0
2025-5014,Shanghai,Hard,96.0,M,20250924,37.0,202103,19.0,,Francisco Cerundolo,R,185.0,ARG,27.116,105173,,,Adrian Mannarino,L,180.0,FRA,37.238,7-6(3) 7-6(4),3,R64,143.0,9.0,1.0,82.0,58.0,45.0,11.0,12.0,4.0,6.0,6.0,1.0,89.0,52.0,36.0,20.0,12.0,2.0,4.0,21.0,2135.0,60.0,897.0
2025-5014,Shanghai,Hard,96.0,M,20250924,38.0,207830,20.0,,Tomas Machac,R,183.0,CZE,24.947,208233,,,Mattia Bellucci,L,175.0,ITA,24.315,6-3 6-4,3,R64,108.0,11.0,1.0,70.0,48.0,34.0,13.0,10.0,4.0,4.0,8.0,4.0,88.0,52.0,38.0,13.0,9.0,8.0,10.0,22.0,2110.0,64.0,869.0
2025-5014,Shanghai,Hard,96.0,M,20250924,39.0,200005,21.0,,Ugo Humbert,L,188.0,FRA,27.247,111442,,,Jordan Thompson,R,183.0,AUS,31.431,6-3 7-6(4),3,R64,106.0,9.0,2.0,71.0,51.0,40.0,11.0,11.0,3.0,4.0,10.0,0.0,75.0,57.0,37.0,10.0,10.0,5.0,7.0,24.0,2045.0,78.0,795.0
2025-5014,Shanghai,Hard,96.0,M,20250924,40.0,144719,,,Jaume Munar,R,183.0,ESP,28.389,207925,22.0,,Flavio Cobolli,R,183.0,ITA,23.387,7-5 6-1,3,R64,92.0,2.0,1.0,53.0,27.0,24.0,17.0,10.0,1.0,1.0,2.0,5.0,61.0,37.0,24.0,12.0,9.0,3.0,6.0,40.0,1138.0,25.0,2040.0
2025-5014,Shanghai,Hard,96.0,M,20250924,41.0,105870,,,Yannick Hanfmann,R,193.0,GER,33.864,126207,25.0,,Frances Tiafoe,R,188.0,USA,27.677,6-7(9) 6-2 6-1,3,R64,170.0,21.0,1.0,96.0,70.0,50.0,15.0,14.0,1.0,3.0,5.0,4.0,98.0,51.0,33.0,25.0,13.0,12.0,18.0,159.0,369.0,29.0,1640.0
2025-5014,Shanghai,Hard,96.0,M,20250924,42.0,134868,27.0,,Tallon Griekspoor,R,188.0,NED,29.229,202385,,,Jenson Brooksby,R,193.0,USA,24.912,6-1 1-6 6-1,3,R64,106.0,5.0,2.0,67.0,43.0,31.0,11.0,11.0,5.0,7.0,0.0,3.0,60.0,40.0,25.0,6.0,10.0,9.0,13.0,31.0,1565.0,86.0,737.0
2025-5014,Shanghai,Hard,96.0,M,20250924,43.0,209113,31.0,,Gabriel Diallo,R,203.0,CAN,24.0,126127,,,Benjamin Bonzi,R,183.0,FRA,29.292,6-4 6-4,3,R64,88.0,4.0,2.0,49.0,32.0,29.0,11.0,10.0,0.0,0.0,7.0,2.0,61.0,40.0,30.0,8.0,10.0,2.0,4.0,35.0,1308.0,47.0,1083.0
2025-5014,Shanghai,Hard,96.0,M,20250924,44.0,208659,32.0,,Giovanni Mpetshi Perricard,R,203.0,FRA,22.215,208134,,,Luca Nardi,R,185.0,ITA,22.136,6-3 7-6(4),3,R64,99.0,11.0,1.0,76.0,53.0,41.0,13.0,11.0,4.0,5.0,3.0,3.0,65.0,35.0,23.0,18.0,10.0,2.0,4.0,36.0,1275.0,85.0,740.0
2025-5014,Shanghai,Hard,96.0,M,20250924,45.0,126203,5.0,,Taylor Fritz,R,196.0,USA,27.907,206681,,,Fabian Marozsan,R,193.0,HUN,25.963,2-6 7-6(4) 7-6(1),3,R64,140.0,15.0,1.0,93.0,60.0,51.0,19.0,16.0,3.0,5.0,7.0,1.0,109.0,76.0,56.0,20.0,16.0,8.0,8.0,5.0,4675.0,57.0,920.0
2025-5014,Shanghai,Hard,96.0,M,20250924,46.0,200267,,,Zizou Bergs,R,185.0,BEL,26.311,134770,11.0,,Casper Ruud,R,183.0,NOR,26.757,3-6 7-5 4-1 RET,3,R64,128.0,11.0,5.0,67.0,32.0,27.0,24.0,13.0,4.0,5.0,4.0,5.0,84.0,49.0,37.0,17.0,13.0,2.0,4.0,45.0,1089.0,12.0,2755.0
2025-5014,Shanghai,Hard,96.0,M,20250924,47.0,206173,2.0,,Jannik Sinner,R,191.0,ITA,24.107,127157,,,Daniel Altmaier,R,188.0,GER,27.034,6-3 6-3,3,R64,98.0,3.0,0.0,54.0,34.0,30.0,9.0,9.0,2.0,2.0,5.0,2.0,61.0,35.0,22.0,13.0,9.0,1.0,4.0,2.0,10780.0,50.0,1003.0
2025-5014,Shanghai,Hard,96.0,M,20250924,48.0,100644,3.0,,Alexander Zverev,R,198.0,GER,28.43,900000,,,Valentin Royer,R,188.0,FRA,24.323,6-4 6-4,3,R64,98.0,12.0,2.0,61.0,44.0,34.0,10.0,10.0,5.0,5.0,3.0,0.0,62.0,43.0,27.0,13.0,10.0,2.0,4.0,3.0,5930.0,76.0,805.0
2025-5014,Shanghai,Hard,96.0,M,20250924,49.0,200282,7.0,,Alex de Minaur,R,183.0,AUS,26.601,200116,,,Camilo Ugo Carabelli,R,185.0,ARG,26.272,6-4 6-2,3,R64,88.0,3.0,1.0,45.0,30.0,26.0,11.0,9.0,0.0,0.0,6.0,1.0,63.0,42.0,24.0,12.0,9.0,6.0,9.0,8.0,3545.0,43.0,1123.0
2025-5014,Shanghai,Hard,96.0,M,20250924,50.0,207518,8.0,,Lorenzo Musetti,R,185.0,ITA,23.562,207681,,,Francisco Comesana,R,178.0,ARG,24.966,6-4 6-0,3,R64,87.0,1.0,0.0,43.0,26.0,21.0,11.0,8.0,0.0,0.0,2.0,2.0,48.0,26.0,18.0,6.0,8.0,5.0,9.0,9.0,3505.0,59.0,912.0
2025-5014,Shanghai,Hard,96.0,M,20250924,51.0,200000,12.0,,Felix Auger-Aliassime,R,193.0,CAN,25.128,126214,,,Alejandro Tabilo,L,188.0,CHI,28.312,6-3 6-3,3,R64,85.0,11.0,2.0,67.0,47.0,35.0,9.0,9.0,7.0,7.0,2.0,0.0,54.0,38.0,21.0,10.0,9.0,2.0,5.0,13.0,2755.0,72.0,826.0
2025-5014,Shanghai,Hard,96.0,M,20250924,52.0,106415,,,Yoshihito Nishioka,L,170.0,JPN,29.993,126094,13.0,,Andrey Rublev,R,188.0,RUS,27.929,2-6 6-1 6-4,3,R64,107.0,3.0,0.0,74.0,49.0,36.0,16.0,13.0,5.0,7.0,2.0,0.0,65.0,46.0,36.0,7.0,12.0,2.0,5.0,157.0,374.0,14.0,2610.0
2025-5014,Shanghai,Hard,96.0,M,20250924,53.0,208103,15.0,,Jiri Lehecka,R,185.0,CZE,23.877,111460,,,Quentin Halys,R,191.0,FRA,28.912,6-4 7-5,3,R64,85.0,8.0,2.0,58.0,42.0,35.0,10.0,11.0,0.0,0.0,5.0,3.0,60.0,34.0,29.0,10.0,11.0,1.0,3.0,17.0,2415.0,75.0,806.0
2025-5014,Shanghai,Hard,96.0,M,20250924,54.0,106421,16.0,,Daniil Medvedev,R,198.0,RUS,29.618,207494,,,Dalibor Svrcina,R,178.0,CZE,22.979,6-1 6-1,3,R64,60.0,2.0,2.0,35.0,29.0,24.0,4.0,7.0,0.0,0.0,0.0,1.0,43.0,30.0,10.0,6.0,7.0,4.0,9.0,18.0,2410.0,91.0,691.0
2025-5014,Shanghai,Hard,96.0,M,20250924,55.0,207411,,,Jesper de Jong,R,180.0,NED,25.317,210150,17.0,,Jakub Mensik,R,196.0,CZE,20.063,4-6 7-6(2) 6-4,3,R64,148.0,17.0,3.0,102.0,67.0,50.0,18.0,16.0,7.0,9.0,13.0,3.0,101.0,63.0,53.0,19.0,16.0,2.0,4.0,79.0,784.0,19.0,2380.0
2025-5014,Shanghai,Hard,96.0,M,20250924,56.0,200221,18.0,,Alejandro Davidovich Fokina,R,180.0,ESP,26.305,208286,,,Matteo Arnaldi,R,185.0,ITA,24.586,6-4 6-4,3,R64,90.0,5.0,0.0,58.0,36.0,25.0,14.0,10.0,2.0,4.0,5.0,1.0,64.0,45.0,35.0,10.0,10.0,2.0,2.0,20.0,2225.0,73.0,825.0
2025-5014,Shanghai,Hard,96.0,M,20250924,57.0,133430,23.0,,Denis Shapovalov,L,185.0,CAN,26.445,900000,,,Christopher O'Connell,R,183.0,AUS,31.31,6-3 6-2,3,R64,72.0,11.0,3.0,54.0,33.0,25.0,12.0,9.0,2.0,3.0,3.0,0.0,49.0,26.0,16.0,8.0,8.0,5.0,9.0,26.0,1838.0,103.0,644.0
2025-5014,Shanghai,Hard,96.0,M,20250924,58.0,209260,26.0,,Luciano Darderi,R,183.0,ITA,23.608,900002,,,Yunchaokete Bu,R,185.0,CHN,23.68,6-4 6-4,3,R64,90.0,9.0,0.0,52.0,33.0,28.0,11.0,10.0,2.0,3.0,10.0,0.0,55.0,31.0,25.0,9.0,10.0,2.0,5.0,30.0,1584.0,89.0,721.0
2025-5014,Shanghai,Hard,96.0,M,20250924,59.0,126239,,,Arthur Rinderknech,R,196.0,FRA,30.174,210506,28.0,,Alex Michelsen,R,193.0,USA,21.081,6-3 6-4,3,R64,106.0,3.0,2.0,64.0,41.0,30.0,11.0,9.0,7.0,8.0,4.0,0.0,60.0,43.0,27.0,8.0,10.0,2.0,6.0,54.0,932.0,32.0,1485.0
2025-5014,Shanghai,Hard,96.0,M,20250924,60.0,111794,,,Kamil Majchrzak,R,183.0,POL,29.697,206909,29.0,,Brandon Nakashima,R,188.0,USA,24.142,6-4 6-0,3,R64,70.0,11.0,0.0,49.0,36.0,26.0,7.0,8.0,0.0,1.0,5.0,2.0,54.0,32.0,17.0,9.0,8.0,6.0,11.0,65.0,868.0,33.0,1420.0
2025-5014,Shanghai,Hard,96.0,M,20250924,61.0,111815,30.0,,Cameron Norrie,L,188.0,GBR,30.089,209070,,,Arthur Cazaux,R,183.0,FRA,23.088,6-3 0-6 7-6(5),3,R64,127.0,1.0,1.0,68.0,45.0,34.0,15.0,13.0,0.0,3.0,15.0,2.0,84.0,57.0,46.0,12.0,14.0,3.0,5.0,34.0,1397.0,80.0,782.0
2025-5014,Shanghai,Hard,96.0,M,20250924,62.0,210530,,,Learner Tien,L,180.0,USA,19.811,144895,,,Corentin Moutet,L,180.0,FRA,26.434,4-6 6-4 6-4,3,R64,156.0,2.0,4.0,81.0,54.0,33.0,14.0,15.0,2.0,7.0,5.0,2.0,101.0,60.0,40.0,17.0,15.0,6.0,12.0,52.0,985.0,37.0,1233.0
2025-5014,Shanghai,Hard,96.0,M,20250924,63.0,209992,,,Juncheng Shang,L,180.0,CHN,20.641,111575,9.0,,Karen Khachanov,R,198.0,RUS,29.344,7-6(3) 6-3,3,R64,101.0,5.0,2.0,65.0,45.0,39.0,6.0,11.0,0.0,2.0,8.0,1.0,62.0,42.0,30.0,8.0,10.0,0.0,3.0,238.0,235.0,10.0,3280.0
2025-5014,Shanghai,Hard,96.0,M,20250924,64.0,132686,,,Nuno Borges,R,185.0,POR,28.594,126846,,,Aleksandar Vukic,R,188.0,AUS,29.467,7-6(7) 6-4,3,R64,102.0,7.0,1.0,73.0,52.0,40.0,10.0,11.0,2.0,3.0,10.0,0.0,75.0,44.0,31.0,16.0,11.0,4.0,6.0,51.0,995.0,95.0,668.0
2025-5014,Shanghai,Hard,96.0,M,20250924,65.0,104925,4.0,,Novak Djokovic,R,188.0,SRB,38.344,105870,,,Yannick Hanfmann,R,193.0,GER,33.864,4-6 7-5 6-3,3,R32,162.0,7.0,1.0,89.0,54.0,46.0,20.0,16.0,2.0,3.0,13.0,0.0,87.0,54.0,41.0,17.0,15.0,1.0,3.0,4.0,4830.0,159.0,369.0
2025-5014,Shanghai,Hard,96.0,M,20250924,66.0,208659,32.0,,Giovanni Mpetshi Perricard,R,203.0,FRA,22.215,126203,5.0,,Taylor Fritz,R,196.0,USA,27.907,6-4 7-5,3,R32,85.0,12.0,2.0,57.0,40.0,32.0,13.0,11.0,0.0,0.0,9.0,1.0,61.0,42.0,33.0,11.0,11.0,4.0,6.0,36.0,1275.0,5.0,4675.0
2025-5014,Shanghai,Hard,96.0,M,20250924,67.0,208029,10.0,,Holger Rune,R,188.0,DEN,22.407,200005,21.0,,Ugo Humbert,L,188.0,FRA,27.247,6-4 6-4,3,R32,94.0,6.0,2.0,52.0,31.0,25.0,14.0,10.0,0.0,1.0,6.0,4.0,54.0,30.0,23.0,11.0,10.0,2.0,5.0,11.0,3090.0,24.0,2045.0
2025-5014,Shanghai,Hard,96.0,M,20250924,68.0,200267,,,Zizou Bergs,R,185.0,BEL,26.311,202103,19.0,,Francisco Cerundolo,R,185.0,ARG,27.116,7-6(1) 6-3,3,R32,130.0,6.0,2.0,76.0,45.0,36.0,13.0,11.0,6.0,8.0,9.0,3.0,80.0,44.0,27.0,17.0,10.0,8.0,11.0,45.0,1089.0,21.0,2135.0
2025-5014,Shanghai,Hard,96.0,M,20250924,69.0,200473,,,Valentin Vacherot,R,193.0,MON,26.856,207830,20.0,,Tomas Machac,R,183.0,CZE,24.947,6-0 3-1 RET,3,R32,53.0,3.0,0.0,26.0,16.0,13.0,9.0,5.0,0.0,0.0,1.0,1.0,52.0,31.0,17.0,6.0,5.0,9.0,13.0,202.0,263.0,22.0,2110.0
2025-5014,Shanghai,Hard,96.0,M,20250924,70.0,209113,31.0,,Gabriel Diallo,R,203.0,CAN,24.0,105676,,,David Goffin,R,180.0,BEL,34.798,3-0 RET,3,R32,10.0,4.0,0.0,10.0,8.0,6.0,2.0,2.0,0.0,0.0,0.0,1.0,8.0,4.0,3.0,0.0,1.0,0.0,1.0,35.0,1308.0,87.0,734.0
2025-5014,Shanghai,Hard,96.0,M,20250924,71.0,144719,,,Jaume Munar,R,183.0,ESP,28.389,106415,,,Yoshihito Nishioka,L,170.0,JPN,29.993,6-4 5-7 6-1,3,R32,148.0,12.0,1.0,98.0,69.0,51.0,14.0,15.0,8.0,11.0,3.0,2.0,74.0,49.0,36.0,7.0,14.0,3.0,8.0,40.0,1138.0,157.0,374.0
2025-5014,Shanghai,Hard,96.0,M,20250924,72.0,134868,27.0,,Tallon Griekspoor,R,188.0,NED,29.229,206173,2.0,,Jannik Sinner,R,191.0,ITA,24.107,6-7(3) 7-5 3-2 RET,3,R32,156.0,17.0,1.0,99.0,68.0,53.0,15.0,14.0,6.0,6.0,10.0,2.0,79.0,59.0,44.0,15.0,15.0,1.0,3.0,31.0,1565.0,2.0,10780.0
2025-5014,Shanghai,Hard,96.0,M,20250924,73.0,200282,7.0,,Alex de Minaur,R,183.0,AUS,26.601,111794,,,Kamil Majchrzak,R,183.0,POL,29.697,6-1 7-5,3,R32,87.0,4.0,0.0,45.0,31.0,24.0,10.0,9.0,1.0,2.0,8.0,3.0,75.0,45.0,28.0,10.0,10.0,6.0,11.0,8.0,3545.0,65.0,868.0
2025-5014,Shanghai,Hard,96.0,M,20250924,74.0,200000,12.0,,Felix Auger-Aliassime,R,193.0,CAN,25.128,207411,,,Jesper de Jong,R,180.0,NED,25.317,6-4 7-5,3,R32,100.0,7.0,3.0,63.0,39.0,30.0,15.0,11.0,3.0,4.0,3.0,1.0,57.0,40.0,29.0,9.0,11.0,1.0,4.0,13.0,2755.0,79.0,784.0
2025-5014,Shanghai,Hard,96.0,M,20250924,75.0,132686,,,Nuno Borges,R,185.0,POR,28.594,209992,,,Juncheng Shang,L,180.0,CHN,20.641,7-6(5) 4-6 6-3,3,R32,147.0,17.0,6.0,101.0,67.0,51.0,17.0,16.0,3.0,5.0,6.0,0.0,93.0,70.0,51.0,11.0,15.0,2.0,4.0,51.0,995.0,238.0,235.0
2025-5014,Shanghai,Hard,96.0,M,20250924,76.0,208103,15.0,,Jiri Lehecka,R,185.0,CZE,23.877,133430,23.0,,Denis Shapovalov,L,185.0,CAN,26.445,6-4 6-4,3,R32,93.0,5.0,2.0,56.0,35.0,26.0,12.0,10.0,1.0,3.0,8.0,6.0,75.0,47.0,30.0,11.0,10.0,10.0,14.0,17.0,2415.0,26.0,1838.0
2025-5014,Shanghai,Hard,96.0,M,20250924,77.0,126239,,,Arthur Rinderknech,R,196.0,FRA,30.174,100644,3.0,,Alexander Zverev,R,198.0,GER,28.43,4-6 6-3 6-2,3,R32,132.0,7.0,1.0,78.0,54.0,40.0,18.0,14.0,6.0,7.0,7.0,2.0,71.0,52.0,37.0,9.0,13.0,3.0,6.0,54.0,932.0,3.0,5930.0
2025-5014,Shanghai,Hard,96.0,M,20250924,78.0,207518,8.0,,Lorenzo Musetti,R,185.0,ITA,23.562,209260,26.0,,Luciano Darderi,R,183.0,ITA,23.608,7-5 7-6(1),3,R32,131.0,11.0,2.0,87.0,63.0,43.0,13.0,12.0,6.0,8.0,2.0,2.0,77.0,48.0,37.0,9.0,12.0,5.0,8.0,9.0,3505.0,30.0,1584.0
2025-5014,Shanghai,Hard,96.0,M,20250924,79.0,106421,16.0,,Daniil Medvedev,R,198.0,RUS,29.618,200221,18.0,,Alejandro Davidovich Fokina,R,180.0,ESP,26.305,6-3 7-6(5),3,R32,111.0,9.0,1.0,61.0,35.0,33.0,15.0,11.0,1.0,1.0,1.0,2.0,80.0,53.0,38.0,11.0,10.0,8.0,9.0,18.0,2410.0,20.0,2225.0
2025-5014,Shanghai,Hard,96.0,M,20250924,80.0,210530,,,Learner Tien,L,180.0,USA,19.811,111815,30.0,,Cameron Norrie,L,188.0,GBR,30.089,7-6(4) 6-3,3,R32,107.0,4.0,4.0,74.0,46.0,34.0,13.0,10.0,8.0,10.0,3.0,1.0,69.0,48.0,34.0,4.0,11.0,2.0,6.0,52.0,985.0,34.0,1397.0
2025-5014,Shanghai,Hard,96.0,M,20250924,81.0,200267,,,Zizou Bergs,R,185.0,BEL,26.311,209113,31.0,,Gabriel Diallo,R,203.0,CAN,24.0,3-6 7-5 7-6(8),3,R16,168.0,10.0,3.0,101.0,66.0,47.0,21.0,16.0,2.0,5.0,10.0,3.0,100.0,75.0,57.0,10.0,17.0,1.0,4.0,45.0,1089.0,35.0,1308.0
2025-5014,Shanghai,Hard,96.0,M,20250924,82.0,208029,10.0,,Holger Rune,R,188.0,DEN,22.407,208659,32.0,,Giovanni Mpetshi Perricard,R,203.0,FRA,22.215,6-4 6-7(7) 6-3,3,R16,148.0,9.0,0.0,93.0,59.0,48.0,24.0,16.0,3.0,3.0,16.0,5.0,96.0,63.0,47.0,19.0,15.0,5.0,7.0,11.0,3090.0,36.0,1275.0
2025-5014,Shanghai,Hard,96.0,M,20250924,83.0,104925,4.0,,Novak Djokovic,R,188.0,SRB,38.344,144719,,,Jaume Munar,R,183.0,ESP,28.389,6-3 5-7 6-2,3,R16,161.0,3.0,0.0,84.0,58.0,44.0,16.0,15.0,1.0,2.0,3.0,0.0,86.0,49.0,29.0,26.0,14.0,5.0,8.0,4.0,4830.0,40.0,1138.0
2025-5014,Shanghai,Hard,96.0,M,20250924,84.0,200473,,,Valentin Vacherot,R,193.0,MON,26.856,134868,27.0,,Tallon Griekspoor,R,188.0,NED,29.229,4-6 7-6(1) 6-4,3,R16,142.0,13.0,1.0,103.0,71.0,53.0,19.0,16.0,6.0,7.0,11.0,1.0,81.0,60.0,48.0,14.0,16.0,3.0,4.0,202.0,263.0,31.0,1565.0
2025-5014,Shanghai,Hard,96.0,M,20250924,85.0,200282,7.0,,Alex de Minaur,R,183.0,AUS,26.601,132686,,,Nuno Borges,R,185.0,POR,28.594,7-5 6-2,3,R16,107.0,2.0,0.0,54.0,33.0,26.0,17.0,10.0,3.0,3.0,2.0,0.0,86.0,56.0,36.0,11.0,10.0,9.0,12.0,8.0,3545.0,51.0,995.0
2025-5014,Shanghai,Hard,96.0,M,20250924,86.0,126239,,,Arthur Rinderknech,R,196.0,FRA,30.174,208103,15.0,,Jiri Lehecka,R,185.0,CZE,23.877,6-3 7-6(5),3,R16,91.0,9.0,0.0,56.0,44.0,41.0,8.0,11.0,0.0,0.0,3.0,2.0,65.0,41.0,33.0,12.0,10.0,2.0,3.0,54.0,932.0,17.0,2415.0
2025-5014,Shanghai,Hard,96.0,M,20250924,87.0,200000,12.0,,Felix Auger-Aliassime,R,193.0,CAN,25.128,207518,8.0,,Lorenzo Musetti,R,185.0,ITA,23.562,6-4 6-2,3,R16,85.0,6.0,1.0,53.0,41.0,31.0,7.0,9.0,3.0,3.0,3.0,0.0,58.0,39.0,23.0,11.0,9.0,3.0,6.0,13.0,2755.0,9.0,3505.0
2025-5014,Shanghai,Hard,96.0,M,20250924,88.0,106421,16.0,,Daniil Medvedev,R,198.0,RUS,29.618,210530,,,Learner Tien,L,180.0,USA,19.811,7-6(6) 6-7(1) 6-4,3,R16,172.0,10.0,11.0,111.0,75.0,59.0,10.0,17.0,2.0,5.0,2.0,3.0,114.0,76.0,48.0,23.0,17.0,8.0,12.0,18.0,2410.0,52.0,985.0
2025-5014,Shanghai,Hard,96.0,M,20250924,89.0,200473,,,Valentin Vacherot,R,193.0,MON,26.856,208029,10.0,,Holger Rune,R,188.0,DEN,22.407,2-6 7-6(4) 6-4,3,QF,179.0,7.0,1.0,121.0,83.0,54.0,19.0,15.0,7.0,10.0,12.0,4.0,98.0,67.0,49.0,13.0,15.0,2.0,4.0,202.0,263.0,11.0,3090.0
2025-5014,Shanghai,Hard,96.0,M,20250924,90.0,104925,4.0,,Novak Djokovic,R,188.0,SRB,38.344,200267,,,Zizou Bergs,R,185.0,BEL,26.311,6-3 7-5,3,QF,110.0,6.0,1.0,67.0,49.0,39.0,8.0,11.0,4.0,5.0,7.0,4.0,64.0,42.0,32.0,7.0,10.0,6.0,9.0,4.0,4830.0,45.0,1089.0
2025-5014,Shanghai,Hard,96.0,M,20250924,91.0,126239,,,Arthur Rinderknech,R,196.0,FRA,30.174,200000,12.0,,Felix Auger-Aliassime,R,193.0,CAN,25.128,6-3 6-4,3,QF,88.0,5.0,1.0,54.0,34.0,29.0,13.0,10.0,3.0,3.0,8.0,3.0,57.0,41.0,26.0,10.0,9.0,0.0,2.0,54.0,932.0,13.0,2755.0
2025-5014,Shanghai,Hard,96.0,M,20250924,92.0,106421,16.0,,Daniil Medvedev,R,198.0,RUS,29.618,200282,7.0,,Alex de Minaur,R,183.0,AUS,26.601,6-4 6-4,3,QF,113.0,5.0,6.0,69.0,42.0,33.0,14.0,10.0,6.0,6.0,1.0,1.0,71.0,49.0,34.0,8.0,10.0,4.0,6.0,18.0,2410.0,8.0,3545.0
2025-5014,Shanghai,Hard,96.0,M,20250924,93.0,200473,,,Valentin Vacherot,R,193.0,MON,26.856,104925,4.0,,Novak Djokovic,R,188.0,SRB,38.344,6-3 6-4,3,SF,113.0,5.0,6.0,69.0,42.0,33.0,14.0,10.0,6.0,6.0,1.0,1.0,71.0,49.0,34.0,8.0,10.0,4.0,6.0,202.0,263.0,4.0,4830.0
2025-5014,Shanghai,Hard,96.0,M,20250924,94.0,126239,,,Arthur Rinderknech,R,196.0,FRA,30.174,106421,16.0,,Daniil Medvedev,R,198.0,RUS,29.618,4-6 6-2 6-4,3,SF,149.0,12.0,6.0,111.0,75.0,51.0,18.0,14.0,10.0,11.0,11.0,4.0,78.0,51.0,39.0,12.0,14.0,3.0,6.0,54.0,932.0,18.0,2410.0
2025-5014,Shanghai,Hard,96.0,M,20250924,95.0,200473,,,Valentin Vacherot,R,193.0,MON,26.856,126239,,,Arthur Rinderknech,R,196.0,FRA,30.174,4-6 6-3 6-3,3,F,134.0,8.0,1.0,72.0,49.0,38.0,17.0,14.0,0.0,1.0,11.0,1.0,89.0,63.0,43.0,14.0,14.0,11.0,14.0,202.0,263.0,54.0,932.0
2025-429,Stockholm,Hard,28.0,250,20251013,1.0,207985,,,Jacob Fearnley,R,183.0,GBR,24.246,134868,5.0,,Tallon Griekspoor,R,188.0,NED,29.281,6-3 6-7(6) 7-6(5),3,R32,164.0,6.0,5.0,101.0,58.0,45.0,26.0,16.0,2.0,3.0,12.0,3.0,113.0,78.0,56.0,15.0,17.0,4.0,7.0,81.0,764.0,27.0,1615.0
2025-429,Stockholm,Hard,28.0,250,20251013,2.0,200175,,,Miomir Kecmanovic,R,183.0,SRB,26.119,124186,6.0,,Alexandre Muller,R,183.0,FRA,28.695,6-4 6-1,3,R32,83.0,2.0,2.0,46.0,32.0,22.0,7.0,8.0,3.0,5.0,1.0,1.0,64.0,39.0,23.0,6.0,9.0,9.0,15.0,49.0,1066.0,43.0,1165.0
2025-429,Stockholm,Hard,28.0,250,20251013,3.0,200624,,,Sebastian Korda,R,196.0,USA,25.273,200615,7.0,,Alexei Popyrin,R,196.0,AUS,26.19,6-7(4) 6-1 6-3,3,R32,143.0,13.0,4.0,92.0,51.0,34.0,24.0,14.0,3.0,6.0,9.0,5.0,112.0,73.0,46.0,12.0,14.0,13.0,20.0,60.0,920.0,48.0,1090.0
2025-429,Stockholm,Hard,28.0,250,20251013,4.0,209863,,,Leo Borg,R,183.0,SWE,22.415,124116,,,Sebastian Ofner,R,191.0,AUT,29.421,6-3 6-4,3,R32,75.0,2.0,4.0,65.0,42.0,31.0,15.0,10.0,1.0,1.0,5.0,2.0,52.0,26.0,23.0,12.0,9.0,1.0,3.0,622.0,57.0,140.0,463.0
2025-429,Stockholm,Hard,28.0,250,20251013,5.0,111200,,,Elias Ymer,R,185.0,SWE,29.509,144707,,,Mikael Ymer,R,185.0,SWE,27.094,6-2 7-6(4),3,R32,90.0,12.0,3.0,63.0,37.0,30.0,15.0,10.0,1.0,1.0,3.0,5.0,69.0,43.0,30.0,13.0,10.0,2.0,4.0,243.0,225.0,617.0,57.0
2025-429,Stockholm,Hard,28.0,250,20251013,6.0,105227,,,Marin Cilic,R,198.0,CRO,37.04,149282,,,Nicolai Budkov Kjaer,R,191.0,NOR,19.116,7-5 6-3,3,R32,93.0,12.0,2.0,59.0,34.0,29.0,16.0,11.0,0.0,0.0,2.0,2.0,71.0,33.0,27.0,19.0,10.0,5.0,7.0,92.0,684.0,136.0,473.0
2025-429,Stockholm,Hard,28.0,250,20251013,7.0,144869,,,Tomas Martin Etcheverry,R,196.0,ARG,26.24,210136,,,Mark Lajal,R,191.0,EST,22.423,7-6(5) 6-7(5) 6-3,3,R32,175.0,9.0,2.0,104.0,73.0,50.0,18.0,16.0,2.0,5.0,8.0,2.0,100.0,61.0,47.0,18.0,17.0,4.0,9.0,63.0,880.0,149.0,423.0
2025-429,Stockholm,Hard,28.0,250,20251013,8.0,111794,,,Kamil Majchrzak,R,183.0,POL,29.749,209209,,,Filip Misolic,R,180.0,AUT,24.181,6-2 6-2,3,R32,80.0,2.0,3.0,59.0,31.0,24.0,14.0,8.0,7.0,7.0,1.0,3.0,60.0,37.0,19.0,10.0,8.0,2.0,6.0,75.0,818.0,95.0,663.0
2025-429,Stockholm,Hard,28.0,250,20251013,9.0,126610,,,Matteo Berrettini,R,196.0,ITA,29.503,206748,,,Giulio Zeppieri,L,183.0,ITA,23.849,6-4 6-2,3,R32,80.0,6.0,2.0,61.0,33.0,26.0,13.0,9.0,4.0,5.0,5.0,2.0,50.0,35.0,22.0,6.0,9.0,4.0,8.0,61.0,905.0,160.0,362.0
2025-429,Stockholm,Hard,28.0,250,20251013,10.0,206499,,,Aleksandar Kovacevic,R,183.0,USA,27.124,200116,8.0,,Camilo Ugo Carabelli,R,185.0,ARG,26.324,4-6 7-5 4-0 RET,3,R32,124.0,13.0,3.0,89.0,59.0,39.0,15.0,13.0,7.0,10.0,3.0,2.0,77.0,44.0,30.0,14.0,13.0,4.0,9.0,69.0,862.0,50.0,1053.0
2025-429,Stockholm,Hard,28.0,250,20251013,11.0,105916,,,Marton Fucsovics,R,188.0,HUN,33.678,207411,,,Jesper de Jong,R,180.0,NED,25.369,6-1 6-2,3,R32,66.0,3.0,2.0,51.0,32.0,24.0,9.0,7.0,4.0,5.0,2.0,6.0,41.0,25.0,10.0,6.0,8.0,0.0,6.0,55.0,986.0,82.0,760.0
2025-429,Stockholm,Hard,28.0,250,20251013,12.0,132283,,,Lorenzo Sonego,R,191.0,ITA,30.426,209259,,,Arthur Fery,R,175.0,GBR,23.255,6-4 6-2,3,R32,96.0,3.0,1.0,60.0,44.0,33.0,7.0,9.0,3.0,4.0,0.0,2.0,60.0,28.0,14.0,18.0,9.0,8.0,12.0,47.0,1105.0,221.0,251.0
2025-429,Stockholm,Hard,28.0,250,20251013,13.0,133430,3.0,,Denis Shapovalov,L,185.0,CAN,26.497,209863,,,Leo Borg,R,183.0,SWE,22.415,6-2 5-7 6-1,3,R16,128.0,6.0,8.0,78.0,47.0,39.0,12.0,13.0,4.0,7.0,0.0,6.0,104.0,63.0,35.0,16.0,14.0,11.0,18.0,23.0,1838.0,622.0,57.0
2025-429,Stockholm,Hard,28.0,250,20251013,14.0,134770,2.0,,Casper Ruud,R,183.0,NOR,26.809,105227,,,Marin Cilic,R,198.0,CRO,37.04,7-6(2) 6-4,3,R16,109.0,7.0,1.0,51.0,35.0,32.0,11.0,11.0,0.0,1.0,8.0,4.0,96.0,52.0,35.0,20.0,11.0,3.0,5.0,12.0,2945.0,92.0,684.0
2025-429,Stockholm,Hard,28.0,250,20251013,15.0,200624,,,Sebastian Korda,R,196.0,USA,25.273,111794,,,Kamil Majchrzak,R,183.0,POL,29.749,6-4 4-6 7-5,3,R16,153.0,10.0,5.0,101.0,56.0,46.0,22.0,16.0,9.0,10.0,3.0,1.0,124.0,77.0,52.0,24.0,16.0,10.0,12.0,60.0,920.0,75.0,818.0
2025-429,Stockholm,Hard,28.0,250,20251013,16.0,200005,4.0,,Ugo Humbert,L,188.0,FRA,27.299,126610,,,Matteo Berrettini,R,196.0,ITA,29.503,7-6(5) 6-3,3,R16,92.0,4.0,2.0,59.0,40.0,32.0,13.0,10.0,0.0,0.0,9.0,2.0,65.0,41.0,31.0,12.0,11.0,0.0,2.0,25.0,1725.0,61.0,905.0
2025-429,Stockholm,Hard,28.0,250,20251013,17.0,144869,,,Tomas Martin Etcheverry,R,196.0,ARG,26.24,200175,,,Miomir Kecmanovic,R,183.0,SRB,26.119,6-4 4-6 6-3,3,R16,143.0,19.0,4.0,117.0,80.0,61.0,13.0,15.0,9.0,11.0,8.0,2.0,74.0,42.0,33.0,16.0,14.0,2.0,5.0,63.0,880.0,49.0,1066.0
2025-429,Stockholm,Hard,28.0,250,20251013,18.0,132283,,,Lorenzo Sonego,R,191.0,ITA,30.426,206499,,,Aleksandar Kovacevic,R,183.0,USA,27.124,7-6(3) 6-1,3,R16,84.0,5.0,1.0,62.0,40.0,31.0,16.0,10.0,1.0,1.0,7.0,4.0,52.0,28.0,20.0,11.0,9.0,1.0,3.0,47.0,1105.0,69.0,862.0
2025-429,Stockholm,Hard,28.0,250,20251013,19.0,111200,,,Elias Ymer,R,185.0,SWE,29.509,207985,,,Jacob Fearnley,R,183.0,GBR,24.246,6-2 6-2,3,R16,75.0,4.0,2.0,46.0,31.0,25.0,9.0,8.0,2.0,2.0,1.0,7.0,51.0,30.0,19.0,7.0,8.0,3.0,7.0,243.0,225.0,81.0,764.0
2025-429,Stockholm,Hard,28.0,250,20251013,20.0,208029,1.0,,Holger Rune,R,188.0,DEN,22.459,105916,,,Marton Fucsovics,R,188.0,HUN,33.678,6-4 6-4,3,R16,108.0,6.0,2.0,70.0,47.0,32.0,13.0,10.0,8.0,9.0,1.0,0.0,68.0,42.0,26.0,13.0,10.0,7.0,10.0,11.0,3090.0,55.0,986.0
2025-429,Stockholm,Hard,28.0,250,20251013,21.0,208029,1.0,,Holger Rune,R,188.0,DEN,22.459,144869,,,Tomas Martin Etcheverry,R,196.0,ARG,26.24,6-7(4) 6-3 6-4,3,QF,153.0,12.0,8.0,81.0,48.0,40.0,17.0,15.0,2.0,5.0,7.0,3.0,120.0,81.0,52.0,16.0,16.0,3.0,9.0,11.0,3090.0,63.0,880.0
2025-429,Stockholm,Hard,28.0,250,20251013,22.0,200005,4.0,,Ugo Humbert,L,188.0,FRA,27.299,132283,,,Lorenzo Sonego,R,191.0,ITA,30.426,6-7(3) 6-0 6-3,3,QF,163.0,8.0,1.0,110.0,74.0,48.0,24.0,13.0,12.0,12.0,2.0,4.0,90.0,59.0,39.0,16.0,14.0,4.0,9.0,25.0,1725.0,47.0,1105.0
2025-429,Stockholm,Hard,28.0,250,20251013,23.0,134770,2.0,,Casper Ruud,R,183.0,NOR,26.809,200624,,,Sebastian Korda,R,196.0,USA,25.273,6-7(5) 6-4 6-4,3,QF,150.0,11.0,3.0,100.0,58.0,46.0,24.0,16.0,6.0,7.0,14.0,4.0,109.0,67.0,48.0,22.0,16.0,0.0,3.0,12.0,2945.0,60.0,920.0
2025-429,Stockholm,Hard,28.0,250,20251013,24.0,133430,3.0,,Denis Shapovalov,L,185.0,CAN,26.497,111200,,,Elias Ymer,R,185.0,SWE,29.509,6-4 6-7(3) 6-1,3,QF,156.0,5.0,3.0,91.0,60.0,40.0,18.0,15.0,3.0,6.0,2.0,2.0,107.0,64.0,42.0,16.0,14.0,8.0,14.0,23.0,1838.0,243.0,225.0
2025-429,Stockholm,Hard,28.0,250,20251013,25.0,200005,4.0,,Ugo Humbert,L,188.0,FRA,27.299,208029,1.0,,Holger Rune,R,188.0,DEN,22.459,4-6 2-2 RET,3,SF,83.0,2.0,2.0,47.0,27.0,20.0,9.0,7.0,3.0,5.0,4.0,3.0,52.0,30.0,23.0,9.0,7.0,5.0,6.0,25.0,1725.0,11.0,3090.0
2025-429,Stockholm,Hard,28.0,250,20251013,26.0,134770,2.0,,Casper Ruud,R,183.0,NOR,26.809,133430,3.0,,Denis Shapovalov,L,185.0,CAN,26.497,6-3 6-4,3,SF,79.0,2.0,1.0,63.0,41.0,34.0,9.0,10.0,4.0,5.0,6.0,4.0,54.0,33.0,23.0,9.0,9.0,3.0,6.0,12.0,2945.0,23.0,1838.0
2025-429,Stockholm,Hard,28.0,250,20251013,27.0,134770,2.0,,Casper Ruud,R,183.0,NOR,26.809,200005,4.0,,Ugo Humbert,L,188.0,FRA,27.299,6-2 6-3,3,F,66.0,2.0,0.0,39.0,24.0,22.0,14.0,9.0,0.0,0.0,5.0,1.0,49.0,34.0,20.0,7.0,8.0,3.0,6.0,12.0,2945.0,25.0,1725.0
2025-7485,Brussels,Hard,28.0,250,20251013,1.0,126127,,,Benjamin Bonzi,R,183.0,FRA,29.344,124187,,,Reilly Opelka,R,211.0,USA,28.126,6-4 6-4,3,R32,69.0,7.0,1.0,52.0,35.0,31.0,11.0,10.0,0.0,0.0,13.0,2.0,54.0,39.0,29.0,5.0,10.0,1.0,3.0,53.0,1005.0,62.0,895.0
2025-7485,Brussels,Hard,28.0,250,20251013,2.0,106218,,,Marcos Giron,R,180.0,USA,32.222,208233,,,Mattia Bellucci,L,175.0,ITA,24.367,6-3 6-4,3,R32,78.0,10.0,0.0,55.0,38.0,31.0,11.0,10.0,1.0,1.0,5.0,3.0,63.0,43.0,29.0,8.0,9.0,2.0,4.0,54.0,1000.0,71.0,837.0
2025-7485,Brussels,Hard,28.0,250,20251013,3.0,207681,,,Francisco Comesana,R,178.0,ARG,25.018,105676,,,David Goffin,R,180.0,BEL,34.85,7-6(5) 6-4,3,R32,95.0,9.0,2.0,70.0,42.0,33.0,13.0,11.0,2.0,4.0,5.0,6.0,63.0,30.0,22.0,15.0,11.0,0.0,3.0,68.0,867.0,105.0,609.0
2025-7485,Brussels,Hard,28.0,250,20251013,4.0,208659,5.0,,Giovanni Mpetshi Perricard,R,203.0,FRA,22.267,200325,,,Emil Ruusuvuori,R,188.0,FIN,26.533,7-6(4) 6-7(5) 6-4,3,R32,128.0,39.0,6.0,109.0,79.0,65.0,18.0,17.0,4.0,4.0,22.0,2.0,97.0,67.0,53.0,21.0,17.0,1.0,2.0,37.0,1365.0,608.0,58.0
2025-7485,Brussels,Hard,28.0,250,20251013,5.0,900000,,,Valentin Royer,R,188.0,FRA,24.375,202104,6.0,,Sebastian Baez,R,170.0,ARG,24.791,6-2 6-3,3,R32,74.0,5.0,0.0,45.0,30.0,26.0,11.0,9.0,1.0,1.0,2.0,2.0,58.0,44.0,25.0,7.0,8.0,8.0,11.0,70.0,847.0,44.0,1155.0
2025-7485,Brussels,Hard,28.0,250,20251013,6.0,211451,,,Gilles Arnaud Bailly,R,180.0,BEL,20.066,127157,,,Daniel Altmaier,R,188.0,GER,27.086,6-4 6-7(10) 6-3,3,R32,158.0,1.0,2.0,110.0,71.0,56.0,19.0,16.0,10.0,11.0,19.0,7.0,92.0,60.0,49.0,12.0,15.0,4.0,7.0,247.0,221.0,51.0,1048.0
2025-7485,Brussels,Hard,28.0,250,20251013,7.0,208118,,,Eliot Spizzirri,R,185.0,USA,23.806,124079,,,Pedro Martinez,R,185.0,ESP,28.465,6-4 6-1,3,R32,77.0,5.0,2.0,47.0,28.0,27.0,10.0,9.0,0.0,0.0,3.0,1.0,49.0,31.0,20.0,6.0,8.0,1.0,4.0,111.0,563.0,89.0,718.0
2025-7485,Brussels,Hard,28.0,250,20251013,8.0,122298,,,Botic van de Zandschulp,R,191.0,NED,30.026,211663,7.0,,Joao Fonseca,R,188.0,BRA,19.146,7-5 7-6(2),3,R32,122.0,15.0,3.0,72.0,48.0,42.0,9.0,12.0,2.0,4.0,5.0,3.0,96.0,56.0,37.0,18.0,12.0,5.0,8.0,86.0,727.0,45.0,1129.0
2025-7485,Brussels,Hard,28.0,250,20251013,9.0,209920,,,Raphael Collignon,R,191.0,BEL,23.748,200267,8.0,,Zizou Bergs,R,185.0,BEL,26.363,6-4 7-6(5),3,R32,119.0,8.0,8.0,74.0,52.0,44.0,7.0,11.0,3.0,4.0,5.0,6.0,82.0,40.0,29.0,24.0,11.0,6.0,8.0,90.0,713.0,39.0,1299.0
2025-7485,Brussels,Hard,28.0,250,20251013,10.0,105932,,,Nikoloz Basilashvili,R,185.0,GEO,33.637,111460,,,Quentin Halys,R,191.0,FRA,28.964,6-4 6-4,3,R32,82.0,7.0,1.0,66.0,44.0,37.0,11.0,10.0,6.0,6.0,12.0,3.0,66.0,43.0,33.0,7.0,10.0,6.0,8.0,101.0,642.0,77.0,789.0
2025-7485,Brussels,Hard,28.0,250,20251013,11.0,106000,,,Damir Dzumhur,R,175.0,BIH,33.399,900022,,,Federico Cina,R,185.0,ITA,18.541,6-7(5) 6-2 7-6(3),3,R32,163.0,4.0,0.0,93.0,67.0,56.0,15.0,16.0,2.0,3.0,7.0,3.0,139.0,92.0,61.0,21.0,16.0,9.0,12.0,67.0,868.0,226.0,247.0
2025-7485,Brussels,Hard,28.0,250,20251013,12.0,105870,,,Yannick Hanfmann,R,193.0,GER,33.916,208286,,,Matteo Arnaldi,R,185.0,ITA,24.638,6-7(4) 6-4 6-4,3,R32,150.0,16.0,1.0,95.0,63.0,49.0,21.0,16.0,2.0,3.0,11.0,1.0,102.0,70.0,52.0,15.0,16.0,1.0,4.0,139.0,464.0,74.0,818.0
2025-7485,Brussels,Hard,28.0,250,20251013,13.0,208118,,,Eliot Spizzirri,R,185.0,USA,23.806,122298,,,Botic van de Zandschulp,R,191.0,NED,30.026,7-5 6-0,3,R16,74.0,10.0,0.0,46.0,41.0,32.0,4.0,9.0,0.0,0.0,3.0,5.0,58.0,32.0,16.0,13.0,9.0,1.0,5.0,111.0,563.0,86.0,727.0
2025-7485,Brussels,Hard,28.0,250,20251013,14.0,207518,1.0,,Lorenzo Musetti,R,185.0,ITA,23.614,105870,,,Yannick Hanfmann,R,193.0,GER,33.916,7-6(3) 7-5,3,R16,97.0,6.0,1.0,67.0,44.0,37.0,16.0,12.0,0.0,0.0,3.0,2.0,68.0,44.0,39.0,11.0,12.0,0.0,1.0,8.0,3645.0,139.0,464.0
2025-7485,Brussels,Hard,28.0,250,20251013,15.0,208103,3.0,,Jiri Lehecka,R,185.0,CZE,23.929,211451,,,Gilles Arnaud Bailly,R,180.0,BEL,20.066,6-3 6-2,3,R16,74.0,11.0,0.0,46.0,36.0,30.0,7.0,9.0,1.0,1.0,0.0,1.0,57.0,37.0,20.0,10.0,8.0,3.0,6.0,17.0,2415.0,247.0,221.0
2025-7485,Brussels,Hard,28.0,250,20251013,16.0,126127,,,Benjamin Bonzi,R,183.0,FRA,29.344,900000,,,Valentin Royer,R,188.0,FRA,24.375,7-6(3) 4-6 6-1,3,R16,127.0,10.0,1.0,80.0,52.0,46.0,16.0,15.0,1.0,2.0,11.0,0.0,96.0,60.0,40.0,19.0,14.0,3.0,5.0,53.0,1005.0,70.0,847.0
2025-7485,Brussels,Hard,28.0,250,20251013,17.0,200221,4.0,,Alejandro Davidovich Fokina,R,180.0,ESP,26.357,106218,,,Marcos Giron,R,180.0,USA,32.222,6-7(5) 6-1 6-4,3,R16,134.0,5.0,0.0,99.0,71.0,54.0,15.0,15.0,3.0,4.0,14.0,1.0,90.0,53.0,40.0,18.0,14.0,6.0,10.0,20.0,2260.0,54.0,1000.0
2025-7485,Brussels,Hard,28.0,250,20251013,18.0,209920,,,Raphael Collignon,R,191.0,BEL,23.748,207681,,,Francisco Comesana,R,178.0,ARG,25.018,7-5 3-6 7-6(10),3,R16,156.0,8.0,3.0,98.0,71.0,58.0,10.0,16.0,1.0,2.0,10.0,2.0,113.0,84.0,64.0,14.0,17.0,1.0,2.0,90.0,713.0,68.0,867.0
2025-7485,Brussels,Hard,28.0,250,20251013,19.0,200000,2.0,,Felix Auger-Aliassime,R,193.0,CAN,25.18,106000,,,Damir Dzumhur,R,175.0,BIH,33.399,7-6(3) 4-6 7-6(5),3,R16,173.0,22.0,1.0,105.0,73.0,57.0,17.0,17.0,0.0,2.0,0.0,2.0,139.0,105.0,71.0,20.0,17.0,13.0,14.0,13.0,2905.0,67.0,868.0
2025-7485,Brussels,Hard,28.0,250,20251013,20.0,208659,5.0,,Giovanni Mpetshi Perricard,R,203.0,FRA,22.267,105932,,,Nikoloz Basilashvili,R,185.0,GEO,33.637,7-5 RET,3,R16,44.0,10.0,2.0,28.0,23.0,22.0,2.0,6.0,0.0,0.0,0.0,2.0,33.0,19.0,13.0,10.0,6.0,0.0,1.0,37.0,1365.0,101.0,642.0
2025-7485,Brussels,Hard,28.0,250,20251013,21.0,208659,5.0,,Giovanni Mpetshi Perricard,R,203.0,FRA,22.267,207518,1.0,,Lorenzo Musetti,R,185.0,ITA,23.614,6-4 7-6(8),3,QF,83.0,12.0,1.0,62.0,49.0,43.0,8.0,11.0,0.0,0.0,4.0,3.0,69.0,53.0,40.0,9.0,11.0,2.0,3.0,37.0,1365.0,8.0,3645.0
2025-7485,Brussels,Hard,28.0,250,20251013,22.0,208103,3.0,,Jiri Lehecka,R,185.0,CZE,23.929,126127,,,Benjamin Bonzi,R,183.0,FRA,29.344,6-7(8) 6-1 4-1 RET,3,QF,114.0,12.0,0.0,67.0,49.0,43.0,10.0,12.0,0.0,0.0,6.0,2.0,88.0,57.0,37.0,14.0,12.0,4.0,8.0,17.0,2415.0,53.0,1005.0
2025-7485,Brussels,Hard,28.0,250,20251013,23.0,209920,,,Raphael Collignon,R,191.0,BEL,23.748,200221,4.0,,Alejandro Davidovich Fokina,R,180.0,ESP,26.357,7-6(5) 6-1,3,QF,107.0,12.0,10.0,75.0,54.0,44.0,8.0,10.0,3.0,3.0,5.0,3.0,73.0,59.0,39.0,6.0,9.0,4.0,6.0,90.0,713.0,20.0,2260.0
2025-7485,Brussels,Hard,28.0,250,20251013,24.0,200000,2.0,,Felix Auger-Aliassime,R,193.0,CAN,25.18,208118,,,Eliot Spizzirri,R,185.0,USA,23.806,6-2 7-6(6),3,QF,99.0,11.0,2.0,73.0,49.0,40.0,10.0,10.0,3.0,4.0,5.0,1.0,65.0,49.0,31.0,9.0,10.0,4.0,7.0,13.0,2905.0,111.0,563.0
2025-7485,Brussels,Hard,28.0,250,20251013,25.0,208103,3.0,,Jiri Lehecka,R,185.0,CZE,23.929,208659,5.0,,Giovanni Mpetshi Perricard,R,203.0,FRA,22.267,7-6(3) 7-6(7),3,SF,89.0,11.0,0.0,67.0,48.0,44.0,16.0,12.0,0.0,0.0,19.0,1.0,81.0,66.0,55.0,6.0,12.0,2.0,2.0,17.0,2415.0,37.0,1365.0
2025-7485,Brussels,Hard,28.0,250,20251013,26.0,200000,2.0,,Felix Auger-Aliassime,R,193.0,CAN,25.18,209920,,,Raphael Collignon,R,191.0,BEL,23.748,7-6(2) 6-4,3,SF,105.0,8.0,1.0,69.0,51.0,40.0,11.0,11.0,0.0,0.0,5.0,4.0,74.0,52.0,35.0,13.0,11.0,2.0,3.0,13.0,2905.0,90.0,713.0
2025-7485,Brussels,Hard,28.0,250,20251013,27.0,200000,2.0,,Felix Auger-Aliassime,R,193.0,CAN,25.18,208103,3.0,,Jiri Lehecka,R,185.0,CZE,23.929,7-6(2) 6-7(6) 6-2,3,F,154.0,17.0,1.0,101.0,84.0,66.0,12.0,16.0,3.0,3.0,10.0,3.0,113.0,72.0,54.0,21.0,16.0,4.0,6.0,13.0,2905.0,17.0,2415.0
2025-9410,Almaty,Hard,28.0,250,20251013,1.0,210506,6.0,,Alex Michelsen,R,193.0,USA,21.133,202320,,,Beibit Zhukayev,R,198.0,KAZ,25.002,6-2 6-3,3,R32,72.0,3.0,2.0,63.0,46.0,29.0,11.0,9.0,2.0,3.0,6.0,4.0,47.0,29.0,18.0,5.0,8.0,3.0,7.0,36.0,1365.0,237.0,235.0
2025-9410,Almaty,Hard,28.0,250,20251013,2.0,208278,,,Shintaro Mochizuki,R,175.0,JPN,22.366,209070,,,Arthur Cazaux,R,183.0,FRA,23.14,6-4 6-4,3,R32,89.0,3.0,4.0,64.0,33.0,26.0,19.0,10.0,2.0,2.0,9.0,0.0,56.0,41.0,31.0,5.0,10.0,1.0,3.0,102.0,636.0,58.0,952.0
2025-9410,Almaty,Hard,28.0,250,20251013,3.0,105526,,,Jan-Lennard Struff,R,193.0,GER,35.469,111456,,,Mackenzie McDonald,R,178.0,USA,30.494,2-6 6-3 6-4,3,R32,85.0,9.0,2.0,74.0,54.0,42.0,12.0,14.0,3.0,5.0,6.0,2.0,65.0,48.0,40.0,7.0,13.0,0.0,2.0,98.0,648.0,99.0,646.0
2025-9410,Almaty,Hard,28.0,250,20251013,4.0,206909,5.0,,Brandon Nakashima,R,188.0,USA,24.194,209098,,,Hamad Medjedovic,R,188.0,SRB,22.24,7-6(5) 6-2,3,R32,82.0,11.0,0.0,59.0,44.0,35.0,11.0,10.0,3.0,3.0,7.0,1.0,71.0,47.0,35.0,12.0,10.0,2.0,4.0,34.0,1430.0,64.0,877.0
2025-9410,Almaty,Hard,28.0,250,20251013,5.0,208014,,,Rinky Hijikata,R,178.0,AUS,24.635,207608,,,Timofey Skatov,R,173.0,KAZ,24.726,7-6(3) 2-6 6-3,3,R32,134.0,6.0,2.0,101.0,67.0,42.0,20.0,15.0,8.0,12.0,4.0,1.0,79.0,54.0,39.0,14.0,14.0,4.0,7.0,114.0,558.0,236.0,238.0
2025-9410,Almaty,Hard,28.0,250,20251013,6.0,207686,,,Alexander Shevchenko,R,188.0,KAZ,24.871,111513,,,Laslo Djere,R,188.0,SRB,30.366,7-6(1) 7-6(12),3,R32,126.0,10.0,3.0,91.0,61.0,53.0,13.0,12.0,1.0,2.0,3.0,2.0,97.0,63.0,46.0,20.0,12.0,2.0,3.0,91.0,687.0,79.0,776.0
2025-9410,Almaty,Hard,28.0,250,20251013,7.0,126846,,,Aleksandar Vukic,R,188.0,AUS,29.52,209916,,,Marko Topo,R,185.0,GER,22.084,6-4 3-6 6-1,3,R32,124.0,8.0,1.0,79.0,44.0,34.0,17.0,13.0,2.0,4.0,2.0,3.0,100.0,50.0,30.0,26.0,13.0,13.0,17.0,84.0,733.0,277.0,196.0
2025-9410,Almaty,Hard,28.0,250,20251013,8.0,200443,,,Adam Walton,R,183.0,AUS,26.491,209262,,,Tristan Schoolkate,R,183.0,AUS,24.627,7-6(4) 6-7(3) 6-2,3,R32,145.0,10.0,1.0,110.0,80.0,60.0,16.0,16.0,6.0,7.0,18.0,5.0,96.0,61.0,50.0,16.0,16.0,2.0,5.0,76.0,796.0,96.0,662.0
2025-9410,Almaty,Hard,28.0,250,20251013,9.0,209113,7.0,,Gabriel Diallo,R,203.0,CAN,24.052,900090,,,Amir Omarkhanov,R,180.0,KAZ,17.906,6-3 6-1,3,R32,62.0,5.0,2.0,37.0,27.0,25.0,7.0,8.0,0.0,0.0,2.0,1.0,59.0,34.0,21.0,10.0,8.0,7.0,11.0,35.0,1368.0,1137.0,10.0
2025-9410,Almaty,Hard,28.0,250,20251013,10.0,144895,8.0,,Corentin Moutet,L,180.0,FRA,26.486,106071,,,Bernard Tomic,R,196.0,AUS,32.977,6-1 7-6(9),3,R32,112.0,5.0,3.0,84.0,52.0,40.0,17.0,10.0,4.0,4.0,1.0,1.0,80.0,55.0,34.0,13.0,9.0,6.0,8.0,41.0,1243.0,181.0,312.0
2025-9410,Almaty,Hard,28.0,250,20251013,11.0,105902,,,James Duckworth,R,183.0,AUS,33.728,200259,,,Ugo Blanchet,R,175.0,FRA,26.771,6-3 6-4,3,R32,74.0,9.0,1.0,57.0,29.0,24.0,19.0,10.0,2.0,2.0,7.0,0.0,55.0,35.0,25.0,10.0,9.0,6.0,8.0,138.0,465.0,150.0,420.0
2025-9410,Almaty,Hard,28.0,250,20251013,12.0,206681,,,Fabian Marozsan,R,193.0,HUN,26.015,208134,,,Luca Nardi,R,185.0,ITA,22.188,7-6(3) 6-3,3,R32,80.0,8.0,1.0,60.0,47.0,35.0,8.0,10.0,1.0,2.0,6.0,4.0,69.0,39.0,25.0,16.0,11.0,3.0,6.0,52.0,1040.0,83.0,747.0
2025-9410,Almaty,Hard,28.0,250,20251013,13.0,105526,,,Jan-Lennard Struff,R,193.0,GER,35.469,111575,1.0,,Karen Khachanov,R,198.0,RUS,29.396,4-6 7-6(5) 6-3,3,R16,139.0,12.0,3.0,108.0,71.0,55.0,18.0,15.0,6.0,7.0,13.0,2.0,107.0,69.0,53.0,20.0,16.0,7.0,9.0,98.0,648.0,10.0,3190.0
2025-9410,Almaty,Hard,28.0,250,20251013,14.0,106421,2.0,,Daniil Medvedev,R,198.0,RUS,29.67,200443,,,Adam Walton,R,183.0,AUS,26.491,7-5 7-6(0),3,R16,104.0,13.0,7.0,90.0,59.0,46.0,15.0,12.0,5.0,6.0,6.0,1.0,69.0,47.0,35.0,10.0,12.0,4.0,6.0,14.0,2610.0,76.0,796.0
2025-9410,Almaty,Hard,28.0,250,20251013,15.0,208278,,,Shintaro Mochizuki,R,175.0,JPN,22.366,209260,4.0,,Luciano Darderi,R,183.0,ITA,23.661,6-3 6-3,3,R16,64.0,9.0,1.0,45.0,23.0,19.0,14.0,9.0,0.0,1.0,6.0,4.0,61.0,41.0,23.0,11.0,9.0,1.0,5.0,102.0,636.0,26.0,1649.0
2025-9410,Almaty,Hard,28.0,250,20251013,16.0,210506,6.0,,Alex Michelsen,R,193.0,USA,21.133,126846,,,Aleksandar Vukic,R,188.0,AUS,29.52,6-3 6-2,3,R16,59.0,3.0,2.0,47.0,34.0,28.0,8.0,9.0,0.0,0.0,3.0,2.0,51.0,30.0,20.0,9.0,8.0,3.0,6.0,36.0,1365.0,84.0,733.0
2025-9410,Almaty,Hard,28.0,250,20251013,17.0,207925,3.0,,Flavio Cobolli,R,183.0,ITA,23.439,208014,,,Rinky Hijikata,R,178.0,AUS,24.635,6-4 7-5,3,R16,78.0,9.0,1.0,58.0,41.0,32.0,9.0,11.0,0.0,1.0,4.0,3.0,66.0,39.0,28.0,11.0,11.0,2.0,5.0,22.0,1950.0,114.0,558.0
2025-9410,Almaty,Hard,28.0,250,20251013,18.0,206681,,,Fabian Marozsan,R,193.0,HUN,26.015,206909,5.0,,Brandon Nakashima,R,188.0,USA,24.194,7-6(5) 6-1,3,R16,79.0,5.0,0.0,59.0,43.0,32.0,12.0,10.0,0.0,0.0,4.0,0.0,61.0,47.0,33.0,5.0,9.0,3.0,5.0,52.0,1040.0,34.0,1430.0
2025-9410,Almaty,Hard,28.0,250,20251013,19.0,105902,,,James Duckworth,R,183.0,AUS,33.728,209113,7.0,,Gabriel Diallo,R,203.0,CAN,24.052,7-6(3) 6-7(3) 6-4,3,R16,150.0,10.0,5.0,95.0,64.0,60.0,15.0,17.0,0.0,0.0,22.0,2.0,115.0,94.0,70.0,10.0,17.0,7.0,8.0,138.0,465.0,35.0,1368.0
2025-9410,Almaty,Hard,28.0,250,20251013,20.0,144895,8.0,,Corentin Moutet,L,180.0,FRA,26.486,207686,,,Alexander Shevchenko,R,188.0,KAZ,24.871,7-5 6-3,3,R16,106.0,4.0,0.0,69.0,49.0,28.0,15.0,11.0,4.0,6.0,7.0,3.0,73.0,51.0,33.0,6.0,10.0,6.0,10.0,41.0,1243.0,91.0,687.0
2025-9410,Almaty,Hard,28.0,250,20251013,21.0,106421,2.0,,Daniil Medvedev,R,198.0,RUS,29.67,206681,,,Fabian Marozsan,R,193.0,HUN,26.015,7-5 6-2,3,QF,66.0,9.0,2.0,59.0,48.0,38.0,7.0,10.0,3.0,3.0,2.0,1.0,53.0,39.0,25.0,7.0,10.0,1.0,4.0,14.0,2610.0,52.0,1040.0
2025-9410,Almaty,Hard,28.0,250,20251013,22.0,105902,,,James Duckworth,R,183.0,AUS,33.728,207925,3.0,,Flavio Cobolli,R,183.0,ITA,23.439,6-3 6-2,3,QF,91.0,2.0,1.0,55.0,26.0,23.0,19.0,9.0,5.0,5.0,5.0,6.0,85.0,42.0,29.0,16.0,8.0,10.0,13.0,138.0,465.0,22.0,1950.0
2025-9410,Almaty,Hard,28.0,250,20251013,23.0,210506,6.0,,Alex Michelsen,R,193.0,USA,21.133,208278,,,Shintaro Mochizuki,R,175.0,JPN,22.366,6-3 3-6 6-2,3,QF,124.0,12.0,2.0,101.0,69.0,49.0,11.0,13.0,6.0,9.0,4.0,7.0,92.0,44.0,32.0,17.0,13.0,9.0,14.0,36.0,1365.0,102.0,636.0
2025-9410,Almaty,Hard,28.0,250,20251013,24.0,144895,8.0,,Corentin Moutet,L,180.0,FRA,26.486,105526,,,Jan-Lennard Struff,R,193.0,GER,35.469,6-4 7-5,3,QF,110.0,4.0,4.0,80.0,46.0,31.0,16.0,11.0,15.0,18.0,3.0,3.0,64.0,39.0,24.0,12.0,11.0,1.0,6.0,41.0,1243.0,98.0,648.0
2025-9410,Almaty,Hard,28.0,250,20251013,25.0,106421,2.0,,Daniil Medvedev,R,198.0,RUS,29.67,105902,,,James Duckworth,R,183.0,AUS,33.728,6-7(8) 6-3 6-2,3,SF,132.0,15.0,8.0,94.0,55.0,47.0,22.0,15.0,1.0,1.0,12.0,0.0,100.0,57.0,43.0,18.0,14.0,6.0,9.0,14.0,2610.0,138.0,465.0
2025-9410,Almaty,Hard,28.0,250,20251013,26.0,144895,8.0,,Corentin Moutet,L,180.0,FRA,26.486,210506,6.0,,Alex Michelsen,R,193.0,USA,21.133,7-5 6-4,3,SF,132.0,1.0,0.0,98.0,69.0,40.0,16.0,11.0,6.0,8.0,2.0,0.0,69.0,52.0,33.0,5.0,11.0,7.0,11.0,41.0,1243.0,36.0,1365.0
2025-9410,Almaty,Hard,28.0,250,20251013,27.0,106421,2.0,,Daniil Medvedev,R,198.0,RUS,29.67,144895,8.0,,Corentin Moutet,L,180.0,FRA,26.486,7-5 4-6 6-3,3,F,156.0,8.0,5.0,94.0,65.0,45.0,14.0,16.0,2.0,5.0,1.0,0.0,96.0,70.0,44.0,13.0,15.0,5.0,9.0,14.0,2610.0,41.0,1243.0
2025-328,Basel,Hard,32.0,500,20251020,1.0,126203,1.0,,Taylor Fritz,R,196.0,USA,27.978,200473,,,Valentin Vacherot,R,193.0,MON,26.927,4-6 7-6(4) 7-5,3,R32,156.0,21.0,6.0,116.0,69.0,49.0,24.0,17.0,7.0,11.0,12.0,7.0,111.0,69.0,52.0,17.0,17.0,6.0,10.0,4.0,4645.0,39.0,1283.0
2025-328,Basel,Hard,32.0,500,20251020,2.0,134770,4.0,,Casper Ruud,R,183.0,NOR,26.828,111460,,,Quentin Halys,R,191.0,FRA,28.983,6-1 7-6(3),3,R32,75.0,10.0,0.0,57.0,41.0,32.0,10.0,10.0,0.0,1.0,10.0,1.0,58.0,36.0,25.0,10.0,9.0,2.0,5.0,11.0,3145.0,78.0,774.0
2025-328,Basel,Hard,32.0,500,20251020,3.0,200000,5.0,,Felix Auger-Aliassime,R,193.0,CAN,25.199,209113,,,Gabriel Diallo,R,203.0,CAN,24.071,6-2 7-5,3,R32,110.0,8.0,4.0,64.0,50.0,37.0,7.0,10.0,3.0,4.0,8.0,6.0,89.0,60.0,39.0,8.0,10.0,8.0,12.0,12.0,3145.0,41.0,1228.0
2025-328,Basel,Hard,32.0,500,20251020,4.0,122298,,,Botic van de Zandschulp,R,191.0,NED,30.045,208103,6.0,,Jiri Lehecka,R,185.0,CZE,23.948,6-2 6-2,3,R32,83.0,4.0,2.0,62.0,40.0,24.0,8.0,8.0,6.0,10.0,7.0,3.0,58.0,31.0,25.0,15.0,8.0,5.0,5.0,82.0,752.0,17.0,2415.0
2025-328,Basel,Hard,32.0,500,20251020,5.0,200005,,,Ugo Humbert,L,188.0,FRA,27.318,200624,,,Sebastian Korda,R,196.0,USA,25.292,6-3 6-4,3,R32,70.0,6.0,0.0,54.0,42.0,34.0,7.0,10.0,3.0,4.0,5.0,1.0,48.0,32.0,21.0,8.0,9.0,5.0,8.0,24.0,1880.0,56.0,960.0
2025-328,Basel,Hard,32.0,500,20251020,6.0,210097,2.0,,Ben Shelton,L,193.0,USA,23.031,111794,,,Kamil Majchrzak,R,183.0,POL,29.769,6-7(2) 6-3 7-6(7),3,R32,164.0,13.0,0.0,114.0,83.0,64.0,13.0,16.0,4.0,4.0,12.0,2.0,113.0,78.0,58.0,19.0,17.0,4.0,6.0,6.0,4100.0,70.0,836.0
2025-328,Basel,Hard,32.0,500,20251020,7.0,133430,9.0,,Denis Shapovalov,L,185.0,CAN,26.516,106218,,,Marcos Giron,R,180.0,USA,32.241,6-7(3) 6-0 7-6(4),3,R32,135.0,13.0,5.0,102.0,66.0,47.0,20.0,15.0,5.0,7.0,3.0,0.0,94.0,64.0,41.0,16.0,15.0,3.0,8.0,23.0,1928.0,57.0,925.0
2025-328,Basel,Hard,32.0,500,20251020,8.0,105227,,,Marin Cilic,R,198.0,CRO,37.06,105676,,,David Goffin,R,180.0,BEL,34.869,7-6(9) 7-5,3,R32,108.0,10.0,2.0,72.0,43.0,37.0,20.0,12.0,0.0,0.0,15.0,0.0,72.0,49.0,41.0,11.0,12.0,0.0,1.0,89.0,709.0,104.0,609.0
2025-328,Basel,Hard,32.0,500,20251020,9.0,211663,,,Joao Fonseca,R,188.0,BRA,19.165,208659,,,Giovanni Mpetshi Perricard,R,203.0,FRA,22.286,7-6(6) 6-3,3,R32,86.0,7.0,1.0,68.0,47.0,37.0,15.0,11.0,0.0,0.0,13.0,0.0,66.0,51.0,33.0,12.0,10.0,1.0,2.0,46.0,1129.0,33.0,1455.0
2025-328,Basel,Hard,32.0,500,20251020,10.0,124187,,,Reilly Opelka,R,211.0,USA,28.145,202104,,,Sebastian Baez,R,170.0,ARG,24.81,6-3 6-4,3,R32,72.0,19.0,0.0,51.0,43.0,37.0,5.0,10.0,0.0,0.0,0.0,2.0,66.0,48.0,33.0,8.0,9.0,5.0,7.0,62.0,895.0,43.0,1155.0
2025-328,Basel,Hard,32.0,500,20251020,11.0,900000,,,Valentin Royer,R,188.0,FRA,24.394,209920,,,Raphael Collignon,R,191.0,BEL,23.767,6-4 7-6(5),3,R32,92.0,3.0,3.0,78.0,54.0,39.0,13.0,11.0,1.0,2.0,7.0,4.0,58.0,45.0,37.0,6.0,11.0,1.0,3.0,69.0,869.0,73.0,813.0
2025-328,Basel,Hard,32.0,500,20251020,12.0,104527,,,Stan Wawrinka,R,183.0,SUI,40.564,200175,,,Miomir Kecmanovic,R,183.0,SRB,26.138,6-1 7-6(3),3,R32,82.0,12.0,1.0,59.0,40.0,30.0,12.0,10.0,0.0,1.0,2.0,4.0,60.0,34.0,24.0,11.0,9.0,5.0,8.0,158.0,372.0,52.0,1041.0
2025-328,Basel,Hard,32.0,500,20251020,13.0,210150,7.0,,Jakub Mensik,R,196.0,CZE,20.134,900081,,,Henry Bernet,R,191.0,SUI,18.735,7-6(1) 6-7(7) 6-3,3,R32,149.0,18.0,8.0,109.0,62.0,51.0,31.0,17.0,2.0,2.0,8.0,4.0,105.0,59.0,44.0,28.0,16.0,5.0,6.0,19.0,2265.0,481.0,89.0
2025-328,Basel,Hard,32.0,500,20251020,14.0,200221,8.0,,Alejandro Davidovich Fokina,R,180.0,ESP,26.376,132283,,,Lorenzo Sonego,R,191.0,ITA,30.445,7-6(2) 6-4,3,R32,122.0,4.0,6.0,72.0,43.0,34.0,16.0,11.0,1.0,2.0,10.0,0.0,82.0,55.0,37.0,13.0,11.0,6.0,8.0,18.0,2285.0,45.0,1130.0
2025-328,Basel,Hard,32.0,500,20251020,15.0,202385,,,Jenson Brooksby,R,193.0,USA,24.983,124186,,,Alexandre Muller,R,183.0,FRA,28.715,6-4 6-3,3,R32,67.0,6.0,0.0,45.0,31.0,26.0,10.0,9.0,0.0,0.0,1.0,2.0,56.0,39.0,28.0,6.0,10.0,0.0,3.0,55.0,967.0,44.0,1153.0
2025-328,Basel,Hard,32.0,500,20251020,16.0,144719,,,Jaume Munar,R,183.0,ESP,28.46,200329,,,Remy Bertola,R,175.0,SUI,27.138,6-2 6-4,3,R32,75.0,5.0,4.0,56.0,40.0,32.0,8.0,9.0,1.0,1.0,3.0,3.0,54.0,29.0,19.0,13.0,9.0,1.0,4.0,42.0,1208.0,268.0,203.0
2025-328,Basel,Hard,32.0,500,20251020,17.0,144719,,,Jaume Munar,R,183.0,ESP,28.46,210097,2.0,,Ben Shelton,L,193.0,USA,23.031,6-3 6-4,3,R16,77.0,10.0,0.0,53.0,38.0,33.0,8.0,10.0,1.0,1.0,6.0,0.0,60.0,49.0,30.0,8.0,9.0,5.0,7.0,42.0,1208.0,6.0,4100.0
2025-328,Basel,Hard,32.0,500,20251020,18.0,200000,5.0,,Felix Auger-Aliassime,R,193.0,CAN,25.199,105227,,,Marin Cilic,R,198.0,CRO,37.06,7-6(2) 7-6(2),3,R16,107.0,28.0,1.0,68.0,50.0,48.0,8.0,12.0,0.0,0.0,7.0,2.0,75.0,43.0,37.0,15.0,12.0,2.0,2.0,12.0,3145.0,89.0,709.0
2025-328,Basel,Hard,32.0,500,20251020,19.0,133430,9.0,,Denis Shapovalov,L,185.0,CAN,26.516,900000,,,Valentin Royer,R,188.0,FRA,24.394,7-6(3) 6-2,3,R16,83.0,11.0,3.0,62.0,45.0,34.0,10.0,10.0,1.0,2.0,3.0,1.0,61.0,38.0,29.0,9.0,10.0,5.0,8.0,23.0,1928.0,69.0,869.0
2025-328,Basel,Hard,32.0,500,20251020,20.0,200005,,,Ugo Humbert,L,188.0,FRA,27.318,126203,1.0,,Taylor Fritz,R,196.0,USA,27.978,6-3 6-4,3,R16,79.0,7.0,2.0,65.0,45.0,36.0,10.0,10.0,2.0,2.0,6.0,2.0,58.0,27.0,24.0,14.0,9.0,3.0,5.0,24.0,1880.0,4.0,4645.0
2025-328,Basel,Hard,32.0,500,20251020,21.0,134770,4.0,,Casper Ruud,R,183.0,NOR,26.828,104527,,,Stan Wawrinka,R,183.0,SUI,40.564,6-4 7-6(5),3,R16,101.0,8.0,1.0,64.0,42.0,33.0,12.0,11.0,2.0,4.0,11.0,4.0,72.0,41.0,33.0,13.0,11.0,2.0,5.0,11.0,3145.0,158.0,372.0
2025-328,Basel,Hard,32.0,500,20251020,22.0,124187,,,Reilly Opelka,R,211.0,USA,28.145,122298,,,Botic van de Zandschulp,R,191.0,NED,30.045,7-6(5) 6-7(7) 6-3,3,R16,160.0,29.0,2.0,114.0,80.0,67.0,21.0,17.0,3.0,3.0,17.0,8.0,112.0,67.0,57.0,26.0,16.0,4.0,5.0,62.0,895.0,82.0,752.0
2025-328,Basel,Hard,32.0,500,20251020,23.0,200221,8.0,,Alejandro Davidovich Fokina,R,180.0,ESP,26.376,202385,,,Jenson Brooksby,R,193.0,USA,24.983,6-7(6) 6-4 7-5,3,R16,167.0,4.0,1.0,120.0,76.0,55.0,23.0,17.0,5.0,8.0,6.0,2.0,97.0,67.0,47.0,17.0,17.0,3.0,8.0,18.0,2285.0,55.0,967.0
2025-328,Basel,Hard,32.0,500,20251020,24.0,211663,,,Joao Fonseca,R,188.0,BRA,19.165,210150,7.0,,Jakub Mensik,R,196.0,CZE,20.134,W/O,3,R16,,,,,,,,,,,,,,,,,,,,46.0,1129.0,19.0,2265.0
2025-328,Basel,Hard,32.0,500,20251020,25.0,200221,8.0,,Alejandro Davidovich Fokina,R,180.0,ESP,26.376,134770,4.0,,Casper Ruud,R,183.0,NOR,26.828,7-6(1) RET,3,QF,57.0,2.0,0.0,34.0,26.0,21.0,6.0,6.0,0.0,0.0,2.0,0.0,51.0,35.0,23.0,9.0,6.0,7.0,7.0,18.0,2285.0,11.0,3145.0
2025-328,Basel,Hard,32.0,500,20251020,26.0,144719,,,Jaume Munar,R,183.0,ESP,28.46,200000,5.0,,Felix Auger-Aliassime,R,193.0,CAN,25.199,6-3 RET,3,QF,45.0,4.0,1.0,29.0,19.0,17.0,6.0,5.0,2.0,2.0,7.0,2.0,34.0,20.0,17.0,3.0,4.0,3.0,4.0,42.0,1208.0,12.0,3145.0
2025-328,Basel,Hard,32.0,500,20251020,27.0,211663,,,Joao Fonseca,R,188.0,BRA,19.165,133430,9.0,,Denis Shapovalov,L,185.0,CAN,26.516,3-6 6-3 4-1 RET,3,QF,96.0,2.0,3.0,63.0,39.0,25.0,12.0,11.0,4.0,7.0,6.0,9.0,71.0,38.0,27.0,11.0,12.0,5.0,10.0,46.0,1129.0,23.0,1928.0
2025-328,Basel,Hard,32.0,500,20251020,28.0,200005,,,Ugo Humbert,L,188.0,FRA,27.318,124187,,,Reilly Opelka,R,211.0,USA,28.145,7-6(0) 6-4,3,QF,82.0,9.0,1.0,58.0,39.0,34.0,14.0,11.0,0.0,0.0,16.0,2.0,62.0,48.0,39.0,5.0,11.0,1.0,2.0,24.0,1880.0,62.0,895.0
2025-328,Basel,Hard,32.0,500,20251020,29.0,200221,8.0,,Alejandro Davidovich Fokina,R,180.0,ESP,26.376,200005,,,Ugo Humbert,L,188.0,FRA,27.318,7-6(4) 3-1 RET,3,SF,80.0,3.0,2.0,58.0,34.0,29.0,14.0,8.0,2.0,2.0,6.0,3.0,48.0,31.0,25.0,8.0,8.0,0.0,1.0,18.0,2285.0,24.0,1880.0
2025-328,Basel,Hard,32.0,500,20251020,30.0,211663,,,Joao Fonseca,R,188.0,BRA,19.165,144719,,,Jaume Munar,R,183.0,ESP,28.46,7-6(4) 7-5,3,SF,114.0,8.0,1.0,75.0,48.0,41.0,14.0,12.0,0.0,1.0,11.0,1.0,80.0,50.0,38.0,14.0,12.0,1.0,3.0,46.0,1129.0,42.0,1208.0
2025-328,Basel,Hard,32.0,500,20251020,31.0,211663,,,Joao Fonseca,R,188.0,BRA,19.165,200221,8.0,,Alejandro Davidovich Fokina,R,180.0,ESP,26.376,6-3 6-4,3,F,85.0,7.0,1.0,61.0,48.0,36.0,6.0,10.0,3.0,4.0,4.0,0.0,69.0,50.0,30.0,7.0,9.0,10.0,13.0,46.0,1129.0,18.0,2285.0
2025-337,Vienna,Hard,32.0,500,20251020,1.0,206173,1.0,,Jannik Sinner,R,191.0,ITA,24.178,127157,,,Daniel Altmaier,R,188.0,GER,27.105,6-0 6-2,3,R32,58.0,5.0,0.0,32.0,19.0,18.0,10.0,7.0,0.0,0.0,3.0,1.0,45.0,26.0,14.0,4.0,7.0,1.0,6.0,2.0,10000.0,51.0,1048.0
2025-337,Vienna,Hard,32.0,500,20251020,2.0,106421,6.0,,Daniil Medvedev,R,198.0,RUS,29.689,132686,,,Nuno Borges,R,185.0,POR,28.665,6-4 6-7(7) 6-2,3,R32,138.0,18.0,8.0,98.0,60.0,50.0,19.0,15.0,4.0,4.0,8.0,4.0,102.0,57.0,45.0,20.0,15.0,5.0,8.0,14.0,2810.0,47.0,1120.0
2025-337,Vienna,Hard,32.0,500,20251020,3.0,126610,,,Matteo Berrettini,R,196.0,ITA,29.522,200615,,,Alexei Popyrin,R,196.0,AUS,26.209,7-6(5) 6-3,3,R32,92.0,9.0,0.0,59.0,40.0,32.0,14.0,10.0,1.0,1.0,12.0,1.0,66.0,46.0,32.0,12.0,11.0,2.0,4.0,59.0,905.0,48.0,1090.0
2025-337,Vienna,Hard,32.0,500,20251020,4.0,207925,,,Flavio Cobolli,R,183.0,ITA,23.458,207830,,,Tomas Machac,R,183.0,CZE,25.018,7-6(6) 6-2,3,R32,99.0,7.0,1.0,60.0,38.0,32.0,16.0,10.0,0.0,0.0,10.0,3.0,81.0,55.0,41.0,11.0,10.0,6.0,8.0,22.0,1975.0,31.0,1545.0
2025-337,Vienna,Hard,32.0,500,20251020,5.0,144895,,,Corentin Moutet,L,180.0,FRA,26.505,106000,,,Damir Dzumhur,R,175.0,BIH,33.418,6-3 6-0,3,R32,67.0,4.0,3.0,37.0,18.0,16.0,14.0,7.0,2.0,2.0,1.0,0.0,48.0,37.0,16.0,6.0,8.0,7.0,12.0,36.0,1398.0,63.0,883.0
2025-337,Vienna,Hard,32.0,500,20251020,6.0,100644,2.0,,Alexander Zverev,R,198.0,GER,28.501,207985,,,Jacob Fearnley,R,183.0,GBR,24.266,6-4 1-6 7-6(5),3,R32,139.0,5.0,0.0,80.0,53.0,38.0,20.0,14.0,0.0,2.0,2.0,6.0,103.0,75.0,53.0,16.0,15.0,6.0,7.0,3.0,5930.0,81.0,754.0
2025-337,Vienna,Hard,32.0,500,20251020,7.0,207518,4.0,,Lorenzo Musetti,R,185.0,ITA,23.633,209098,,,Hamad Medjedovic,R,188.0,SRB,22.259,6-4 6-3,3,R32,78.0,7.0,0.0,49.0,25.0,23.0,16.0,10.0,0.0,1.0,5.0,0.0,59.0,42.0,26.0,8.0,9.0,3.0,6.0,8.0,3685.0,67.0,875.0
2025-337,Vienna,Hard,32.0,500,20251020,8.0,111815,,,Cameron Norrie,L,188.0,GBR,30.16,126094,7.0,,Andrey Rublev,R,188.0,RUS,28.0,6-2 6-7(5) 6-2,3,R32,126.0,10.0,1.0,82.0,55.0,41.0,20.0,14.0,1.0,2.0,9.0,3.0,96.0,57.0,37.0,19.0,14.0,8.0,13.0,35.0,1433.0,15.0,2560.0
2025-337,Vienna,Hard,32.0,500,20251020,9.0,202103,,,Francisco Cerundolo,R,185.0,ARG,27.187,210506,,,Alex Michelsen,R,193.0,USA,21.153,6-3 6-1,3,R32,68.0,0.0,0.0,50.0,30.0,24.0,11.0,8.0,3.0,3.0,2.0,1.0,51.0,33.0,18.0,7.0,8.0,2.0,6.0,21.0,2085.0,34.0,1440.0
2025-337,Vienna,Hard,32.0,500,20251020,10.0,144869,,,Tomas Martin Etcheverry,R,196.0,ARG,26.259,149282,,,Nicolai Budkov Kjaer,R,191.0,NOR,19.135,6-3 6-3,3,R32,69.0,6.0,0.0,44.0,34.0,32.0,4.0,9.0,0.0,0.0,4.0,1.0,50.0,29.0,18.0,10.0,9.0,1.0,4.0,60.0,905.0,137.0,473.0
2025-337,Vienna,Hard,32.0,500,20251020,11.0,209209,,,Filip Misolic,R,180.0,AUT,24.2,200116,,,Camilo Ugo Carabelli,R,185.0,ARG,26.344,7-5 7-6(6),3,R32,135.0,6.0,3.0,92.0,60.0,44.0,11.0,12.0,3.0,5.0,6.0,2.0,89.0,60.0,33.0,17.0,12.0,8.0,11.0,95.0,676.0,50.0,1053.0
2025-337,Vienna,Hard,32.0,500,20251020,12.0,200282,3.0,,Alex de Minaur,R,183.0,AUS,26.672,200514,,,Jurij Rodionov,L,191.0,AUT,26.431,6-4 6-1,3,R32,80.0,4.0,1.0,58.0,27.0,19.0,14.0,8.0,5.0,8.0,3.0,0.0,49.0,33.0,26.0,13.0,9.0,2.0,2.0,7.0,3935.0,154.0,383.0
2025-337,Vienna,Hard,32.0,500,20251020,13.0,134868,,,Tallon Griekspoor,R,188.0,NED,29.3,111575,5.0,,Karen Khachanov,R,198.0,RUS,29.415,6-3 5-7 6-4,3,R32,123.0,11.0,0.0,82.0,52.0,41.0,22.0,16.0,0.0,1.0,14.0,2.0,87.0,64.0,49.0,12.0,15.0,5.0,7.0,28.0,1565.0,13.0,2950.0
2025-337,Vienna,Hard,32.0,500,20251020,14.0,122330,8.0,,Alexander Bublik,R,196.0,KAZ,28.342,126214,,,Alejandro Tabilo,L,188.0,CHI,28.383,6-4 6-4,3,R32,68.0,12.0,5.0,54.0,34.0,31.0,11.0,10.0,1.0,1.0,8.0,1.0,56.0,41.0,30.0,8.0,10.0,3.0,5.0,16.0,2430.0,75.0,792.0
2025-337,Vienna,Hard,32.0,500,20251020,15.0,208286,,,Matteo Arnaldi,R,185.0,ITA,24.657,206499,,,Aleksandar Kovacevic,R,183.0,USA,27.143,7-5 6-4,3,R32,109.0,12.0,4.0,71.0,44.0,35.0,14.0,11.0,4.0,4.0,5.0,1.0,76.0,46.0,33.0,15.0,11.0,7.0,9.0,72.0,818.0,65.0,877.0
2025-337,Vienna,Hard,32.0,500,20251020,16.0,206909,,,Brandon Nakashima,R,188.0,USA,24.214,209260,,,Luciano Darderi,R,183.0,ITA,23.68,6-2 7-5,3,R32,93.0,7.0,0.0,54.0,32.0,27.0,13.0,10.0,0.0,0.0,10.0,5.0,81.0,49.0,34.0,13.0,10.0,6.0,9.0,32.0,1470.0,26.0,1649.0
2025-337,Vienna,Hard,32.0,500,20251020,17.0,200282,3.0,,Alex de Minaur,R,183.0,AUS,26.672,209209,,,Filip Misolic,R,180.0,AUT,24.2,6-4 6-4,3,R16,88.0,5.0,2.0,69.0,48.0,34.0,10.0,10.0,4.0,6.0,3.0,1.0,57.0,38.0,28.0,15.0,10.0,3.0,3.0,7.0,3935.0,95.0,676.0
2025-337,Vienna,Hard,32.0,500,20251020,18.0,134868,,,Tallon Griekspoor,R,188.0,NED,29.3,206909,,,Brandon Nakashima,R,188.0,USA,24.214,7-6(4) 7-6(2),3,R16,126.0,11.0,2.0,82.0,60.0,49.0,14.0,12.0,5.0,5.0,12.0,0.0,92.0,61.0,48.0,15.0,12.0,8.0,8.0,28.0,1565.0,32.0,1470.0
2025-337,Vienna,Hard,32.0,500,20251020,19.0,144895,,,Corentin Moutet,L,180.0,FRA,26.505,106421,6.0,,Daniil Medvedev,R,198.0,RUS,29.689,7-6(3) 6-4,3,R16,135.0,1.0,1.0,89.0,51.0,33.0,17.0,11.0,5.0,8.0,6.0,1.0,71.0,43.0,25.0,13.0,11.0,2.0,6.0,36.0,1398.0,14.0,2810.0
2025-337,Vienna,Hard,32.0,500,20251020,20.0,126610,,,Matteo Berrettini,R,196.0,ITA,29.522,111815,,,Cameron Norrie,L,188.0,GBR,30.16,7-6(6) 6-7(9) 6-4,3,R16,196.0,16.0,1.0,124.0,85.0,62.0,24.0,17.0,4.0,5.0,6.0,2.0,117.0,74.0,47.0,31.0,17.0,3.0,5.0,59.0,905.0,35.0,1433.0
2025-337,Vienna,Hard,32.0,500,20251020,21.0,207518,4.0,,Lorenzo Musetti,R,185.0,ITA,23.633,144869,,,Tomas Martin Etcheverry,R,196.0,ARG,26.259,6-3 6-4,3,R16,93.0,7.0,1.0,63.0,42.0,34.0,11.0,10.0,4.0,4.0,4.0,3.0,55.0,37.0,26.0,7.0,9.0,1.0,3.0,8.0,3685.0,60.0,905.0
2025-337,Vienna,Hard,32.0,500,20251020,22.0,206173,1.0,,Jannik Sinner,R,191.0,ITA,24.178,207925,,,Flavio Cobolli,R,183.0,ITA,23.458,6-2 7-6(4),3,R16,107.0,4.0,1.0,65.0,42.0,29.0,18.0,10.0,0.0,0.0,4.0,1.0,79.0,52.0,34.0,15.0,10.0,6.0,8.0,2.0,10000.0,22.0,1975.0
2025-337,Vienna,Hard,32.0,500,20251020,23.0,100644,2.0,,Alexander Zverev,R,198.0,GER,28.501,208286,,,Matteo Arnaldi,R,185.0,ITA,24.657,6-4 6-4,3,R16,87.0,6.0,1.0,53.0,38.0,33.0,8.0,10.0,1.0,1.0,6.0,4.0,59.0,28.0,22.0,16.0,10.0,1.0,3.0,3.0,5930.0,72.0,818.0
2025-337,Vienna,Hard,32.0,500,20251020,24.0,122330,8.0,,Alexander Bublik,R,196.0,KAZ,28.342,202103,,,Francisco Cerundolo,R,185.0,ARG,27.187,6-4 6-2,3,R16,65.0,11.0,4.0,66.0,50.0,40.0,6.0,9.0,6.0,6.0,4.0,2.0,50.0,33.0,23.0,8.0,9.0,1.0,4.0,16.0,2430.0,21.0,2085.0
2025-337,Vienna,Hard,32.0,500,20251020,25.0,207518,4.0,,Lorenzo Musetti,R,185.0,ITA,23.633,144895,,,Corentin Moutet,L,180.0,FRA,26.505,6-3 6-4,3,QF,101.0,4.0,1.0,65.0,40.0,28.0,16.0,10.0,1.0,1.0,1.0,2.0,53.0,27.0,21.0,11.0,9.0,1.0,3.0,8.0,3685.0,36.0,1398.0
2025-337,Vienna,Hard,32.0,500,20251020,26.0,206173,1.0,,Jannik Sinner,R,191.0,ITA,24.178,122330,8.0,,Alexander Bublik,R,196.0,KAZ,28.342,6-4 6-4,3,QF,76.0,8.0,0.0,45.0,30.0,28.0,12.0,10.0,0.0,0.0,9.0,4.0,69.0,43.0,30.0,12.0,10.0,6.0,8.0,2.0,10000.0,16.0,2430.0
2025-337,Vienna,Hard,32.0,500,20251020,27.0,100644,2.0,,Alexander Zverev,R,198.0,GER,28.501,134868,,,Tallon Griekspoor,R,188.0,NED,29.3,W/O,3,QF,,,,,,,,,,,,,,,,,,,,3.0,5930.0,28.0,1565.0
2025-337,Vienna,Hard,32.0,500,20251020,28.0,200282,3.0,,Alex de Minaur,R,183.0,AUS,26.672,126610,,,Matteo Berrettini,R,196.0,ITA,29.522,6-1 7-6(4),3,QF,103.0,8.0,0.0,65.0,46.0,23.0,10.0,9.0,6.0,10.0,4.0,2.0,72.0,45.0,33.0,10.0,10.0,1.0,3.0,7.0,3935.0,59.0,905.0
2025-337,Vienna,Hard,32.0,500,20251020,29.0,206173,1.0,,Jannik Sinner,R,191.0,ITA,24.178,200282,3.0,,Alex de Minaur,R,183.0,AUS,26.672,6-3 6-4,3,SF,87.0,4.0,0.0,57.0,38.0,28.0,10.0,10.0,0.0,2.0,2.0,1.0,50.0,29.0,15.0,12.0,9.0,1.0,5.0,2.0,10000.0,7.0,3935.0
2025-337,Vienna,Hard,32.0,500,20251020,30.0,100644,2.0,,Alexander Zverev,R,198.0,GER,28.501,207518,4.0,,Lorenzo Musetti,R,185.0,ITA,23.633,6-4 7-5,3,SF,92.0,9.0,0.0,58.0,48.0,40.0,4.0,11.0,0.0,0.0,3.0,3.0,64.0,39.0,30.0,13.0,11.0,2.0,4.0,3.0,5930.0,8.0,3685.0
2025-337,Vienna,Hard,32.0,500,20251020,31.0,206173,1.0,,Jannik Sinner,R,191.0,ITA,24.178,100644,2.0,,Alexander Zverev,R,198.0,GER,28.501,3-6 6-3 7-5,3,F,148.0,11.0,1.0,84.0,57.0,47.0,16.0,15.0,3.0,4.0,11.0,4.0,102.0,77.0,55.0,11.0,15.0,6.0,8.0,2.0,10000.0,3.0,5930.0
2025-352,Paris Masters,Hard,56.0,M,20251027,1.0,122330,13.0,,Alexander Bublik,R,196.0,KAZ,28.361,200615,,,Alexei Popyrin,R,196.0,AUS,26.229,6-4 6-3,3,R64,74.0,13.0,4.0,58.0,36.0,32.0,7.0,10.0,3.0,4.0,3.0,3.0,57.0,35.0,26.0,9.0,9.0,2.0,5.0,16.0,2520.0,47.0,1090.0
2025-352,Paris Masters,Hard,56.0,M,20251027,2.0,126094,12.0,,Andrey Rublev,R,188.0,RUS,28.019,207985,,,Jacob Fearnley,R,183.0,GBR,24.285,6-1 6-4,3,R64,78.0,3.0,2.0,48.0,28.0,20.0,13.0,8.0,2.0,3.0,1.0,11.0,69.0,47.0,28.0,5.0,9.0,5.0,10.0,17.0,2470.0,78.0,769.0
2025-352,Paris Masters,Hard,56.0,M,20251027,3.0,127157,,,Daniel Altmaier,R,188.0,GER,27.124,106218,,,Marcos Giron,R,180.0,USA,32.26,6-2 7-6(5),3,R64,96.0,7.0,2.0,69.0,44.0,33.0,13.0,10.0,3.0,4.0,7.0,1.0,69.0,38.0,26.0,16.0,10.0,3.0,6.0,50.0,1039.0,65.0,885.0
2025-352,Paris Masters,Hard,56.0,M,20251027,4.0,209070,,,Arthur Cazaux,R,183.0,FRA,23.179,209260,,,Luciano Darderi,R,183.0,ITA,23.699,7-6(5) 7-6(4),3,R64,128.0,16.0,2.0,87.0,53.0,46.0,13.0,12.0,1.0,3.0,4.0,4.0,83.0,49.0,39.0,17.0,12.0,5.0,7.0,62.0,902.0,27.0,1624.0
2025-352,Paris Masters,Hard,56.0,M,20251027,5.0,202103,,,Francisco Cerundolo,R,185.0,ARG,27.206,106000,,,Damir Dzumhur,R,175.0,BIH,33.437,6-3 6-3,3,R64,76.0,2.0,2.0,55.0,29.0,18.0,16.0,9.0,6.0,8.0,0.0,0.0,55.0,31.0,15.0,12.0,9.0,7.0,12.0,21.0,2085.0,63.0,898.0
2025-352,Paris Masters,Hard,56.0,M,20251027,6.0,207925,,,Flavio Cobolli,R,183.0,ITA,23.477,207830,,,Tomas Machac,R,183.0,CZE,25.038,6-1 6-4,3,R64,54.0,1.0,0.0,44.0,33.0,31.0,7.0,9.0,0.0,0.0,3.0,4.0,44.0,24.0,14.0,10.0,8.0,0.0,3.0,23.0,1975.0,34.0,1445.0
2025-352,Paris Masters,Hard,56.0,M,20251027,7.0,200175,,,Miomir Kecmanovic,R,183.0,SRB,26.157,206499,,,Aleksandar Kovacevic,R,183.0,USA,27.162,6-4 1-6 7-6(2),3,R64,141.0,11.0,3.0,96.0,55.0,38.0,24.0,14.0,9.0,12.0,16.0,10.0,105.0,56.0,43.0,22.0,15.0,4.0,6.0,53.0,1001.0,64.0,889.0
2025-352,Paris Masters,Hard,56.0,M,20251027,8.0,111815,,,Cameron Norrie,L,188.0,GBR,30.179,202104,,,Sebastian Baez,R,170.0,ARG,24.83,6-3 6-4,3,R64,84.0,3.0,2.0,73.0,51.0,34.0,9.0,10.0,5.0,7.0,0.0,1.0,48.0,36.0,21.0,6.0,9.0,2.0,6.0,31.0,1483.0,43.0,1155.0
2025-352,Paris Masters,Hard,56.0,M,20251027,9.0,126239,,,Arthur Rinderknech,R,196.0,FRA,30.264,206681,,,Fabian Marozsan,R,193.0,HUN,26.053,7-6(5) 7-6(4),3,R64,126.0,16.0,1.0,94.0,61.0,49.0,15.0,12.0,4.0,5.0,5.0,2.0,84.0,47.0,34.0,23.0,12.0,2.0,3.0,29.0,1590.0,48.0,1065.0
2025-352,Paris Masters,Hard,56.0,M,20251027,10.0,210530,,,Learner Tien,L,180.0,USA,19.901,132686,,,Nuno Borges,R,185.0,POR,28.684,6-2 7-6(7),3,R64,81.0,7.0,2.0,63.0,40.0,32.0,13.0,10.0,1.0,2.0,2.0,1.0,69.0,34.0,24.0,17.0,10.0,5.0,8.0,39.0,1316.0,46.0,1120.0
2025-352,Paris Masters,Hard,56.0,M,20251027,11.0,126846,,,Aleksandar Vukic,R,188.0,AUS,29.558,209279,,,Terence Atmane,L,193.0,FRA,23.797,6-4 2-6 6-4,3,R64,113.0,7.0,3.0,95.0,54.0,36.0,25.0,14.0,9.0,12.0,13.0,8.0,80.0,46.0,38.0,15.0,14.0,5.0,8.0,103.0,633.0,69.0,874.0
2025-352,Paris Masters,Hard,56.0,M,20251027,12.0,111575,10.0,,Karen Khachanov,R,198.0,RUS,29.435,210319,,,Ethan Quinn,R,191.0,USA,21.626,6-1 6-1,3,R64,60.0,2.0,0.0,39.0,25.0,19.0,10.0,7.0,0.0,0.0,1.0,1.0,43.0,27.0,14.0,4.0,7.0,2.0,7.0,14.0,2620.0,71.0,837.0
2025-352,Paris Masters,Hard,56.0,M,20251027,13.0,200267,,,Zizou Bergs,R,185.0,BEL,26.401,210506,,,Alex Michelsen,R,193.0,USA,21.172,6-3 2-6 6-2,3,R64,112.0,4.0,5.0,78.0,50.0,36.0,10.0,12.0,4.0,8.0,0.0,5.0,81.0,49.0,29.0,16.0,13.0,4.0,10.0,41.0,1274.0,35.0,1440.0
2025-352,Paris Masters,Hard,56.0,M,20251027,14.0,105777,,,Grigor Dimitrov,R,191.0,BUL,34.45,208659,,,Giovanni Mpetshi Perricard,R,203.0,FRA,22.305,7-6(5) 6-1,3,R64,95.0,4.0,3.0,65.0,28.0,22.0,24.0,9.0,3.0,3.0,7.0,6.0,76.0,45.0,31.0,13.0,10.0,2.0,5.0,38.0,1330.0,56.0,965.0
2025-352,Paris Masters,Hard,56.0,M,20251027,15.0,124186,,,Alexandre Muller,R,183.0,FRA,28.734,206909,,,Brandon Nakashima,R,188.0,USA,24.233,6-2 7-5,3,R64,91.0,1.0,3.0,62.0,38.0,27.0,17.0,10.0,2.0,2.0,5.0,0.0,59.0,33.0,21.0,13.0,10.0,2.0,5.0,44.0,1150.0,33.0,1470.0
2025-352,Paris Masters,Hard,56.0,M,20251027,16.0,132283,,,Lorenzo Sonego,R,191.0,ITA,30.464,200624,,,Sebastian Korda,R,196.0,USA,25.311,6-2 6-3,3,R64,88.0,3.0,2.0,48.0,28.0,23.0,10.0,8.0,3.0,4.0,2.0,4.0,68.0,39.0,23.0,11.0,9.0,4.0,9.0,45.0,1130.0,54.0,970.0
2025-352,Paris Masters,Hard,56.0,M,20251027,17.0,200000,9.0,,Felix Auger-Aliassime,R,193.0,CAN,25.218,207681,,,Francisco Comesana,R,178.0,ARG,25.057,6-7(2) 6-3 6-3,3,R64,138.0,11.0,7.0,80.0,44.0,37.0,21.0,15.0,3.0,5.0,8.0,1.0,100.0,63.0,39.0,19.0,15.0,5.0,10.0,10.0,3195.0,68.0,880.0
2025-352,Paris Masters,Hard,56.0,M,20251027,18.0,106421,11.0,,Daniil Medvedev,R,198.0,RUS,29.708,144719,,,Jaume Munar,R,183.0,ESP,28.479,6-1 6-3,3,R64,70.0,6.0,3.0,53.0,36.0,29.0,7.0,8.0,0.0,0.0,1.0,3.0,45.0,26.0,15.0,8.0,8.0,3.0,7.0,13.0,2810.0,36.0,1395.0
2025-352,Paris Masters,Hard,56.0,M,20251027,19.0,200473,,,Valentin Vacherot,R,193.0,MON,26.946,208103,14.0,,Jiri Lehecka,R,185.0,CZE,23.967,6-1 6-3,3,R64,54.0,7.0,2.0,39.0,24.0,20.0,12.0,8.0,0.0,0.0,7.0,1.0,45.0,34.0,21.0,3.0,8.0,1.0,5.0,40.0,1283.0,18.0,2415.0
2025-352,Paris Masters,Hard,56.0,M,20251027,20.0,209113,,,Gabriel Diallo,R,203.0,CAN,24.09,134868,,,Tallon Griekspoor,R,188.0,NED,29.32,6-3 6-4,3,R64,71.0,11.0,0.0,57.0,37.0,31.0,14.0,10.0,2.0,2.0,4.0,3.0,50.0,30.0,23.0,9.0,9.0,0.0,2.0,42.0,1228.0,25.0,1655.0
2025-352,Paris Masters,Hard,56.0,M,20251027,21.0,211663,,,Joao Fonseca,R,188.0,BRA,19.184,133430,,,Denis Shapovalov,L,185.0,CAN,26.535,5-7 6-4 6-3,3,R64,124.0,2.0,2.0,96.0,69.0,53.0,12.0,15.0,5.0,7.0,9.0,9.0,86.0,46.0,33.0,19.0,16.0,2.0,6.0,28.0,1615.0,24.0,1928.0
2025-352,Paris Masters,Hard,56.0,M,20251027,22.0,144895,,,Corentin Moutet,L,180.0,FRA,26.524,124187,,,Reilly Opelka,R,211.0,USA,28.164,3-6 7-5 6-1,3,R64,127.0,5.0,5.0,72.0,40.0,30.0,23.0,14.0,0.0,1.0,11.0,9.0,89.0,58.0,45.0,12.0,14.0,5.0,8.0,32.0,1473.0,52.0,1010.0
2025-352,Paris Masters,Hard,56.0,M,20251027,23.0,200116,,,Camilo Ugo Carabelli,R,185.0,ARG,26.363,144869,,,Tomas Martin Etcheverry,R,196.0,ARG,26.278,7-5 6-3,3,R64,114.0,2.0,1.0,69.0,34.0,22.0,22.0,11.0,3.0,5.0,5.0,2.0,63.0,37.0,27.0,9.0,10.0,7.0,11.0,49.0,1053.0,58.0,930.0
2025-352,Paris Masters,Hard,56.0,M,20251027,24.0,200221,15.0,,Alejandro Davidovich Fokina,R,180.0,ESP,26.396,900000,,,Valentin Royer,R,188.0,FRA,24.413,4-6 6-1 6-4,3,R64,118.0,3.0,2.0,81.0,49.0,35.0,17.0,13.0,4.0,7.0,5.0,3.0,80.0,58.0,44.0,14.0,14.0,3.0,4.0,15.0,2585.0,59.0,922.0
2025-352,Paris Masters,Hard,56.0,M,20251027,25.0,126203,4.0,,Taylor Fritz,R,196.0,USA,27.997,126846,,,Aleksandar Vukic,R,188.0,AUS,29.558,7-6(4) 6-2,3,R32,95.0,12.0,5.0,72.0,41.0,32.0,18.0,10.0,3.0,3.0,7.0,1.0,69.0,48.0,32.0,8.0,10.0,4.0,6.0,4.0,4685.0,103.0,633.0
2025-352,Paris Masters,Hard,56.0,M,20251027,26.0,111815,,,Cameron Norrie,L,188.0,GBR,30.179,207989,1.0,,Carlos Alcaraz,R,183.0,ESP,22.48,4-6 6-3 6-4,3,R32,142.0,3.0,1.0,92.0,52.0,41.0,24.0,15.0,4.0,5.0,8.0,2.0,95.0,58.0,37.0,22.0,14.0,5.0,7.0,31.0,1483.0,1.0,11340.0
2025-352,Paris Masters,Hard,56.0,M,20251027,27.0,210097,5.0,,Ben Shelton,L,193.0,USA,23.05,207925,,,Flavio Cobolli,R,183.0,ITA,23.477,7-6(4) 6-3,3,R32,92.0,3.0,3.0,64.0,43.0,37.0,15.0,11.0,1.0,1.0,5.0,0.0,64.0,36.0,29.0,17.0,10.0,2.0,3.0,7.0,3820.0,23.0,1975.0
2025-352,Paris Masters,Hard,56.0,M,20251027,28.0,126094,12.0,,Andrey Rublev,R,188.0,RUS,28.019,210530,,,Learner Tien,L,180.0,USA,19.901,6-4 6-4,3,R32,80.0,7.0,7.0,66.0,39.0,34.0,10.0,10.0,8.0,9.0,5.0,4.0,62.0,34.0,22.0,16.0,10.0,4.0,7.0,17.0,2470.0,39.0,1316.0
2025-352,Paris Masters,Hard,56.0,M,20251027,29.0,206173,2.0,,Jannik Sinner,R,191.0,ITA,24.197,200267,,,Zizou Bergs,R,185.0,BEL,26.401,6-4 6-2,3,R32,87.0,0.0,2.0,48.0,31.0,24.0,12.0,9.0,0.0,0.0,2.0,2.0,70.0,42.0,25.0,15.0,9.0,8.0,11.0,2.0,10500.0,41.0,1274.0
2025-352,Paris Masters,Hard,56.0,M,20251027,30.0,100644,3.0,,Alexander Zverev,R,198.0,GER,28.52,200116,,,Camilo Ugo Carabelli,R,185.0,ARG,26.363,6-7(5) 6-1 7-5,3,R32,155.0,7.0,0.0,92.0,69.0,51.0,18.0,16.0,0.0,1.0,1.0,4.0,109.0,57.0,46.0,22.0,15.0,2.0,6.0,3.0,6160.0,49.0,1053.0
2025-352,Paris Masters,Hard,56.0,M,20251027,31.0,127157,,,Daniel Altmaier,R,188.0,GER,27.124,134770,8.0,,Casper Ruud,R,183.0,NOR,26.847,6-3 7-5,3,R32,85.0,10.0,1.0,63.0,37.0,32.0,14.0,11.0,4.0,5.0,7.0,2.0,56.0,36.0,29.0,7.0,10.0,2.0,5.0,50.0,1039.0,9.0,3235.0
2025-352,Paris Masters,Hard,56.0,M,20251027,32.0,200000,9.0,,Felix Auger-Aliassime,R,193.0,CAN,25.218,124186,,,Alexandre Muller,R,183.0,FRA,28.734,5-7 7-6(5) 7-6(4),3,R32,184.0,21.0,6.0,119.0,66.0,55.0,26.0,18.0,3.0,5.0,7.0,5.0,116.0,68.0,54.0,28.0,18.0,4.0,5.0,10.0,3195.0,44.0,1150.0
2025-352,Paris Masters,Hard,56.0,M,20251027,33.0,106421,11.0,,Daniil Medvedev,R,198.0,RUS,29.708,105777,,,Grigor Dimitrov,R,191.0,BUL,34.45,W/O,3,R32,,,,,,,,,,,,,,,,,,,,13.0,2810.0,38.0,1330.0
2025-352,Paris Masters,Hard,56.0,M,20251027,34.0,200221,15.0,,Alejandro Davidovich Fokina,R,180.0,ESP,26.396,209070,,,Arthur Cazaux,R,183.0,FRA,23.179,7-6(5) 6-4,3,R32,119.0,8.0,4.0,84.0,45.0,36.0,19.0,11.0,5.0,6.0,4.0,5.0,76.0,50.0,41.0,13.0,11.0,4.0,4.0,15.0,2585.0,62.0,902.0
2025-352,Paris Masters,Hard,56.0,M,20251027,35.0,202103,,,Francisco Cerundolo,R,185.0,ARG,27.206,200175,,,Miomir Kecmanovic,R,183.0,SRB,26.157,7-5 1-6 7-6(4),3,R32,146.0,14.0,2.0,102.0,62.0,39.0,23.0,15.0,7.0,11.0,3.0,4.0,117.0,69.0,46.0,22.0,16.0,9.0,12.0,21.0,2085.0,53.0,1001.0
2025-352,Paris Masters,Hard,56.0,M,20251027,36.0,200473,,,Valentin Vacherot,R,193.0,MON,26.946,126239,,,Arthur Rinderknech,R,196.0,FRA,30.264,6-7(9) 6-3 6-4,3,R32,174.0,6.0,8.0,108.0,56.0,42.0,30.0,15.0,11.0,13.0,8.0,5.0,109.0,65.0,49.0,19.0,16.0,6.0,11.0,40.0,1283.0,29.0,1590.0
2025-352,Paris Masters,Hard,56.0,M,20251027,37.0,200282,6.0,,Alex de Minaur,R,183.0,AUS,26.691,209113,,,Gabriel Diallo,R,203.0,CAN,24.09,7-6(8) 4-6 6-3,3,R32,157.0,3.0,3.0,95.0,48.0,31.0,29.0,16.0,5.0,9.0,8.0,3.0,107.0,74.0,51.0,11.0,15.0,6.0,10.0,6.0,3935.0,42.0,1228.0
2025-352,Paris Masters,Hard,56.0,M,20251027,38.0,132283,,,Lorenzo Sonego,R,191.0,ITA,30.464,207518,7.0,,Lorenzo Musetti,R,185.0,ITA,23.652,3-6 6-3 6-1,3,R32,116.0,4.0,0.0,70.0,40.0,30.0,20.0,12.0,3.0,4.0,1.0,4.0,70.0,43.0,34.0,11.0,13.0,1.0,5.0,45.0,1130.0,8.0,3685.0
2025-352,Paris Masters,Hard,56.0,M,20251027,39.0,111575,10.0,,Karen Khachanov,R,198.0,RUS,29.435,211663,,,Joao Fonseca,R,188.0,BRA,19.184,6-1 3-6 6-3,3,R32,110.0,8.0,2.0,68.0,49.0,39.0,10.0,13.0,0.0,1.0,11.0,4.0,79.0,47.0,32.0,16.0,12.0,7.0,10.0,14.0,2620.0,28.0,1615.0
2025-352,Paris Masters,Hard,56.0,M,20251027,40.0,122330,13.0,,Alexander Bublik,R,196.0,KAZ,28.361,144895,,,Corentin Moutet,L,180.0,FRA,26.524,6-3 7-5,3,R32,96.0,6.0,2.0,70.0,43.0,34.0,15.0,11.0,1.0,1.0,3.0,0.0,65.0,50.0,33.0,8.0,10.0,8.0,10.0,16.0,2520.0,32.0,1473.0
2025-352,Paris Masters,Hard,56.0,M,20251027,41.0,206173,2.0,,Jannik Sinner,R,191.0,ITA,24.197,202103,,,Francisco Cerundolo,R,185.0,ARG,27.206,7-5 6-1,3,R16,85.0,4.0,2.0,49.0,35.0,29.0,6.0,10.0,1.0,3.0,0.0,2.0,64.0,38.0,21.0,10.0,9.0,3.0,8.0,2.0,10500.0,21.0,2085.0
2025-352,Paris Masters,Hard,56.0,M,20251027,42.0,100644,3.0,,Alexander Zverev,R,198.0,GER,28.52,200221,15.0,,Alejandro Davidovich Fokina,R,180.0,ESP,26.396,6-2 6-4,3,R16,96.0,4.0,1.0,57.0,44.0,31.0,8.0,9.0,3.0,4.0,4.0,1.0,62.0,43.0,25.0,8.0,9.0,7.0,11.0,3.0,6160.0,15.0,2585.0
2025-352,Paris Masters,Hard,56.0,M,20251027,43.0,122330,13.0,,Alexander Bublik,R,196.0,KAZ,28.361,126203,4.0,,Taylor Fritz,R,196.0,USA,27.997,7-6(5) 6-2,3,R16,86.0,11.0,1.0,70.0,47.0,35.0,14.0,10.0,4.0,4.0,15.0,5.0,80.0,50.0,38.0,10.0,10.0,8.0,10.0,16.0,2520.0,4.0,4685.0
2025-352,Paris Masters,Hard,56.0,M,20251027,44.0,210097,5.0,,Ben Shelton,L,193.0,USA,23.05,126094,12.0,,Andrey Rublev,R,188.0,RUS,28.019,7-6(6) 6-3,3,R16,95.0,15.0,0.0,58.0,43.0,34.0,13.0,10.0,0.0,0.0,6.0,0.0,72.0,40.0,27.0,21.0,11.0,4.0,6.0,7.0,3820.0,17.0,2470.0
2025-352,Paris Masters,Hard,56.0,M,20251027,45.0,200282,6.0,,Alex de Minaur,R,183.0,AUS,26.691,111575,10.0,,Karen Khachanov,R,198.0,RUS,29.435,6-2 6-2,3,R16,68.0,2.0,2.0,52.0,28.0,22.0,15.0,8.0,3.0,3.0,3.0,1.0,45.0,32.0,21.0,3.0,8.0,1.0,5.0,6.0,3935.0,14.0,2620.0
2025-352,Paris Masters,Hard,56.0,M,20251027,46.0,200000,9.0,,Felix Auger-Aliassime,R,193.0,CAN,25.218,127157,,,Daniel Altmaier,R,188.0,GER,27.124,3-6 6-3 6-2,3,R16,131.0,7.0,3.0,74.0,45.0,39.0,16.0,13.0,4.0,5.0,6.0,6.0,94.0,62.0,45.0,12.0,13.0,7.0,10.0,10.0,3195.0,50.0,1039.0
2025-352,Paris Masters,Hard,56.0,M,20251027,47.0,106421,11.0,,Daniil Medvedev,R,198.0,RUS,29.708,132283,,,Lorenzo Sonego,R,191.0,ITA,30.464,3-6 7-6(5) 6-4,3,R16,159.0,8.0,4.0,96.0,58.0,42.0,22.0,15.0,6.0,8.0,8.0,3.0,111.0,77.0,59.0,14.0,16.0,5.0,7.0,13.0,2810.0,45.0,1130.0
2025-352,Paris Masters,Hard,56.0,M,20251027,48.0,200473,,,Valentin Vacherot,R,193.0,MON,26.946,111815,,,Cameron Norrie,L,188.0,GBR,30.179,7-6(4) 6-4,3,R16,96.0,5.0,0.0,77.0,51.0,44.0,10.0,11.0,5.0,5.0,4.0,0.0,57.0,45.0,37.0,9.0,11.0,0.0,1.0,40.0,1283.0,31.0,1483.0
2025-352,Paris Masters,Hard,56.0,M,20251027,49.0,200000,9.0,,Felix Auger-Aliassime,R,193.0,CAN,25.218,200473,,,Valentin Vacherot,R,193.0,MON,26.946,6-2 6-2,3,QF,78.0,3.0,0.0,39.0,27.0,24.0,9.0,8.0,2.0,2.0,5.0,2.0,61.0,36.0,19.0,12.0,8.0,4.0,8.0,10.0,3195.0,40.0,1283.0
2025-352,Paris Masters,Hard,56.0,M,20251027,50.0,122330,13.0,,Alexander Bublik,R,196.0,KAZ,28.361,200282,6.0,,Alex de Minaur,R,183.0,AUS,26.691,6-7(5) 6-4 7-5,3,QF,142.0,16.0,4.0,111.0,70.0,62.0,13.0,17.0,2.0,2.0,12.0,9.0,106.0,56.0,43.0,29.0,17.0,3.0,5.0,16.0,2520.0,6.0,3935.0
2025-352,Paris Masters,Hard,56.0,M,20251027,51.0,206173,2.0,,Jannik Sinner,R,191.0,ITA,24.197,210097,5.0,,Ben Shelton,L,193.0,USA,23.05,6-3 6-3,3,QF,69.0,4.0,0.0,40.0,30.0,24.0,8.0,9.0,0.0,1.0,7.0,5.0,51.0,34.0,23.0,5.0,9.0,4.0,8.0,2.0,10500.0,7.0,3820.0
2025-352,Paris Masters,Hard,56.0,M,20251027,52.0,100644,3.0,,Alexander Zverev,R,198.0,GER,28.52,106421,11.0,,Daniil Medvedev,R,198.0,RUS,29.708,2-6 6-3 7-6(5),3,QF,150.0,4.0,0.0,93.0,73.0,51.0,8.0,15.0,6.0,10.0,5.0,4.0,97.0,58.0,43.0,16.0,14.0,6.0,9.0,3.0,6160.0,13.0,2810.0
2025-352,Paris Masters,Hard,56.0,M,20251027,53.0,200000,9.0,,Felix Auger-Aliassime,R,193.0,CAN,25.218,122330,13.0,,Alexander Bublik,R,196.0,KAZ,28.361,7-6(3) 6-4,3,SF,96.0,12.0,2.0,61.0,40.0,34.0,9.0,11.0,0.0,2.0,5.0,2.0,69.0,40.0,27.0,16.0,11.0,1.0,4.0,10.0,3195.0,16.0,2520.0
2025-352,Paris Masters,Hard,56.0,M,20251027,54.0,206173,2.0,,Jannik Sinner,R,191.0,ITA,24.197,100644,3.0,,Alexander Zverev,R,198.0,GER,28.52,6-0 6-1,3,SF,62.0,8.0,0.0,31.0,21.0,19.0,5.0,6.0,0.0,0.0,2.0,0.0,49.0,33.0,16.0,3.0,7.0,3.0,9.0,2.0,10500.0,3.0,6160.0
2025-352,Paris Masters,Hard,56.0,M,20251027,55.0,206173,2.0,,Jannik Sinner,R,191.0,ITA,24.197,200000,9.0,,Felix Auger-Aliassime,R,193.0,CAN,25.218,6-4 7-6(4),3,F,112.0,6.0,2.0,61.0,44.0,40.0,11.0,11.0,0.0,0.0,8.0,2.0,73.0,47.0,38.0,12.0,11.0,5.0,6.0,2.0,10500.0,10.0,3195.0
2025-341,Metz,Hard,28.0,250,20251103,1.0,126610,,,Matteo Berrettini,R,196.0,ITA,29.561,111460,,,Quentin Halys,R,191.0,FRA,29.021,6-2 6-4,3,R32,63.0,7.0,1.0,44.0,28.0,23.0,14.0,9.0,2.0,2.0,6.0,1.0,46.0,26.0,19.0,10.0,9.0,0.0,3.0,63.0,895.0,84.0,732.0
2025-341,Metz,Hard,28.0,250,20251103,2.0,111815,7.0,,Cameron Norrie,L,188.0,GBR,30.198,900000,,,Valentin Royer,R,188.0,FRA,24.433,6-3 6-7(2) 6-3,3,R32,126.0,10.0,1.0,84.0,60.0,48.0,18.0,16.0,0.0,0.0,10.0,1.0,89.0,51.0,43.0,19.0,14.0,4.0,6.0,27.0,1573.0,56.0,936.0
2025-341,Metz,Hard,28.0,250,20251103,3.0,126964,,,Vitaliy Sachko,R,188.0,UKR,28.307,208659,,,Giovanni Mpetshi Perricard,R,203.0,FRA,22.324,7-6(10) 6-3,3,R32,92.0,3.0,1.0,69.0,49.0,40.0,15.0,11.0,2.0,2.0,10.0,6.0,75.0,57.0,45.0,7.0,10.0,2.0,3.0,222.0,256.0,59.0,925.0
2025-341,Metz,Hard,28.0,250,20251103,4.0,132283,,,Lorenzo Sonego,R,191.0,ITA,30.483,123828,,,Jan Choinski,R,196.0,GBR,29.399,4-6 6-4 6-4,3,R32,136.0,11.0,0.0,86.0,61.0,45.0,14.0,15.0,5.0,7.0,7.0,2.0,94.0,63.0,47.0,11.0,15.0,3.0,6.0,42.0,1190.0,126.0,487.0
2025-341,Metz,Hard,28.0,250,20251103,5.0,900049,,,Clement Tabur,R,173.0,FRA,25.777,206499,,,Aleksandar Kovacevic,R,183.0,USA,27.181,6-3 6-2,3,R32,66.0,5.0,0.0,43.0,26.0,24.0,13.0,9.0,3.0,3.0,4.0,3.0,52.0,30.0,22.0,5.0,8.0,1.0,4.0,243.0,226.0,62.0,902.0
2025-341,Metz,Hard,28.0,250,20251103,6.0,210530,,,Learner Tien,L,180.0,USA,19.921,200259,,,Ugo Blanchet,R,175.0,FRA,26.828,6-3 6-3,3,R32,65.0,4.0,1.0,41.0,27.0,25.0,11.0,9.0,0.0,0.0,2.0,2.0,67.0,44.0,26.0,10.0,9.0,8.0,11.0,38.0,1344.0,143.0,433.0
2025-341,Metz,Hard,28.0,250,20251103,7.0,209070,,,Arthur Cazaux,R,183.0,FRA,23.198,105173,,,Adrian Mannarino,L,180.0,FRA,37.347,6-3 7-6(4),3,R32,107.0,3.0,0.0,69.0,51.0,39.0,8.0,10.0,3.0,4.0,6.0,1.0,66.0,42.0,35.0,15.0,11.0,1.0,1.0,69.0,836.0,71.0,817.0
2025-341,Metz,Hard,28.0,250,20251103,8.0,200384,,,Hugo Gaston,L,173.0,FRA,25.103,209279,,,Terence Atmane,L,193.0,FRA,23.817,6-4 6-1,3,R32,51.0,2.0,0.0,39.0,29.0,26.0,7.0,8.0,0.0,0.0,6.0,3.0,48.0,27.0,20.0,7.0,9.0,4.0,8.0,98.0,653.0,66.0,874.0
2025-341,Metz,Hard,28.0,250,20251103,9.0,127157,,,Daniel Altmaier,R,188.0,GER,27.143,126239,6.0,,Arthur Rinderknech,R,196.0,FRA,30.283,6-4 6-4,3,R32,85.0,13.0,0.0,68.0,46.0,34.0,13.0,10.0,2.0,2.0,8.0,1.0,64.0,42.0,29.0,12.0,10.0,2.0,4.0,46.0,1123.0,28.0,1540.0
2025-341,Metz,Hard,28.0,250,20251103,10.0,208021,,,Kyrian Jacquet,R,175.0,FRA,24.482,209414,,,Luca Van Assche,R,178.0,FRA,21.481,4-6 6-3 6-4,3,R32,147.0,11.0,5.0,103.0,61.0,45.0,24.0,15.0,6.0,7.0,6.0,2.0,98.0,57.0,41.0,22.0,14.0,3.0,5.0,156.0,386.0,172.0,333.0
2025-341,Metz,Hard,28.0,250,20251103,11.0,126846,,,Aleksandar Vukic,R,188.0,AUS,29.577,144895,8.0,,Corentin Moutet,L,180.0,FRA,26.543,3-6 7-6(6) 7-6(8),3,R32,162.0,8.0,2.0,112.0,69.0,52.0,27.0,16.0,5.0,6.0,12.0,5.0,114.0,73.0,60.0,22.0,17.0,3.0,3.0,87.0,703.0,31.0,1483.0
2025-341,Metz,Hard,28.0,250,20251103,12.0,210696,,,Alexander Blockx,R,193.0,BEL,20.572,208859,,,Francesco Passaro,R,180.0,ITA,24.821,3-6 6-3 6-4,3,R32,116.0,16.0,2.0,96.0,61.0,48.0,16.0,14.0,8.0,9.0,6.0,5.0,100.0,60.0,41.0,22.0,14.0,7.0,9.0,102.0,632.0,129.0,480.0
2025-341,Metz,Hard,28.0,250,20251103,13.0,132283,,,Lorenzo Sonego,R,191.0,ITA,30.483,207925,4.0,,Flavio Cobolli,R,183.0,ITA,23.496,2-6 6-3 7-5,3,R16,127.0,8.0,0.0,78.0,58.0,44.0,12.0,15.0,1.0,3.0,5.0,2.0,97.0,65.0,49.0,14.0,14.0,9.0,11.0,42.0,1190.0,22.0,2025.0
2025-341,Metz,Hard,28.0,250,20251103,14.0,127157,,,Daniel Altmaier,R,188.0,GER,27.143,200384,,,Hugo Gaston,L,173.0,FRA,25.103,4-6 6-0 RET,3,R16,74.0,6.0,2.0,42.0,30.0,24.0,6.0,8.0,0.0,1.0,3.0,1.0,55.0,42.0,28.0,4.0,8.0,6.0,9.0,46.0,1123.0,98.0,653.0
2025-341,Metz,Hard,28.0,250,20251103,15.0,208021,,,Kyrian Jacquet,R,175.0,FRA,24.482,900091,,,Dan Added,R,183.0,FRA,26.56,6-0 6-2,3,R16,54.0,4.0,1.0,41.0,25.0,21.0,9.0,7.0,0.0,0.0,3.0,3.0,45.0,29.0,16.0,3.0,7.0,5.0,10.0,156.0,386.0,194.0,296.0
2025-341,Metz,Hard,28.0,250,20251103,16.0,900049,,,Clement Tabur,R,173.0,FRA,25.777,210696,,,Alexander Blockx,R,193.0,BEL,20.572,6-7(4) 7-6(6) 7-6(6),3,R16,171.0,2.0,4.0,125.0,75.0,54.0,33.0,18.0,4.0,5.0,9.0,2.0,119.0,78.0,60.0,21.0,18.0,1.0,2.0,243.0,226.0,102.0,632.0
2025-341,Metz,Hard,28.0,250,20251103,17.0,210530,,,Learner Tien,L,180.0,USA,19.921,121411,,,Moez Echargui,R,178.0,TUN,32.813,7-6(3) 6-3,3,R16,96.0,5.0,4.0,68.0,37.0,32.0,17.0,11.0,3.0,4.0,7.0,1.0,77.0,50.0,32.0,15.0,10.0,9.0,11.0,38.0,1344.0,140.0,446.0
2025-341,Metz,Hard,28.0,250,20251103,18.0,111815,7.0,,Cameron Norrie,L,188.0,GBR,30.198,209070,,,Arthur Cazaux,R,183.0,FRA,23.198,6-7(1) 7-6(7) 6-2,3,R16,166.0,6.0,1.0,108.0,79.0,55.0,19.0,16.0,4.0,5.0,18.0,0.0,109.0,70.0,53.0,16.0,16.0,3.0,6.0,27.0,1573.0,69.0,836.0
2025-341,Metz,Hard,28.0,250,20251103,19.0,126610,,,Matteo Berrettini,R,196.0,ITA,29.561,126846,,,Aleksandar Vukic,R,188.0,AUS,29.577,7-6(5) 6-3,3,R16,81.0,15.0,1.0,59.0,42.0,37.0,10.0,11.0,1.0,2.0,7.0,1.0,63.0,44.0,28.0,12.0,10.0,3.0,5.0,63.0,895.0,87.0,703.0
2025-341,Metz,Hard,28.0,250,20251103,20.0,126964,,,Vitaliy Sachko,R,188.0,UKR,28.307,122330,3.0,,Alexander Bublik,R,196.0,KAZ,28.381,7-5 3-6 7-5,3,R16,128.0,7.0,0.0,109.0,75.0,54.0,19.0,16.0,5.0,6.0,15.0,4.0,84.0,57.0,50.0,14.0,17.0,2.0,4.0,222.0,256.0,13.0,2870.0
2025-341,Metz,Hard,28.0,250,20251103,21.0,111815,7.0,,Cameron Norrie,L,188.0,GBR,30.198,208021,,,Kyrian Jacquet,R,175.0,FRA,24.482,4-6 7-6(2) 6-4,3,QF,145.0,6.0,2.0,106.0,79.0,55.0,17.0,16.0,5.0,7.0,18.0,5.0,103.0,60.0,48.0,19.0,16.0,4.0,6.0,27.0,1573.0,156.0,386.0
2025-341,Metz,Hard,28.0,250,20251103,22.0,132283,,,Lorenzo Sonego,R,191.0,ITA,30.483,127157,,,Daniel Altmaier,R,188.0,GER,27.143,6-4 7-6(6),3,QF,122.0,10.0,0.0,77.0,62.0,49.0,10.0,11.0,7.0,7.0,2.0,2.0,84.0,50.0,38.0,18.0,11.0,7.0,8.0,42.0,1190.0,46.0,1123.0
2025-341,Metz,Hard,28.0,250,20251103,23.0,126964,,,Vitaliy Sachko,R,188.0,UKR,28.307,900049,,,Clement Tabur,R,173.0,FRA,25.777,6-4 3-6 6-4,3,QF,120.0,9.0,1.0,84.0,60.0,45.0,13.0,14.0,6.0,7.0,6.0,4.0,86.0,53.0,43.0,17.0,15.0,6.0,8.0,222.0,256.0,243.0,226.0
2025-341,Metz,Hard,28.0,250,20251103,24.0,210530,,,Learner Tien,L,180.0,USA,19.921,126610,,,Matteo Berrettini,R,196.0,ITA,29.561,5-7 6-2 6-3,3,QF,104.0,6.0,4.0,80.0,57.0,44.0,15.0,15.0,1.0,2.0,11.0,3.0,73.0,46.0,34.0,14.0,14.0,0.0,3.0,38.0,1344.0,63.0,895.0
2025-341,Metz,Hard,28.0,250,20251103,25.0,111815,7.0,,Cameron Norrie,L,188.0,GBR,30.198,132283,,,Lorenzo Sonego,R,191.0,ITA,30.483,4-6 6-2 6-4,3,SF,120.0,6.0,1.0,69.0,57.0,48.0,7.0,14.0,3.0,4.0,7.0,0.0,86.0,55.0,43.0,10.0,14.0,7.0,10.0,27.0,1573.0,42.0,1190.0
2025-341,Metz,Hard,28.0,250,20251103,26.0,210530,,,Learner Tien,L,180.0,USA,19.921,126964,,,Vitaliy Sachko,R,188.0,UKR,28.307,6-1 6-4,3,SF,56.0,2.0,0.0,45.0,26.0,21.0,15.0,9.0,0.0,0.0,2.0,1.0,45.0,27.0,16.0,11.0,8.0,4.0,7.0,38.0,1344.0,222.0,256.0
2025-341,Metz,Hard,28.0,250,20251103,27.0,210530,,,Learner Tien,L,180.0,USA,19.921,111815,7.0,,Cameron Norrie,L,188.0,GBR,30.198,6-3 3-6 7-6(6),3,F,130.0,7.0,1.0,113.0,72.0,53.0,17.0,15.0,7.0,9.0,4.0,0.0,84.0,55.0,37.0,21.0,15.0,2.0,4.0,38.0,1344.0,27.0,1573.0
2025-5100,Athens,Hard,28.0,250,20251103,1.0,124186,5.0,,Alexandre Muller,R,183.0,FRA,28.753,105526,,,Jan-Lennard Struff,R,193.0,GER,35.526,6-3 2-6 7-6(6),3,R32,129.0,7.0,3.0,114.0,80.0,50.0,20.0,15.0,8.0,11.0,9.0,2.0,80.0,50.0,37.0,18.0,14.0,2.0,4.0,43.0,1190.0,101.0,648.0
2025-5100,Athens,Hard,28.0,250,20251103,2.0,106000,,,Damir Dzumhur,R,175.0,BIH,33.457,207985,,,Jacob Fearnley,R,183.0,GBR,24.304,6-4 6-2,3,R32,77.0,3.0,1.0,47.0,26.0,21.0,13.0,9.0,1.0,2.0,4.0,4.0,56.0,30.0,17.0,12.0,9.0,2.0,6.0,58.0,925.0,73.0,793.0
2025-5100,Athens,Hard,28.0,250,20251103,3.0,200175,,,Miomir Kecmanovic,R,183.0,SRB,26.177,111794,,,Kamil Majchrzak,R,183.0,POL,29.807,7-6(4) 7-6(4),3,R32,123.0,6.0,5.0,89.0,50.0,39.0,18.0,12.0,2.0,5.0,14.0,3.0,93.0,59.0,46.0,9.0,12.0,5.0,8.0,54.0,985.0,68.0,861.0
2025-5100,Athens,Hard,28.0,250,20251103,4.0,200240,,,Vit Kopriva,R,178.0,CZE,28.386,124187,,,Reilly Opelka,R,211.0,USA,28.183,6-4 6-3,3,R32,77.0,2.0,0.0,54.0,39.0,33.0,8.0,9.0,5.0,5.0,13.0,5.0,60.0,42.0,29.0,8.0,10.0,5.0,8.0,92.0,677.0,50.0,1026.0
2025-5100,Athens,Hard,28.0,250,20251103,5.0,208118,,,Eliot Spizzirri,R,185.0,USA,23.863,111513,,,Laslo Djere,R,188.0,SRB,30.423,1-6 7-6(6) 6-2,3,R32,126.0,12.0,0.0,90.0,63.0,41.0,16.0,13.0,4.0,7.0,8.0,1.0,85.0,58.0,40.0,16.0,14.0,1.0,4.0,96.0,668.0,82.0,746.0
2025-5100,Athens,Hard,28.0,250,20251103,6.0,104527,,,Stan Wawrinka,R,183.0,SUI,40.602,122298,,,Botic van de Zandschulp,R,191.0,NED,30.084,2-6 7-6(5) 7-5,3,R32,140.0,9.0,2.0,111.0,71.0,49.0,23.0,16.0,5.0,7.0,13.0,4.0,86.0,53.0,43.0,22.0,16.0,0.0,1.0,159.0,372.0,80.0,756.0
2025-5100,Athens,Hard,28.0,250,20251103,7.0,132686,6.0,,Nuno Borges,R,185.0,POR,28.704,208852,,,Stefanos Sakellaridis,R,198.0,GRE,21.139,7-6(4) 6-3,3,R32,82.0,4.0,0.0,64.0,47.0,42.0,10.0,11.0,0.0,0.0,10.0,2.0,61.0,30.0,26.0,18.0,10.0,1.0,2.0,47.0,1120.0,277.0,194.0
2025-5100,Athens,Hard,28.0,250,20251103,8.0,200624,,,Sebastian Korda,R,196.0,USA,25.331,200615,7.0,,Alexei Popyrin,R,196.0,AUS,26.248,4-6 6-3 6-4,3,R32,119.0,12.0,1.0,82.0,53.0,41.0,19.0,15.0,3.0,4.0,17.0,4.0,86.0,55.0,43.0,14.0,14.0,3.0,5.0,52.0,1010.0,53.0,1000.0
2025-5100,Athens,Hard,28.0,250,20251103,9.0,126214,,,Alejandro Tabilo,L,188.0,CHI,28.422,200443,,,Adam Walton,R,183.0,AUS,26.549,7-6(7) 6-7(6) 7-5,3,R32,182.0,12.0,5.0,126.0,85.0,64.0,23.0,18.0,4.0,6.0,20.0,5.0,115.0,73.0,57.0,24.0,18.0,2.0,5.0,89.0,696.0,83.0,740.0
2025-5100,Athens,Hard,28.0,250,20251103,10.0,144869,,,Tomas Martin Etcheverry,R,196.0,ARG,26.297,111456,,,Mackenzie McDonald,R,178.0,USA,30.552,6-7(5) 7-6(3) 6-3,3,R32,170.0,19.0,0.0,114.0,90.0,67.0,13.0,17.0,2.0,3.0,10.0,2.0,106.0,74.0,52.0,18.0,16.0,4.0,6.0,60.0,920.0,110.0,559.0
2025-5100,Athens,Hard,28.0,250,20251103,11.0,105870,,,Yannick Hanfmann,R,193.0,GER,33.974,104901,,,Ivan Ivanov,R,,BUL,17.01,6-4 6-2,3,R32,74.0,12.0,0.0,56.0,42.0,31.0,9.0,9.0,1.0,1.0,3.0,1.0,59.0,35.0,22.0,11.0,9.0,3.0,6.0,117.0,518.0,935.0,19.0
2025-5100,Athens,Hard,28.0,250,20251103,12.0,106218,,,Marcos Giron,R,180.0,USA,32.279,124079,,,Pedro Martinez,R,185.0,ESP,28.523,6-4 6-1,3,R32,85.0,10.0,1.0,48.0,28.0,23.0,13.0,9.0,0.0,0.0,2.0,3.0,64.0,35.0,24.0,10.0,8.0,3.0,6.0,72.0,815.0,95.0,668.0
2025-5100,Athens,Hard,28.0,250,20251103,13.0,104925,1.0,,Novak Djokovic,R,188.0,SRB,38.453,126214,,,Alejandro Tabilo,L,188.0,CHI,28.422,7-6(3) 6-1,3,R16,99.0,13.0,0.0,59.0,37.0,34.0,13.0,10.0,1.0,1.0,4.0,1.0,62.0,47.0,28.0,8.0,9.0,3.0,5.0,5.0,4580.0,89.0,696.0
2025-5100,Athens,Hard,28.0,250,20251103,14.0,200624,,,Sebastian Korda,R,196.0,USA,25.331,106000,,,Damir Dzumhur,R,175.0,BIH,33.457,4-6 6-3 6-3,3,R16,116.0,14.0,1.0,84.0,51.0,38.0,22.0,14.0,3.0,4.0,5.0,1.0,80.0,47.0,30.0,19.0,14.0,2.0,5.0,52.0,1010.0,58.0,925.0
2025-5100,Athens,Hard,28.0,250,20251103,15.0,132686,6.0,,Nuno Borges,R,185.0,POR,28.704,208118,,,Eliot Spizzirri,R,185.0,USA,23.863,5-7 6-3 6-4,3,R16,125.0,8.0,1.0,91.0,64.0,50.0,15.0,16.0,3.0,4.0,11.0,1.0,99.0,67.0,47.0,16.0,15.0,6.0,8.0,47.0,1120.0,96.0,668.0
2025-5100,Athens,Hard,28.0,250,20251103,16.0,105870,,,Yannick Hanfmann,R,193.0,GER,33.974,200240,,,Vit Kopriva,R,178.0,CZE,28.386,6-2 5-7 7-5,3,R16,159.0,13.0,2.0,91.0,65.0,47.0,16.0,16.0,3.0,5.0,8.0,3.0,115.0,74.0,44.0,23.0,16.0,10.0,14.0,117.0,518.0,92.0,677.0
2025-5100,Athens,Hard,28.0,250,20251103,17.0,200175,,,Miomir Kecmanovic,R,183.0,SRB,26.177,209260,3.0,,Luciano Darderi,R,183.0,ITA,23.718,4-6 6-2 6-3,3,R16,118.0,14.0,0.0,84.0,62.0,45.0,9.0,14.0,6.0,9.0,8.0,5.0,92.0,63.0,38.0,11.0,13.0,4.0,9.0,54.0,985.0,26.0,1609.0
2025-5100,Athens,Hard,28.0,250,20251103,18.0,106218,,,Marcos Giron,R,180.0,USA,32.279,206909,4.0,,Brandon Nakashima,R,188.0,USA,24.252,7-6(7) 6-1,3,R16,93.0,10.0,2.0,77.0,58.0,42.0,8.0,10.0,5.0,6.0,14.0,0.0,61.0,41.0,30.0,6.0,9.0,1.0,4.0,72.0,815.0,33.0,1430.0
2025-5100,Athens,Hard,28.0,250,20251103,19.0,207518,2.0,,Lorenzo Musetti,R,185.0,ITA,23.671,104527,,,Stan Wawrinka,R,183.0,SUI,40.602,4-6 7-6(5) 6-4,3,R16,145.0,8.0,3.0,100.0,72.0,53.0,16.0,16.0,1.0,2.0,22.0,2.0,108.0,62.0,52.0,20.0,16.0,7.0,8.0,9.0,3685.0,159.0,372.0
2025-5100,Athens,Hard,28.0,250,20251103,20.0,124186,5.0,,Alexandre Muller,R,183.0,FRA,28.753,144869,,,Tomas Martin Etcheverry,R,196.0,ARG,26.297,6-7(2) 7-6(4) 7-6(3),3,R16,184.0,12.0,4.0,130.0,89.0,65.0,25.0,18.0,8.0,9.0,25.0,1.0,119.0,81.0,70.0,17.0,18.0,6.0,7.0,43.0,1190.0,60.0,920.0
2025-5100,Athens,Hard,28.0,250,20251103,21.0,207518,2.0,,Lorenzo Musetti,R,185.0,ITA,23.671,124186,5.0,,Alexandre Muller,R,183.0,FRA,28.753,6-2 6-4,3,QF,81.0,9.0,0.0,53.0,36.0,28.0,10.0,9.0,2.0,3.0,2.0,1.0,72.0,51.0,28.0,8.0,9.0,7.0,11.0,9.0,3685.0,43.0,1190.0
2025-5100,Athens,Hard,28.0,250,20251103,22.0,200624,,,Sebastian Korda,R,196.0,USA,25.331,200175,,,Miomir Kecmanovic,R,183.0,SRB,26.177,6-3 6-2,3,QF,58.0,13.0,0.0,45.0,33.0,30.0,8.0,9.0,1.0,1.0,1.0,2.0,49.0,37.0,21.0,6.0,8.0,4.0,7.0,52.0,1010.0,54.0,985.0
2025-5100,Athens,Hard,28.0,250,20251103,23.0,104925,1.0,,Novak Djokovic,R,188.0,SRB,38.453,132686,6.0,,Nuno Borges,R,185.0,POR,28.704,7-6(1) 6-4,3,QF,103.0,9.0,1.0,61.0,42.0,36.0,13.0,11.0,2.0,2.0,7.0,1.0,80.0,53.0,36.0,15.0,11.0,4.0,5.0,5.0,4580.0,47.0,1120.0
2025-5100,Athens,Hard,28.0,250,20251103,24.0,105870,,,Yannick Hanfmann,R,193.0,GER,33.974,106218,,,Marcos Giron,R,180.0,USA,32.279,7-6(3) 6-4,3,QF,88.0,9.0,1.0,58.0,42.0,37.0,11.0,11.0,0.0,0.0,3.0,2.0,67.0,44.0,33.0,12.0,11.0,4.0,5.0,117.0,518.0,72.0,815.0
2025-5100,Athens,Hard,28.0,250,20251103,25.0,104925,1.0,,Novak Djokovic,R,188.0,SRB,38.453,105870,,,Yannick Hanfmann,R,193.0,GER,33.974,6-3 6-4,3,SF,79.0,9.0,0.0,51.0,38.0,28.0,9.0,10.0,0.0,1.0,6.0,0.0,48.0,35.0,24.0,6.0,9.0,3.0,6.0,5.0,4580.0,117.0,518.0
2025-5100,Athens,Hard,28.0,250,20251103,26.0,207518,2.0,,Lorenzo Musetti,R,185.0,ITA,23.671,200624,,,Sebastian Korda,R,196.0,USA,25.331,6-0 5-7 7-5,3,SF,140.0,9.0,3.0,103.0,74.0,50.0,15.0,15.0,3.0,5.0,8.0,4.0,84.0,49.0,31.0,19.0,15.0,2.0,7.0,9.0,3685.0,52.0,1010.0
2025-5100,Athens,Hard,28.0,250,20251103,27.0,104925,1.0,,Novak Djokovic,R,188.0,SRB,38.453,207518,2.0,,Lorenzo Musetti,R,185.0,ITA,23.671,4-6 6-3 7-5,3,F,179.0,6.0,3.0,97.0,61.0,43.0,21.0,16.0,6.0,9.0,10.0,3.0,96.0,61.0,40.0,20.0,15.0,6.0,10.0,5.0,4580.0,9.0,3685.0
2025-605,ATP Finals,Hard,8.0,F,20251110,1.0,207989,1.0,,Carlos Alcaraz,R,183.0,ESP,22.519,200282,7.0,,Alex de Minaur,R,183.0,AUS,26.73,7-6(5) 6-2,3,RR,100.0,5.0,3.0,72.0,48.0,30.0,14.0,10.0,3.0,5.0,4.0,0.0,58.0,30.0,19.0,12.0,10.0,3.0,7.0,1.0,11050.0,7.0,3935.0
2025-605,ATP Finals,Hard,8.0,F,20251110,2.0,100644,3.0,,Alexander Zverev,R,198.0,GER,28.559,210097,5.0,,Ben Shelton,L,193.0,USA,23.088,6-3 7-6(6),3,RR,93.0,5.0,0.0,54.0,44.0,37.0,7.0,10.0,0.0,0.0,7.0,2.0,71.0,50.0,39.0,5.0,11.0,3.0,5.0,3.0,4960.0,5.0,3970.0
2025-605,ATP Finals,Hard,8.0,F,20251110,3.0,126203,6.0,,Taylor Fritz,R,196.0,USA,28.036,207518,9.0,,Lorenzo Musetti,R,185.0,ITA,23.691,6-3 6-4,3,RR,102.0,13.0,0.0,56.0,37.0,31.0,12.0,10.0,4.0,4.0,5.0,5.0,86.0,56.0,37.0,12.0,9.0,10.0,12.0,6.0,3935.0,9.0,3840.0
2025-605,ATP Finals,Hard,8.0,F,20251110,4.0,206173,2.0,,Jannik Sinner,R,191.0,ITA,24.235,200000,8.0,,Felix Auger-Aliassime,R,193.0,CAN,25.257,7-5 6-1,3,RR,100.0,3.0,1.0,51.0,36.0,32.0,9.0,10.0,0.0,0.0,9.0,2.0,71.0,47.0,30.0,9.0,9.0,7.0,10.0,2.0,10000.0,8.0,3845.0
2025-605,ATP Finals,Hard,8.0,F,20251110,5.0,207989,1.0,,Carlos Alcaraz,R,183.0,ESP,22.519,126203,6.0,,Taylor Fritz,R,196.0,USA,28.036,6-7(2) 7-5 6-3,3,RR,168.0,9.0,2.0,128.0,82.0,61.0,24.0,17.0,8.0,9.0,14.0,2.0,114.0,85.0,60.0,12.0,16.0,8.0,11.0,1.0,11050.0,6.0,3935.0
2025-605,ATP Finals,Hard,8.0,F,20251110,6.0,207518,9.0,,Lorenzo Musetti,R,185.0,ITA,23.691,200282,7.0,,Alex de Minaur,R,183.0,AUS,26.73,7-5 3-6 7-5,3,RR,167.0,5.0,3.0,90.0,59.0,37.0,23.0,16.0,3.0,5.0,10.0,0.0,110.0,73.0,48.0,22.0,17.0,9.0,12.0,9.0,3840.0,7.0,3935.0
2025-605,ATP Finals,Hard,8.0,F,20251110,7.0,200000,8.0,,Felix Auger-Aliassime,R,193.0,CAN,25.257,210097,5.0,,Ben Shelton,L,193.0,USA,23.088,4-6 7-6(7) 7-5,3,RR,145.0,9.0,1.0,93.0,74.0,57.0,14.0,17.0,1.0,3.0,7.0,3.0,104.0,71.0,53.0,19.0,17.0,5.0,7.0,8.0,3845.0,5.0,3970.0
2025-605,ATP Finals,Hard,8.0,F,20251110,8.0,206173,2.0,,Jannik Sinner,R,191.0,ITA,24.235,100644,3.0,,Alexander Zverev,R,198.0,GER,28.559,6-4 6-3,3,RR,97.0,12.0,0.0,68.0,48.0,40.0,7.0,10.0,7.0,7.0,7.0,0.0,52.0,43.0,31.0,3.0,9.0,2.0,4.0,2.0,10000.0,3.0,4960.0
2025-605,ATP Finals,Hard,8.0,F,20251110,9.0,200282,7.0,,Alex de Minaur,R,183.0,AUS,26.73,126203,6.0,,Taylor Fritz,R,196.0,USA,28.036,7-6(3) 6-3,3,RR,94.0,5.0,3.0,66.0,36.0,30.0,16.0,11.0,0.0,1.0,8.0,1.0,69.0,41.0,27.0,15.0,10.0,2.0,4.0,7.0,3935.0,6.0,3935.0
2025-605,ATP Finals,Hard,8.0,F,20251110,10.0,207989,1.0,,Carlos Alcaraz,R,183.0,ESP,22.519,207518,9.0,,Lorenzo Musetti,R,185.0,ITA,23.691,6-4 6-1,3,RR,83.0,2.0,0.0,52.0,36.0,30.0,9.0,9.0,2.0,2.0,3.0,0.0,56.0,36.0,19.0,12.0,8.0,2.0,5.0,1.0,11050.0,9.0,3840.0
2025-605,ATP Finals,Hard,8.0,F,20251110,11.0,206173,2.0,,Jannik Sinner,R,191.0,ITA,24.235,210097,5.0,,Ben Shelton,L,193.0,USA,23.088,6-3 7-6(3),3,RR,94.0,11.0,0.0,63.0,47.0,38.0,9.0,10.0,1.0,1.0,6.0,2.0,66.0,47.0,36.0,8.0,11.0,2.0,4.0,2.0,10000.0,5.0,3970.0
2025-605,ATP Finals,Hard,8.0,F,20251110,13.0,200000,8.0,,Felix Auger-Aliassime,R,193.0,CAN,25.257,100644,3.0,,Alexander Zverev,R,198.0,GER,28.559,6-4 7-6(4),3,RR,127.0,11.0,0.0,73.0,53.0,39.0,13.0,11.0,4.0,4.0,9.0,2.0,78.0,60.0,43.0,8.0,11.0,6.0,7.0,8.0,3845.0,3.0,4960.0
2025-605,ATP Finals,Hard,8.0,F,20251110,14.0,206173,2.0,,Jannik Sinner,R,191.0,ITA,24.235,200282,7.0,,Alex de Minaur,R,183.0,AUS,26.73,7-5 6-2,3,SF,112.0,7.0,0.0,59.0,44.0,37.0,7.0,10.0,4.0,4.0,8.0,2.0,88.0,46.0,29.0,19.0,10.0,10.0,13.0,2.0,10000.0,7.0,3935.0
2025-605,ATP Finals,Hard,8.0,F,20251110,15.0,207989,1.0,,Carlos Alcaraz,R,183.0,ESP,22.519,200000,8.0,,Felix Auger-Aliassime,R,193.0,CAN,25.257,6-2 6-4,3,SF,82.0,5.0,1.0,51.0,38.0,31.0,7.0,9.0,1.0,1.0,5.0,1.0,57.0,41.0,24.0,9.0,9.0,5.0,8.0,1.0,11050.0,8.0,3845.0
2025-605,ATP Finals,Hard,8.0,F,20251110,16.0,206173,2.0,,Jannik Sinner,R,191.0,ITA,24.235,207989,1.0,,Carlos Alcaraz,R,183.0,ESP,22.519,7-6(4) 7-5,3,F,135.0,8.0,5.0,78.0,43.0,36.0,19.0,12.0,2.0,3.0,5.0,0.0,72.0,49.0,36.0,13.0,12.0,0.0,2.0,2.0,10000.0,1.0,11050.0
2025-M-DC-2025-FLS-M-FRA-BEL-01,Davis Cup Finals QF: FRA vs BEL,Hard,2.0,D,20251118,1.0,209920,,,Raphael Collignon,R,191.0,BEL,23.85,144895,,,Corentin Moutet,L,180.0,FRA,26.59,2-6 7-5 7-5,3,RR,151.0,2.0,2.0,89.0,53.0,41.0,22.0,16.0,5.0,8.0,5.0,3.0,99.0,71.0,49.0,16.0,16.0,7.0,10.0,86.0,704.0,35.0,1408.0
2025-M-DC-2025-FLS-M-FRA-BEL-01,Davis Cup Finals QF: FRA vs BEL,Hard,2.0,D,20251118,2.0,200267,,,Zizou Bergs,R,185.0,BEL,26.46,126239,,,Arthur Rinderknech,R,196.0,FRA,30.33,6-3 7-6(4),3,RR,94.0,6.0,2.0,70.0,42.0,33.0,17.0,11.0,2.0,3.0,6.0,1.0,59.0,43.0,33.0,8.0,10.0,1.0,3.0,43.0,1218.0,29.0,1540.0
2025-M-DC-2025-FLS-M-ITA-AUT-01,Davis Cup Finals QF: ITA vs AUT,Hard,2.0,D,20251119,1.0,126610,,,Matteo Berrettini,R,196.0,ITA,29.6,200514,,,Jurij Rodionov,L,191.0,AUT,26.51,6-3 7-6(4),3,RR,95.0,7.0,1.0,67.0,53.0,42.0,8.0,11.0,4.0,5.0,4.0,2.0,57.0,40.0,31.0,9.0,10.0,1.0,3.0,56.0,945.0,177.0,329.0
2025-M-DC-2025-FLS-M-ITA-AUT-01,Davis Cup Finals QF: ITA vs AUT,Hard,2.0,D,20251119,2.0,207925,,,Flavio Cobolli,R,183.0,ITA,23.54,209209,,,Filip Misolic,R,180.0,AUT,24.3,6-1 6-3,3,RR,66.0,8.0,0.0,53.0,33.0,26.0,11.0,8.0,5.0,5.0,1.0,2.0,43.0,24.0,18.0,6.0,8.0,1.0,5.0,22.0,2025.0,79.0,726.0
2025-M-DC-2025-FLS-M-ESP-CZE-01,Davis Cup Finals QF: ESP vs CZE,Hard,2.0,D,20251120,1.0,210150,,,Jakub Mensik,R,196.0,CZE,20.22,105807,,,Pablo Carreno Busta,R,188.0,ESP,34.36,7-5 6-4,3,RR,101.0,20.0,2.0,69.0,46.0,34.0,12.0,11.0,1.0,2.0,1.0,0.0,68.0,44.0,29.0,11.0,11.0,4.0,7.0,19.0,2180.0,89.0,681.0
2025-M-DC-2025-FLS-M-ESP-CZE-01,Davis Cup Finals QF: ESP vs CZE,Hard,2.0,D,20251120,2.0,144719,,,Jaume Munar,R,183.0,ESP,28.55,208103,,,Jiri Lehecka,R,185.0,CZE,24.03,6-3 6-4,3,RR,83.0,5.0,0.0,57.0,38.0,33.0,10.0,10.0,2.0,2.0,9.0,2.0,50.0,33.0,26.0,8.0,9.0,2.0,4.0,36.0,1395.0,17.0,2345.0
2025-M-DC-2025-FLS-M-ARG-GER-01,Davis Cup Finals QF: ARG vs GER,Hard,2.0,D,20251120,1.0,144869,,,Tomas Martin Etcheverry,R,196.0,ARG,26.34,105526,,,Jan-Lennard Struff,R,193.0,GER,35.57,7-6(3) 7-6(7),3,RR,124.0,23.0,2.0,93.0,67.0,53.0,11.0,12.0,7.0,8.0,7.0,0.0,73.0,45.0,35.0,17.0,12.0,0.0,1.0,60.0,920.0,84.0,711.0
2025-M-DC-2025-FLS-M-ARG-GER-01,Davis Cup Finals QF: ARG vs GER,Hard,2.0,D,20251120,2.0,100644,,,Alexander Zverev,R,198.0,GER,28.58,202103,,,Francisco Cerundolo,R,185.0,ARG,27.27,6-4 7-6(3),3,RR,96.0,7.0,0.0,62.0,44.0,37.0,12.0,11.0,0.0,0.0,5.0,1.0,64.0,43.0,30.0,13.0,11.0,0.0,1.0,3.0,5160.0,21.0,2085.0
2025-M-DC-2025-FLS-M-ITA-BEL-01,Davis Cup Finals SF: ITA vs BEL,Hard,2.0,D,20251121,1.0,126610,,,Matteo Berrettini,R,196.0,ITA,29.6,209920,,,Raphael Collignon,R,191.0,BEL,23.85,6-3 6-4,3,RR,90.0,5.0,0.0,61.0,40.0,31.0,11.0,10.0,1.0,2.0,4.0,4.0,66.0,49.0,30.0,8.0,9.0,7.0,10.0,56.0,945.0,86.0,704.0
2025-M-DC-2025-FLS-M-ITA-BEL-01,Davis Cup Finals SF: ITA vs BEL,Hard,2.0,D,20251121,2.0,207925,,,Flavio Cobolli,R,183.0,ITA,23.54,200267,,,Zizou Bergs,R,185.0,BEL,26.46,6-3 6-7(5) 7-6(15),3,RR,186.0,10.0,0.0,137.0,86.0,71.0,25.0,17.0,5.0,5.0,5.0,3.0,114.0,85.0,67.0,13.0,16.0,2.0,3.0,22.0,2025.0,43.0,1218.0
2025-M-DC-2025-FLS-M-ESP-GER-01,Davis Cup Finals SF: ESP vs GER,Hard,2.0,D,20251122,1.0,105807,,,Pablo Carreno Busta,R,188.0,ESP,34.36,105526,,,Jan-Lennard Struff,R,193.0,GER,35.57,6-4 7-6(6),3,RR,106.0,4.0,0.0,75.0,50.0,36.0,14.0,11.0,3.0,4.0,9.0,0.0,69.0,54.0,40.0,6.0,11.0,3.0,5.0,89.0,681.0,84.0,711.0
2025-M-DC-2025-FLS-M-ESP-GER-01,Davis Cup Finals SF: ESP vs GER,Hard,2.0,D,20251122,2.0,100644,,,Alexander Zverev,R,198.0,GER,28.58,144719,,,Jaume Munar,R,183.0,ESP,28.55,7-6(2) 7-6(5),3,RR,122.0,13.0,1.0,80.0,66.0,50.0,7.0,12.0,1.0,3.0,9.0,1.0,74.0,53.0,40.0,11.0,12.0,2.0,4.0,3.0,5160.0,36.0,1395.0
2025-M-DC-2025-FLS-M-ITA-ESP-01,Davis Cup Finals F: ITA vs ESP,Hard,2.0,D,20251123,1.0,126610,,,Matteo Berrettini,R,196.0,ITA,29.6,105807,,,Pablo Carreno Busta,R,188.0,ESP,34.36,6-3 6-4,3,RR,79.0,13.0,0.0,53.0,33.0,27.0,14.0,10.0,0.0,0.0,3.0,1.0,49.0,33.0,25.0,7.0,9.0,5.0,7.0,56.0,945.0,89.0,681.0
2025-M-DC-2025-FLS-M-ITA-ESP-01,Davis Cup Finals F: ITA vs ESP,Hard,2.0,D,20251123,2.0,207925,,,Flavio Cobolli,R,183.0,ITA,23.54,144719,,,Jaume Munar,R,183.0,ESP,28.55,1-6 7-6(5) 7-5,3,RR,177.0,4.0,0.0,85.0,50.0,36.0,22.0,15.0,1.0,4.0,9.0,1.0,111.0,72.0,54.0,21.0,16.0,12.0,14.0,22.0,2025.0,36.0,1395.0
2025-7696,Next Gen ATP Finals,Hard,8.0,A,20251222,1.0,210530,1.0,,Learner Tien,L,180.0,USA,20.055,149282,5.0,,Nicolai Budkov Kjaer,R,191.0,NOR,19.307,3-4(2) 4-1 4-2 4-2,5,RR,79.0,17.0,3.0,65.0,49.0,36.0,6.0,11.0,4.0,7.0,9.0,0.0,69.0,52.0,37.0,13.0,12.0,2.0,2.0,28.0,1550.0,136.0,450.0
2025-7696,Next Gen ATP Finals,Hard,8.0,A,20251222,2.0,210696,2.0,,Alexander Blockx,R,193.0,BEL,20.706,209976,3.0,,Dino Prizmic,R,188.0,CRO,20.381,4-3(4) 2-4 4-2 4-0,5,RR,94.0,2.0,2.0,71.0,46.0,26.0,12.0,11.0,8.0,12.0,5.0,0.0,71.0,47.0,32.0,13.0,11.0,7.0,9.0,116.0,542.0,128.0,487.0
2025-7696,Next Gen ATP Finals,Hard,8.0,A,20251222,3.0,900050,7.0,,Rafael Jodar,R,191.0,ESP,19.264,212021,4.0,,Martin Landaluce,R,193.0,ESP,19.953,4-3(7) 4-1 4-3(2),5,RR,83.0,9.0,0.0,57.0,44.0,33.0,12.0,9.0,4.0,5.0,4.0,1.0,61.0,38.0,27.0,11.0,8.0,1.0,3.0,168.0,349.0,134.0,455.0
2025-7696,Next Gen ATP Finals,Hard,8.0,A,20251222,4.0,210460,6.0,,Nishesh Basavareddy,R,180.0,USA,20.641,211514,8.0,,Justin Engel,R,185.0,GER,18.226,4-3(3) 4-2 4-3(5),5,RR,70.0,9.0,1.0,61.0,44.0,32.0,6.0,9.0,6.0,7.0,8.0,3.0,55.0,30.0,27.0,17.0,9.0,1.0,1.0,167.0,349.0,187.0,316.0
2025-7696,Next Gen ATP Finals,Hard,8.0,A,20251222,5.0,210530,1.0,,Learner Tien,L,180.0,USA,20.055,212021,4.0,,Martin Landaluce,R,193.0,ESP,19.953,1-4 4-1 4-3(4) 4-3(2),5,RR,91.0,8.0,3.0,65.0,42.0,33.0,11.0,11.0,3.0,5.0,3.0,0.0,69.0,47.0,39.0,11.0,11.0,1.0,3.0,28.0,1550.0,134.0,455.0
2025-7696,Next Gen ATP Finals,Hard,8.0,A,20251222,6.0,210696,2.0,,Alexander Blockx,R,193.0,BEL,20.706,210460,6.0,,Nishesh Basavareddy,R,180.0,USA,20.641,4-3(2) 4-3(8) 4-1,5,RR,80.0,2.0,5.0,58.0,35.0,25.0,10.0,8.0,1.0,3.0,11.0,2.0,68.0,41.0,31.0,15.0,9.0,9.0,10.0,116.0,542.0,167.0,349.0
2025-7696,Next Gen ATP Finals,Hard,8.0,A,20251222,7.0,209976,3.0,,Dino Prizmic,R,188.0,CRO,20.381,211514,8.0,,Justin Engel,R,185.0,GER,18.226,4-1 2-4 4-3(3) 4-1,5,RR,88.0,6.0,0.0,66.0,47.0,34.0,6.0,10.0,7.0,9.0,6.0,2.0,71.0,46.0,35.0,15.0,12.0,4.0,5.0,128.0,487.0,187.0,316.0
2025-7696,Next Gen ATP Finals,Hard,8.0,A,20251222,8.0,149282,5.0,,Nicolai Budkov Kjaer,R,191.0,NOR,19.307,900050,7.0,,Rafael Jodar,R,191.0,ESP,19.264,4-1 4-2 1-4 4-2,5,RR,76.0,2.0,1.0,59.0,37.0,19.0,11.0,11.0,0.0,6.0,7.0,2.0,61.0,41.0,27.0,7.0,11.0,5.0,9.0,136.0,450.0,168.0,349.0
2025-7696,Next Gen ATP Finals,Hard,8.0,A,20251222,9.0,900050,7.0,,Rafael Jodar,R,191.0,ESP,19.264,210530,1.0,,Learner Tien,L,180.0,USA,20.055,1-4 4-3(3) 1-4 4-2 4-3(4),5,RR,121.0,3.0,2.0,95.0,64.0,41.0,10.0,15.0,8.0,16.0,4.0,5.0,80.0,48.0,33.0,17.0,13.0,4.0,9.0,168.0,349.0,28.0,1550.0
2025-7696,Next Gen ATP Finals,Hard,8.0,A,20251222,10.0,210696,2.0,,Alexander Blockx,R,193.0,BEL,20.706,211514,8.0,,Justin Engel,R,185.0,GER,18.226,3-4(7) 4-2 4-2 4-2,5,RR,81.0,4.0,1.0,76.0,54.0,32.0,15.0,12.0,7.0,10.0,17.0,0.0,67.0,52.0,44.0,10.0,12.0,3.0,3.0,116.0,542.0,187.0,316.0
2025-7696,Next Gen ATP Finals,Hard,8.0,A,20251222,11.0,210460,6.0,,Nishesh Basavareddy,R,180.0,USA,20.641,209976,3.0,,Dino Prizmic,R,188.0,CRO,20.381,4-2 4-3(7) 3-4(3) 4-2,5,RR,114.0,2.0,1.0,73.0,49.0,39.0,12.0,12.0,1.0,2.0,14.0,6.0,80.0,50.0,38.0,13.0,12.0,3.0,6.0,167.0,349.0,128.0,487.0
2025-7696,Next Gen ATP Finals,Hard,8.0,A,20251222,12.0,149282,5.0,,Nicolai Budkov Kjaer,R,191.0,NOR,19.307,212021,4.0,,Martin Landaluce,R,193.0,ESP,19.953,4-1 3-4(7) 4-2 4-3(4),5,RR,102.0,9.0,2.0,74.0,50.0,38.0,13.0,11.0,2.0,4.0,4.0,3.0,78.0,50.0,36.0,10.0,12.0,4.0,9.0,136.0,450.0,134.0,455.0
2025-7696,Next Gen ATP Finals,Hard,8.0,A,20251222,13.0,210530,1.0,,Learner Tien,L,180.0,USA,20.055,210460,6.0,,Nishesh Basavareddy,R,180.0,USA,20.641,4-2 4-1 4-3(3),5,SF,72.0,5.0,1.0,50.0,27.0,14.0,8.0,8.0,4.0,9.0,6.0,2.0,50.0,33.0,21.0,10.0,9.0,1.0,4.0,28.0,1550.0,167.0,349.0
2025-7696,Next Gen ATP Finals,Hard,8.0,A,20251222,14.0,210696,2.0,,Alexander Blockx,R,193.0,BEL,20.706,149282,5.0,,Nicolai Budkov Kjaer,R,191.0,NOR,19.307,4-3(4) 4-3(8) 4-2,5,SF,82.0,5.0,1.0,66.0,40.0,25.0,11.0,9.0,4.0,7.0,10.0,0.0,63.0,44.0,34.0,9.0,9.0,4.0,6.0,116.0,542.0,136.0,450.0
2025-7696,Next Gen ATP Finals,Hard,8.0,A,20251222,15.0,210530,1.0,,Learner Tien,L,180.0,USA,20.055,210696,2.0,,Alexander Blockx,R,193.0,BEL,20.706,4-3(4) 4-2 4-1,5,F,59.0,7.0,1.0,48.0,38.0,2.0,,,,,,,,,,,,,,28.0,1550.0,116.0,542.0
