tourney_id,tourney_name,surface,draw_size,tourney_level,tourney_date,match_num,winner_id,winner_seed,winner_entry,winner_name,winner_hand,winner_ht,winner_ioc,winner_age,loser_id,loser_seed,loser_entry,loser_name,loser_hand,loser_ht,loser_ioc,loser_age,score,best_of,round,minutes,w_ace,w_df,w_svpt,w_1stIn,w_1stWon,w_2ndWon,w_SvGms,w_bpSaved,w_bpFaced,l_ace,l_df,l_svpt,l_1stIn,l_1stWon,l_2ndWon,l_SvGms,l_bpSaved,l_bpFaced,winner_rank,winner_rank_points,loser_rank,loser_rank_points
2025-800,Brisbane,Hard,64,P,20250101,1,214544,1,,Aryna Sabalenka,R,182,BLR,,221236,,Q,Polina Kudermetova,R,,RUS,,4-6 6-3 6-2,3,F,,,,,,,,,,,,,,,,,,,,,,,
2025-800,Brisbane,Hard,64,P,20250101,2,221236,,Q,Polina Kudermetova,R,,RUS,,211843,,,Anhelina Kalinina,R,179,UKR,,6-4 6-3,3,SF,,,,,,,,,,,,,,,,,,,,,,,
2025-800,Brisbane,Hard,64,P,20250101,3,214544,1,,Aryna Sabalenka,R,182,BLR,,259799,8,,Mirra Andreeva,R,,RUS,,6-3 6-2,3,SF,,,,,,,,,,,,,,,,,,,,,,,
2025-800,Brisbane,Hard,64,P,20250101,4,211843,,,Anhelina Kalinina,R,179,UKR,,214040,,WC,Kimberly Birrell,R,170,AUS,,4-6 6-1 7-5,3,QF,,,,,,,,,,,,,,,,,,,,,,,
2025-800,Brisbane,Hard,64,P,20250101,5,221236,,Q,Polina Kudermetova,R,,RUS,,221909,,,Ashlyn Krueger,R,185,USA,,7-6(5) 6-3,3,QF,,,,,,,,,,,,,,,,,,,,,,,
2025-800,Brisbane,Hard,64,P,20250101,6,259799,8,,Mirra Andreeva,R,,RUS,,202460,,,Ons Jabeur,R,167,TUN,,6-4 7-6(2),3,QF,,,,,,,,,,,,,,,,,,,,,,,
2025-800,Brisbane,Hard,64,P,20250101,7,214544,1,,Aryna Sabalenka,R,182,BLR,,213631,,,Marie Bouzkova,R,180,CZE,,6-3 6-4,3,QF,,,,,,,,,,,,,,,,,,,,,,,
2025-800,Brisbane,Hard,64,P,20250101,8,214040,,WC,Kimberly Birrell,R,170,AUS,,215713,,,Anastasia Potapova,R,175,RUS,,7-6(2) 6-2,3,R16,,,,,,,,,,,,,,,,,,,,,,,
2025-800,Brisbane,Hard,64,P,20250101,9,211843,,,Anhelina Kalinina,R,179,UKR,,206294,,,Yue Yuan,R,184,CHN,,6-1 6-4,3,R16,,,,,,,,,,,,,,,,,,,,,,,
2025-800,Brisbane,Hard,64,P,20250101,10,221236,,Q,Polina Kudermetova,R,,RUS,,214082,3,,Daria Kasatkina,R,170,RUS,,1-6 6-2 7-5,3,R16,,,,,,,,,,,,,,,,,,,,,,,
2025-800,Brisbane,Hard,64,P,20250101,11,221909,,,Ashlyn Krueger,R,185,USA,,215480,,,Suzan Lamens,R,,NED,,7-5 6-0,3,R16,,,,,,,,,,,,,,,,,,,,,,,
2025-800,Brisbane,Hard,64,P,20250101,12,259799,8,,Mirra Andreeva,R,,RUS,,222328,12,,Linda Noskova,R,,CZE,,6-3 6-0,3,R16,,,,,,,,,,,,,,,,,,,,,,,
2025-800,Brisbane,Hard,64,P,20250101,13,202460,,,Ons Jabeur,R,167,TUN,,220589,,,Elina Avanesyan,R,,ARM,,6-4 1-6 6-4,3,R16,,,,,,,,,,,,,,,,,,,,,,,
2025-800,Brisbane,Hard,64,P,20250101,14,213631,,,Marie Bouzkova,R,180,CZE,,201458,10,,Victoria Azarenka,R,180,BLR,,6-4 6-4,3,R16,,,,,,,,,,,,,,,,,,,,,,,
2025-800,Brisbane,Hard,64,P,20250101,15,214544,1,,Aryna Sabalenka,R,182,BLR,,201709,15,,Yulia Putintseva,R,163,KAZ,,7-6(2) 6-4,3,R16,,,,,,,,,,,,,,,,,,,,,,,
2025-800,Brisbane,Hard,64,P,20250101,16,214040,,WC,Kimberly Birrell,R,170,AUS,,215613,2,,Emma Navarro,R,,USA,,7-5 7-5,3,R32,,,,,,,,,,,,,,,,,,,,,,,
2025-800,Brisbane,Hard,64,P,20250101,17,215713,,,Anastasia Potapova,R,175,RUS,,215035,16,,Dayana Yastremska,R,175,UKR,,7-5 6-4,3,R32,,,,,,,,,,,,,,,,,,,,,,,
2025-800,Brisbane,Hard,64,P,20250101,18,206294,,,Yue Yuan,R,184,CHN,,216146,9,,Marta Kostyuk,R,175,UKR,,6-4 6-3,3,R32,,,,,,,,,,,,,,,,,,,,,,,
2025-800,Brisbane,Hard,64,P,20250101,19,211843,,,Anhelina Kalinina,R,179,UKR,,223670,5,,Diana Shnaider,L,,RUS,,6-3 4-6 6-1,3,R32,,,,,,,,,,,,,,,,,,,,,,,
2025-800,Brisbane,Hard,64,P,20250101,20,214082,3,,Daria Kasatkina,R,170,RUS,,220548,,,Peyton Stearns,R,,USA,,7-6(7) 4-6 7-5,3,R32,,,,,,,,,,,,,,,,,,,,,,,
2025-800,Brisbane,Hard,64,P,20250101,21,221236,,Q,Polina Kudermetova,R,,RUS,,214643,13,,Liudmila Samsonova,R,180,RUS,,6-7(7) 6-3 6-2,3,R32,,,,,,,,,,,,,,,,,,,,,,,
2025-800,Brisbane,Hard,64,P,20250101,22,215480,,,Suzan Lamens,R,,NED,,211684,11,,Magdalena Frech,R,171,POL,,7-5 6-3,3,R32,,,,,,,,,,,,,,,,,,,,,,,
2025-800,Brisbane,Hard,64,P,20250101,23,221909,,,Ashlyn Krueger,R,185,USA,,214939,6,,Anna Kalinskaya,R,175,RUS,,6-3 6-3,3,R32,,,,,,,,,,,,,,,,,,,,,,,
2025-800,Brisbane,Hard,64,P,20250101,24,259799,8,,Mirra Andreeva,R,,RUS,,215020,,,Anna Blinkova,R,179,RUS,,6-4 6-4,3,R32,,,,,,,,,,,,,,,,,,,,,,,
2025-800,Brisbane,Hard,64,P,20250101,25,222328,12,,Linda Noskova,R,,CZE,,223331,,Q,Anca Alexia Todoni,R,,ROU,,6-1 6-4,3,R32,,,,,,,,,,,,,,,,,,,,,,,
2025-800,Brisbane,Hard,64,P,20250101,26,202460,,,Ons Jabeur,R,167,TUN,,206420,14,,Ekaterina Alexandrova,R,175,RUS,,6-3 6-2,3,R32,,,,,,,,,,,,,,,,,,,,,,,
2025-800,Brisbane,Hard,64,P,20250101,27,220589,,,Elina Avanesyan,R,,ARM,,211651,4,,Paula Badosa,R,180,ESP,,6-3 1-6 6-2,3,R32,,,,,,,,,,,,,,,,,,,,,,,
2025-800,Brisbane,Hard,64,P,20250101,28,213631,,,Marie Bouzkova,R,180,CZE,,211533,7,,Jelena Ostapenko,R,177,LAT,,7-6(0) 6-4,3,R32,,,,,,,,,,,,,,,,,,,,,,,
2025-800,Brisbane,Hard,64,P,20250101,29,201458,10,,Victoria Azarenka,R,180,BLR,,233741,,WC,Maya Joint,R,,AUS,,6-7(5) 6-2 6-4,3,R32,,,,,,,,,,,,,,,,,,,,,,,
2025-800,Brisbane,Hard,64,P,20250101,30,201709,15,,Yulia Putintseva,R,163,KAZ,,220520,,,Mccartney Kessler,R,,USA,,6-2 7-5,3,R32,,,,,,,,,,,,,,,,,,,,,,,
2025-800,Brisbane,Hard,64,P,20250101,31,214544,1,,Aryna Sabalenka,R,182,BLR,,213887,,,Renata Zarazua,R,,MEX,,6-4 6-0,3,R32,,,,,,,,,,,,,,,,,,,,,,,
2025-800,Brisbane,Hard,64,P,20250101,32,214040,,WC,Kimberly Birrell,R,170,AUS,,211880,,Q,Priscilla Hon,R,171,AUS,,3-6 7-5 6-2,3,R64,,,,,,,,,,,,,,,,,,,,,,,
2025-800,Brisbane,Hard,64,P,20250101,33,215713,,,Anastasia Potapova,R,175,RUS,,202536,,Q,Ana Bogdan,R,171,ROU,,2-6 6-4 2-0 RET,3,R64,,,,,,,,,,,,,,,,,,,,,,,
2025-800,Brisbane,Hard,64,P,20250101,34,206294,,,Yue Yuan,R,184,CHN,,201551,,,Arantxa Rus,L,180,NED,,6-2 6-4,3,R64,,,,,,,,,,,,,,,,,,,,,,,
2025-800,Brisbane,Hard,64,P,20250101,35,211843,,,Anhelina Kalinina,R,179,UKR,,206374,,,Yafan Wang,R,170,CHN,,6-4 2-0 RET,3,R64,,,,,,,,,,,,,,,,,,,,,,,
2025-800,Brisbane,Hard,64,P,20250101,36,220548,,,Peyton Stearns,R,,USA,,206368,,,Veronika Kudermetova,R,175,RUS,,6-2 6-3,3,R64,,,,,,,,,,,,,,,,,,,,,,,
2025-800,Brisbane,Hard,64,P,20250101,37,221236,,Q,Polina Kudermetova,R,,RUS,,216133,,,Xin Yu Wang,R,182,CHN,,6-1 6-3,3,R64,,,,,,,,,,,,,,,,,,,,,,,
2025-800,Brisbane,Hard,64,P,20250101,38,215480,,,Suzan Lamens,R,,NED,,215872,,,Kamilla Rakhimova,R,,RUS,,6-2 6-4,3,R64,,,,,,,,,,,,,,,,,,,,,,,
2025-800,Brisbane,Hard,64,P,20250101,39,221909,,,Ashlyn Krueger,R,185,USA,,220416,,,Moyuka Uchijima,R,171,JPN,,6-3 1-6 6-3,3,R64,,,,,,,,,,,,,,,,,,,,,,,
2025-800,Brisbane,Hard,64,P,20250101,40,215020,,,Anna Blinkova,R,179,RUS,,239383,,Q,Sara Bejlek,L,,CZE,,6-1 7-6(5),3,R64,,,,,,,,,,,,,,,,,,,,,,,
2025-800,Brisbane,Hard,64,P,20250101,41,223331,,Q,Anca Alexia Todoni,R,,ROU,,213710,,,Cristina Bucsa,R,,ESP,,7-6(3) 6-2,3,R64,,,,,,,,,,,,,,,,,,,,,,,
2025-800,Brisbane,Hard,64,P,20250101,42,202460,,,Ons Jabeur,R,167,TUN,,202453,,,Saisai Zheng,R,170,CHN,,7-6(5) 6-4,3,R64,,,,,,,,,,,,,,,,,,,,,,,
2025-800,Brisbane,Hard,64,P,20250101,43,220589,,,Elina Avanesyan,R,,ARM,,211685,,,Rebecca Sramkova,R,,SVK,,1-6 6-2 6-2,3,R64,,,,,,,,,,,,,,,,,,,,,,,
2025-800,Brisbane,Hard,64,P,20250101,44,213631,,,Marie Bouzkova,R,180,CZE,,221883,,WC,Talia Gibson,R,,AUS,,7-6(5) 3-6 6-3,3,R64,,,,,,,,,,,,,,,,,,,,,,,
2025-800,Brisbane,Hard,64,P,20250101,45,233741,,WC,Maya Joint,R,,AUS,,213666,,Q,Maddison Inglis,R,171,AUS,,6-3 6-4,3,R64,,,,,,,,,,,,,,,,,,,,,,,
2025-800,Brisbane,Hard,64,P,20250101,46,220520,,,Mccartney Kessler,R,,USA,,202663,,,Magda Linette,R,171,POL,,6-4 6-4,3,R64,,,,,,,,,,,,,,,,,,,,,,,
2025-800,Brisbane,Hard,64,P,20250101,47,213887,,,Renata Zarazua,R,,MEX,,202600,,,Viktoriya Tomova,R,170,BUL,,6-0 6-3,3,R64,,,,,,,,,,,,,,,,,,,,,,,
2025-1049,Auckland,Hard,32,I,20250106,1,220704,5,,Clara Tauson,R,182,DEN,,211768,7,,Naomi Osaka,R,180,JPN,,4-6 0-0 RET,3,F,,,,,,,,,,,,,,,,,,,,,,,
2025-1049,Auckland,Hard,32,I,20250106,2,211768,7,,Naomi Osaka,R,180,JPN,,219917,,,Alycia Parks,R,185,USA,,6-4 6-2,3,SF,,,,,,,,,,,,,,,,,,,,,,,
2025-1049,Auckland,Hard,32,I,20250106,3,220704,5,,Clara Tauson,R,182,DEN,,221905,,,Robin Montgomery,L,,USA,,6-4 6-3,3,SF,,,,,,,,,,,,,,,,,,,,,,,
2025-1049,Auckland,Hard,32,I,20250106,4,211768,7,,Naomi Osaka,R,180,JPN,,221024,,,Hailey Baptiste,R,,USA,,6-7(2) 6-1 6-2,3,QF,,,,,,,,,,,,,,,,,,,,,,,
2025-1049,Auckland,Hard,32,I,20250106,5,219917,,,Alycia Parks,R,185,USA,,220465,8,,Katie Volynets,R,,USA,,6-1 6-4,3,QF,,,,,,,,,,,,,,,,,,,,,,,
2025-1049,Auckland,Hard,32,I,20250106,6,221905,,,Robin Montgomery,L,,USA,,211095,,,Bernarda Pera,L,175,USA,,6-4 6-4,3,QF,,,,,,,,,,,,,,,,,,,,,,,
2025-1049,Auckland,Hard,32,I,20250106,7,220704,5,,Clara Tauson,R,182,DEN,,201619,1,,Madison Keys,R,178,USA,,6-4 7-6(7),3,QF,,,,,,,,,,,,,,,,,,,,,,,
2025-1049,Auckland,Hard,32,I,20250106,8,221024,,,Hailey Baptiste,R,,USA,,214839,,LL,Jodie Burrage,R,,GBR,,5-7 7-5 7-6(6),3,R16,,,,,,,,,,,,,,,,,,,,,,,
2025-1049,Auckland,Hard,32,I,20250106,9,211768,7,,Naomi Osaka,R,180,JPN,,211814,,,Julia Grabher,R,170,AUT,,7-5 6-3,3,R16,,,,,,,,,,,,,,,,,,,,,,,
2025-1049,Auckland,Hard,32,I,20250106,10,219917,,,Alycia Parks,R,185,USA,,213889,,,Greet Minnen,R,,BEL,,7-5 6-3,3,R16,,,,,,,,,,,,,,,,,,,,,,,
2025-1049,Auckland,Hard,32,I,20250106,11,220465,8,,Katie Volynets,R,,USA,,215983,,,Ann Li,R,170,USA,,6-4 6-3,3,R16,,,,,,,,,,,,,,,,,,,,,,,
2025-1049,Auckland,Hard,32,I,20250106,12,221905,,,Robin Montgomery,L,,USA,,211702,,Q,Nao Hibino,R,163,JPN,,6-2 6-2,3,R16,,,,,,,,,,,,,,,,,,,,,,,
2025-1049,Auckland,Hard,32,I,20250106,13,211095,,,Bernarda Pera,L,175,USA,,201606,,,Rebecca Marino,R,183,CAN,,7-6(2) 6-4,3,R16,,,,,,,,,,,,,,,,,,,,,,,
2025-1049,Auckland,Hard,32,I,20250106,14,220704,5,,Clara Tauson,R,182,DEN,,213550,,,Sofia Kenin,R,170,USA,,4-6 7-6(7) 7-6(3),3,R16,,,,,,,,,,,,,,,,,,,,,,,
2025-1049,Auckland,Hard,32,I,20250106,15,201619,1,,Madison Keys,R,178,USA,,211713,,,Jaqueline Cristian,R,180,ROU,,6-1 6-2,3,R16,,,,,,,,,,,,,,,,,,,,,,,
2025-1049,Auckland,Hard,32,I,20250106,16,214839,,LL,Jodie Burrage,R,,GBR,,223159,,WC,Vivian Yang,U,,NZL,,6-3 6-3,3,R32,,,,,,,,,,,,,,,,,,,,,,,
2025-1049,Auckland,Hard,32,I,20250106,17,221024,,,Hailey Baptiste,R,,USA,,260761,,WC,Renata Jamrichova,U,,SVK,,6-0 6-2,3,R32,,,,,,,,,,,,,,,,,,,,,,,
2025-1049,Auckland,Hard,32,I,20250106,18,211814,,,Julia Grabher,R,170,AUT,,220742,,Q,Leyre Romero Gormaz,L,,ESP,,2-6 6-3 7-6(7),3,R32,,,,,,,,,,,,,,,,,,,,,,,
2025-1049,Auckland,Hard,32,I,20250106,19,211768,7,,Naomi Osaka,R,180,JPN,,215151,,Q,Lina Glushko,U,,ISR,,6-4 6-4,3,R32,,,,,,,,,,,,,,,,,,,,,,,
2025-1049,Auckland,Hard,32,I,20250106,20,219917,,,Alycia Parks,R,185,USA,,216153,3,,Amanda Anisimova,R,180,USA,,2-6 6-2 6-3,3,R32,,,,,,,,,,,,,,,,,,,,,,,
2025-1049,Auckland,Hard,32,I,20250106,21,213889,,,Greet Minnen,R,,BEL,,204431,,Q,Anna Lena Friedsam,R,,GER,,6-4 6-0,3,R32,,,,,,,,,,,,,,,,,,,,,,,
2025-1049,Auckland,Hard,32,I,20250106,22,215983,,,Ann Li,R,170,USA,,201585,,,Sloane Stephens,R,170,USA,,5-7 6-4 6-4,3,R32,,,,,,,,,,,,,,,,,,,,,,,
2025-1049,Auckland,Hard,32,I,20250106,23,220465,8,,Katie Volynets,R,,USA,,222965,,,Erika Andreeva,R,,RUS,,6-4 6-7(6) 6-2,3,R32,,,,,,,,,,,,,,,,,,,,,,,
2025-1049,Auckland,Hard,32,I,20250106,24,221905,,,Robin Montgomery,L,,USA,,215988,,LL,Mai Hontama,R,,JPN,,6-3 2-6 6-0,3,R32,,,,,,,,,,,,,,,,,,,,,,,
2025-1049,Auckland,Hard,32,I,20250106,25,211702,,Q,Nao Hibino,R,163,JPN,,215898,,,Jule Niemeier,R,178,GER,,6-3 6-4,3,R32,,,,,,,,,,,,,,,,,,,,,,,
2025-1049,Auckland,Hard,32,I,20250106,26,211095,,,Bernarda Pera,L,175,USA,,223286,,Q,Victoria Jimenez Kasintseva,L,,AND,,6-2 7-5,3,R32,,,,,,,,,,,,,,,,,,,,,,,
2025-1049,Auckland,Hard,32,I,20250106,27,201606,,,Rebecca Marino,R,183,CAN,,215138,4,,Lulu Sun,L,,NZL,,6-3 3-6 6-3,3,R32,,,,,,,,,,,,,,,,,,,,,,,
2025-1049,Auckland,Hard,32,I,20250106,28,220704,5,,Clara Tauson,R,182,DEN,,214593,,Q,Lucrezia Stefanini,R,,ITA,,6-2 6-3,3,R32,,,,,,,,,,,,,,,,,,,,,,,
2025-1049,Auckland,Hard,32,I,20250106,29,213550,,,Sofia Kenin,R,170,USA,,216016,,,Xiyu Wang,L,,CHN,,7-6(5) 6-1,3,R32,,,,,,,,,,,,,,,,,,,,,,,
2025-1049,Auckland,Hard,32,I,20250106,30,211713,,,Jaqueline Cristian,R,180,ROU,,263857,,,Yuliia Starodubtseva,R,,UKR,,6-3 2-0 RET,3,R32,,,,,,,,,,,,,,,,,,,,,,,
2025-1049,Auckland,Hard,32,I,20250106,31,201619,1,,Madison Keys,R,178,USA,,214459,,,Lucia Bronzetti,R,,ITA,,6-4 6-4,3,R32,,,,,,,,,,,,,,,,,,,,,,,
2025-2014,Adelaide,Hard,32,P,20250106,1,201619,,,Madison Keys,R,178,USA,,202468,1,,Jessica Pegula,R,170,USA,,6-3 4-6 6-1,3,F,,,,,,,,,,,,,,,,,,,,,,,
2025-2014,Adelaide,Hard,32,P,20250106,2,201619,,,Madison Keys,R,178,USA,,214643,,,Liudmila Samsonova,R,180,RUS,,5-7 7-5 3-0 RET,3,SF,,,,,,,,,,,,,,,,,,,,,,,
2025-2014,Adelaide,Hard,32,P,20250106,3,202468,1,,Jessica Pegula,R,170,USA,,201709,,,Yulia Putintseva,R,163,KAZ,,7-6(4) 6-3,3,SF,,,,,,,,,,,,,,,,,,,,,,,
2025-2014,Adelaide,Hard,32,P,20250106,4,214643,,,Liudmila Samsonova,R,180,RUS,,215613,2,,Emma Navarro,R,,USA,,6-4 6-4,3,QF,,,,,,,,,,,,,,,,,,,,,,,
2025-2014,Adelaide,Hard,32,P,20250106,5,201619,,,Madison Keys,R,178,USA,,214082,3,,Daria Kasatkina,R,170,RUS,,6-1 6-3,3,QF,,,,,,,,,,,,,,,,,,,,,,,
2025-2014,Adelaide,Hard,32,P,20250106,6,201709,,,Yulia Putintseva,R,163,KAZ,,223670,6,,Diana Shnaider,L,,RUS,,7-6(3) 6-7(9) 6-4,3,QF,,,,,,,,,,,,,,,,,,,,,,,
2025-2014,Adelaide,Hard,32,P,20250106,7,202468,1,,Jessica Pegula,R,170,USA,,221909,,LL,Ashlyn Krueger,R,185,USA,,6-4 2-0 RET,3,QF,,,,,,,,,,,,,,,,,,,,,,,
2025-2014,Adelaide,Hard,32,P,20250106,8,215613,2,,Emma Navarro,R,,USA,,206420,,,Ekaterina Alexandrova,R,175,RUS,,7-6(4) 6-4,3,R16,,,,,,,,,,,,,,,,,,,,,,,
2025-2014,Adelaide,Hard,32,P,20250106,9,214643,,,Liudmila Samsonova,R,180,RUS,,202505,,Q,Belinda Bencic,R,175,SUI,,7-6(3) 4-6 6-4,3,R16,,,,,,,,,,,,,,,,,,,,,,,
2025-2014,Adelaide,Hard,32,P,20250106,10,214082,3,,Daria Kasatkina,R,170,RUS,,263644,,WC,Emerson Jones,R,,AUS,,7-5 6-3,3,R16,,,,,,,,,,,,,,,,,,,,,,,
2025-2014,Adelaide,Hard,32,P,20250106,11,201619,,,Madison Keys,R,178,USA,,211533,8,,Jelena Ostapenko,R,177,LAT,,3-6 6-4 6-3,3,R16,,,,,,,,,,,,,,,,,,,,,,,
2025-2014,Adelaide,Hard,32,P,20250106,12,223670,6,,Diana Shnaider,L,,RUS,,214954,,,Marketa Vondrousova,L,173,CZE,,4-6 1-1 RET,3,R16,,,,,,,,,,,,,,,,,,,,,,,
2025-2014,Adelaide,Hard,32,P,20250106,13,201709,,,Yulia Putintseva,R,163,KAZ,,202460,,WC,Ons Jabeur,R,167,TUN,,6-2 6-4,3,R16,,,,,,,,,,,,,,,,,,,,,,,
2025-2014,Adelaide,Hard,32,P,20250106,14,221909,,LL,Ashlyn Krueger,R,185,USA,,211651,5,,Paula Badosa,R,180,ESP,,7-6(4) 6-7(4) 6-2,3,R16,,,,,,,,,,,,,,,,,,,,,,,
2025-2014,Adelaide,Hard,32,P,20250106,15,202468,1,,Jessica Pegula,R,170,USA,,206289,,LL,Maria Sakkari,R,172,GRE,,6-4 6-1,3,R16,,,,,,,,,,,,,,,,,,,,,,,
2025-2014,Adelaide,Hard,32,P,20250106,16,206420,,,Ekaterina Alexandrova,R,175,RUS,,220367,,Q,Leylah Fernandez,L,168,CAN,,6-4 3-6 6-2,3,R32,,,,,,,,,,,,,,,,,,,,,,,
2025-2014,Adelaide,Hard,32,P,20250106,17,214643,,,Liudmila Samsonova,R,180,RUS,,213631,,Q,Marie Bouzkova,R,180,CZE,,1-6 6-4 6-1,3,R32,,,,,,,,,,,,,,,,,,,,,,,
2025-2014,Adelaide,Hard,32,P,20250106,18,202505,,Q,Belinda Bencic,R,175,SUI,,214939,7,,Anna Kalinskaya,R,175,RUS,,6-2 1-0 RET,3,R32,,,,,,,,,,,,,,,,,,,,,,,
2025-2014,Adelaide,Hard,32,P,20250106,19,214082,3,,Daria Kasatkina,R,170,RUS,,216265,,WC,Olivia Gadecki,R,,AUS,,6-2 6-3,3,R32,,,,,,,,,,,,,,,,,,,,,,,
2025-2014,Adelaide,Hard,32,P,20250106,20,263644,,WC,Emerson Jones,R,,AUS,,216133,,Q,Xin Yu Wang,R,182,CHN,,6-4 6-0,3,R32,,,,,,,,,,,,,,,,,,,,,,,
2025-2014,Adelaide,Hard,32,P,20250106,21,201619,,,Madison Keys,R,178,USA,,206242,,,Beatriz Haddad Maia,L,185,BRA,,6-2 6-1,3,R32,,,,,,,,,,,,,,,,,,,,,,,
2025-2014,Adelaide,Hard,32,P,20250106,22,211533,8,,Jelena Ostapenko,R,177,LAT,,211684,,,Magdalena Frech,R,171,POL,,4-6 6-1 6-1,3,R32,,,,,,,,,,,,,,,,,,,,,,,
2025-2014,Adelaide,Hard,32,P,20250106,23,223670,6,,Diana Shnaider,L,,RUS,,211701,,Q,Katerina Siniakova,R,174,CZE,,6-3 0-6 6-0,3,R32,,,,,,,,,,,,,,,,,,,,,,,
2025-2014,Adelaide,Hard,32,P,20250106,24,214954,,,Marketa Vondrousova,L,173,CZE,,201499,,,Anastasia Pavlyuchenkova,R,177,RUS,,6-4 6-7(4) 6-2,3,R32,,,,,,,,,,,,,,,,,,,,,,,
2025-2014,Adelaide,Hard,32,P,20250106,25,201709,,,Yulia Putintseva,R,163,KAZ,,202499,,,Donna Vekic,R,179,CRO,,6-2 6-3,3,R32,,,,,,,,,,,,,,,,,,,,,,,
2025-2014,Adelaide,Hard,32,P,20250106,26,202460,,WC,Ons Jabeur,R,167,TUN,,203389,4,,Danielle Collins,R,178,USA,,7-6(6) 6-2,3,R32,,,,,,,,,,,,,,,,,,,,,,,
2025-2014,Adelaide,Hard,32,P,20250106,27,211651,5,,Paula Badosa,R,180,ESP,,220548,,Q,Peyton Stearns,R,,USA,,6-7(5) 6-3 7-5,3,R32,,,,,,,,,,,,,,,,,,,,,,,
2025-2014,Adelaide,Hard,32,P,20250106,28,221909,,LL,Ashlyn Krueger,R,185,USA,,216146,,,Marta Kostyuk,R,175,UKR,,4-6 6-2 6-2,3,R32,,,,,,,,,,,,,,,,,,,,,,,
2025-2014,Adelaide,Hard,32,P,20250106,29,206289,,LL,Maria Sakkari,R,172,GRE,,222328,,,Linda Noskova,R,,CZE,,6-3 6-3,3,R32,,,,,,,,,,,,,,,,,,,,,,,
2025-1050,Hobart,Hard,32,I,20250113,1,220520,,,Mccartney Kessler,R,,USA,,210722,2,,Elise Mertens,R,179,BEL,,6-4 3-6 6-0,3,F,,,,,,,,,,,,,,,,,,,,,,,
2025-1050,Hobart,Hard,32,I,20250113,2,210722,2,,Elise Mertens,R,179,BEL,,233741,,WC,Maya Joint,R,,AUS,,6-2 6-3,3,SF,,,,,,,,,,,,,,,,,,,,,,,
2025-1050,Hobart,Hard,32,I,20250113,3,220520,,,Mccartney Kessler,R,,USA,,220589,6,,Elina Avanesyan,R,,ARM,,4-6 6-3 6-4,3,SF,,,,,,,,,,,,,,,,,,,,,,,
2025-1050,Hobart,Hard,32,I,20250113,4,210722,2,,Elise Mertens,R,179,BEL,,206368,,,Veronika Kudermetova,R,175,RUS,,6-1 0-6 6-2,3,QF,,,,,,,,,,,,,,,,,,,,,,,
2025-1050,Hobart,Hard,32,I,20250113,5,233741,,WC,Maya Joint,R,,AUS,,213550,,WC,Sofia Kenin,R,170,USA,,6-3 6-1,3,QF,,,,,,,,,,,,,,,,,,,,,,,
2025-1050,Hobart,Hard,32,I,20250113,6,220589,6,,Elina Avanesyan,R,,ARM,,216153,3,,Amanda Anisimova,R,180,USA,,W/O,3,QF,,,,,,,,,,,,,,,,,,,,,,,
2025-1050,Hobart,Hard,32,I,20250113,7,220520,,,Mccartney Kessler,R,,USA,,215035,1,,Dayana Yastremska,R,175,UKR,,7-5 6-4,3,QF,,,,,,,,,,,,,,,,,,,,,,,
2025-1050,Hobart,Hard,32,I,20250113,8,210722,2,,Elise Mertens,R,179,BEL,,213887,,LL,Renata Zarazua,R,,MEX,,6-4 6-3,3,R16,,,,,,,,,,,,,,,,,,,,,,,
2025-1050,Hobart,Hard,32,I,20250113,9,206368,,,Veronika Kudermetova,R,175,RUS,,215785,,,Camila Osorio,R,162,COL,,6-4 6-1,3,R16,,,,,,,,,,,,,,,,,,,,,,,
2025-1050,Hobart,Hard,32,I,20250113,10,233741,,WC,Maya Joint,R,,AUS,,202663,4,,Magda Linette,R,171,POL,,6-1 6-1,3,R16,,,,,,,,,,,,,,,,,,,,,,,
2025-1050,Hobart,Hard,32,I,20250113,11,213550,,WC,Sofia Kenin,R,170,USA,,215020,,,Anna Blinkova,R,179,RUS,,6-2 3-6 6-2,3,R16,,,,,,,,,,,,,,,,,,,,,,,
2025-1050,Hobart,Hard,32,I,20250113,12,220589,6,,Elina Avanesyan,R,,ARM,,213889,,Q,Greet Minnen,R,,BEL,,6-2 6-2,3,R16,,,,,,,,,,,,,,,,,,,,,,,
2025-1050,Hobart,Hard,32,I,20250113,13,216153,3,,Amanda Anisimova,R,180,USA,,214388,,Q,Anna Bondar,R,,HUN,,6-3 6-4,3,R16,,,,,,,,,,,,,,,,,,,,,,,
2025-1050,Hobart,Hard,32,I,20250113,14,220520,,,Mccartney Kessler,R,,USA,,214604,,Q,Maria Lourdes Carle,R,,ARG,,6-2 6-2,3,R16,,,,,,,,,,,,,,,,,,,,,,,
2025-1050,Hobart,Hard,32,I,20250113,15,215035,1,,Dayana Yastremska,R,175,UKR,,215983,,Q,Ann Li,R,170,USA,,1-6 7-5 6-2,3,R16,,,,,,,,,,,,,,,,,,,,,,,
2025-1050,Hobart,Hard,32,I,20250113,16,210722,2,,Elise Mertens,R,179,BEL,,203463,,Q,Nuria Parrizas Diaz,R,167,ESP,,6-3 6-1,3,R32,,,,,,,,,,,,,,,,,,,,,,,
2025-1050,Hobart,Hard,32,I,20250113,17,213887,,LL,Renata Zarazua,R,,MEX,,214459,,LL,Lucia Bronzetti,R,,ITA,,6-4 6-3,3,R32,,,,,,,,,,,,,,,,,,,,,,,
2025-1050,Hobart,Hard,32,I,20250113,18,206368,,,Veronika Kudermetova,R,175,RUS,,220714,,,Elisabetta Cocciaretto,R,,ITA,,7-5 6-0,3,R32,,,,,,,,,,,,,,,,,,,,,,,
2025-1050,Hobart,Hard,32,I,20250113,19,215785,,,Camila Osorio,R,162,COL,,206294,8,,Yue Yuan,R,184,CHN,,6-2 6-3,3,R32,,,,,,,,,,,,,,,,,,,,,,,
2025-1050,Hobart,Hard,32,I,20250113,20,202663,4,,Magda Linette,R,171,POL,,219875,,,Varvara Gracheva,R,,FRA,,6-3 3-6 6-4,3,R32,,,,,,,,,,,,,,,,,,,,,,,
2025-1050,Hobart,Hard,32,I,20250113,21,233741,,WC,Maya Joint,R,,AUS,,215337,,,Olga Danilovic,L,,SRB,,6-2 6-3,3,R32,,,,,,,,,,,,,,,,,,,,,,,
2025-1050,Hobart,Hard,32,I,20250113,22,215020,,,Anna Blinkova,R,179,RUS,,211095,,,Bernarda Pera,L,175,USA,,7-5 6-4,3,R32,,,,,,,,,,,,,,,,,,,,,,,
2025-1050,Hobart,Hard,32,I,20250113,23,213550,,WC,Sofia Kenin,R,170,USA,,215138,5,,Lulu Sun,L,,NZL,,4-6 6-3 6-3,3,R32,,,,,,,,,,,,,,,,,,,,,,,
2025-1050,Hobart,Hard,32,I,20250113,24,220589,6,,Elina Avanesyan,R,,ARM,,216016,,Q,Xiyu Wang,L,,CHN,,6-3 7-5,3,R32,,,,,,,,,,,,,,,,,,,,,,,
2025-1050,Hobart,Hard,32,I,20250113,25,213889,,Q,Greet Minnen,R,,BEL,,202600,,,Viktoriya Tomova,R,170,BUL,,7-5 6-3,3,R32,,,,,,,,,,,,,,,,,,,,,,,
2025-1050,Hobart,Hard,32,I,20250113,26,214388,,Q,Anna Bondar,R,,HUN,,210886,,,Mayar Sherif,R,180,EGY,,7-5 6-4,3,R32,,,,,,,,,,,,,,,,,,,,,,,
2025-1050,Hobart,Hard,32,I,20250113,27,216153,3,,Amanda Anisimova,R,180,USA,,201611,,WC,Daria Saville,R,166,AUS,,6-3 6-3,3,R32,,,,,,,,,,,,,,,,,,,,,,,
2025-1050,Hobart,Hard,32,I,20250113,28,220520,,,Mccartney Kessler,R,,USA,,211685,7,,Rebecca Sramkova,R,,SVK,,6-3 7-5,3,R32,,,,,,,,,,,,,,,,,,,,,,,
2025-1050,Hobart,Hard,32,I,20250113,29,214604,,Q,Maria Lourdes Carle,R,,ARG,,222601,,,Jessica Bouzas Maneiro,R,,ESP,,6-3 3-6 6-0,3,R32,,,,,,,,,,,,,,,,,,,,,,,
2025-1050,Hobart,Hard,32,I,20250113,30,215983,,Q,Ann Li,R,170,USA,,201585,,WC,Sloane Stephens,R,170,USA,,7-5 6-1,3,R32,,,,,,,,,,,,,,,,,,,,,,,
2025-1050,Hobart,Hard,32,I,20250113,31,215035,1,,Dayana Yastremska,R,175,UKR,,220465,,,Katie Volynets,R,,USA,,2-6 6-4 6-1,3,R32,,,,,,,,,,,,,,,,,,,,,,,
2025-528,Linz,Hard,32,P,20250127,1,206420,4,,Ekaterina Alexandrova,R,175,RUS,,215035,5,,Dayana Yastremska,R,175,UKR,,6-2 3-6 7-5,3,F,,,,,,,,,,,,,,,,,,,,,,,
2025-528,Linz,Hard,32,P,20250127,2,215035,5,,Dayana Yastremska,R,175,UKR,,220704,8,,Clara Tauson,R,182,DEN,,6-1 6-4,3,SF,,,,,,,,,,,,,,,,,,,,,,,
2025-528,Linz,Hard,32,P,20250127,3,206420,4,,Ekaterina Alexandrova,R,175,RUS,,214096,1,,Karolina Muchova,R,178,CZE,,6-0 6-4,3,SF,,,,,,,,,,,,,,,,,,,,,,,
2025-528,Linz,Hard,32,P,20250127,4,220704,8,,Clara Tauson,R,182,DEN,,215020,,,Anna Blinkova,R,179,RUS,,6-4 6-3,3,QF,,,,,,,,,,,,,,,,,,,,,,,
2025-528,Linz,Hard,32,P,20250127,5,215035,5,,Dayana Yastremska,R,175,UKR,,206289,3,,Maria Sakkari,R,172,GRE,,7-5 6-0,3,QF,,,,,,,,,,,,,,,,,,,,,,,
2025-528,Linz,Hard,32,P,20250127,6,206420,4,,Ekaterina Alexandrova,R,175,RUS,,201549,,Q,Petra Martic,R,181,CRO,,3-6 6-2 6-2,3,QF,,,,,,,,,,,,,,,,,,,,,,,
2025-528,Linz,Hard,32,P,20250127,7,214096,1,,Karolina Muchova,R,178,CZE,,215713,6,,Anastasia Potapova,R,175,RUS,,6-3 3-6 6-3,3,QF,,,,,,,,,,,,,,,,,,,,,,,
2025-528,Linz,Hard,32,P,20250127,8,215020,,,Anna Blinkova,R,179,RUS,,202494,2,,Elina Svitolina,R,174,UKR,,6-4 6-4,3,R16,,,,,,,,,,,,,,,,,,,,,,,
2025-528,Linz,Hard,32,P,20250127,9,220704,8,,Clara Tauson,R,182,DEN,,201514,,,Sorana Cirstea,R,176,ROU,,6-2 6-4,3,R16,,,,,,,,,,,,,,,,,,,,,,,
2025-528,Linz,Hard,32,P,20250127,10,206289,3,,Maria Sakkari,R,172,GRE,,202600,,,Viktoriya Tomova,R,170,BUL,,6-3 6-2,3,R16,,,,,,,,,,,,,,,,,,,,,,,
2025-528,Linz,Hard,32,P,20250127,11,215035,5,,Dayana Yastremska,R,175,UKR,,222045,,Q,Antonia Ruzic,R,,CRO,,7-5 6-1,3,R16,,,,,,,,,,,,,,,,,,,,,,,
2025-528,Linz,Hard,32,P,20250127,12,201549,,Q,Petra Martic,R,181,CRO,,220589,7,,Elina Avanesyan,R,,ARM,,6-4 4-6 7-5,3,R16,,,,,,,,,,,,,,,,,,,,,,,
2025-528,Linz,Hard,32,P,20250127,13,206420,4,,Ekaterina Alexandrova,R,175,RUS,,205925,,Q,Aliaksandra Sasnovich,R,174,BLR,,6-3 6-2,3,R16,,,,,,,,,,,,,,,,,,,,,,,
2025-528,Linz,Hard,32,P,20250127,14,215713,6,,Anastasia Potapova,R,175,RUS,,211685,,,Rebecca Sramkova,R,,SVK,,7-6(1) 6-4,3,R16,,,,,,,,,,,,,,,,,,,,,,,
2025-528,Linz,Hard,32,P,20250127,15,214096,1,,Karolina Muchova,R,178,CZE,,204427,,Q,Sara Sorribes Tormo,R,176,ESP,,6-2 6-3,3,R16,,,,,,,,,,,,,,,,,,,,,,,
2025-528,Linz,Hard,32,P,20250127,16,215020,,,Anna Blinkova,R,179,RUS,,221257,,Q,Sinja Kraus,R,,AUT,,7-6(3) 6-2,3,R32,,,,,,,,,,,,,,,,,,,,,,,
2025-528,Linz,Hard,32,P,20250127,17,201514,,,Sorana Cirstea,R,176,ROU,,201551,,,Arantxa Rus,L,180,NED,,5-7 6-2 6-3,3,R32,,,,,,,,,,,,,,,,,,,,,,,
2025-528,Linz,Hard,32,P,20250127,18,220704,8,,Clara Tauson,R,182,DEN,,211843,,,Anhelina Kalinina,R,179,UKR,,6-3 6-3,3,R32,,,,,,,,,,,,,,,,,,,,,,,
2025-528,Linz,Hard,32,P,20250127,19,202600,,,Viktoriya Tomova,R,170,BUL,,222601,,,Jessica Bouzas Maneiro,R,,ESP,,7-6(7) 6-4,3,R32,,,,,,,,,,,,,,,,,,,,,,,
2025-528,Linz,Hard,32,P,20250127,20,222045,,Q,Antonia Ruzic,R,,CRO,,210886,,,Mayar Sherif,R,180,EGY,,6-3 6-4,3,R32,,,,,,,,,,,,,,,,,,,,,,,
2025-528,Linz,Hard,32,P,20250127,21,215035,5,,Dayana Yastremska,R,175,UKR,,214459,,,Lucia Bronzetti,R,,ITA,,7-6(6) 7-5,3,R32,,,,,,,,,,,,,,,,,,,,,,,
2025-528,Linz,Hard,32,P,20250127,22,220589,7,,Elina Avanesyan,R,,ARM,,211701,,,Katerina Siniakova,R,174,CZE,,6-3 6-2,3,R32,,,,,,,,,,,,,,,,,,,,,,,
2025-528,Linz,Hard,32,P,20250127,23,201549,,Q,Petra Martic,R,181,CRO,,220332,,WC,Eva Lys,R,165,GER,,6-4 5-7 6-3,3,R32,,,,,,,,,,,,,,,,,,,,,,,
2025-528,Linz,Hard,32,P,20250127,24,205925,,Q,Aliaksandra Sasnovich,R,174,BLR,,220435,,Q,Anastasia Zakharova,R,,RUS,,6-3 7-6(3),3,R32,,,,,,,,,,,,,,,,,,,,,,,
2025-528,Linz,Hard,32,P,20250127,25,215713,6,,Anastasia Potapova,R,175,RUS,,211814,,WC,Julia Grabher,R,170,AUT,,6-2 6-2,3,R32,,,,,,,,,,,,,,,,,,,,,,,
2025-528,Linz,Hard,32,P,20250127,26,211685,,,Rebecca Sramkova,R,,SVK,,220714,,,Elisabetta Cocciaretto,R,,ITA,,7-5 7-5,3,R32,,,,,,,,,,,,,,,,,,,,,,,
2025-528,Linz,Hard,32,P,20250127,27,204427,,Q,Sara Sorribes Tormo,R,176,ESP,,215138,,,Lulu Sun,L,,NZL,,6-3 6-3,3,R32,,,,,,,,,,,,,,,,,,,,,,,
2025-8996,Singapore,Hard,32,I,20250127,1,210722,2,,Elise Mertens,R,179,BEL,,215983,,,Ann Li,R,170,USA,,6-1 6-4,3,F,,,,,,,,,,,,,,,,,,,,,,,
2025-8996,Singapore,Hard,32,I,20250127,2,210722,2,,Elise Mertens,R,179,BEL,,216133,4,,Xin Yu Wang,R,182,CHN,,6-3 6-4,3,SF,,,,,,,,,,,,,,,,,,,,,,,
2025-8996,Singapore,Hard,32,I,20250127,3,215983,,,Ann Li,R,170,USA,,214939,1,,Anna Kalinskaya,R,175,RUS,,7-6(2) 1-0 RET,3,SF,,,,,,,,,,,,,,,,,,,,,,,
2025-8996,Singapore,Hard,32,I,20250127,4,210722,2,,Elise Mertens,R,179,BEL,,215785,6,,Camila Osorio,R,162,COL,,6-4 6-2,3,QF,,,,,,,,,,,,,,,,,,,,,,,
2025-8996,Singapore,Hard,32,I,20250127,5,216133,4,,Xin Yu Wang,R,182,CHN,,213525,,Q,Jil Teichmann,L,170,SUI,,6-7(5) 7-6(5) 6-4,3,QF,,,,,,,,,,,,,,,,,,,,,,,
2025-8996,Singapore,Hard,32,I,20250127,6,215983,,,Ann Li,R,170,USA,,214040,,WC,Kimberly Birrell,R,170,AUS,,7-6(2) 7-6(4),3,QF,,,,,,,,,,,,,,,,,,,,,,,
2025-8996,Singapore,Hard,32,I,20250127,7,214939,1,,Anna Kalinskaya,R,175,RUS,,216566,,Q,Mananchaya Sawangkaew,R,,THA,,6-3 4-6 6-0,3,QF,,,,,,,,,,,,,,,,,,,,,,,
2025-8996,Singapore,Hard,32,I,20250127,8,210722,2,,Elise Mertens,R,179,BEL,,213583,,,Tatjana Maria,R,172,GER,,6-7(3) 6-3 6-1,3,R16,,,,,,,,,,,,,,,,,,,,,,,
2025-8996,Singapore,Hard,32,I,20250127,9,215785,6,,Camila Osorio,R,162,COL,,222966,,Q,Dominika Salkova,R,,CZE,,3-6 6-2 6-4,3,R16,,,,,,,,,,,,,,,,,,,,,,,
2025-8996,Singapore,Hard,32,I,20250127,10,216133,4,,Xin Yu Wang,R,182,CHN,,233741,,Q,Maya Joint,R,,AUS,,6-4 6-2,3,R16,,,,,,,,,,,,,,,,,,,,,,,
2025-8996,Singapore,Hard,32,I,20250127,11,213525,,Q,Jil Teichmann,L,170,SUI,,216265,,,Olivia Gadecki,R,,AUS,,6-4 6-4,3,R16,,,,,,,,,,,,,,,,,,,,,,,
2025-8996,Singapore,Hard,32,I,20250127,12,214040,,WC,Kimberly Birrell,R,170,AUS,,221024,,,Hailey Baptiste,R,,USA,,6-7(3) 6-3 7-5,3,R16,,,,,,,,,,,,,,,,,,,,,,,
2025-8996,Singapore,Hard,32,I,20250127,13,215983,,,Ann Li,R,170,USA,,221237,,LL,Maria Timofeeva,R,,RUS,,6-3 6-2,3,R16,,,,,,,,,,,,,,,,,,,,,,,
2025-8996,Singapore,Hard,32,I,20250127,14,216566,,Q,Mananchaya Sawangkaew,R,,THA,,213710,,,Cristina Bucsa,R,,ESP,,6-4 6-4,3,R16,,,,,,,,,,,,,,,,,,,,,,,
2025-8996,Singapore,Hard,32,I,20250127,15,214939,1,,Anna Kalinskaya,R,175,RUS,,215899,,Q,Simona Waltert,R,,SUI,,6-2 7-6(3),3,R16,,,,,,,,,,,,,,,,,,,,,,,
2025-8996,Singapore,Hard,32,I,20250127,16,210722,2,,Elise Mertens,R,179,BEL,,203501,,,Taylor Townsend,L,170,USA,,6-1 6-0,3,R32,,,,,,,,,,,,,,,,,,,,,,,
2025-8996,Singapore,Hard,32,I,20250127,17,213583,,,Tatjana Maria,R,172,GER,,263857,,,Yuliia Starodubtseva,R,,UKR,,2-6 6-1 6-2,3,R32,,,,,,,,,,,,,,,,,,,,,,,
2025-8996,Singapore,Hard,32,I,20250127,18,222966,,Q,Dominika Salkova,R,,CZE,,222965,,,Erika Andreeva,R,,RUS,,7-6(5) 6-2,3,R32,,,,,,,,,,,,,,,,,,,,,,,
2025-8996,Singapore,Hard,32,I,20250127,19,215785,6,,Camila Osorio,R,162,COL,,211095,,,Bernarda Pera,L,175,USA,,6-1 6-7(0) 6-3,3,R32,,,,,,,,,,,,,,,,,,,,,,,
2025-8996,Singapore,Hard,32,I,20250127,20,216133,4,,Xin Yu Wang,R,182,CHN,,201606,,,Rebecca Marino,R,183,CAN,,6-4 5-7 7-5,3,R32,,,,,,,,,,,,,,,,,,,,,,,
2025-8996,Singapore,Hard,32,I,20250127,21,233741,,Q,Maya Joint,R,,AUS,,219917,,,Alycia Parks,R,185,USA,,4-6 6-1 7-5,3,R32,,,,,,,,,,,,,,,,,,,,,,,
2025-8996,Singapore,Hard,32,I,20250127,22,213525,,Q,Jil Teichmann,L,170,SUI,,211279,,,Harriet Dart,R,175,GBR,,6-3 6-1,3,R32,,,,,,,,,,,,,,,,,,,,,,,
2025-8996,Singapore,Hard,32,I,20250127,23,216265,,,Olivia Gadecki,R,,AUS,,220416,8,,Moyuka Uchijima,R,171,JPN,,6-1 6-7(1) 6-2,3,R32,,,,,,,,,,,,,,,,,,,,,,,
2025-8996,Singapore,Hard,32,I,20250127,24,214040,,WC,Kimberly Birrell,R,170,AUS,,221236,5,,Polina Kudermetova,R,,RUS,,6-3 6-2,3,R32,,,,,,,,,,,,,,,,,,,,,,,
2025-8996,Singapore,Hard,32,I,20250127,25,221024,,,Hailey Baptiste,R,,USA,,213887,,,Renata Zarazua,R,,MEX,,2-6 6-0 6-3,3,R32,,,,,,,,,,,,,,,,,,,,,,,
2025-8996,Singapore,Hard,32,I,20250127,26,215983,,,Ann Li,R,170,USA,,201611,,,Daria Saville,R,166,AUS,,6-3 6-1,3,R32,,,,,,,,,,,,,,,,,,,,,,,
2025-8996,Singapore,Hard,32,I,20250127,27,221237,,LL,Maria Timofeeva,R,,RUS,,216016,,,Xiyu Wang,L,,CHN,,6-3 7-6(3),3,R32,,,,,,,,,,,,,,,,,,,,,,,
2025-8996,Singapore,Hard,32,I,20250127,28,213710,,,Cristina Bucsa,R,,ESP,,221054,7,,Emma Raducanu,R,175,GBR,,5-7 7-5 7-5,3,R32,,,,,,,,,,,,,,,,,,,,,,,
2025-8996,Singapore,Hard,32,I,20250127,29,216566,,Q,Mananchaya Sawangkaew,R,,THA,,221096,,Q,Sijia Wei,R,,CHN,,6-4 7-6(2),3,R32,,,,,,,,,,,,,,,,,,,,,,,
2025-8996,Singapore,Hard,32,I,20250127,30,215899,,Q,Simona Waltert,R,,SUI,,201548,,,Ajla Tomljanovic,R,180,AUS,,6-2 6-3,3,R32,,,,,,,,,,,,,,,,,,,,,,,
2025-8996,Singapore,Hard,32,I,20250127,31,214939,1,,Anna Kalinskaya,R,175,RUS,,214452,,,Caroline Dolehide,R,178,USA,,6-4 4-6 6-2,3,R32,,,,,,,,,,,,,,,,,,,,,,,
2025-2088,Abu Dhabi,Hard,32,P,20250203,1,202505,,WC,Belinda Bencic,R,175,SUI,,221909,,,Ashlyn Krueger,R,185,USA,,4-6 6-1 6-1,3,F,,,,,,,,,,,,,,,,,,,,,,,
2025-2088,Abu Dhabi,Hard,32,P,20250203,2,221909,,,Ashlyn Krueger,R,185,USA,,222328,,,Linda Noskova,R,,CZE,,7-6(2) 6-4,3,SF,,,,,,,,,,,,,,,,,,,,,,,
2025-2088,Abu Dhabi,Hard,32,P,20250203,3,202505,,WC,Belinda Bencic,R,175,SUI,,214981,1,,Elena Rybakina,R,184,KAZ,,3-6 6-3 6-4,3,SF,,,,,,,,,,,,,,,,,,,,,,,
2025-2088,Abu Dhabi,Hard,32,P,20250203,4,222328,,,Linda Noskova,R,,CZE,,202663,,,Magda Linette,R,171,POL,,6-4 6-3,3,QF,,,,,,,,,,,,,,,,,,,,,,,
2025-2088,Abu Dhabi,Hard,32,P,20250203,5,221909,,,Ashlyn Krueger,R,185,USA,,220367,8,,Leylah Fernandez,L,168,CAN,,7-5 4-6 6-2,3,QF,,,,,,,,,,,,,,,,,,,,,,,
2025-2088,Abu Dhabi,Hard,32,P,20250203,6,202505,,WC,Belinda Bencic,R,175,SUI,,214954,,WC,Marketa Vondrousova,L,173,CZE,,7-5 6-3,3,QF,,,,,,,,,,,,,,,,,,,,,,,
2025-2088,Abu Dhabi,Hard,32,P,20250203,7,214981,1,,Elena Rybakina,R,184,KAZ,,202460,,,Ons Jabeur,R,167,TUN,,6-2 4-6 7-6(4),3,QF,,,,,,,,,,,,,,,,,,,,,,,
2025-2088,Abu Dhabi,Hard,32,P,20250203,8,222328,,,Linda Noskova,R,,CZE,,211651,2,,Paula Badosa,R,180,ESP,,6-4 6-1,3,R16,,,,,,,,,,,,,,,,,,,,,,,
2025-2088,Abu Dhabi,Hard,32,P,20250203,9,202663,,,Magda Linette,R,171,POL,,201499,6,,Anastasia Pavlyuchenkova,R,177,RUS,,5-7 4-1 RET,3,R16,,,,,,,,,,,,,,,,,,,,,,,
2025-2088,Abu Dhabi,Hard,32,P,20250203,10,221909,,,Ashlyn Krueger,R,185,USA,,214082,3,,Daria Kasatkina,R,170,RUS,,1-6 7-5 6-4,3,R16,,,,,,,,,,,,,,,,,,,,,,,
2025-2088,Abu Dhabi,Hard,32,P,20250203,11,220367,8,,Leylah Fernandez,L,168,CAN,,215138,,,Lulu Sun,L,,NZL,,6-0 6-3,3,R16,,,,,,,,,,,,,,,,,,,,,,,
2025-2088,Abu Dhabi,Hard,32,P,20250203,12,202505,,WC,Belinda Bencic,R,175,SUI,,206368,,LL,Veronika Kudermetova,R,175,RUS,,6-0 6-0,3,R16,,,,,,,,,,,,,,,,,,,,,,,
2025-2088,Abu Dhabi,Hard,32,P,20250203,13,214954,,WC,Marketa Vondrousova,L,173,CZE,,201709,4,,Yulia Putintseva,R,163,KAZ,,6-2 6-3,3,R16,,,,,,,,,,,,,,,,,,,,,,,
2025-2088,Abu Dhabi,Hard,32,P,20250203,14,202460,,,Ons Jabeur,R,167,TUN,,259883,,Q,Wakana Sonobe,U,,JPN,,6-3 6-3,3,R16,,,,,,,,,,,,,,,,,,,,,,,
2025-2088,Abu Dhabi,Hard,32,P,20250203,15,214981,1,,Elena Rybakina,R,184,KAZ,,220465,,Q,Katie Volynets,R,,USA,,2-6 6-4 6-4,3,R16,,,,,,,,,,,,,,,,,,,,,,,
2025-2088,Abu Dhabi,Hard,32,P,20250203,16,222328,,,Linda Noskova,R,,CZE,,211684,,,Magdalena Frech,R,171,POL,,6-0 6-3,3,R32,,,,,,,,,,,,,,,,,,,,,,,
2025-2088,Abu Dhabi,Hard,32,P,20250203,17,202663,,,Magda Linette,R,171,POL,,213887,,Q,Renata Zarazua,R,,MEX,,6-4 7-6(6),3,R32,,,,,,,,,,,,,,,,,,,,,,,
2025-2088,Abu Dhabi,Hard,32,P,20250203,18,201499,6,,Anastasia Pavlyuchenkova,R,177,RUS,,213550,,Q,Sofia Kenin,R,170,USA,,6-3 6-1,3,R32,,,,,,,,,,,,,,,,,,,,,,,
2025-2088,Abu Dhabi,Hard,32,P,20250203,19,221909,,,Ashlyn Krueger,R,185,USA,,220520,,Q,Mccartney Kessler,R,,USA,,6-3 6-7(4) 6-3,3,R32,,,,,,,,,,,,,,,,,,,,,,,
2025-2088,Abu Dhabi,Hard,32,P,20250203,20,215138,,,Lulu Sun,L,,NZL,,201614,,WC,Caroline Garcia,R,177,FRA,,6-1 6-3,3,R32,,,,,,,,,,,,,,,,,,,,,,,
2025-2088,Abu Dhabi,Hard,32,P,20250203,21,220367,8,,Leylah Fernandez,L,168,CAN,,220416,,LL,Moyuka Uchijima,R,171,JPN,,7-6(3) 7-6(0),3,R32,,,,,,,,,,,,,,,,,,,,,,,
2025-2088,Abu Dhabi,Hard,32,P,20250203,22,206368,,LL,Veronika Kudermetova,R,175,RUS,,214643,5,,Liudmila Samsonova,R,180,RUS,,5-7 6-1 7-6(5),3,R32,,,,,,,,,,,,,,,,,,,,,,,
2025-2088,Abu Dhabi,Hard,32,P,20250203,23,202505,,WC,Belinda Bencic,R,175,SUI,,211685,,,Rebecca Sramkova,R,,SVK,,6-2 3-6 6-1,3,R32,,,,,,,,,,,,,,,,,,,,,,,
2025-2088,Abu Dhabi,Hard,32,P,20250203,24,214954,,WC,Marketa Vondrousova,L,173,CZE,,221054,,WC,Emma Raducanu,R,175,GBR,,6-3 6-4,3,R32,,,,,,,,,,,,,,,,,,,,,,,
2025-2088,Abu Dhabi,Hard,32,P,20250203,25,202460,,,Ons Jabeur,R,167,TUN,,211533,7,,Jelena Ostapenko,R,177,LAT,,7-6(4) 7-5,3,R32,,,,,,,,,,,,,,,,,,,,,,,
2025-2088,Abu Dhabi,Hard,32,P,20250203,26,259883,,Q,Wakana Sonobe,U,,JPN,,206294,,,Yue Yuan,R,184,CHN,,6-4 6-3,3,R32,,,,,,,,,,,,,,,,,,,,,,,
2025-2088,Abu Dhabi,Hard,32,P,20250203,27,220465,,Q,Katie Volynets,R,,USA,,222661,,Q,Sonay Kartal,R,,GBR,,3-6 6-4 6-4,3,R32,,,,,,,,,,,,,,,,,,,,,,,
2025-1003,Doha,Hard,64,PM,20250210,1,216153,,,Amanda Anisimova,R,180,USA,,211533,,,Jelena Ostapenko,R,177,LAT,,6-4 6-3,3,F,,,,,,,,,,,,,,,,,,,,,,,
2025-1003,Doha,Hard,64,PM,20250210,2,211533,,,Jelena Ostapenko,R,177,LAT,,216347,2,,Iga Swiatek,R,176,POL,,6-3 6-1,3,SF,,,,,,,,,,,,,,,,,,,,,,,
2025-1003,Doha,Hard,64,PM,20250210,3,216153,,,Amanda Anisimova,R,180,USA,,206420,,,Ekaterina Alexandrova,R,175,RUS,,6-3 6-3,3,SF,,,,,,,,,,,,,,,,,,,,,,,
2025-1003,Doha,Hard,64,PM,20250210,4,216347,2,,Iga Swiatek,R,176,POL,,214981,5,,Elena Rybakina,R,184,KAZ,,6-2 7-5,3,QF,,,,,,,,,,,,,,,,,,,,,,,
2025-1003,Doha,Hard,64,PM,20250210,5,211533,,,Jelena Ostapenko,R,177,LAT,,202460,,,Ons Jabeur,R,167,TUN,,6-2 6-2,3,QF,,,,,,,,,,,,,,,,,,,,,,,
2025-1003,Doha,Hard,64,PM,20250210,6,216153,,,Amanda Anisimova,R,180,USA,,216146,,,Marta Kostyuk,R,175,UKR,,4-6 7-5 6-4,3,QF,,,,,,,,,,,,,,,,,,,,,,,
2025-1003,Doha,Hard,64,PM,20250210,7,206420,,,Ekaterina Alexandrova,R,175,RUS,,202468,6,,Jessica Pegula,R,170,USA,,4-6 6-1 6-1,3,QF,,,,,,,,,,,,,,,,,,,,,,,
2025-1003,Doha,Hard,64,PM,20250210,8,216347,2,,Iga Swiatek,R,176,POL,,222328,,,Linda Noskova,R,,CZE,,6-7(1) 6-4 6-4,3,R16,,,,,,,,,,,,,,,,,,,,,,,
2025-1003,Doha,Hard,64,PM,20250210,9,214981,5,,Elena Rybakina,R,184,KAZ,,211685,,,Rebecca Sramkova,R,,SVK,,7-6(1) 6-2,3,R16,,,,,,,,,,,,,,,,,,,,,,,
2025-1003,Doha,Hard,64,PM,20250210,10,211533,,,Jelena Ostapenko,R,177,LAT,,211148,4,,Jasmine Paolini,R,160,ITA,,6-2 6-2,3,R16,,,,,,,,,,,,,,,,,,,,,,,
2025-1003,Doha,Hard,64,PM,20250210,11,202460,,,Ons Jabeur,R,167,TUN,,213550,,WC,Sofia Kenin,R,170,USA,,6-3 6-4,3,R16,,,,,,,,,,,,,,,,,,,,,,,
2025-1003,Doha,Hard,64,PM,20250210,12,216153,,,Amanda Anisimova,R,180,USA,,220367,,,Leylah Fernandez,L,168,CAN,,6-3 6-0,3,R16,,,,,,,,,,,,,,,,,,,,,,,
2025-1003,Doha,Hard,64,PM,20250210,13,216146,,,Marta Kostyuk,R,175,UKR,,202663,,,Magda Linette,R,171,POL,,6-4 6-2,3,R16,,,,,,,,,,,,,,,,,,,,,,,
2025-1003,Doha,Hard,64,PM,20250210,14,202468,6,,Jessica Pegula,R,170,USA,,214082,10,,Daria Kasatkina,R,170,RUS,,6-3 7-5,3,R16,,,,,,,,,,,,,,,,,,,,,,,
2025-1003,Doha,Hard,64,PM,20250210,15,206420,,,Ekaterina Alexandrova,R,175,RUS,,210722,,,Elise Mertens,R,179,BEL,,6-4 6-2,3,R16,,,,,,,,,,,,,,,,,,,,,,,
2025-1003,Doha,Hard,64,PM,20250210,16,216347,2,,Iga Swiatek,R,176,POL,,206289,,,Maria Sakkari,R,172,GRE,,6-3 6-2,3,R32,,,,,,,,,,,,,,,,,,,,,,,
2025-1003,Doha,Hard,64,PM,20250210,17,222328,,,Linda Noskova,R,,CZE,,201709,,,Yulia Putintseva,R,163,KAZ,,6-2 6-3,3,R32,,,,,,,,,,,,,,,,,,,,,,,
2025-1003,Doha,Hard,64,PM,20250210,18,211685,,,Rebecca Sramkova,R,,SVK,,259799,12,,Mirra Andreeva,R,,RUS,,3-6 6-3 7-5,3,R32,,,,,,,,,,,,,,,,,,,,,,,
2025-1003,Doha,Hard,64,PM,20250210,19,214981,5,,Elena Rybakina,R,184,KAZ,,220548,,,Peyton Stearns,R,,USA,,6-2 6-4,3,R32,,,,,,,,,,,,,,,,,,,,,,,
2025-1003,Doha,Hard,64,PM,20250210,20,211148,4,,Jasmine Paolini,R,160,ITA,,201614,,WC,Caroline Garcia,R,177,FRA,,6-3 6-4,3,R32,,,,,,,,,,,,,,,,,,,,,,,
2025-1003,Doha,Hard,64,PM,20250210,21,211533,,,Jelena Ostapenko,R,177,LAT,,214643,16,,Liudmila Samsonova,R,180,RUS,,7-6(5) 7-5,3,R32,,,,,,,,,,,,,,,,,,,,,,,
2025-1003,Doha,Hard,64,PM,20250210,22,213550,,WC,Sofia Kenin,R,170,USA,,219917,,Q,Alycia Parks,R,185,USA,,7-6(3) 3-6 6-2,3,R32,,,,,,,,,,,,,,,,,,,,,,,
2025-1003,Doha,Hard,64,PM,20250210,23,202460,,,Ons Jabeur,R,167,TUN,,221012,7,,Qinwen Zheng,R,,CHN,,6-4 6-2,3,R32,,,,,,,,,,,,,,,,,,,,,,,
2025-1003,Doha,Hard,64,PM,20250210,24,220367,,,Leylah Fernandez,L,168,CAN,,215613,8,,Emma Navarro,R,,USA,,6-2 6-2,3,R32,,,,,,,,,,,,,,,,,,,,,,,
2025-1003,Doha,Hard,64,PM,20250210,25,216153,,,Amanda Anisimova,R,180,USA,,211651,9,,Paula Badosa,R,180,ESP,,6-4 6-3,3,R32,,,,,,,,,,,,,,,,,,,,,,,
2025-1003,Doha,Hard,64,PM,20250210,26,202663,,,Magda Linette,R,171,POL,,211684,,,Magdalena Frech,R,171,POL,,7-5 5-7 6-4,3,R32,,,,,,,,,,,,,,,,,,,,,,,
2025-1003,Doha,Hard,64,PM,20250210,27,216146,,,Marta Kostyuk,R,175,UKR,,221103,3,,Coco Gauff,R,175,USA,,6-2 7-5,3,R32,,,,,,,,,,,,,,,,,,,,,,,
2025-1003,Doha,Hard,64,PM,20250210,28,202468,6,,Jessica Pegula,R,170,USA,,202494,,,Elina Svitolina,R,174,UKR,,6-3 7-6(3),3,R32,,,,,,,,,,,,,,,,,,,,,,,
2025-1003,Doha,Hard,64,PM,20250210,29,214082,10,,Daria Kasatkina,R,170,RUS,,220589,,,Elina Avanesyan,R,,ARM,,6-2 6-3,3,R32,,,,,,,,,,,,,,,,,,,,,,,
2025-1003,Doha,Hard,64,PM,20250210,30,210722,,,Elise Mertens,R,179,BEL,,213710,,Q,Cristina Bucsa,R,,ESP,,6-2 6-3,3,R32,,,,,,,,,,,,,,,,,,,,,,,
2025-1003,Doha,Hard,64,PM,20250210,31,206420,,,Ekaterina Alexandrova,R,175,RUS,,214544,1,,Aryna Sabalenka,R,182,BLR,,3-6 6-3 7-6(5),3,R32,,,,,,,,,,,,,,,,,,,,,,,
2025-1003,Doha,Hard,64,PM,20250210,32,206289,,,Maria Sakkari,R,172,GRE,,211817,,Q,Elena Gabriela Ruse,R,,ROU,,4-6 6-3 4-0 RET,3,R64,,,,,,,,,,,,,,,,,,,,,,,
2025-1003,Doha,Hard,64,PM,20250210,33,201709,,,Yulia Putintseva,R,163,KAZ,,220416,,Q,Moyuka Uchijima,R,171,JPN,,6-2 6-7(5) 6-3,3,R64,,,,,,,,,,,,,,,,,,,,,,,
2025-1003,Doha,Hard,64,PM,20250210,34,222328,,,Linda Noskova,R,,CZE,,202499,15,,Donna Vekic,R,179,CRO,,6-2 6-4,3,R64,,,,,,,,,,,,,,,,,,,,,,,
2025-1003,Doha,Hard,64,PM,20250210,35,259799,12,,Mirra Andreeva,R,,RUS,,220465,,Q,Katie Volynets,R,,USA,,4-6 7-6(4) 6-4,3,R64,,,,,,,,,,,,,,,,,,,,,,,
2025-1003,Doha,Hard,64,PM,20250210,36,211685,,,Rebecca Sramkova,R,,SVK,,211843,,,Anhelina Kalinina,R,179,UKR,,6-2 6-3,3,R64,,,,,,,,,,,,,,,,,,,,,,,
2025-1003,Doha,Hard,64,PM,20250210,37,220548,,,Peyton Stearns,R,,USA,,215035,,,Dayana Yastremska,R,175,UKR,,7-5 6-3,3,R64,,,,,,,,,,,,,,,,,,,,,,,
2025-1003,Doha,Hard,64,PM,20250210,38,201614,,WC,Caroline Garcia,R,177,FRA,,206294,,,Yue Yuan,R,184,CHN,,6-1 7-6(5),3,R64,,,,,,,,,,,,,,,,,,,,,,,
2025-1003,Doha,Hard,64,PM,20250210,39,211533,,,Jelena Ostapenko,R,177,LAT,,256684,,Q,Aoi Ito,U,,JPN,,6-2 6-1,3,R64,,,,,,,,,,,,,,,,,,,,,,,
2025-1003,Doha,Hard,64,PM,20250210,40,214643,16,,Liudmila Samsonova,R,180,RUS,,215138,,,Lulu Sun,L,,NZL,,6-3 6-3,3,R64,,,,,,,,,,,,,,,,,,,,,,,
2025-1003,Doha,Hard,64,PM,20250210,41,219917,,Q,Alycia Parks,R,185,USA,,223670,11,,Diana Shnaider,L,,RUS,,6-4 7-6(2),3,R64,,,,,,,,,,,,,,,,,,,,,,,
2025-1003,Doha,Hard,64,PM,20250210,42,213550,,WC,Sofia Kenin,R,170,USA,,221909,,,Ashlyn Krueger,R,185,USA,,6-4 6-4,3,R64,,,,,,,,,,,,,,,,,,,,,,,
2025-1003,Doha,Hard,64,PM,20250210,43,202460,,,Ons Jabeur,R,167,TUN,,220520,,,Mccartney Kessler,R,,USA,,6-2 6-0,3,R64,,,,,,,,,,,,,,,,,,,,,,,
2025-1003,Doha,Hard,64,PM,20250210,44,220367,,,Leylah Fernandez,L,168,CAN,,213889,,Q,Greet Minnen,R,,BEL,,6-1 6-2,3,R64,,,,,,,,,,,,,,,,,,,,,,,
2025-1003,Doha,Hard,64,PM,20250210,45,216153,,,Amanda Anisimova,R,180,USA,,201458,,,Victoria Azarenka,R,180,BLR,,6-3 7-5,3,R64,,,,,,,,,,,,,,,,,,,,,,,
2025-1003,Doha,Hard,64,PM,20250210,46,211651,9,,Paula Badosa,R,180,ESP,,213887,,LL,Renata Zarazua,R,,MEX,,6-3 4-6 6-2,3,R64,,,,,,,,,,,,,,,,,,,,,,,
2025-1003,Doha,Hard,64,PM,20250210,47,211684,,,Magdalena Frech,R,171,POL,,206242,13,,Beatriz Haddad Maia,L,185,BRA,,6-4 3-6 6-2,3,R64,,,,,,,,,,,,,,,,,,,,,,,
2025-1003,Doha,Hard,64,PM,20250210,48,202663,,,Magda Linette,R,171,POL,,206368,,Q,Veronika Kudermetova,R,175,RUS,,3-6 6-0 6-4,3,R64,,,,,,,,,,,,,,,,,,,,,,,
2025-1003,Doha,Hard,64,PM,20250210,49,216146,,,Marta Kostyuk,R,175,UKR,,220309,,WC,Zeynep Sonmez,R,,TUR,,6-3 6-3,3,R64,,,,,,,,,,,,,,,,,,,,,,,
2025-1003,Doha,Hard,64,PM,20250210,50,202494,,,Elina Svitolina,R,174,UKR,,214954,,,Marketa Vondrousova,L,173,CZE,,0-6 6-2 7-5,3,R64,,,,,,,,,,,,,,,,,,,,,,,
2025-1003,Doha,Hard,64,PM,20250210,51,220589,,,Elina Avanesyan,R,,ARM,,216133,,,Xin Yu Wang,R,182,CHN,,7-6(3) 1-6 7-6(5),3,R64,,,,,,,,,,,,,,,,,,,,,,,
2025-1003,Doha,Hard,64,PM,20250210,52,214082,10,,Daria Kasatkina,R,170,RUS,,221236,,LL,Polina Kudermetova,R,,RUS,,6-0 6-0,3,R64,,,,,,,,,,,,,,,,,,,,,,,
2025-1003,Doha,Hard,64,PM,20250210,53,213710,,Q,Cristina Bucsa,R,,ESP,,214939,14,,Anna Kalinskaya,R,175,RUS,,6-7(3) 7-5 6-4,3,R64,,,,,,,,,,,,,,,,,,,,,,,
2025-1003,Doha,Hard,64,PM,20250210,54,210722,,,Elise Mertens,R,179,BEL,,220704,,,Clara Tauson,R,182,DEN,,6-0 0-0 RET,3,R64,,,,,,,,,,,,,,,,,,,,,,,
2025-1003,Doha,Hard,64,PM,20250210,55,206420,,,Ekaterina Alexandrova,R,175,RUS,,221054,,WC,Emma Raducanu,R,175,GBR,,6-3 7-5,3,R64,,,,,,,,,,,,,,,,,,,,,,,
2025-718,Dubai,Hard,64,PM,20250217,1,259799,12,,Mirra Andreeva,R,,RUS,,220704,,,Clara Tauson,R,182,DEN,,7-6(1) 6-1,3,F,,,,,,,,,,,,,,,,,,,,,,,
2025-718,Dubai,Hard,64,PM,20250217,2,259799,12,,Mirra Andreeva,R,,RUS,,214981,6,,Elena Rybakina,R,184,KAZ,,6-4 4-6 6-3,3,SF,,,,,,,,,,,,,,,,,,,,,,,
2025-718,Dubai,Hard,64,PM,20250217,3,220704,,,Clara Tauson,R,182,DEN,,214096,14,,Karolina Muchova,R,178,CZE,,6-4 6-7(4) 6-3,3,SF,,,,,,,,,,,,,,,,,,,,,,,
2025-718,Dubai,Hard,64,PM,20250217,4,259799,12,,Mirra Andreeva,R,,RUS,,216347,2,,Iga Swiatek,R,176,POL,,6-3 6-3,3,QF,,,,,,,,,,,,,,,,,,,,,,,
2025-718,Dubai,Hard,64,PM,20250217,5,214981,6,,Elena Rybakina,R,184,KAZ,,213550,,WC,Sofia Kenin,R,170,USA,,6-2 7-6(2),3,QF,,,,,,,,,,,,,,,,,,,,,,,
2025-718,Dubai,Hard,64,PM,20250217,6,214096,14,,Karolina Muchova,R,178,CZE,,201514,,WC,Sorana Cirstea,R,176,ROU,,6-2 7-5,3,QF,,,,,,,,,,,,,,,,,,,,,,,
2025-718,Dubai,Hard,64,PM,20250217,7,220704,,,Clara Tauson,R,182,DEN,,222328,,,Linda Noskova,R,,CZE,,7-6(4) 6-4,3,QF,,,,,,,,,,,,,,,,,,,,,,,
2025-718,Dubai,Hard,64,PM,20250217,8,216347,2,,Iga Swiatek,R,176,POL,,215035,,,Dayana Yastremska,R,175,UKR,,7-5 6-0,3,R16,,,,,,,,,,,,,,,,,,,,,,,
2025-718,Dubai,Hard,64,PM,20250217,9,259799,12,,Mirra Andreeva,R,,RUS,,220548,,,Peyton Stearns,R,,USA,,6-1 6-1,3,R16,,,,,,,,,,,,,,,,,,,,,,,
2025-718,Dubai,Hard,64,PM,20250217,10,213550,,WC,Sofia Kenin,R,170,USA,,211148,4,,Jasmine Paolini,R,160,ITA,,6-4 6-0,3,R16,,,,,,,,,,,,,,,,,,,,,,,
2025-718,Dubai,Hard,64,PM,20250217,11,214981,6,,Elena Rybakina,R,184,KAZ,,211651,9,,Paula Badosa,R,180,ESP,,4-6 7-6(8) 7-6(2),3,R16,,,,,,,,,,,,,,,,,,,,,,,
2025-718,Dubai,Hard,64,PM,20250217,12,201514,,WC,Sorana Cirstea,R,176,ROU,,215613,8,,Emma Navarro,R,,USA,,7-6(5) 3-6 7-5,3,R16,,,,,,,,,,,,,,,,,,,,,,,
2025-718,Dubai,Hard,64,PM,20250217,13,214096,14,,Karolina Muchova,R,178,CZE,,220520,,,Mccartney Kessler,R,,USA,,6-3 1-6 7-6(5),3,R16,,,,,,,,,,,,,,,,,,,,,,,
2025-718,Dubai,Hard,64,PM,20250217,14,222328,,,Linda Noskova,R,,CZE,,202468,5,,Jessica Pegula,R,170,USA,,6-3 7-6(8),3,R16,,,,,,,,,,,,,,,,,,,,,,,
2025-718,Dubai,Hard,64,PM,20250217,15,220704,,,Clara Tauson,R,182,DEN,,214544,1,,Aryna Sabalenka,R,182,BLR,,6-3 6-2,3,R16,,,,,,,,,,,,,,,,,,,,,,,
2025-718,Dubai,Hard,64,PM,20250217,16,216347,2,,Iga Swiatek,R,176,POL,,201458,,,Victoria Azarenka,R,180,BLR,,6-0 6-2,3,R32,,,,,,,,,,,,,,,,,,,,,,,
2025-718,Dubai,Hard,64,PM,20250217,17,215035,,,Dayana Yastremska,R,175,UKR,,215713,,,Anastasia Potapova,R,175,RUS,,6-2 6-3,3,R32,,,,,,,,,,,,,,,,,,,,,,,
2025-718,Dubai,Hard,64,PM,20250217,18,259799,12,,Mirra Andreeva,R,,RUS,,214954,,,Marketa Vondrousova,L,173,CZE,,7-5 6-0,3,R32,,,,,,,,,,,,,,,,,,,,,,,
2025-718,Dubai,Hard,64,PM,20250217,19,220548,,,Peyton Stearns,R,,USA,,221012,7,,Qinwen Zheng,R,,CHN,,3-6 6-4 6-4,3,R32,,,,,,,,,,,,,,,,,,,,,,,
2025-718,Dubai,Hard,64,PM,20250217,20,211148,4,,Jasmine Paolini,R,160,ITA,,220332,,Q,Eva Lys,R,165,GER,,6-2 7-5,3,R32,,,,,,,,,,,,,,,,,,,,,,,
2025-718,Dubai,Hard,64,PM,20250217,21,213550,,WC,Sofia Kenin,R,170,USA,,216146,,,Marta Kostyuk,R,175,UKR,,5-7 7-6(7) 7-6(5),3,R32,,,,,,,,,,,,,,,,,,,,,,,
2025-718,Dubai,Hard,64,PM,20250217,22,211651,9,,Paula Badosa,R,180,ESP,,210722,,,Elise Mertens,R,179,BEL,,6-2 6-1,3,R32,,,,,,,,,,,,,,,,,,,,,,,
2025-718,Dubai,Hard,64,PM,20250217,23,214981,6,,Elena Rybakina,R,184,KAZ,,220416,,Q,Moyuka Uchijima,R,171,JPN,,6-3 6-2,3,R32,,,,,,,,,,,,,,,,,,,,,,,
2025-718,Dubai,Hard,64,PM,20250217,24,215613,8,,Emma Navarro,R,,USA,,202505,,,Belinda Bencic,R,175,SUI,,7-6(6) 2-6 6-3,3,R32,,,,,,,,,,,,,,,,,,,,,,,
2025-718,Dubai,Hard,64,PM,20250217,25,201514,,WC,Sorana Cirstea,R,176,ROU,,219917,,Q,Alycia Parks,R,185,USA,,3-6 6-4 6-1,3,R32,,,,,,,,,,,,,,,,,,,,,,,
2025-718,Dubai,Hard,64,PM,20250217,26,214096,14,,Karolina Muchova,R,178,CZE,,221054,,WC,Emma Raducanu,R,175,GBR,,7-6(6) 6-4,3,R32,,,,,,,,,,,,,,,,,,,,,,,
2025-718,Dubai,Hard,64,PM,20250217,27,220520,,,Mccartney Kessler,R,,USA,,221103,3,,Coco Gauff,R,175,USA,,6-4 7-5,3,R32,,,,,,,,,,,,,,,,,,,,,,,
2025-718,Dubai,Hard,64,PM,20250217,28,202468,5,,Jessica Pegula,R,170,USA,,214643,,,Liudmila Samsonova,R,180,RUS,,6-0 6-4,3,R32,,,,,,,,,,,,,,,,,,,,,,,
2025-718,Dubai,Hard,64,PM,20250217,29,222328,,,Linda Noskova,R,,CZE,,223670,11,,Diana Shnaider,L,,RUS,,7-6(8) 4-6 6-3,3,R32,,,,,,,,,,,,,,,,,,,,,,,
2025-718,Dubai,Hard,64,PM,20250217,30,220704,,,Clara Tauson,R,182,DEN,,202494,,,Elina Svitolina,R,174,UKR,,7-6(5) 3-6 7-6(4),3,R32,,,,,,,,,,,,,,,,,,,,,,,
2025-718,Dubai,Hard,64,PM,20250217,31,214544,1,,Aryna Sabalenka,R,182,BLR,,206368,,Q,Veronika Kudermetova,R,175,RUS,,6-3 6-4,3,R32,,,,,,,,,,,,,,,,,,,,,,,
2025-718,Dubai,Hard,64,PM,20250217,32,201458,,,Victoria Azarenka,R,180,BLR,,211843,,,Anhelina Kalinina,R,179,UKR,,2-6 7-6(4) 6-4,3,R64,,,,,,,,,,,,,,,,,,,,,,,
2025-718,Dubai,Hard,64,PM,20250217,33,215035,,,Dayana Yastremska,R,175,UKR,,202663,,,Magda Linette,R,171,POL,,6-3 7-5,3,R64,,,,,,,,,,,,,,,,,,,,,,,
2025-718,Dubai,Hard,64,PM,20250217,34,215713,,,Anastasia Potapova,R,175,RUS,,206242,13,,Beatriz Haddad Maia,L,185,BRA,,6-3 6-0,3,R64,,,,,,,,,,,,,,,,,,,,,,,
2025-718,Dubai,Hard,64,PM,20250217,35,259799,12,,Mirra Andreeva,R,,RUS,,220589,,,Elina Avanesyan,R,,ARM,,6-2 6-1,3,R64,,,,,,,,,,,,,,,,,,,,,,,
2025-718,Dubai,Hard,64,PM,20250217,36,214954,,,Marketa Vondrousova,L,173,CZE,,201614,,WC,Caroline Garcia,R,177,FRA,,6-2 6-2,3,R64,,,,,,,,,,,,,,,,,,,,,,,
2025-718,Dubai,Hard,64,PM,20250217,37,220548,,,Peyton Stearns,R,,USA,,202460,,,Ons Jabeur,R,167,TUN,,7-6(6) 6-4,3,R64,,,,,,,,,,,,,,,,,,,,,,,
2025-718,Dubai,Hard,64,PM,20250217,38,220332,,Q,Eva Lys,R,165,GER,,201593,,Q,Irina Camelia Begu,R,181,ROU,,5-7 7-5 6-3,3,R64,,,,,,,,,,,,,,,,,,,,,,,
2025-718,Dubai,Hard,64,PM,20250217,39,216146,,,Marta Kostyuk,R,175,UKR,,211701,,Q,Katerina Siniakova,R,174,CZE,,6-3 6-4,3,R64,,,,,,,,,,,,,,,,,,,,,,,
2025-718,Dubai,Hard,64,PM,20250217,40,213550,,WC,Sofia Kenin,R,170,USA,,202499,16,,Donna Vekic,R,179,CRO,,7-5 6-3,3,R64,,,,,,,,,,,,,,,,,,,,,,,
2025-718,Dubai,Hard,64,PM,20250217,41,211651,9,,Paula Badosa,R,180,ESP,,215138,,,Lulu Sun,L,,NZL,,6-3 6-4,3,R64,,,,,,,,,,,,,,,,,,,,,,,
2025-718,Dubai,Hard,64,PM,20250217,42,210722,,,Elise Mertens,R,179,BEL,,220367,,,Leylah Fernandez,L,168,CAN,,6-2 6-2,3,R64,,,,,,,,,,,,,,,,,,,,,,,
2025-718,Dubai,Hard,64,PM,20250217,43,220416,,Q,Moyuka Uchijima,R,171,JPN,,211533,,,Jelena Ostapenko,R,177,LAT,,6-3 6-3,3,R64,,,,,,,,,,,,,,,,,,,,,,,
2025-718,Dubai,Hard,64,PM,20250217,44,202505,,,Belinda Bencic,R,175,SUI,,256684,,Q,Aoi Ito,U,,JPN,,6-0 6-2,3,R64,,,,,,,,,,,,,,,,,,,,,,,
2025-718,Dubai,Hard,64,PM,20250217,45,219917,,Q,Alycia Parks,R,185,USA,,216133,,,Xin Yu Wang,R,182,CHN,,6-3 6-3,3,R64,,,,,,,,,,,,,,,,,,,,,,,
2025-718,Dubai,Hard,64,PM,20250217,46,201514,,WC,Sorana Cirstea,R,176,ROU,,214082,10,,Daria Kasatkina,R,170,RUS,,6-1 6-4,3,R64,,,,,,,,,,,,,,,,,,,,,,,
2025-718,Dubai,Hard,64,PM,20250217,47,214096,14,,Karolina Muchova,R,178,CZE,,215480,,Q,Suzan Lamens,R,,NED,,6-2 6-2,3,R64,,,,,,,,,,,,,,,,,,,,,,,
2025-718,Dubai,Hard,64,PM,20250217,48,221054,,WC,Emma Raducanu,R,175,GBR,,206289,,,Maria Sakkari,R,172,GRE,,6-4 6-2,3,R64,,,,,,,,,,,,,,,,,,,,,,,
2025-718,Dubai,Hard,64,PM,20250217,49,220520,,,Mccartney Kessler,R,,USA,,216153,,,Amanda Anisimova,R,180,USA,,6-2 6-3,3,R64,,,,,,,,,,,,,,,,,,,,,,,
2025-718,Dubai,Hard,64,PM,20250217,50,214643,,,Liudmila Samsonova,R,180,RUS,,201499,,,Anastasia Pavlyuchenkova,R,177,RUS,,6-2 6-2,3,R64,,,,,,,,,,,,,,,,,,,,,,,
2025-718,Dubai,Hard,64,PM,20250217,51,222328,,,Linda Noskova,R,,CZE,,201709,,,Yulia Putintseva,R,163,KAZ,,6-2 7-6(5),3,R64,,,,,,,,,,,,,,,,,,,,,,,
2025-718,Dubai,Hard,64,PM,20250217,52,223670,11,,Diana Shnaider,L,,RUS,,211684,,,Magdalena Frech,R,171,POL,,6-2 6-2,3,R64,,,,,,,,,,,,,,,,,,,,,,,
2025-718,Dubai,Hard,64,PM,20250217,53,202494,,,Elina Svitolina,R,174,UKR,,214939,15,,Anna Kalinskaya,R,175,RUS,,6-1 6-2,3,R64,,,,,,,,,,,,,,,,,,,,,,,
2025-718,Dubai,Hard,64,PM,20250217,54,220704,,,Clara Tauson,R,182,DEN,,211685,,,Rebecca Sramkova,R,,SVK,,7-6(7) 6-0,3,R64,,,,,,,,,,,,,,,,,,,,,,,
2025-718,Dubai,Hard,64,PM,20250217,55,206368,,Q,Veronika Kudermetova,R,175,RUS,,206420,,,Ekaterina Alexandrova,R,175,RUS,,3-6 6-4 6-3,3,R64,,,,,,,,,,,,,,,,,,,,,,,
2025-2085,Merida,Hard,32,P,20250217,1,215613,1,,Emma Navarro,R,,USA,,215306,,Q,Emiliana Arango,R,,COL,,6-0 6-0,3,F,,,,,,,,,,,,,,,,,,,,,,,
2025-2085,Merida,Hard,32,P,20250217,2,215306,,Q,Emiliana Arango,R,,COL,,201611,,Q,Daria Saville,R,166,AUS,,6-3 4-6 6-2,3,SF,,,,,,,,,,,,,,,,,,,,,,,
2025-2085,Merida,Hard,32,P,20250217,3,215613,1,,Emma Navarro,R,,USA,,220589,,,Elina Avanesyan,R,,ARM,,6-3 6-3,3,SF,,,,,,,,,,,,,,,,,,,,,,,
2025-2085,Merida,Hard,32,P,20250217,4,201611,,Q,Daria Saville,R,166,AUS,,211651,2,,Paula Badosa,R,180,ESP,,1-6 5-3 RET,3,QF,,,,,,,,,,,,,,,,,,,,,,,
2025-2085,Merida,Hard,32,P,20250217,5,215306,,Q,Emiliana Arango,R,,COL,,211685,,,Rebecca Sramkova,R,,SVK,,5-7 6-3 6-0,3,QF,,,,,,,,,,,,,,,,,,,,,,,
2025-2085,Merida,Hard,32,P,20250217,6,220589,,,Elina Avanesyan,R,,ARM,,233741,,Q,Maya Joint,R,,AUS,,4-6 6-2 6-0,3,QF,,,,,,,,,,,,,,,,,,,,,,,
2025-2085,Merida,Hard,32,P,20250217,7,215613,1,,Emma Navarro,R,,USA,,220309,,WC,Zeynep Sonmez,R,,TUR,,6-4 6-2,3,QF,,,,,,,,,,,,,,,,,,,,,,,
2025-2085,Merida,Hard,32,P,20250217,8,211651,2,,Paula Badosa,R,180,ESP,,211713,,,Jaqueline Cristian,R,180,ROU,,6-2 6-1,3,R16,,,,,,,,,,,,,,,,,,,,,,,
2025-2085,Merida,Hard,32,P,20250217,9,201611,,Q,Daria Saville,R,166,AUS,,211843,,,Anhelina Kalinina,R,179,UKR,,4-6 6-2 6-2,3,R16,,,,,,,,,,,,,,,,,,,,,,,
2025-2085,Merida,Hard,32,P,20250217,10,211685,,,Rebecca Sramkova,R,,SVK,,206242,3,,Beatriz Haddad Maia,L,185,BRA,,7-6(8) 6-3,3,R16,,,,,,,,,,,,,,,,,,,,,,,
2025-2085,Merida,Hard,32,P,20250217,11,215306,,Q,Emiliana Arango,R,,COL,,215936,,Q,Francesca Jones,R,,GBR,,3-6 6-3 3-4 RET,3,R16,,,,,,,,,,,,,,,,,,,,,,,
2025-2085,Merida,Hard,32,P,20250217,12,220589,,,Elina Avanesyan,R,,ARM,,222601,,,Jessica Bouzas Maneiro,R,,ESP,,6-1 6-4,3,R16,,,,,,,,,,,,,,,,,,,,,,,
2025-2085,Merida,Hard,32,P,20250217,13,233741,,Q,Maya Joint,R,,AUS,,202499,5,,Donna Vekic,R,179,CRO,,6-1 6-2,3,R16,,,,,,,,,,,,,,,,,,,,,,,
2025-2085,Merida,Hard,32,P,20250217,14,220309,,WC,Zeynep Sonmez,R,,TUR,,202663,,,Magda Linette,R,171,POL,,6-3 3-1 RET,3,R16,,,,,,,,,,,,,,,,,,,,,,,
2025-2085,Merida,Hard,32,P,20250217,15,215613,1,,Emma Navarro,R,,USA,,201549,,Q,Petra Martic,R,181,CRO,,6-1 6-2,3,R16,,,,,,,,,,,,,,,,,,,,,,,
2025-2085,Merida,Hard,32,P,20250217,16,211713,,,Jaqueline Cristian,R,180,ROU,,263857,,LL,Yuliia Starodubtseva,R,,UKR,,6-4 4-1 RET,3,R32,,,,,,,,,,,,,,,,,,,,,,,
2025-2085,Merida,Hard,32,P,20250217,17,211843,,,Anhelina Kalinina,R,179,UKR,,206417,,Q,Leolia Jeanjean,R,,FRA,,6-4 1-6 6-1,3,R32,,,,,,,,,,,,,,,,,,,,,,,
2025-2085,Merida,Hard,32,P,20250217,18,201611,,Q,Daria Saville,R,166,AUS,,216146,6,,Marta Kostyuk,R,175,UKR,,6-4 7-6(6),3,R32,,,,,,,,,,,,,,,,,,,,,,,
2025-2085,Merida,Hard,32,P,20250217,19,211685,,,Rebecca Sramkova,R,,SVK,,215138,,,Lulu Sun,L,,NZL,,6-3 6-1,3,R32,,,,,,,,,,,,,,,,,,,,,,,
2025-2085,Merida,Hard,32,P,20250217,20,215936,,Q,Francesca Jones,R,,GBR,,210886,,,Mayar Sherif,R,180,EGY,,6-4 3-0 RET,3,R32,,,,,,,,,,,,,,,,,,,,,,,
2025-2085,Merida,Hard,32,P,20250217,21,215306,,Q,Emiliana Arango,R,,COL,,214604,,LL,Maria Lourdes Carle,R,,ARG,,6-2 6-3,3,R32,,,,,,,,,,,,,,,,,,,,,,,
2025-2085,Merida,Hard,32,P,20250217,22,220589,,,Elina Avanesyan,R,,ARM,,211684,7,,Magdalena Frech,R,171,POL,,4-6 6-3 6-3,3,R32,,,,,,,,,,,,,,,,,,,,,,,
2025-2085,Merida,Hard,32,P,20250217,23,222601,,,Jessica Bouzas Maneiro,R,,ESP,,260761,,WC,Renata Jamrichova,U,,SVK,,7-5 5-7 7-5,3,R32,,,,,,,,,,,,,,,,,,,,,,,
2025-2085,Merida,Hard,32,P,20250217,24,233741,,Q,Maya Joint,R,,AUS,,211814,,,Julia Grabher,R,170,AUT,,6-3 6-2,3,R32,,,,,,,,,,,,,,,,,,,,,,,
2025-2085,Merida,Hard,32,P,20250217,25,220309,,WC,Zeynep Sonmez,R,,TUR,,206289,8,,Maria Sakkari,R,172,GRE,,7-5 6-2,3,R32,,,,,,,,,,,,,,,,,,,,,,,
2025-2085,Merida,Hard,32,P,20250217,26,202663,,,Magda Linette,R,171,POL,,220714,,,Elisabetta Cocciaretto,R,,ITA,,6-4 6-0,3,R32,,,,,,,,,,,,,,,,,,,,,,,
2025-2085,Merida,Hard,32,P,20250217,27,201549,,Q,Petra Martic,R,181,CRO,,201585,,WC,Sloane Stephens,R,170,USA,,6-2 6-3,3,R32,,,,,,,,,,,,,,,,,,,,,,,
2025-2082,Austin,Hard,32,I,20250224,1,202468,1,,Jessica Pegula,R,170,USA,,220520,5,,Mccartney Kessler,R,,USA,,7-5 6-2,3,F,,,,,,,,,,,,,,,,,,,,,,,
2025-2082,Austin,Hard,32,I,20250224,2,220520,5,,Mccartney Kessler,R,,USA,,213889,,,Greet Minnen,R,,BEL,,7-5 6-4,3,SF,,,,,,,,,,,,,,,,,,,,,,,
2025-2082,Austin,Hard,32,I,20250224,3,202468,1,,Jessica Pegula,R,170,USA,,201548,,WC,Ajla Tomljanovic,R,180,AUS,,6-1 4-6 6-3,3,SF,,,,,,,,,,,,,,,,,,,,,,,
2025-2082,Austin,Hard,32,I,20250224,4,220520,5,,Mccartney Kessler,R,,USA,,201514,,,Sorana Cirstea,R,176,ROU,,5-7 6-4 6-1,3,QF,,,,,,,,,,,,,,,,,,,,,,,
2025-2082,Austin,Hard,32,I,20250224,5,213889,,,Greet Minnen,R,,BEL,,214452,,,Caroline Dolehide,R,178,USA,,6-3 7-5,3,QF,,,,,,,,,,,,,,,,,,,,,,,
2025-2082,Austin,Hard,32,I,20250224,6,201548,,WC,Ajla Tomljanovic,R,180,AUS,,214262,,Q,Ena Shibahara,R,170,JPN,,7-5 3-6 7-6(8),3,QF,,,,,,,,,,,,,,,,,,,,,,,
2025-2082,Austin,Hard,32,I,20250224,7,202468,1,,Jessica Pegula,R,170,USA,,215020,,,Anna Blinkova,R,179,RUS,,6-2 6-2,3,QF,,,,,,,,,,,,,,,,,,,,,,,
2025-2082,Austin,Hard,32,I,20250224,8,201514,,,Sorana Cirstea,R,176,ROU,,223670,2,,Diana Shnaider,L,,RUS,,6-3 2-6 6-4,3,R16,,,,,,,,,,,,,,,,,,,,,,,
2025-2082,Austin,Hard,32,I,20250224,9,220520,5,,Mccartney Kessler,R,,USA,,213710,,Q,Cristina Bucsa,R,,ESP,,5-7 6-3 7-6(4),3,R16,,,,,,,,,,,,,,,,,,,,,,,
2025-2082,Austin,Hard,32,I,20250224,10,214452,,,Caroline Dolehide,R,178,USA,,219875,,,Varvara Gracheva,R,,FRA,,5-7 6-2 6-2,3,R16,,,,,,,,,,,,,,,,,,,,,,,
2025-2082,Austin,Hard,32,I,20250224,11,213889,,,Greet Minnen,R,,BEL,,215480,8,,Suzan Lamens,R,,NED,,6-1 6-0,3,R16,,,,,,,,,,,,,,,,,,,,,,,
2025-2082,Austin,Hard,32,I,20250224,12,201548,,WC,Ajla Tomljanovic,R,180,AUS,,214839,,,Jodie Burrage,R,,GBR,,4-6 6-3 6-0,3,R16,,,,,,,,,,,,,,,,,,,,,,,
2025-2082,Austin,Hard,32,I,20250224,13,214262,,Q,Ena Shibahara,R,170,JPN,,214040,,,Kimberly Birrell,R,170,AUS,,6-3 4-6 6-4,3,R16,,,,,,,,,,,,,,,,,,,,,,,
2025-2082,Austin,Hard,32,I,20250224,14,215020,,,Anna Blinkova,R,179,RUS,,213583,,,Tatjana Maria,R,172,GER,,6-2 6-2,3,R16,,,,,,,,,,,,,,,,,,,,,,,
2025-2082,Austin,Hard,32,I,20250224,15,202468,1,,Jessica Pegula,R,170,USA,,203463,,,Nuria Parrizas Diaz,R,167,ESP,,6-1 6-3,3,R16,,,,,,,,,,,,,,,,,,,,,,,
2025-2082,Austin,Hard,32,I,20250224,16,223670,2,,Diana Shnaider,L,,RUS,,236955,,Q,Tatiana Prozorova,U,,RUS,,0-6 6-2 7-5,3,R32,,,,,,,,,,,,,,,,,,,,,,,
2025-2082,Austin,Hard,32,I,20250224,17,201514,,,Sorana Cirstea,R,176,ROU,,201696,,,Laura Siegemund,R,168,GER,,6-3 0-6 6-1,3,R32,,,,,,,,,,,,,,,,,,,,,,,
2025-2082,Austin,Hard,32,I,20250224,18,213710,,Q,Cristina Bucsa,R,,ESP,,211095,,,Bernarda Pera,L,175,USA,,6-3 6-4,3,R32,,,,,,,,,,,,,,,,,,,,,,,
2025-2082,Austin,Hard,32,I,20250224,19,220520,5,,Mccartney Kessler,R,,USA,,203530,,LL,Viktorija Golubic,R,169,SUI,,6-2 7-5,3,R32,,,,,,,,,,,,,,,,,,,,,,,
2025-2082,Austin,Hard,32,I,20250224,20,219875,,,Varvara Gracheva,R,,FRA,,220548,3,,Peyton Stearns,R,,USA,,6-2 6-3,3,R32,,,,,,,,,,,,,,,,,,,,,,,
2025-2082,Austin,Hard,32,I,20250224,21,214452,,,Caroline Dolehide,R,178,USA,,220435,,Q,Anastasia Zakharova,R,,RUS,,6-2 5-7 6-4,3,R32,,,,,,,,,,,,,,,,,,,,,,,
2025-2082,Austin,Hard,32,I,20250224,22,213889,,,Greet Minnen,R,,BEL,,221096,,Q,Sijia Wei,R,,CHN,,5-7 6-3 6-2,3,R32,,,,,,,,,,,,,,,,,,,,,,,
2025-2082,Austin,Hard,32,I,20250224,23,215480,8,,Suzan Lamens,R,,NED,,215872,,,Kamilla Rakhimova,R,,RUS,,1-6 6-3 6-4,3,R32,,,,,,,,,,,,,,,,,,,,,,,
2025-2082,Austin,Hard,32,I,20250224,24,201548,,WC,Ajla Tomljanovic,R,180,AUS,,220465,7,,Katie Volynets,R,,USA,,7-6(3) 7-5,3,R32,,,,,,,,,,,,,,,,,,,,,,,
2025-2082,Austin,Hard,32,I,20250224,25,214839,,,Jodie Burrage,R,,GBR,,201520,,WC,Petra Kvitova,L,183,CZE,,3-6 6-4 6-4,3,R32,,,,,,,,,,,,,,,,,,,,,,,
2025-2082,Austin,Hard,32,I,20250224,26,214262,,Q,Ena Shibahara,R,170,JPN,,215219,,Q,Kaja Juvan,R,170,SLO,,2-6 6-3 6-2,3,R32,,,,,,,,,,,,,,,,,,,,,,,
2025-2082,Austin,Hard,32,I,20250224,27,214040,,,Kimberly Birrell,R,170,AUS,,206294,4,,Yue Yuan,R,184,CHN,,7-6(5) 7-6(5),3,R32,,,,,,,,,,,,,,,,,,,,,,,
2025-2082,Austin,Hard,32,I,20250224,28,215020,,,Anna Blinkova,R,179,RUS,,220416,6,,Moyuka Uchijima,R,171,JPN,,4-6 6-4 6-0,3,R32,,,,,,,,,,,,,,,,,,,,,,,
2025-2082,Austin,Hard,32,I,20250224,29,213583,,,Tatjana Maria,R,172,GER,,214388,,,Anna Bondar,R,,HUN,,6-4 4-6 6-1,3,R32,,,,,,,,,,,,,,,,,,,,,,,
2025-2082,Austin,Hard,32,I,20250224,30,203463,,,Nuria Parrizas Diaz,R,167,ESP,,222837,,WC,Malaika Rapolu,U,,USA,,6-2 6-4,3,R32,,,,,,,,,,,,,,,,,,,,,,,
2025-2082,Austin,Hard,32,I,20250224,31,202468,1,,Jessica Pegula,R,170,USA,,201551,,,Arantxa Rus,L,180,NED,,6-3 3-2 RET,3,R32,,,,,,,,,,,,,,,,,,,,,,,
2025-609,Indian Wells,Hard,128,PM,20250305,1,259799,9,,Mirra Andreeva,R,,RUS,,214544,1,,Aryna Sabalenka,R,182,BLR,,2-6 6-4 6-3,3,F,,,,,,,,,,,,,,,,,,,,,,,
2025-609,Indian Wells,Hard,128,PM,20250305,2,259799,9,,Mirra Andreeva,R,,RUS,,216347,2,,Iga Swiatek,R,176,POL,,7-6(1) 1-6 6-3,3,SF,,,,,,,,,,,,,,,,,,,,,,,
2025-609,Indian Wells,Hard,128,PM,20250305,3,214544,1,,Aryna Sabalenka,R,182,BLR,,201619,5,,Madison Keys,R,178,USA,,6-0 6-1,3,SF,,,,,,,,,,,,,,,,,,,,,,,
2025-609,Indian Wells,Hard,128,PM,20250305,4,216347,2,,Iga Swiatek,R,176,POL,,221012,8,,Qinwen Zheng,R,,CHN,,6-3 6-3,3,QF,,,,,,,,,,,,,,,,,,,,,,,
2025-609,Indian Wells,Hard,128,PM,20250305,5,259799,9,,Mirra Andreeva,R,,RUS,,202494,23,,Elina Svitolina,R,174,UKR,,7-5 6-3,3,QF,,,,,,,,,,,,,,,,,,,,,,,
2025-609,Indian Wells,Hard,128,PM,20250305,6,201619,5,,Madison Keys,R,178,USA,,202505,,WC,Belinda Bencic,R,175,SUI,,6-1 6-1,3,QF,,,,,,,,,,,,,,,,,,,,,,,
2025-609,Indian Wells,Hard,128,PM,20250305,7,214544,1,,Aryna Sabalenka,R,182,BLR,,214643,24,,Liudmila Samsonova,R,180,RUS,,6-2 6-3,3,QF,,,,,,,,,,,,,,,,,,,,,,,
2025-609,Indian Wells,Hard,128,PM,20250305,8,216347,2,,Iga Swiatek,R,176,POL,,214096,15,,Karolina Muchova,R,178,CZE,,6-1 6-1,3,R16,,,,,,,,,,,,,,,,,,,,,,,
2025-609,Indian Wells,Hard,128,PM,20250305,9,221012,8,,Qinwen Zheng,R,,CHN,,216146,18,,Marta Kostyuk,R,175,UKR,,6-3 6-2,3,R16,,,,,,,,,,,,,,,,,,,,,,,
2025-609,Indian Wells,Hard,128,PM,20250305,10,202494,23,,Elina Svitolina,R,174,UKR,,202468,4,,Jessica Pegula,R,170,USA,,5-7 6-1 6-2,3,R16,,,,,,,,,,,,,,,,,,,,,,,
2025-609,Indian Wells,Hard,128,PM,20250305,11,259799,9,,Mirra Andreeva,R,,RUS,,214981,7,,Elena Rybakina,R,184,KAZ,,6-1 6-2,3,R16,,,,,,,,,,,,,,,,,,,,,,,
2025-609,Indian Wells,Hard,128,PM,20250305,12,201619,5,,Madison Keys,R,178,USA,,202499,19,,Donna Vekic,R,179,CRO,,4-6 7-6(7) 6-3,3,R16,,,,,,,,,,,,,,,,,,,,,,,
2025-609,Indian Wells,Hard,128,PM,20250305,13,202505,,WC,Belinda Bencic,R,175,SUI,,221103,3,,Coco Gauff,R,175,USA,,3-6 6-3 6-4,3,R16,,,,,,,,,,,,,,,,,,,,,,,
2025-609,Indian Wells,Hard,128,PM,20250305,14,214643,24,,Liudmila Samsonova,R,180,RUS,,211148,6,,Jasmine Paolini,R,160,ITA,,6-0 6-4,3,R16,,,,,,,,,,,,,,,,,,,,,,,
2025-609,Indian Wells,Hard,128,PM,20250305,15,214544,1,,Aryna Sabalenka,R,182,BLR,,222661,,LL,Sonay Kartal,R,,GBR,,6-1 6-2,3,R16,,,,,,,,,,,,,,,,,,,,,,,
2025-609,Indian Wells,Hard,128,PM,20250305,16,216347,2,,Iga Swiatek,R,176,POL,,215035,,,Dayana Yastremska,R,175,UKR,,6-0 6-2,3,R32,,,,,,,,,,,,,,,,,,,,,,,
2025-609,Indian Wells,Hard,128,PM,20250305,17,214096,15,,Karolina Muchova,R,178,CZE,,211701,,,Katerina Siniakova,R,174,CZE,,7-5 6-1,3,R32,,,,,,,,,,,,,,,,,,,,,,,
2025-609,Indian Wells,Hard,128,PM,20250305,18,216146,18,,Marta Kostyuk,R,175,UKR,,214452,,WC,Caroline Dolehide,R,178,USA,,6-3 6-3,3,R32,,,,,,,,,,,,,,,,,,,,,,,
2025-609,Indian Wells,Hard,128,PM,20250305,19,221012,8,,Qinwen Zheng,R,,CHN,,215138,,,Lulu Sun,L,,NZL,,6-4 7-5,3,R32,,,,,,,,,,,,,,,,,,,,,,,
2025-609,Indian Wells,Hard,128,PM,20250305,20,202468,4,,Jessica Pegula,R,170,USA,,216133,,,Xin Yu Wang,R,182,CHN,,6-2 6-1,3,R32,,,,,,,,,,,,,,,,,,,,,,,
2025-609,Indian Wells,Hard,128,PM,20250305,21,202494,23,,Elina Svitolina,R,174,UKR,,203389,14,,Danielle Collins,R,178,USA,,6-2 6-4,3,R32,,,,,,,,,,,,,,,,,,,,,,,
2025-609,Indian Wells,Hard,128,PM,20250305,22,259799,9,,Mirra Andreeva,R,,RUS,,220704,22,,Clara Tauson,R,182,DEN,,6-3 6-0,3,R32,,,,,,,,,,,,,,,,,,,,,,,
2025-609,Indian Wells,Hard,128,PM,20250305,23,214981,7,,Elena Rybakina,R,184,KAZ,,211107,25,,Katie Boulter,R,180,GBR,,6-0 7-5,3,R32,,,,,,,,,,,,,,,,,,,,,,,
2025-609,Indian Wells,Hard,128,PM,20250305,24,201619,5,,Madison Keys,R,178,USA,,210722,28,,Elise Mertens,R,179,BEL,,6-2 6-7(8) 6-4,3,R32,,,,,,,,,,,,,,,,,,,,,,,
2025-609,Indian Wells,Hard,128,PM,20250305,25,202499,19,,Donna Vekic,R,179,CRO,,215613,10,,Emma Navarro,R,,USA,,7-6(5) 6-1,3,R32,,,,,,,,,,,,,,,,,,,,,,,
2025-609,Indian Wells,Hard,128,PM,20250305,26,202505,,WC,Belinda Bencic,R,175,SUI,,223670,13,,Diana Shnaider,L,,RUS,,6-4 6-4,3,R32,,,,,,,,,,,,,,,,,,,,,,,
2025-609,Indian Wells,Hard,128,PM,20250305,27,221103,3,,Coco Gauff,R,175,USA,,206289,29,,Maria Sakkari,R,172,GRE,,7-6(1) 6-2,3,R32,,,,,,,,,,,,,,,,,,,,,,,
2025-609,Indian Wells,Hard,128,PM,20250305,28,211148,6,,Jasmine Paolini,R,160,ITA,,211713,,,Jaqueline Cristian,R,180,ROU,,6-4 3-6 6-4,3,R32,,,,,,,,,,,,,,,,,,,,,,,
2025-609,Indian Wells,Hard,128,PM,20250305,29,214643,24,,Liudmila Samsonova,R,180,RUS,,214082,12,,Daria Kasatkina,R,170,RUS,,2-6 6-3 6-2,3,R32,,,,,,,,,,,,,,,,,,,,,,,
2025-609,Indian Wells,Hard,128,PM,20250305,30,222661,,LL,Sonay Kartal,R,,GBR,,221236,,,Polina Kudermetova,R,,RUS,,7-5 6-3,3,R32,,,,,,,,,,,,,,,,,,,,,,,
2025-609,Indian Wells,Hard,128,PM,20250305,31,214544,1,,Aryna Sabalenka,R,182,BLR,,214459,,,Lucia Bronzetti,R,,ITA,,6-1 6-2,3,R32,,,,,,,,,,,,,,,,,,,,,,,
2025-609,Indian Wells,Hard,128,PM,20250305,32,216347,2,,Iga Swiatek,R,176,POL,,201614,,,Caroline Garcia,R,177,FRA,,6-2 6-0,3,R64,,,,,,,,,,,,,,,,,,,,,,,
2025-609,Indian Wells,Hard,128,PM,20250305,33,215035,,,Dayana Yastremska,R,175,UKR,,202460,32,,Ons Jabeur,R,167,TUN,,6-3 6-1,3,R64,,,,,,,,,,,,,,,,,,,,,,,
2025-609,Indian Wells,Hard,128,PM,20250305,34,211701,,,Katerina Siniakova,R,174,CZE,,201709,21,,Yulia Putintseva,R,163,KAZ,,6-2 6-2,3,R64,,,,,,,,,,,,,,,,,,,,,,,
2025-609,Indian Wells,Hard,128,PM,20250305,35,214096,15,,Karolina Muchova,R,178,CZE,,220714,,,Elisabetta Cocciaretto,R,,ITA,,6-4 6-3,3,R64,,,,,,,,,,,,,,,,,,,,,,,
2025-609,Indian Wells,Hard,128,PM,20250305,36,214452,,WC,Caroline Dolehide,R,178,USA,,220332,,LL,Eva Lys,R,165,GER,,7-6(3) 6-4,3,R64,,,,,,,,,,,,,,,,,,,,,,,
2025-609,Indian Wells,Hard,128,PM,20250305,37,216146,18,,Marta Kostyuk,R,175,UKR,,221905,,WC,Robin Montgomery,L,,USA,,6-1 6-3,3,R64,,,,,,,,,,,,,,,,,,,,,,,
2025-609,Indian Wells,Hard,128,PM,20250305,38,215138,,,Lulu Sun,L,,NZL,,222328,31,,Linda Noskova,R,,CZE,,6-1 6-4,3,R64,,,,,,,,,,,,,,,,,,,,,,,
2025-609,Indian Wells,Hard,128,PM,20250305,39,221012,8,,Qinwen Zheng,R,,CHN,,201458,,,Victoria Azarenka,R,180,BLR,,6-3 6-4,3,R64,,,,,,,,,,,,,,,,,,,,,,,
2025-609,Indian Wells,Hard,128,PM,20250305,40,202468,4,,Jessica Pegula,R,170,USA,,202663,,,Magda Linette,R,171,POL,,6-4 6-2,3,R64,,,,,,,,,,,,,,,,,,,,,,,
2025-609,Indian Wells,Hard,128,PM,20250305,41,216133,,,Xin Yu Wang,R,182,CHN,,211533,26,,Jelena Ostapenko,R,177,LAT,,6-4 6-4,3,R64,,,,,,,,,,,,,,,,,,,,,,,
2025-609,Indian Wells,Hard,128,PM,20250305,42,202494,23,,Elina Svitolina,R,174,UKR,,221909,,,Ashlyn Krueger,R,185,USA,,6-1 6-7(8) 6-3,3,R64,,,,,,,,,,,,,,,,,,,,,,,
2025-609,Indian Wells,Hard,128,PM,20250305,43,203389,14,,Danielle Collins,R,178,USA,,221024,,Q,Hailey Baptiste,R,,USA,,5-7 6-2 6-4,3,R64,,,,,,,,,,,,,,,,,,,,,,,
2025-609,Indian Wells,Hard,128,PM,20250305,44,259799,9,,Mirra Andreeva,R,,RUS,,219875,,,Varvara Gracheva,R,,FRA,,7-5 6-4,3,R64,,,,,,,,,,,,,,,,,,,,,,,
2025-609,Indian Wells,Hard,128,PM,20250305,45,220704,22,,Clara Tauson,R,182,DEN,,215785,,,Camila Osorio,R,162,COL,,7-6(3) 7-5,3,R64,,,,,,,,,,,,,,,,,,,,,,,
2025-609,Indian Wells,Hard,128,PM,20250305,46,211107,25,,Katie Boulter,R,180,GBR,,201593,,,Irina Camelia Begu,R,181,ROU,,6-7(2) 6-3 6-0,3,R64,,,,,,,,,,,,,,,,,,,,,,,
2025-609,Indian Wells,Hard,128,PM,20250305,47,214981,7,,Elena Rybakina,R,184,KAZ,,215480,,,Suzan Lamens,R,,NED,,6-3 6-3,3,R64,,,,,,,,,,,,,,,,,,,,,,,
2025-609,Indian Wells,Hard,128,PM,20250305,48,201619,5,,Madison Keys,R,178,USA,,215713,,,Anastasia Potapova,R,175,RUS,,6-3 6-0,3,R64,,,,,,,,,,,,,,,,,,,,,,,
2025-609,Indian Wells,Hard,128,PM,20250305,49,210722,28,,Elise Mertens,R,179,BEL,,214040,,Q,Kimberly Birrell,R,170,AUS,,6-4 7-5,3,R64,,,,,,,,,,,,,,,,,,,,,,,
2025-609,Indian Wells,Hard,128,PM,20250305,50,202499,19,,Donna Vekic,R,179,CRO,,220589,,,Elina Avanesyan,R,,ARM,,6-3 6-3,3,R64,,,,,,,,,,,,,,,,,,,,,,,
2025-609,Indian Wells,Hard,128,PM,20250305,51,215613,10,,Emma Navarro,R,,USA,,201514,,,Sorana Cirstea,R,176,ROU,,3-6 6-1 7-6(3),3,R64,,,,,,,,,,,,,,,,,,,,,,,
2025-609,Indian Wells,Hard,128,PM,20250305,52,223670,13,,Diana Shnaider,L,,RUS,,219917,,WC,Alycia Parks,R,185,USA,,6-1 6-1,3,R64,,,,,,,,,,,,,,,,,,,,,,,
2025-609,Indian Wells,Hard,128,PM,20250305,53,202505,,WC,Belinda Bencic,R,175,SUI,,216153,17,,Amanda Anisimova,R,180,USA,,6-4 6-7(3) 6-1,3,R64,,,,,,,,,,,,,,,,,,,,,,,
2025-609,Indian Wells,Hard,128,PM,20250305,54,206289,29,,Maria Sakkari,R,172,GRE,,202600,,,Viktoriya Tomova,R,170,BUL,,6-0 6-3,3,R64,,,,,,,,,,,,,,,,,,,,,,,
2025-609,Indian Wells,Hard,128,PM,20250305,55,221103,3,,Coco Gauff,R,175,USA,,220416,,,Moyuka Uchijima,R,171,JPN,,6-4 3-6 7-6(4),3,R64,,,,,,,,,,,,,,,,,,,,,,,
2025-609,Indian Wells,Hard,128,PM,20250305,56,211148,6,,Jasmine Paolini,R,160,ITA,,260300,,WC,Iva Jovic,R,,USA,,7-6(3) 1-6 6-3,3,R64,,,,,,,,,,,,,,,,,,,,,,,
2025-609,Indian Wells,Hard,128,PM,20250305,57,211713,,,Jaqueline Cristian,R,180,ROU,,220367,27,,Leylah Fernandez,L,168,CAN,,5-7 7-6(5) 6-3,3,R64,,,,,,,,,,,,,,,,,,,,,,,
2025-609,Indian Wells,Hard,128,PM,20250305,58,214643,24,,Liudmila Samsonova,R,180,RUS,,216083,,,Caty Mcnally,R,,USA,,7-6(8) 6-4,3,R64,,,,,,,,,,,,,,,,,,,,,,,
2025-609,Indian Wells,Hard,128,PM,20250305,59,214082,12,,Daria Kasatkina,R,170,RUS,,213550,,,Sofia Kenin,R,170,USA,,3-6 7-5 6-4,3,R64,,,,,,,,,,,,,,,,,,,,,,,
2025-609,Indian Wells,Hard,128,PM,20250305,60,222661,,LL,Sonay Kartal,R,,GBR,,206242,16,,Beatriz Haddad Maia,L,185,BRA,,6-2 6-1,3,R64,,,,,,,,,,,,,,,,,,,,,,,
2025-609,Indian Wells,Hard,128,PM,20250305,61,221236,,,Polina Kudermetova,R,,RUS,,206420,20,,Ekaterina Alexandrova,R,175,RUS,,7-5 6-2,3,R64,,,,,,,,,,,,,,,,,,,,,,,
2025-609,Indian Wells,Hard,128,PM,20250305,62,214459,,,Lucia Bronzetti,R,,ITA,,211684,30,,Magdalena Frech,R,171,POL,,6-3 7-5,3,R64,,,,,,,,,,,,,,,,,,,,,,,
2025-609,Indian Wells,Hard,128,PM,20250305,63,214544,1,,Aryna Sabalenka,R,182,BLR,,220520,,,Mccartney Kessler,R,,USA,,7-6(4) 6-3,3,R64,,,,,,,,,,,,,,,,,,,,,,,
2025-609,Indian Wells,Hard,128,PM,20250305,64,201614,,,Caroline Garcia,R,177,FRA,,211095,,WC,Bernarda Pera,L,175,USA,,6-3 6-4,3,R128,,,,,,,,,,,,,,,,,,,,,,,
2025-609,Indian Wells,Hard,128,PM,20250305,65,215035,,,Dayana Yastremska,R,175,UKR,,206294,,,Yue Yuan,R,184,CHN,,6-2 6-4,3,R128,,,,,,,,,,,,,,,,,,,,,,,
2025-609,Indian Wells,Hard,128,PM,20250305,66,211701,,,Katerina Siniakova,R,174,CZE,,214604,,Q,Maria Lourdes Carle,R,,ARG,,6-2 6-1,3,R128,,,,,,,,,,,,,,,,,,,,,,,
2025-609,Indian Wells,Hard,128,PM,20250305,67,220714,,,Elisabetta Cocciaretto,R,,ITA,,213887,,,Renata Zarazua,R,,MEX,,6-4 1-0 RET,3,R128,,,,,,,,,,,,,,,,,,,,,,,
2025-609,Indian Wells,Hard,128,PM,20250305,68,214452,,WC,Caroline Dolehide,R,178,USA,,215872,,,Kamilla Rakhimova,R,,RUS,,6-2 7-6(3),3,R128,,,,,,,,,,,,,,,,,,,,,,,
2025-609,Indian Wells,Hard,128,PM,20250305,69,221905,,WC,Robin Montgomery,L,,USA,,215898,,Q,Jule Niemeier,R,178,GER,,3-6 7-5 6-2,3,R128,,,,,,,,,,,,,,,,,,,,,,,
2025-609,Indian Wells,Hard,128,PM,20250305,70,215138,,,Lulu Sun,L,,NZL,,211685,,,Rebecca Sramkova,R,,SVK,,6-3 1-6 7-6(2),3,R128,,,,,,,,,,,,,,,,,,,,,,,
2025-609,Indian Wells,Hard,128,PM,20250305,71,201458,,,Victoria Azarenka,R,180,BLR,,238064,,Q,Clervie Ngounoue,R,,USA,,6-4 7-6(7),3,R128,,,,,,,,,,,,,,,,,,,,,,,
2025-609,Indian Wells,Hard,128,PM,20250305,72,202663,,,Magda Linette,R,171,POL,,220548,,,Peyton Stearns,R,,USA,,6-4 4-6 6-3,3,R128,,,,,,,,,,,,,,,,,,,,,,,
2025-609,Indian Wells,Hard,128,PM,20250305,73,216133,,,Xin Yu Wang,R,182,CHN,,210886,,,Mayar Sherif,R,180,EGY,,6-4 7-5,3,R128,,,,,,,,,,,,,,,,,,,,,,,
2025-609,Indian Wells,Hard,128,PM,20250305,74,221909,,,Ashlyn Krueger,R,185,USA,,220465,,,Katie Volynets,R,,USA,,0-6 6-2 6-2,3,R128,,,,,,,,,,,,,,,,,,,,,,,
2025-609,Indian Wells,Hard,128,PM,20250305,75,221024,,Q,Hailey Baptiste,R,,USA,,215992,,Q,Whitney Osuigwe,R,168,USA,,6-1 6-2,3,R128,,,,,,,,,,,,,,,,,,,,,,,
2025-609,Indian Wells,Hard,128,PM,20250305,76,219875,,,Varvara Gracheva,R,,FRA,,201520,,WC,Petra Kvitova,L,183,CZE,,4-6 6-3 6-4,3,R128,,,,,,,,,,,,,,,,,,,,,,,
2025-609,Indian Wells,Hard,128,PM,20250305,77,215785,,,Camila Osorio,R,162,COL,,211768,,,Naomi Osaka,R,180,JPN,,6-4 6-4,3,R128,,,,,,,,,,,,,,,,,,,,,,,
2025-609,Indian Wells,Hard,128,PM,20250305,78,201593,,,Irina Camelia Begu,R,181,ROU,,215983,,,Ann Li,R,170,USA,,7-5 3-6 6-1,3,R128,,,,,,,,,,,,,,,,,,,,,,,
2025-609,Indian Wells,Hard,128,PM,20250305,79,215480,,,Suzan Lamens,R,,NED,,213631,,,Marie Bouzkova,R,180,CZE,,3-6 6-3 6-3,3,R128,,,,,,,,,,,,,,,,,,,,,,,
2025-609,Indian Wells,Hard,128,PM,20250305,80,215713,,,Anastasia Potapova,R,175,RUS,,222601,,,Jessica Bouzas Maneiro,R,,ESP,,6-7(5) 6-4 7-5,3,R128,,,,,,,,,,,,,,,,,,,,,,,
2025-609,Indian Wells,Hard,128,PM,20250305,81,214040,,Q,Kimberly Birrell,R,170,AUS,,203530,,Q,Viktorija Golubic,R,169,SUI,,6-4 6-4,3,R128,,,,,,,,,,,,,,,,,,,,,,,
2025-609,Indian Wells,Hard,128,PM,20250305,82,220589,,,Elina Avanesyan,R,,ARM,,201616,,,Lauren Davis,R,157,USA,,6-4 6-2,3,R128,,,,,,,,,,,,,,,,,,,,,,,
2025-609,Indian Wells,Hard,128,PM,20250305,83,201514,,,Sorana Cirstea,R,176,ROU,,233741,,Q,Maya Joint,R,,AUS,,6-2 7-5,3,R128,,,,,,,,,,,,,,,,,,,,,,,
2025-609,Indian Wells,Hard,128,PM,20250305,84,219917,,WC,Alycia Parks,R,185,USA,,214939,,,Anna Kalinskaya,R,175,RUS,,6-4 6-3,3,R128,,,,,,,,,,,,,,,,,,,,,,,
2025-609,Indian Wells,Hard,128,PM,20250305,85,202505,,WC,Belinda Bencic,R,175,SUI,,213583,,,Tatjana Maria,R,172,GER,,6-1 6-1,3,R128,,,,,,,,,,,,,,,,,,,,,,,
2025-609,Indian Wells,Hard,128,PM,20250305,86,202600,,,Viktoriya Tomova,R,170,BUL,,215337,,,Olga Danilovic,L,,SRB,,6-2 6-3,3,R128,,,,,,,,,,,,,,,,,,,,,,,
2025-609,Indian Wells,Hard,128,PM,20250305,87,220416,,,Moyuka Uchijima,R,171,JPN,,221054,,,Emma Raducanu,R,175,GBR,,6-3 6-2,3,R128,,,,,,,,,,,,,,,,,,,,,,,
2025-609,Indian Wells,Hard,128,PM,20250305,88,260300,,WC,Iva Jovic,R,,USA,,211814,,,Julia Grabher,R,170,AUT,,2-6 7-5 6-0,3,R128,,,,,,,,,,,,,,,,,,,,,,,
2025-609,Indian Wells,Hard,128,PM,20250305,89,211713,,,Jaqueline Cristian,R,180,ROU,,206368,,,Veronika Kudermetova,R,175,RUS,,6-2 6-3,3,R128,,,,,,,,,,,,,,,,,,,,,,,
2025-609,Indian Wells,Hard,128,PM,20250305,90,216083,,,Caty Mcnally,R,,USA,,201548,,Q,Ajla Tomljanovic,R,180,AUS,,6-4 0-0 RET,3,R128,,,,,,,,,,,,,,,,,,,,,,,
2025-609,Indian Wells,Hard,128,PM,20250305,91,213550,,,Sofia Kenin,R,170,USA,,213666,,Q,Maddison Inglis,R,171,AUS,,6-2 6-1,3,R128,,,,,,,,,,,,,,,,,,,,,,,
2025-609,Indian Wells,Hard,128,PM,20250305,92,222661,,LL,Sonay Kartal,R,,GBR,,201478,,Q,Varvara Lepchenko,L,180,USA,,7-6(6) 6-2,3,R128,,,,,,,,,,,,,,,,,,,,,,,
2025-609,Indian Wells,Hard,128,PM,20250305,93,221236,,,Polina Kudermetova,R,,RUS,,214906,,Q,Claire Liu,R,170,USA,,6-4 6-2,3,R128,,,,,,,,,,,,,,,,,,,,,,,
2025-609,Indian Wells,Hard,128,PM,20250305,94,214459,,,Lucia Bronzetti,R,,ITA,,211843,,,Anhelina Kalinina,R,179,UKR,,6-4 7-5,3,R128,,,,,,,,,,,,,,,,,,,,,,,
2025-609,Indian Wells,Hard,128,PM,20250305,95,220520,,,Mccartney Kessler,R,,USA,,215020,,,Anna Blinkova,R,179,RUS,,6-1 6-2,3,R128,,,,,,,,,,,,,,,,,,,,,,,
2025-902,Miami,Hard,128,PM,20250319,1,214544,1,,Aryna Sabalenka,R,182,BLR,,202468,4,,Jessica Pegula,R,170,USA,,7-5 6-2,3,F,,,,,,,,,,,,,,,,,,,,,,,
2025-902,Miami,Hard,128,PM,20250319,2,202468,4,,Jessica Pegula,R,170,USA,,223253,,WC,Alexandra Eala,L,173,PHI,,7-6(3) 5-7 6-3,3,SF,,,,,,,,,,,,,,,,,,,,,,,
2025-902,Miami,Hard,128,PM,20250319,3,214544,1,,Aryna Sabalenka,R,182,BLR,,211148,6,,Jasmine Paolini,R,160,ITA,,6-2 6-2,3,SF,,,,,,,,,,,,,,,,,,,,,,,
2025-902,Miami,Hard,128,PM,20250319,4,223253,,WC,Alexandra Eala,L,173,PHI,,216347,2,,Iga Swiatek,R,176,POL,,6-2 7-5,3,QF,,,,,,,,,,,,,,,,,,,,,,,
2025-902,Miami,Hard,128,PM,20250319,5,202468,4,,Jessica Pegula,R,170,USA,,221054,,,Emma Raducanu,R,175,GBR,,6-4 6-7(3) 6-2,3,QF,,,,,,,,,,,,,,,,,,,,,,,
2025-902,Miami,Hard,128,PM,20250319,6,211148,6,,Jasmine Paolini,R,160,ITA,,202663,,,Magda Linette,R,171,POL,,6-3 6-2,3,QF,,,,,,,,,,,,,,,,,,,,,,,
2025-902,Miami,Hard,128,PM,20250319,7,214544,1,,Aryna Sabalenka,R,182,BLR,,221012,9,,Qinwen Zheng,R,,CHN,,6-2 7-5,3,QF,,,,,,,,,,,,,,,,,,,,,,,
2025-902,Miami,Hard,128,PM,20250319,8,216347,2,,Iga Swiatek,R,176,POL,,202494,22,,Elina Svitolina,R,174,UKR,,7-6(5) 6-3,3,R16,,,,,,,,,,,,,,,,,,,,,,,
2025-902,Miami,Hard,128,PM,20250319,9,223253,,WC,Alexandra Eala,L,173,PHI,,211651,10,,Paula Badosa,R,180,ESP,,W/O,3,R16,,,,,,,,,,,,,,,,,,,,,,,
2025-902,Miami,Hard,128,PM,20250319,10,202468,4,,Jessica Pegula,R,170,USA,,216146,23,,Marta Kostyuk,R,175,UKR,,6-2 6-3,3,R16,,,,,,,,,,,,,,,,,,,,,,,
2025-902,Miami,Hard,128,PM,20250319,11,221054,,,Emma Raducanu,R,175,GBR,,216153,17,,Amanda Anisimova,R,180,USA,,6-1 6-3,3,R16,,,,,,,,,,,,,,,,,,,,,,,
2025-902,Miami,Hard,128,PM,20250319,12,211148,6,,Jasmine Paolini,R,160,ITA,,211768,,,Naomi Osaka,R,180,JPN,,3-6 6-4 6-4,3,R16,,,,,,,,,,,,,,,,,,,,,,,
2025-902,Miami,Hard,128,PM,20250319,13,202663,,,Magda Linette,R,171,POL,,221103,3,,Coco Gauff,R,175,USA,,6-4 6-4,3,R16,,,,,,,,,,,,,,,,,,,,,,,
2025-902,Miami,Hard,128,PM,20250319,14,221012,9,,Qinwen Zheng,R,,CHN,,221909,,,Ashlyn Krueger,R,185,USA,,6-2 7-6(3),3,R16,,,,,,,,,,,,,,,,,,,,,,,
2025-902,Miami,Hard,128,PM,20250319,15,214544,1,,Aryna Sabalenka,R,182,BLR,,203389,14,,Danielle Collins,R,178,USA,,6-4 6-4,3,R16,,,,,,,,,,,,,,,,,,,,,,,
2025-902,Miami,Hard,128,PM,20250319,16,216347,2,,Iga Swiatek,R,176,POL,,210722,27,,Elise Mertens,R,179,BEL,,7-6(2) 6-1,3,R32,,,,,,,,,,,,,,,,,,,,,,,
2025-902,Miami,Hard,128,PM,20250319,17,202494,22,,Elina Svitolina,R,174,UKR,,214096,15,,Karolina Muchova,R,178,CZE,,6-2 3-6 6-2,3,R32,,,,,,,,,,,,,,,,,,,,,,,
2025-902,Miami,Hard,128,PM,20250319,18,211651,10,,Paula Badosa,R,180,ESP,,220704,20,,Clara Tauson,R,182,DEN,,6-3 7-6(3),3,R32,,,,,,,,,,,,,,,,,,,,,,,
2025-902,Miami,Hard,128,PM,20250319,19,223253,,WC,Alexandra Eala,L,173,PHI,,201619,5,,Madison Keys,R,178,USA,,6-4 6-2,3,R32,,,,,,,,,,,,,,,,,,,,,,,
2025-902,Miami,Hard,128,PM,20250319,20,202468,4,,Jessica Pegula,R,170,USA,,214939,32,,Anna Kalinskaya,R,175,RUS,,6-7(3) 6-2 7-6(2),3,R32,,,,,,,,,,,,,,,,,,,,,,,
2025-902,Miami,Hard,128,PM,20250319,21,216146,23,,Marta Kostyuk,R,175,UKR,,215020,,,Anna Blinkova,R,179,RUS,,6-2 6-1,3,R32,,,,,,,,,,,,,,,,,,,,,,,
2025-902,Miami,Hard,128,PM,20250319,22,216153,17,,Amanda Anisimova,R,180,USA,,259799,11,,Mirra Andreeva,R,,RUS,,7-6(5) 2-6 6-3,3,R32,,,,,,,,,,,,,,,,,,,,,,,
2025-902,Miami,Hard,128,PM,20250319,23,221054,,,Emma Raducanu,R,175,GBR,,220520,,,Mccartney Kessler,R,,USA,,6-1 3-0 RET,3,R32,,,,,,,,,,,,,,,,,,,,,,,
2025-902,Miami,Hard,128,PM,20250319,24,211148,6,,Jasmine Paolini,R,160,ITA,,202460,31,,Ons Jabeur,R,167,TUN,,4-3 RET,3,R32,,,,,,,,,,,,,,,,,,,,,,,
2025-902,Miami,Hard,128,PM,20250319,25,211768,,,Naomi Osaka,R,180,JPN,,221024,,WC,Hailey Baptiste,R,,USA,,7-6(6) 3-6 6-4,3,R32,,,,,,,,,,,,,,,,,,,,,,,
2025-902,Miami,Hard,128,PM,20250319,26,202663,,,Magda Linette,R,171,POL,,222258,,Q,Linda Fruhvirtova,R,,CZE,,7-5 6-4,3,R32,,,,,,,,,,,,,,,,,,,,,,,
2025-902,Miami,Hard,128,PM,20250319,27,221103,3,,Coco Gauff,R,175,USA,,206289,28,,Maria Sakkari,R,172,GRE,,6-2 6-4,3,R32,,,,,,,,,,,,,,,,,,,,,,,
2025-902,Miami,Hard,128,PM,20250319,28,221909,,,Ashlyn Krueger,R,185,USA,,220367,26,,Leylah Fernandez,L,168,CAN,,6-1 7-5,3,R32,,,,,,,,,,,,,,,,,,,,,,,
2025-902,Miami,Hard,128,PM,20250319,29,221012,9,,Qinwen Zheng,R,,CHN,,203501,,Q,Taylor Townsend,L,170,USA,,6-1 7-6(3),3,R32,,,,,,,,,,,,,,,,,,,,,,,
2025-902,Miami,Hard,128,PM,20250319,30,203389,14,,Danielle Collins,R,178,USA,,214119,,Q,Rebeka Masarova,R,186,ESP,,6-4 3-6 6-3,3,R32,,,,,,,,,,,,,,,,,,,,,,,
2025-902,Miami,Hard,128,PM,20250319,31,214544,1,,Aryna Sabalenka,R,182,BLR,,211817,,Q,Elena Gabriela Ruse,R,,ROU,,6-1 0-0 RET,3,R32,,,,,,,,,,,,,,,,,,,,,,,
2025-902,Miami,Hard,128,PM,20250319,32,216347,2,,Iga Swiatek,R,176,POL,,201614,,,Caroline Garcia,R,177,FRA,,6-2 7-5,3,R64,,,,,,,,,,,,,,,,,,,,,,,
2025-902,Miami,Hard,128,PM,20250319,33,210722,27,,Elise Mertens,R,179,BEL,,220548,,,Peyton Stearns,R,,USA,,6-4 6-1,3,R64,,,,,,,,,,,,,,,,,,,,,,,
2025-902,Miami,Hard,128,PM,20250319,34,202494,22,,Elina Svitolina,R,174,UKR,,202505,,,Belinda Bencic,R,175,SUI,,6-1 6-2,3,R64,,,,,,,,,,,,,,,,,,,,,,,
2025-902,Miami,Hard,128,PM,20250319,35,214096,15,,Karolina Muchova,R,178,CZE,,201458,,,Victoria Azarenka,R,180,BLR,,6-0 0-0 RET,3,R64,,,,,,,,,,,,,,,,,,,,,,,
2025-902,Miami,Hard,128,PM,20250319,36,211651,10,,Paula Badosa,R,180,ESP,,239475,,WC,Victoria Mboko,R,,CAN,,7-5 1-6 7-6(3),3,R64,,,,,,,,,,,,,,,,,,,,,,,
2025-902,Miami,Hard,128,PM,20250319,37,220704,20,,Clara Tauson,R,182,DEN,,211814,,,Julia Grabher,R,170,AUT,,6-4 7-5,3,R64,,,,,,,,,,,,,,,,,,,,,,,
2025-902,Miami,Hard,128,PM,20250319,38,223253,,WC,Alexandra Eala,L,173,PHI,,211533,25,,Jelena Ostapenko,R,177,LAT,,7-6(2) 7-5,3,R64,,,,,,,,,,,,,,,,,,,,,,,
2025-902,Miami,Hard,128,PM,20250319,39,201619,5,,Madison Keys,R,178,USA,,220589,,,Elina Avanesyan,R,,ARM,,6-3 6-3,3,R64,,,,,,,,,,,,,,,,,,,,,,,
2025-902,Miami,Hard,128,PM,20250319,40,202468,4,,Jessica Pegula,R,170,USA,,211095,,Q,Bernarda Pera,L,175,USA,,6-4 6-4,3,R64,,,,,,,,,,,,,,,,,,,,,,,
2025-902,Miami,Hard,128,PM,20250319,41,214939,32,,Anna Kalinskaya,R,175,RUS,,220416,,,Moyuka Uchijima,R,171,JPN,,6-1 6-3,3,R64,,,,,,,,,,,,,,,,,,,,,,,
2025-902,Miami,Hard,128,PM,20250319,42,216146,23,,Marta Kostyuk,R,175,UKR,,214040,,Q,Kimberly Birrell,R,170,AUS,,7-5 4-6 6-3,3,R64,,,,,,,,,,,,,,,,,,,,,,,
2025-902,Miami,Hard,128,PM,20250319,43,215020,,,Anna Blinkova,R,179,RUS,,223670,13,,Diana Shnaider,L,,RUS,,6-4 7-6(0),3,R64,,,,,,,,,,,,,,,,,,,,,,,
2025-902,Miami,Hard,128,PM,20250319,44,259799,11,,Mirra Andreeva,R,,RUS,,206368,,,Veronika Kudermetova,R,175,RUS,,6-0 6-2,3,R64,,,,,,,,,,,,,,,,,,,,,,,
2025-902,Miami,Hard,128,PM,20250319,45,216153,17,,Amanda Anisimova,R,180,USA,,210886,,,Mayar Sherif,R,180,EGY,,6-2 6-2,3,R64,,,,,,,,,,,,,,,,,,,,,,,
2025-902,Miami,Hard,128,PM,20250319,46,220520,,,Mccartney Kessler,R,,USA,,222328,30,,Linda Noskova,R,,CZE,,2-6 7-5 7-6(4),3,R64,,,,,,,,,,,,,,,,,,,,,,,
2025-902,Miami,Hard,128,PM,20250319,47,221054,,,Emma Raducanu,R,175,GBR,,215613,8,,Emma Navarro,R,,USA,,7-6(6) 2-6 7-6(3),3,R64,,,,,,,,,,,,,,,,,,,,,,,
2025-902,Miami,Hard,128,PM,20250319,48,211148,6,,Jasmine Paolini,R,160,ITA,,211685,,,Rebecca Sramkova,R,,SVK,,6-4 6-4,3,R64,,,,,,,,,,,,,,,,,,,,,,,
2025-902,Miami,Hard,128,PM,20250319,49,202460,31,,Ons Jabeur,R,167,TUN,,211701,,,Katerina Siniakova,R,174,CZE,,6-4 7-6(7),3,R64,,,,,,,,,,,,,,,,,,,,,,,
2025-902,Miami,Hard,128,PM,20250319,50,211768,,,Naomi Osaka,R,180,JPN,,214643,24,,Liudmila Samsonova,R,180,RUS,,6-2 6-4,3,R64,,,,,,,,,,,,,,,,,,,,,,,
2025-902,Miami,Hard,128,PM,20250319,51,221024,,WC,Hailey Baptiste,R,,USA,,214082,12,,Daria Kasatkina,R,170,RUS,,3-6 6-4 7-5,3,R64,,,,,,,,,,,,,,,,,,,,,,,
2025-902,Miami,Hard,128,PM,20250319,52,222258,,Q,Linda Fruhvirtova,R,,CZE,,206242,16,,Beatriz Haddad Maia,L,185,BRA,,6-0 6-2,3,R64,,,,,,,,,,,,,,,,,,,,,,,
2025-902,Miami,Hard,128,PM,20250319,53,202663,,,Magda Linette,R,171,POL,,206420,18,,Ekaterina Alexandrova,R,175,RUS,,7-6(5) 6-2,3,R64,,,,,,,,,,,,,,,,,,,,,,,
2025-902,Miami,Hard,128,PM,20250319,54,206289,28,,Maria Sakkari,R,172,GRE,,214459,,,Lucia Bronzetti,R,,ITA,,6-3 5-7 6-4,3,R64,,,,,,,,,,,,,,,,,,,,,,,
2025-902,Miami,Hard,128,PM,20250319,55,221103,3,,Coco Gauff,R,175,USA,,213550,,,Sofia Kenin,R,170,USA,,6-0 6-0,3,R64,,,,,,,,,,,,,,,,,,,,,,,
2025-902,Miami,Hard,128,PM,20250319,56,221909,,,Ashlyn Krueger,R,185,USA,,214981,7,,Elena Rybakina,R,184,KAZ,,6-4 2-6 6-4,3,R64,,,,,,,,,,,,,,,,,,,,,,,
2025-902,Miami,Hard,128,PM,20250319,57,220367,26,,Leylah Fernandez,L,168,CAN,,219917,,,Alycia Parks,R,185,USA,,7-6(1) 6-3,3,R64,,,,,,,,,,,,,,,,,,,,,,,
2025-902,Miami,Hard,128,PM,20250319,58,203501,,Q,Taylor Townsend,L,170,USA,,201709,19,,Yulia Putintseva,R,163,KAZ,,7-6(2) 1-6 6-1,3,R64,,,,,,,,,,,,,,,,,,,,,,,
2025-902,Miami,Hard,128,PM,20250319,59,221012,9,,Qinwen Zheng,R,,CHN,,201616,,,Lauren Davis,R,157,USA,,6-1 7-5,3,R64,,,,,,,,,,,,,,,,,,,,,,,
2025-902,Miami,Hard,128,PM,20250319,60,203389,14,,Danielle Collins,R,178,USA,,201514,,,Sorana Cirstea,R,176,ROU,,6-4 7-6(3),3,R64,,,,,,,,,,,,,,,,,,,,,,,
2025-902,Miami,Hard,128,PM,20250319,61,214119,,Q,Rebeka Masarova,R,186,ESP,,202499,21,,Donna Vekic,R,179,CRO,,6-1 6-3,3,R64,,,,,,,,,,,,,,,,,,,,,,,
2025-902,Miami,Hard,128,PM,20250319,62,211817,,Q,Elena Gabriela Ruse,R,,ROU,,211684,29,,Magdalena Frech,R,171,POL,,6-4 6-4,3,R64,,,,,,,,,,,,,,,,,,,,,,,
2025-902,Miami,Hard,128,PM,20250319,63,214544,1,,Aryna Sabalenka,R,182,BLR,,202600,,,Viktoriya Tomova,R,170,BUL,,6-3 6-0,3,R64,,,,,,,,,,,,,,,,,,,,,,,
2025-902,Miami,Hard,128,PM,20250319,64,201614,,,Caroline Garcia,R,177,FRA,,214388,,Q,Anna Bondar,R,,HUN,,6-0 7-6(5),3,R128,,,,,,,,,,,,,,,,,,,,,,,
2025-902,Miami,Hard,128,PM,20250319,65,220548,,,Peyton Stearns,R,,USA,,211107,,,Katie Boulter,R,180,GBR,,6-4 6-2,3,R128,,,,,,,,,,,,,,,,,,,,,,,
2025-902,Miami,Hard,128,PM,20250319,66,202505,,,Belinda Bencic,R,175,SUI,,215035,,,Dayana Yastremska,R,175,UKR,,6-4 1-6 7-5,3,R128,,,,,,,,,,,,,,,,,,,,,,,
2025-902,Miami,Hard,128,PM,20250319,67,201458,,,Victoria Azarenka,R,180,BLR,,211843,,,Anhelina Kalinina,R,179,UKR,,6-3 6-1,3,R128,,,,,,,,,,,,,,,,,,,,,,,
2025-902,Miami,Hard,128,PM,20250319,68,239475,,WC,Victoria Mboko,R,,CAN,,215785,,,Camila Osorio,R,162,COL,,7-5 5-7 6-3,3,R128,,,,,,,,,,,,,,,,,,,,,,,
2025-902,Miami,Hard,128,PM,20250319,69,211814,,,Julia Grabher,R,170,AUT,,261972,,WC,Tyra Caterina Grant,R,,USA,,6-4 6-4,3,R128,,,,,,,,,,,,,,,,,,,,,,,
2025-902,Miami,Hard,128,PM,20250319,70,223253,,WC,Alexandra Eala,L,173,PHI,,220465,,,Katie Volynets,R,,USA,,6-3 7-6(3),3,R128,,,,,,,,,,,,,,,,,,,,,,,
2025-902,Miami,Hard,128,PM,20250319,71,220589,,,Elina Avanesyan,R,,ARM,,222965,,WC,Erika Andreeva,R,,RUS,,6-1 6-7(4) 6-4,3,R128,,,,,,,,,,,,,,,,,,,,,,,
2025-902,Miami,Hard,128,PM,20250319,72,211095,,Q,Bernarda Pera,L,175,USA,,201548,,WC,Ajla Tomljanovic,R,180,AUS,,6-3 6-2,3,R128,,,,,,,,,,,,,,,,,,,,,,,
2025-902,Miami,Hard,128,PM,20250319,73,220416,,,Moyuka Uchijima,R,171,JPN,,215480,,,Suzan Lamens,R,,NED,,6-4 6-3,3,R128,,,,,,,,,,,,,,,,,,,,,,,
2025-902,Miami,Hard,128,PM,20250319,74,214040,,Q,Kimberly Birrell,R,170,AUS,,215713,,,Anastasia Potapova,R,175,RUS,,3-6 6-3 7-6(5),3,R128,,,,,,,,,,,,,,,,,,,,,,,
2025-902,Miami,Hard,128,PM,20250319,75,215020,,,Anna Blinkova,R,179,RUS,,215872,,,Kamilla Rakhimova,R,,RUS,,4-6 6-3 6-2,3,R128,,,,,,,,,,,,,,,,,,,,,,,
2025-902,Miami,Hard,128,PM,20250319,76,206368,,,Veronika Kudermetova,R,175,RUS,,216133,,,Xin Yu Wang,R,182,CHN,,6-2 7-6(5),3,R128,,,,,,,,,,,,,,,,,,,,,,,
2025-902,Miami,Hard,128,PM,20250319,77,210886,,,Mayar Sherif,R,180,EGY,,215138,,,Lulu Sun,L,,NZL,,7-5 1-6 6-4,3,R128,,,,,,,,,,,,,,,,,,,,,,,
2025-902,Miami,Hard,128,PM,20250319,78,220520,,,Mccartney Kessler,R,,USA,,213631,,,Marie Bouzkova,R,180,CZE,,6-4 2-6 6-4,3,R128,,,,,,,,,,,,,,,,,,,,,,,
2025-902,Miami,Hard,128,PM,20250319,79,221054,,,Emma Raducanu,R,175,GBR,,259967,,WC,Sayaka Ishii,U,,JPN,,6-2 6-1,3,R128,,,,,,,,,,,,,,,,,,,,,,,
2025-902,Miami,Hard,128,PM,20250319,80,211685,,,Rebecca Sramkova,R,,SVK,,214593,,Q,Lucrezia Stefanini,R,,ITA,,3-6 6-1 6-3,3,R128,,,,,,,,,,,,,,,,,,,,,,,
2025-902,Miami,Hard,128,PM,20250319,81,211701,,,Katerina Siniakova,R,174,CZE,,206294,,,Yue Yuan,R,184,CHN,,6-2 2-6 7-6(4),3,R128,,,,,,,,,,,,,,,,,,,,,,,
2025-902,Miami,Hard,128,PM,20250319,82,211768,,,Naomi Osaka,R,180,JPN,,263857,,Q,Yuliia Starodubtseva,R,,UKR,,3-6 6-4 6-3,3,R128,,,,,,,,,,,,,,,,,,,,,,,
2025-902,Miami,Hard,128,PM,20250319,83,221024,,WC,Hailey Baptiste,R,,USA,,215337,,,Olga Danilovic,L,,SRB,,6-3 6-7(5) 6-1,3,R128,,,,,,,,,,,,,,,,,,,,,,,
2025-902,Miami,Hard,128,PM,20250319,84,222258,,Q,Linda Fruhvirtova,R,,CZE,,214906,,Q,Claire Liu,R,170,USA,,7-5 4-6 6-3,3,R128,,,,,,,,,,,,,,,,,,,,,,,
2025-902,Miami,Hard,128,PM,20250319,85,202663,,,Magda Linette,R,171,POL,,201499,,,Anastasia Pavlyuchenkova,R,177,RUS,,7-6(3) 6-2,3,R128,,,,,,,,,,,,,,,,,,,,,,,
2025-902,Miami,Hard,128,PM,20250319,86,214459,,,Lucia Bronzetti,R,,ITA,,222601,,,Jessica Bouzas Maneiro,R,,ESP,,6-4 6-3,3,R128,,,,,,,,,,,,,,,,,,,,,,,
2025-902,Miami,Hard,128,PM,20250319,87,213550,,,Sofia Kenin,R,170,USA,,201520,,WC,Petra Kvitova,L,183,CZE,,6-4 7-5,3,R128,,,,,,,,,,,,,,,,,,,,,,,
2025-902,Miami,Hard,128,PM,20250319,88,221909,,,Ashlyn Krueger,R,185,USA,,213887,,,Renata Zarazua,R,,MEX,,6-3 6-2,3,R128,,,,,,,,,,,,,,,,,,,,,,,
2025-902,Miami,Hard,128,PM,20250319,89,219917,,,Alycia Parks,R,185,USA,,219875,,,Varvara Gracheva,R,,FRA,,3-6 7-6(0) 6-3,3,R128,,,,,,,,,,,,,,,,,,,,,,,
2025-902,Miami,Hard,128,PM,20250319,90,203501,,Q,Taylor Townsend,L,170,USA,,215983,,,Ann Li,R,170,USA,,3-6 6-4 6-2,3,R128,,,,,,,,,,,,,,,,,,,,,,,
2025-902,Miami,Hard,128,PM,20250319,91,201616,,,Lauren Davis,R,157,USA,,256684,,Q,Aoi Ito,U,,JPN,,6-4 3-6 6-4,3,R128,,,,,,,,,,,,,,,,,,,,,,,
2025-902,Miami,Hard,128,PM,20250319,92,201514,,,Sorana Cirstea,R,176,ROU,,220714,,,Elisabetta Cocciaretto,R,,ITA,,6-3 7-6(5),3,R128,,,,,,,,,,,,,,,,,,,,,,,
2025-902,Miami,Hard,128,PM,20250319,93,214119,,Q,Rebeka Masarova,R,186,ESP,,213889,,Q,Greet Minnen,R,,BEL,,6-7(4) 6-4 7-5,3,R128,,,,,,,,,,,,,,,,,,,,,,,
2025-902,Miami,Hard,128,PM,20250319,94,211817,,Q,Elena Gabriela Ruse,R,,ROU,,221236,,,Polina Kudermetova,R,,RUS,,6-1 6-7(5) 6-2,3,R128,,,,,,,,,,,,,,,,,,,,,,,
2025-902,Miami,Hard,128,PM,20250319,95,202600,,,Viktoriya Tomova,R,170,BUL,,216083,,,Caty Mcnally,R,,USA,,6-3 2-6 6-3,3,R128,,,,,,,,,,,,,,,,,,,,,,,
2025-804,Charleston,Clay,64,P,20250331,1,202468,1,,Jessica Pegula,R,170,USA,,213550,,,Sofia Kenin,R,170,USA,,6-3 7-5,3,F,,,,,,,,,,,,,,,,,,,,,,,
2025-804,Charleston,Clay,64,P,20250331,2,213550,,,Sofia Kenin,R,170,USA,,216153,8,,Amanda Anisimova,R,180,USA,,5-2 RET,3,SF,,,,,,,,,,,,,,,,,,,,,,,
2025-804,Charleston,Clay,64,P,20250331,3,202468,1,,Jessica Pegula,R,170,USA,,206420,9,,Ekaterina Alexandrova,R,175,RUS,,6-2 2-6 7-5,3,SF,,,,,,,,,,,,,,,,,,,,,,,
2025-804,Charleston,Clay,64,P,20250331,4,213550,,,Sofia Kenin,R,170,USA,,214939,14,,Anna Kalinskaya,R,175,RUS,,6-4 6-3,3,QF,,,,,,,,,,,,,,,,,,,,,,,
2025-804,Charleston,Clay,64,P,20250331,5,216153,8,,Amanda Anisimova,R,180,USA,,215613,4,,Emma Navarro,R,,USA,,7-5 7-6(1),3,QF,,,,,,,,,,,,,,,,,,,,,,,
2025-804,Charleston,Clay,64,P,20250331,6,206420,9,,Ekaterina Alexandrova,R,175,RUS,,221012,3,,Qinwen Zheng,R,,CHN,,6-1 6-4,3,QF,,,,,,,,,,,,,,,,,,,,,,,
2025-804,Charleston,Clay,64,P,20250331,7,202468,1,,Jessica Pegula,R,170,USA,,203389,7,,Danielle Collins,R,178,USA,,1-6 6-3 6-0,3,QF,,,,,,,,,,,,,,,,,,,,,,,
2025-804,Charleston,Clay,64,P,20250331,8,214939,14,,Anna Kalinskaya,R,175,RUS,,201619,2,,Madison Keys,R,178,USA,,6-2 6-4,3,R16,,,,,,,,,,,,,,,,,,,,,,,
2025-804,Charleston,Clay,64,P,20250331,9,213550,,,Sofia Kenin,R,170,USA,,214082,5,,Daria Kasatkina,R,170,RUS,,6-3 7-6(7),3,R16,,,,,,,,,,,,,,,,,,,,,,,
2025-804,Charleston,Clay,64,P,20250331,10,215613,4,,Emma Navarro,R,,USA,,221909,15,,Ashlyn Krueger,R,185,USA,,4-6 6-4 6-2,3,R16,,,,,,,,,,,,,,,,,,,,,,,
2025-804,Charleston,Clay,64,P,20250331,11,216153,8,,Amanda Anisimova,R,180,USA,,201709,10,,Yulia Putintseva,R,163,KAZ,,6-4 6-4,3,R16,,,,,,,,,,,,,,,,,,,,,,,
2025-804,Charleston,Clay,64,P,20250331,12,206420,9,,Ekaterina Alexandrova,R,175,RUS,,223670,6,,Diana Shnaider,L,,RUS,,6-2 6-1,3,R16,,,,,,,,,,,,,,,,,,,,,,,
2025-804,Charleston,Clay,64,P,20250331,13,221012,3,,Qinwen Zheng,R,,CHN,,210722,13,,Elise Mertens,R,179,BEL,,6-3 3-6 6-3,3,R16,,,,,,,,,,,,,,,,,,,,,,,
2025-804,Charleston,Clay,64,P,20250331,14,203389,7,,Danielle Collins,R,178,USA,,211533,11,,Jelena Ostapenko,R,177,LAT,,7-5 6-3,3,R16,,,,,,,,,,,,,,,,,,,,,,,
2025-804,Charleston,Clay,64,P,20250331,15,202468,1,,Jessica Pegula,R,170,USA,,201548,,,Ajla Tomljanovic,R,180,AUS,,6-3 6-2,3,R16,,,,,,,,,,,,,,,,,,,,,,,
2025-804,Charleston,Clay,64,P,20250331,16,201619,2,,Madison Keys,R,178,USA,,214452,,,Caroline Dolehide,R,178,USA,,6-3 7-6(4),3,R32,,,,,,,,,,,,,,,,,,,,,,,
2025-804,Charleston,Clay,64,P,20250331,17,214939,14,,Anna Kalinskaya,R,175,RUS,,216083,,Q,Caty Mcnally,R,,USA,,6-1 6-4,3,R32,,,,,,,,,,,,,,,,,,,,,,,
2025-804,Charleston,Clay,64,P,20250331,18,213550,,,Sofia Kenin,R,170,USA,,202505,17,,Belinda Bencic,R,175,SUI,,6-0 6-3,3,R32,,,,,,,,,,,,,,,,,,,,,,,
2025-804,Charleston,Clay,64,P,20250331,19,214082,5,,Daria Kasatkina,R,170,RUS,,201616,,WC,Lauren Davis,R,157,USA,,6-1 6-1,3,R32,,,,,,,,,,,,,,,,,,,,,,,
2025-804,Charleston,Clay,64,P,20250331,20,215613,4,,Emma Navarro,R,,USA,,221024,,,Hailey Baptiste,R,,USA,,6-4 6-3,3,R32,,,,,,,,,,,,,,,,,,,,,,,
2025-804,Charleston,Clay,64,P,20250331,21,221909,15,,Ashlyn Krueger,R,185,USA,,220465,,,Katie Volynets,R,,USA,,6-3 7-6(4),3,R32,,,,,,,,,,,,,,,,,,,,,,,
2025-804,Charleston,Clay,64,P,20250331,22,201709,10,,Yulia Putintseva,R,163,KAZ,,201533,,Q,Shuai Zhang,R,177,CHN,,7-6(5) 6-1,3,R32,,,,,,,,,,,,,,,,,,,,,,,
2025-804,Charleston,Clay,64,P,20250331,23,216153,8,,Amanda Anisimova,R,180,USA,,206368,,,Veronika Kudermetova,R,175,RUS,,6-2 6-2,3,R32,,,,,,,,,,,,,,,,,,,,,,,
2025-804,Charleston,Clay,64,P,20250331,24,223670,6,,Diana Shnaider,L,,RUS,,221236,,,Polina Kudermetova,R,,RUS,,6-3 6-2,3,R32,,,,,,,,,,,,,,,,,,,,,,,
2025-804,Charleston,Clay,64,P,20250331,25,206420,9,,Ekaterina Alexandrova,R,175,RUS,,215983,,,Ann Li,R,170,USA,,6-3 6-0,3,R32,,,,,,,,,,,,,,,,,,,,,,,
2025-804,Charleston,Clay,64,P,20250331,26,210722,13,,Elise Mertens,R,179,BEL,,219875,,,Varvara Gracheva,R,,FRA,,6-3 7-5,3,R32,,,,,,,,,,,,,,,,,,,,,,,
2025-804,Charleston,Clay,64,P,20250331,27,221012,3,,Qinwen Zheng,R,,CHN,,206289,,,Maria Sakkari,R,172,GRE,,6-4 6-1,3,R32,,,,,,,,,,,,,,,,,,,,,,,
2025-804,Charleston,Clay,64,P,20250331,28,203389,7,,Danielle Collins,R,178,USA,,221905,,,Robin Montgomery,L,,USA,,6-3 6-1,3,R32,,,,,,,,,,,,,,,,,,,,,,,
2025-804,Charleston,Clay,64,P,20250331,29,211533,11,,Jelena Ostapenko,R,177,LAT,,211635,,Q,Louisa Chirico,R,175,USA,,7-5 6-2,3,R32,,,,,,,,,,,,,,,,,,,,,,,
2025-804,Charleston,Clay,64,P,20250331,30,201548,,,Ajla Tomljanovic,R,180,AUS,,220548,16,,Peyton Stearns,R,,USA,,6-1 6-4,3,R32,,,,,,,,,,,,,,,,,,,,,,,
2025-804,Charleston,Clay,64,P,20250331,31,202468,1,,Jessica Pegula,R,170,USA,,213576,,Q,Iryna Shymanovich,R,,BLR,,6-0 6-3,3,R32,,,,,,,,,,,,,,,,,,,,,,,
2025-804,Charleston,Clay,64,P,20250331,32,214452,,,Caroline Dolehide,R,178,USA,,220714,,,Elisabetta Cocciaretto,R,,ITA,,6-4 6-1,3,R64,,,,,,,,,,,,,,,,,,,,,,,
2025-804,Charleston,Clay,64,P,20250331,33,216083,,Q,Caty Mcnally,R,,USA,,211843,,,Anhelina Kalinina,R,179,UKR,,4-6 6-1 6-4,3,R64,,,,,,,,,,,,,,,,,,,,,,,
2025-804,Charleston,Clay,64,P,20250331,34,213550,,,Sofia Kenin,R,170,USA,,211095,,,Bernarda Pera,L,175,USA,,6-3 6-4,3,R64,,,,,,,,,,,,,,,,,,,,,,,
2025-804,Charleston,Clay,64,P,20250331,35,201616,,WC,Lauren Davis,R,157,USA,,211222,,Q,Jamie Loeb,R,168,USA,,3-6 6-1 6-3,3,R64,,,,,,,,,,,,,,,,,,,,,,,
2025-804,Charleston,Clay,64,P,20250331,36,221024,,,Hailey Baptiste,R,,USA,,216265,,,Olivia Gadecki,R,,AUS,,6-2 6-4,3,R64,,,,,,,,,,,,,,,,,,,,,,,
2025-804,Charleston,Clay,64,P,20250331,37,220465,,,Katie Volynets,R,,USA,,214684,,Q,Katherine Sebov,R,173,CAN,,6-0 6-0,3,R64,,,,,,,,,,,,,,,,,,,,,,,
2025-804,Charleston,Clay,64,P,20250331,38,201533,,Q,Shuai Zhang,R,177,CHN,,214459,,,Lucia Bronzetti,R,,ITA,,7-5 5-7 6-4,3,R64,,,,,,,,,,,,,,,,,,,,,,,
2025-804,Charleston,Clay,64,P,20250331,39,206368,,,Veronika Kudermetova,R,175,RUS,,215064,,WC,Maria Mateas,R,,USA,,6-0 6-2,3,R64,,,,,,,,,,,,,,,,,,,,,,,
2025-804,Charleston,Clay,64,P,20250331,40,221236,,,Polina Kudermetova,R,,RUS,,201593,,,Irina Camelia Begu,R,181,ROU,,6-3 6-4,3,R64,,,,,,,,,,,,,,,,,,,,,,,
2025-804,Charleston,Clay,64,P,20250331,41,215983,,,Ann Li,R,170,USA,,215020,,,Anna Blinkova,R,179,RUS,,6-4 6-3,3,R64,,,,,,,,,,,,,,,,,,,,,,,
2025-804,Charleston,Clay,64,P,20250331,42,219875,,,Varvara Gracheva,R,,FRA,,211279,,,Harriet Dart,R,175,GBR,,6-1 3-6 6-1,3,R64,,,,,,,,,,,,,,,,,,,,,,,
2025-804,Charleston,Clay,64,P,20250331,43,206289,,,Maria Sakkari,R,172,GRE,,222233,,WC,Marina Stakusic,R,,CAN,,6-3 6-2,3,R64,,,,,,,,,,,,,,,,,,,,,,,
2025-804,Charleston,Clay,64,P,20250331,44,221905,,,Robin Montgomery,L,,USA,,202600,,,Viktoriya Tomova,R,170,BUL,,6-1 6-3,3,R64,,,,,,,,,,,,,,,,,,,,,,,
2025-804,Charleston,Clay,64,P,20250331,45,211635,,Q,Louisa Chirico,R,175,USA,,222965,,,Erika Andreeva,R,,RUS,,6-4 3-6 6-4,3,R64,,,,,,,,,,,,,,,,,,,,,,,
2025-804,Charleston,Clay,64,P,20250331,46,201548,,,Ajla Tomljanovic,R,180,AUS,,211846,,LL,Kyoka Okamura,R,,JPN,,3-6 6-1 6-2,3,R64,,,,,,,,,,,,,,,,,,,,,,,
2025-804,Charleston,Clay,64,P,20250331,47,213576,,Q,Iryna Shymanovich,R,,BLR,,201586,,WC,Heather Watson,R,170,GBR,,7-6(8) 6-4,3,R64,,,,,,,,,,,,,,,,,,,,,,,
2025-894,Bogota,Clay,32,I,20250331,1,215785,2,,Camila Osorio,R,162,COL,,203514,,Q,Katarzyna Kawa,R,178,POL,,6-3 6-3,3,F,,,,,,,,,,,,,,,,,,,,,,,
2025-894,Bogota,Clay,32,I,20250331,2,215785,2,,Camila Osorio,R,162,COL,,220699,,,Julia Riera,R,,ARG,,6-4 7-5,3,SF,,,,,,,,,,,,,,,,,,,,,,,
2025-894,Bogota,Clay,32,I,20250331,3,203514,,Q,Katarzyna Kawa,R,178,POL,,264075,,Q,Julieta Pareja,R,,USA,,7-5 6-2,3,SF,,,,,,,,,,,,,,,,,,,,,,,
2025-894,Bogota,Clay,32,I,20250331,4,215785,2,,Camila Osorio,R,162,COL,,213583,6,,Tatjana Maria,R,172,GER,,6-1 6-3,3,QF,,,,,,,,,,,,,,,,,,,,,,,
2025-894,Bogota,Clay,32,I,20250331,5,220699,,,Julia Riera,R,,ARG,,214521,,Q,Lea Boskovic,R,,CRO,,6-3 2-6 6-1,3,QF,,,,,,,,,,,,,,,,,,,,,,,
2025-894,Bogota,Clay,32,I,20250331,6,264075,,Q,Julieta Pareja,R,,USA,,206417,,,Leolia Jeanjean,R,,FRA,,7-6(5) 6-3,3,QF,,,,,,,,,,,,,,,,,,,,,,,
2025-894,Bogota,Clay,32,I,20250331,7,203514,,Q,Katarzyna Kawa,R,178,POL,,213631,1,,Marie Bouzkova,R,180,CZE,,5-7 6-1 7-5,3,QF,,,,,,,,,,,,,,,,,,,,,,,
2025-894,Bogota,Clay,32,I,20250331,8,215785,2,,Camila Osorio,R,162,COL,,211765,,,Emina Bektas,R,,USA,,1-6 7-6(5) 6-2,3,R16,,,,,,,,,,,,,,,,,,,,,,,
2025-894,Bogota,Clay,32,I,20250331,9,213583,6,,Tatjana Maria,R,172,GER,,213949,,,Hanna Chang,R,,USA,,6-0 7-6(0),3,R16,,,,,,,,,,,,,,,,,,,,,,,
2025-894,Bogota,Clay,32,I,20250331,10,220699,,,Julia Riera,R,,ARG,,260300,,,Iva Jovic,R,,USA,,6-4 6-2,3,R16,,,,,,,,,,,,,,,,,,,,,,,
2025-894,Bogota,Clay,32,I,20250331,11,214521,,Q,Lea Boskovic,R,,CRO,,213710,8,,Cristina Bucsa,R,,ESP,,6-1 6-4,3,R16,,,,,,,,,,,,,,,,,,,,,,,
2025-894,Bogota,Clay,32,I,20250331,12,206417,,,Leolia Jeanjean,R,,FRA,,221911,,,Selena Janicijevic,R,183,FRA,,6-4 6-3,3,R16,,,,,,,,,,,,,,,,,,,,,,,
2025-894,Bogota,Clay,32,I,20250331,13,264075,,Q,Julieta Pareja,R,,USA,,206255,,LL,Patricia Maria Tig,R,,ROU,,6-3 7-6(3),3,R16,,,,,,,,,,,,,,,,,,,,,,,
2025-894,Bogota,Clay,32,I,20250331,14,203514,,Q,Katarzyna Kawa,R,178,POL,,206007,,,Laura Pigossi,R,164,BRA,,1-6 7-6(5) 6-3,3,R16,,,,,,,,,,,,,,,,,,,,,,,
2025-894,Bogota,Clay,32,I,20250331,15,213631,1,,Marie Bouzkova,R,180,CZE,,213779,,Q,Raluka Serban,R,,CYP,,6-1 6-3,3,R16,,,,,,,,,,,,,,,,,,,,,,,
2025-894,Bogota,Clay,32,I,20250331,16,215785,2,,Camila Osorio,R,162,COL,,246476,,WC,Mariana Isabel Higuita Barraza,U,,COL,,6-0 6-1,3,R32,,,,,,,,,,,,,,,,,,,,,,,
2025-894,Bogota,Clay,32,I,20250331,17,211765,,,Emina Bektas,R,,USA,,222000,,WC,Maria Camila Torres Murcia,L,,COL,,6-0 6-3,3,R32,,,,,,,,,,,,,,,,,,,,,,,
2025-894,Bogota,Clay,32,I,20250331,18,213949,,,Hanna Chang,R,,USA,,201478,,,Varvara Lepchenko,L,180,USA,,4-6 6-1 6-2,3,R32,,,,,,,,,,,,,,,,,,,,,,,
2025-894,Bogota,Clay,32,I,20250331,19,213583,6,,Tatjana Maria,R,172,GER,,203564,,,Chloe Paquet,R,179,FRA,,6-7(5) 7-5 6-4,3,R32,,,,,,,,,,,,,,,,,,,,,,,
2025-894,Bogota,Clay,32,I,20250331,20,260300,,,Iva Jovic,R,,USA,,219917,3,,Alycia Parks,R,185,USA,,6-1 6-4,3,R32,,,,,,,,,,,,,,,,,,,,,,,
2025-894,Bogota,Clay,32,I,20250331,21,220699,,,Julia Riera,R,,ARG,,215936,,,Francesca Jones,R,,GBR,,6-2 5-7 5-3 RET,3,R32,,,,,,,,,,,,,,,,,,,,,,,
2025-894,Bogota,Clay,32,I,20250331,22,214521,,Q,Lea Boskovic,R,,CRO,,210705,,Q,Irina Bara,R,,ROU,,6-4 6-4,3,R32,,,,,,,,,,,,,,,,,,,,,,,
2025-894,Bogota,Clay,32,I,20250331,23,213710,8,,Cristina Bucsa,R,,ESP,,215259,,,Leonie Kung,R,176,SUI,,6-1 6-7(2) 6-1,3,R32,,,,,,,,,,,,,,,,,,,,,,,
2025-894,Bogota,Clay,32,I,20250331,24,221911,,,Selena Janicijevic,R,183,FRA,,204427,7,,Sara Sorribes Tormo,R,176,ESP,,6-1 6-2,3,R32,,,,,,,,,,,,,,,,,,,,,,,
2025-894,Bogota,Clay,32,I,20250331,25,206417,,,Leolia Jeanjean,R,,FRA,,210303,,,Kathinka Von Deichmann,R,176,LIE,,6-4 7-5,3,R32,,,,,,,,,,,,,,,,,,,,,,,
2025-894,Bogota,Clay,32,I,20250331,26,264075,,Q,Julieta Pareja,R,,USA,,263775,,WC,Maria Jose Sanchez Uribe,U,,COL,,6-1 6-1,3,R32,,,,,,,,,,,,,,,,,,,,,,,
2025-894,Bogota,Clay,32,I,20250331,27,206255,,LL,Patricia Maria Tig,R,,ROU,,215306,4,,Emiliana Arango,R,,COL,,6-3 6-3,3,R32,,,,,,,,,,,,,,,,,,,,,,,
2025-894,Bogota,Clay,32,I,20250331,28,206007,,,Laura Pigossi,R,164,BRA,,201696,5,,Laura Siegemund,R,168,GER,,4-6 6-1 6-1,3,R32,,,,,,,,,,,,,,,,,,,,,,,
2025-894,Bogota,Clay,32,I,20250331,29,203514,,Q,Katarzyna Kawa,R,178,POL,,260848,,WC,Valentina Mediorreal Arias,U,,COL,,6-1 6-1,3,R32,,,,,,,,,,,,,,,,,,,,,,,
2025-894,Bogota,Clay,32,I,20250331,30,213779,,Q,Raluka Serban,R,,CYP,,203463,,,Nuria Parrizas Diaz,R,167,ESP,,2-6 6-4 6-1,3,R32,,,,,,,,,,,,,,,,,,,,,,,
2025-894,Bogota,Clay,32,I,20250331,31,213631,1,,Marie Bouzkova,R,180,CZE,,202434,,Q,Aleksandra Krunic,R,163,SRB,,6-0 3-6 6-3,3,R32,,,,,,,,,,,,,,,,,,,,,,,
2025-1051,Stuttgart,Clay,32,P,20250414,1,211533,,,Jelena Ostapenko,R,177,LAT,,214544,1,,Aryna Sabalenka,R,182,BLR,,6-4 6-1,3,F,,,,,,,,,,,,,,,,,,,,,,,
2025-1051,Stuttgart,Clay,32,P,20250414,2,211533,,,Jelena Ostapenko,R,177,LAT,,206420,,,Ekaterina Alexandrova,R,175,RUS,,6-4 6-4,3,SF,,,,,,,,,,,,,,,,,,,,,,,
2025-1051,Stuttgart,Clay,32,P,20250414,3,214544,1,,Aryna Sabalenka,R,182,BLR,,211148,5,,Jasmine Paolini,R,160,ITA,,7-5 6-4,3,SF,,,,,,,,,,,,,,,,,,,,,,,
2025-1051,Stuttgart,Clay,32,P,20250414,4,211533,,,Jelena Ostapenko,R,177,LAT,,216347,2,,Iga Swiatek,R,176,POL,,6-3 3-6 6-2,3,QF,,,,,,,,,,,,,,,,,,,,,,,
2025-1051,Stuttgart,Clay,32,P,20250414,5,206420,,,Ekaterina Alexandrova,R,175,RUS,,202468,3,,Jessica Pegula,R,170,USA,,6-0 6-4,3,QF,,,,,,,,,,,,,,,,,,,,,,,
2025-1051,Stuttgart,Clay,32,P,20250414,6,211148,5,,Jasmine Paolini,R,160,ITA,,221103,4,,Coco Gauff,R,175,USA,,6-4 6-3,3,QF,,,,,,,,,,,,,,,,,,,,,,,
2025-1051,Stuttgart,Clay,32,P,20250414,7,214544,1,,Aryna Sabalenka,R,182,BLR,,210722,,,Elise Mertens,R,179,BEL,,6-4 6-1,3,QF,,,,,,,,,,,,,,,,,,,,,,,
2025-1051,Stuttgart,Clay,32,P,20250414,8,216347,2,,Iga Swiatek,R,176,POL,,213544,,Q,Jana Fett,R,168,CRO,,6-2 6-2,3,R16,,,,,,,,,,,,,,,,,,,,,,,
2025-1051,Stuttgart,Clay,32,P,20250414,9,211533,,,Jelena Ostapenko,R,177,LAT,,215613,7,,Emma Navarro,R,,USA,,7-5 3-6 6-2,3,R16,,,,,,,,,,,,,,,,,,,,,,,
2025-1051,Stuttgart,Clay,32,P,20250414,10,202468,3,,Jessica Pegula,R,170,USA,,211684,,,Magdalena Frech,R,171,POL,,6-1 6-1,3,R16,,,,,,,,,,,,,,,,,,,,,,,
2025-1051,Stuttgart,Clay,32,P,20250414,11,206420,,,Ekaterina Alexandrova,R,175,RUS,,259799,6,,Mirra Andreeva,R,,RUS,,6-3 6-2,3,R16,,,,,,,,,,,,,,,,,,,,,,,
2025-1051,Stuttgart,Clay,32,P,20250414,12,211148,5,,Jasmine Paolini,R,160,ITA,,215898,,WC,Jule Niemeier,R,178,GER,,6-1 7-5,3,R16,,,,,,,,,,,,,,,,,,,,,,,
2025-1051,Stuttgart,Clay,32,P,20250414,13,221103,4,,Coco Gauff,R,175,USA,,230870,,LL,Ella Seidel,R,,GER,,6-1 6-1,3,R16,,,,,,,,,,,,,,,,,,,,,,,
2025-1051,Stuttgart,Clay,32,P,20250414,14,210722,,,Elise Mertens,R,179,BEL,,223670,8,,Diana Shnaider,L,,RUS,,6-2 7-6(5),3,R16,,,,,,,,,,,,,,,,,,,,,,,
2025-1051,Stuttgart,Clay,32,P,20250414,15,214544,1,,Aryna Sabalenka,R,182,BLR,,215713,,,Anastasia Potapova,R,175,RUS,,W/O,3,R16,,,,,,,,,,,,,,,,,,,,,,,
2025-1051,Stuttgart,Clay,32,P,20250414,16,213544,,Q,Jana Fett,R,168,CRO,,202499,,,Donna Vekic,R,179,CRO,,7-6(2) 6-4,3,R32,,,,,,,,,,,,,,,,,,,,,,,
2025-1051,Stuttgart,Clay,32,P,20250414,17,211533,,,Jelena Ostapenko,R,177,LAT,,215035,,Q,Dayana Yastremska,R,175,UKR,,6-3 3-0 RET,3,R32,,,,,,,,,,,,,,,,,,,,,,,
2025-1051,Stuttgart,Clay,32,P,20250414,18,215613,7,,Emma Navarro,R,,USA,,206242,,,Beatriz Haddad Maia,L,185,BRA,,6-3 6-0,3,R32,,,,,,,,,,,,,,,,,,,,,,,
2025-1051,Stuttgart,Clay,32,P,20250414,19,211684,,,Magdalena Frech,R,171,POL,,201506,,LL,Sara Errani,R,164,ITA,,7-5 4-6 7-6(5),3,R32,,,,,,,,,,,,,,,,,,,,,,,
2025-1051,Stuttgart,Clay,32,P,20250414,20,206420,,,Ekaterina Alexandrova,R,175,RUS,,214643,,,Liudmila Samsonova,R,180,RUS,,6-3 6-3,3,R32,,,,,,,,,,,,,,,,,,,,,,,
2025-1051,Stuttgart,Clay,32,P,20250414,21,259799,6,,Mirra Andreeva,R,,RUS,,222965,,LL,Erika Andreeva,R,,RUS,,6-2 1-0 RET,3,R32,,,,,,,,,,,,,,,,,,,,,,,
2025-1051,Stuttgart,Clay,32,P,20250414,22,211148,5,,Jasmine Paolini,R,160,ITA,,220332,,WC,Eva Lys,R,165,GER,,6-2 6-1,3,R32,,,,,,,,,,,,,,,,,,,,,,,
2025-1051,Stuttgart,Clay,32,P,20250414,23,215898,,WC,Jule Niemeier,R,178,GER,,201696,,WC,Laura Siegemund,R,168,GER,,4-6 6-3 6-4,3,R32,,,,,,,,,,,,,,,,,,,,,,,
2025-1051,Stuttgart,Clay,32,P,20250414,24,230870,,LL,Ella Seidel,R,,GER,,213583,,WC,Tatjana Maria,R,172,GER,,3-6 7-6(2) 6-4,3,R32,,,,,,,,,,,,,,,,,,,,,,,
2025-1051,Stuttgart,Clay,32,P,20250414,25,223670,8,,Diana Shnaider,L,,RUS,,206368,,Q,Veronika Kudermetova,R,175,RUS,,5-7 6-2 6-3,3,R32,,,,,,,,,,,,,,,,,,,,,,,
2025-1051,Stuttgart,Clay,32,P,20250414,26,210722,,,Elise Mertens,R,179,BEL,,205925,,Q,Aliaksandra Sasnovich,R,174,BLR,,7-6(3) 6-2,3,R32,,,,,,,,,,,,,,,,,,,,,,,
2025-1051,Stuttgart,Clay,32,P,20250414,27,215713,,,Anastasia Potapova,R,175,RUS,,220704,,,Clara Tauson,R,182,DEN,,2-6 7-6(8) 6-3,3,R32,,,,,,,,,,,,,,,,,,,,,,,
2025-2066,Rouen,Clay,32,I,20250414,1,202494,1,,Elina Svitolina,R,174,UKR,,215337,3,,Olga Danilovic,L,,SRB,,6-4 7-6(8),3,F,,,,,,,,,,,,,,,,,,,,,,,
2025-2066,Rouen,Clay,32,I,20250414,2,215337,3,,Olga Danilovic,L,,SRB,,215480,,,Suzan Lamens,R,,NED,,6-4 6-4,3,SF,,,,,,,,,,,,,,,,,,,,,,,
2025-2066,Rouen,Clay,32,I,20250414,3,202494,1,,Elina Svitolina,R,174,UKR,,211817,,,Elena Gabriela Ruse,R,,ROU,,6-0 6-2,3,SF,,,,,,,,,,,,,,,,,,,,,,,
2025-2066,Rouen,Clay,32,I,20250414,4,215480,,,Suzan Lamens,R,,NED,,239456,,Q,Tiantsoa Sarah Rakotomanga Rajaonah,L,,FRA,,6-3 6-3,3,QF,,,,,,,,,,,,,,,,,,,,,,,
2025-2066,Rouen,Clay,32,I,20250414,5,215337,3,,Olga Danilovic,L,,SRB,,220416,5,,Moyuka Uchijima,R,171,JPN,,7-6(9) 4-6 6-1,3,QF,,,,,,,,,,,,,,,,,,,,,,,
2025-2066,Rouen,Clay,32,I,20250414,6,211817,,,Elena Gabriela Ruse,R,,ROU,,211316,,LL,Jessika Ponchet,R,,FRA,,6-2 6-2,3,QF,,,,,,,,,,,,,,,,,,,,,,,
2025-2066,Rouen,Clay,32,I,20250414,7,202494,1,,Elina Svitolina,R,174,UKR,,222601,,,Jessica Bouzas Maneiro,R,,ESP,,6-3 6-2,3,QF,,,,,,,,,,,,,,,,,,,,,,,
2025-2066,Rouen,Clay,32,I,20250414,8,215480,,,Suzan Lamens,R,,NED,,222328,2,,Linda Noskova,R,,CZE,,6-4 6-1,3,R16,,,,,,,,,,,,,,,,,,,,,,,
2025-2066,Rouen,Clay,32,I,20250414,9,239456,,Q,Tiantsoa Sarah Rakotomanga Rajaonah,L,,FRA,,211713,,,Jaqueline Cristian,R,180,ROU,,6-2 6-3,3,R16,,,,,,,,,,,,,,,,,,,,,,,
2025-2066,Rouen,Clay,32,I,20250414,10,215337,3,,Olga Danilovic,L,,SRB,,222258,,LL,Linda Fruhvirtova,R,,CZE,,6-2 3-6 6-4,3,R16,,,,,,,,,,,,,,,,,,,,,,,
2025-2066,Rouen,Clay,32,I,20250414,11,220416,5,,Moyuka Uchijima,R,171,JPN,,222391,,WC,Lois Boisson,R,,FRA,,1-6 7-6(4) 6-4,3,R16,,,,,,,,,,,,,,,,,,,,,,,
2025-2066,Rouen,Clay,32,I,20250414,12,211817,,,Elena Gabriela Ruse,R,,ROU,,202662,,Q,Camilla Rosatello,R,,ITA,,6-0 6-4,3,R16,,,,,,,,,,,,,,,,,,,,,,,
2025-2066,Rouen,Clay,32,I,20250414,13,211316,,LL,Jessika Ponchet,R,,FRA,,211539,,Q,Fiona Ferro,R,170,FRA,,7-6(4) 6-4,3,R16,,,,,,,,,,,,,,,,,,,,,,,
2025-2066,Rouen,Clay,32,I,20250414,14,222601,,,Jessica Bouzas Maneiro,R,,ESP,,219875,,,Varvara Gracheva,R,,FRA,,6-3 6-3,3,R16,,,,,,,,,,,,,,,,,,,,,,,
2025-2066,Rouen,Clay,32,I,20250414,15,202494,1,,Elina Svitolina,R,174,UKR,,211843,,,Anhelina Kalinina,R,179,UKR,,6-4 6-0,3,R16,,,,,,,,,,,,,,,,,,,,,,,
2025-2066,Rouen,Clay,32,I,20250414,16,222328,2,,Linda Noskova,R,,CZE,,211095,,,Bernarda Pera,L,175,USA,,4-6 7-6(5) 6-4,3,R32,,,,,,,,,,,,,,,,,,,,,,,
2025-2066,Rouen,Clay,32,I,20250414,17,215480,,,Suzan Lamens,R,,NED,,215370,,WC,Bianca Andreescu,R,170,CAN,,6-1 4-6 7-6(2),3,R32,,,,,,,,,,,,,,,,,,,,,,,
2025-2066,Rouen,Clay,32,I,20250414,18,211713,,,Jaqueline Cristian,R,180,ROU,,220348,,WC,Diane Parry,R,170,FRA,,6-4 6-3,3,R32,,,,,,,,,,,,,,,,,,,,,,,
2025-2066,Rouen,Clay,32,I,20250414,19,239456,,Q,Tiantsoa Sarah Rakotomanga Rajaonah,L,,FRA,,214459,7,,Lucia Bronzetti,R,,ITA,,6-2 6-3,3,R32,,,,,,,,,,,,,,,,,,,,,,,
2025-2066,Rouen,Clay,32,I,20250414,20,215337,3,,Olga Danilovic,L,,SRB,,202434,,Q,Aleksandra Krunic,R,163,SRB,,5-7 6-0 6-3,3,R32,,,,,,,,,,,,,,,,,,,,,,,
2025-2066,Rouen,Clay,32,I,20250414,21,222258,,LL,Linda Fruhvirtova,R,,CZE,,215020,,,Anna Blinkova,R,179,RUS,,6-7(5) 6-4 7-5,3,R32,,,,,,,,,,,,,,,,,,,,,,,
2025-2066,Rouen,Clay,32,I,20250414,22,222391,,WC,Lois Boisson,R,,FRA,,211279,,,Harriet Dart,R,175,GBR,,6-0 6-3,3,R32,,,,,,,,,,,,,,,,,,,,,,,
2025-2066,Rouen,Clay,32,I,20250414,23,220416,5,,Moyuka Uchijima,R,171,JPN,,215572,,LL,Nuria Brancaccio,R,,ITA,,3-6 6-2 6-1,3,R32,,,,,,,,,,,,,,,,,,,,,,,
2025-2066,Rouen,Clay,32,I,20250414,24,202662,,Q,Camilla Rosatello,R,,ITA,,219917,6,,Alycia Parks,R,185,USA,,6-2 6-3,3,R32,,,,,,,,,,,,,,,,,,,,,,,
2025-2066,Rouen,Clay,32,I,20250414,25,211817,,,Elena Gabriela Ruse,R,,ROU,,221039,,WC,Elsa Jacquemot,R,,FRA,,1-6 6-1 6-4,3,R32,,,,,,,,,,,,,,,,,,,,,,,
2025-2066,Rouen,Clay,32,I,20250414,26,211316,,LL,Jessika Ponchet,R,,FRA,,221191,,Q,Margaux Rouvroy,R,,FRA,,6-2 6-4,3,R32,,,,,,,,,,,,,,,,,,,,,,,
2025-2066,Rouen,Clay,32,I,20250414,27,211539,,Q,Fiona Ferro,R,170,FRA,,220520,4,,Mccartney Kessler,R,,USA,,6-7(8) 6-2 7-5,3,R32,,,,,,,,,,,,,,,,,,,,,,,
2025-2066,Rouen,Clay,32,I,20250414,28,219875,,,Varvara Gracheva,R,,FRA,,222661,8,,Sonay Kartal,R,,GBR,,6-3 6-2,3,R32,,,,,,,,,,,,,,,,,,,,,,,
2025-2066,Rouen,Clay,32,I,20250414,29,222601,,,Jessica Bouzas Maneiro,R,,ESP,,206289,,,Maria Sakkari,R,172,GRE,,6-0 3-6 6-3,3,R32,,,,,,,,,,,,,,,,,,,,,,,
2025-2066,Rouen,Clay,32,I,20250414,30,211843,,,Anhelina Kalinina,R,179,UKR,,211702,,Q,Nao Hibino,R,163,JPN,,6-0 6-4,3,R32,,,,,,,,,,,,,,,,,,,,,,,
2025-2066,Rouen,Clay,32,I,20250414,31,202494,1,,Elina Svitolina,R,174,UKR,,213525,,,Jil Teichmann,L,170,SUI,,6-4 6-2,3,R32,,,,,,,,,,,,,,,,,,,,,,,
2025-1038,Madrid,Clay,128,PM,20250421,1,214544,1,,Aryna Sabalenka,R,182,BLR,,221103,4,,Coco Gauff,R,175,USA,,6-3 7-6(3),3,F,,,,,,,,,,,,,,,,,,,,,,,
2025-1038,Madrid,Clay,128,PM,20250421,2,221103,4,,Coco Gauff,R,175,USA,,216347,2,,Iga Swiatek,R,176,POL,,6-1 6-1,3,SF,,,,,,,,,,,,,,,,,,,,,,,
2025-1038,Madrid,Clay,128,PM,20250421,3,214544,1,,Aryna Sabalenka,R,182,BLR,,202494,17,,Elina Svitolina,R,174,UKR,,6-3 7-5,3,SF,,,,,,,,,,,,,,,,,,,,,,,
2025-1038,Madrid,Clay,128,PM,20250421,4,216347,2,,Iga Swiatek,R,176,POL,,201619,5,,Madison Keys,R,178,USA,,0-6 6-3 6-2,3,QF,,,,,,,,,,,,,,,,,,,,,,,
2025-1038,Madrid,Clay,128,PM,20250421,5,221103,4,,Coco Gauff,R,175,USA,,259799,7,,Mirra Andreeva,R,,RUS,,7-5 6-1,3,QF,,,,,,,,,,,,,,,,,,,,,,,
2025-1038,Madrid,Clay,128,PM,20250421,6,202494,17,,Elina Svitolina,R,174,UKR,,220416,,,Moyuka Uchijima,R,171,JPN,,6-2 6-1,3,QF,,,,,,,,,,,,,,,,,,,,,,,
2025-1038,Madrid,Clay,128,PM,20250421,7,214544,1,,Aryna Sabalenka,R,182,BLR,,216146,24,,Marta Kostyuk,R,175,UKR,,7-6(4) 7-6(7),3,QF,,,,,,,,,,,,,,,,,,,,,,,
2025-1038,Madrid,Clay,128,PM,20250421,8,216347,2,,Iga Swiatek,R,176,POL,,223670,13,,Diana Shnaider,L,,RUS,,6-0 6-7(3) 6-4,3,R16,,,,,,,,,,,,,,,,,,,,,,,
2025-1038,Madrid,Clay,128,PM,20250421,9,201619,5,,Madison Keys,R,178,USA,,202499,19,,Donna Vekic,R,179,CRO,,6-2 6-3,3,R16,,,,,,,,,,,,,,,,,,,,,,,
2025-1038,Madrid,Clay,128,PM,20250421,10,221103,4,,Coco Gauff,R,175,USA,,202505,,,Belinda Bencic,R,175,SUI,,6-4 6-2,3,R16,,,,,,,,,,,,,,,,,,,,,,,
2025-1038,Madrid,Clay,128,PM,20250421,11,259799,7,,Mirra Andreeva,R,,RUS,,263857,,Q,Yuliia Starodubtseva,R,,UKR,,6-1 6-4,3,R16,,,,,,,,,,,,,,,,,,,,,,,
2025-1038,Madrid,Clay,128,PM,20250421,12,202494,17,,Elina Svitolina,R,174,UKR,,206289,,,Maria Sakkari,R,172,GRE,,6-3 6-4,3,R16,,,,,,,,,,,,,,,,,,,,,,,
2025-1038,Madrid,Clay,128,PM,20250421,13,220416,,,Moyuka Uchijima,R,171,JPN,,206420,21,,Ekaterina Alexandrova,R,175,RUS,,6-4 7-6(5),3,R16,,,,,,,,,,,,,,,,,,,,,,,
2025-1038,Madrid,Clay,128,PM,20250421,14,216146,24,,Marta Kostyuk,R,175,UKR,,215713,,,Anastasia Potapova,R,175,RUS,,6-3 6-2,3,R16,,,,,,,,,,,,,,,,,,,,,,,
2025-1038,Madrid,Clay,128,PM,20250421,15,214544,1,,Aryna Sabalenka,R,182,BLR,,220548,,,Peyton Stearns,R,,USA,,6-2 6-4,3,R16,,,,,,,,,,,,,,,,,,,,,,,
2025-1038,Madrid,Clay,128,PM,20250421,16,216347,2,,Iga Swiatek,R,176,POL,,222328,31,,Linda Noskova,R,,CZE,,6-4 6-2,3,R32,,,,,,,,,,,,,,,,,,,,,,,
2025-1038,Madrid,Clay,128,PM,20250421,17,223670,13,,Diana Shnaider,L,,RUS,,201545,,,Anastasija Sevastova,R,169,LAT,,6-0 6-0,3,R32,,,,,,,,,,,,,,,,,,,,,,,
2025-1038,Madrid,Clay,128,PM,20250421,18,202499,19,,Donna Vekic,R,179,CRO,,215613,11,,Emma Navarro,R,,USA,,4-6 6-3 6-2,3,R32,,,,,,,,,,,,,,,,,,,,,,,
2025-1038,Madrid,Clay,128,PM,20250421,19,201619,5,,Madison Keys,R,178,USA,,214939,30,,Anna Kalinskaya,R,175,RUS,,7-5 7-6(3),3,R32,,,,,,,,,,,,,,,,,,,,,,,
2025-1038,Madrid,Clay,128,PM,20250421,20,221103,4,,Coco Gauff,R,175,USA,,215983,,,Ann Li,R,170,USA,,6-2 6-3,3,R32,,,,,,,,,,,,,,,,,,,,,,,
2025-1038,Madrid,Clay,128,PM,20250421,21,202505,,,Belinda Bencic,R,175,SUI,,206242,16,,Beatriz Haddad Maia,L,185,BRA,,6-3 4-6 7-6(2),3,R32,,,,,,,,,,,,,,,,,,,,,,,
2025-1038,Madrid,Clay,128,PM,20250421,22,263857,,Q,Yuliia Starodubtseva,R,,UKR,,214643,18,,Liudmila Samsonova,R,180,RUS,,2-6 7-6(2) 6-0,3,R32,,,,,,,,,,,,,,,,,,,,,,,
2025-1038,Madrid,Clay,128,PM,20250421,23,259799,7,,Mirra Andreeva,R,,RUS,,211684,27,,Magdalena Frech,R,171,POL,,7-5 6-3,3,R32,,,,,,,,,,,,,,,,,,,,,,,
2025-1038,Madrid,Clay,128,PM,20250421,24,206289,,,Maria Sakkari,R,172,GRE,,211148,6,,Jasmine Paolini,R,160,ITA,,6-2 6-1,3,R32,,,,,,,,,,,,,,,,,,,,,,,
2025-1038,Madrid,Clay,128,PM,20250421,25,202494,17,,Elina Svitolina,R,174,UKR,,214981,10,,Elena Rybakina,R,184,KAZ,,6-3 6-4,3,R32,,,,,,,,,,,,,,,,,,,,,,,
2025-1038,Madrid,Clay,128,PM,20250421,26,206420,21,,Ekaterina Alexandrova,R,175,RUS,,214082,14,,Daria Kasatkina,R,170,RUS,,6-3 7-6(3),3,R32,,,,,,,,,,,,,,,,,,,,,,,
2025-1038,Madrid,Clay,128,PM,20250421,27,220416,,,Moyuka Uchijima,R,171,JPN,,202468,3,,Jessica Pegula,R,170,USA,,6-3 6-2,3,R32,,,,,,,,,,,,,,,,,,,,,,,
2025-1038,Madrid,Clay,128,PM,20250421,28,215713,,,Anastasia Potapova,R,175,RUS,,213550,32,,Sofia Kenin,R,170,USA,,3-6 6-4 7-6(6),3,R32,,,,,,,,,,,,,,,,,,,,,,,
2025-1038,Madrid,Clay,128,PM,20250421,29,216146,24,,Marta Kostyuk,R,175,UKR,,206368,,,Veronika Kudermetova,R,175,RUS,,6-0 4-6 6-4,3,R32,,,,,,,,,,,,,,,,,,,,,,,
2025-1038,Madrid,Clay,128,PM,20250421,30,220548,,,Peyton Stearns,R,,USA,,214119,,Q,Rebeka Masarova,R,186,ESP,,6-2 6-0,3,R32,,,,,,,,,,,,,,,,,,,,,,,
2025-1038,Madrid,Clay,128,PM,20250421,31,214544,1,,Aryna Sabalenka,R,182,BLR,,210722,28,,Elise Mertens,R,179,BEL,,3-6 6-2 6-1,3,R32,,,,,,,,,,,,,,,,,,,,,,,
2025-1038,Madrid,Clay,128,PM,20250421,32,216347,2,,Iga Swiatek,R,176,POL,,223253,,WC,Alexandra Eala,L,173,PHI,,4-6 6-4 6-2,3,R64,,,,,,,,,,,,,,,,,,,,,,,
2025-1038,Madrid,Clay,128,PM,20250421,33,222328,31,,Linda Noskova,R,,CZE,,214604,,Q,Maria Lourdes Carle,R,,ARG,,7-5 6-1,3,R64,,,,,,,,,,,,,,,,,,,,,,,
2025-1038,Madrid,Clay,128,PM,20250421,34,201545,,,Anastasija Sevastova,R,169,LAT,,211533,23,,Jelena Ostapenko,R,177,LAT,,7-6(2) 6-2,3,R64,,,,,,,,,,,,,,,,,,,,,,,
2025-1038,Madrid,Clay,128,PM,20250421,35,223670,13,,Diana Shnaider,L,,RUS,,220465,,,Katie Volynets,R,,USA,,6-1 6-2,3,R64,,,,,,,,,,,,,,,,,,,,,,,
2025-1038,Madrid,Clay,128,PM,20250421,36,215613,11,,Emma Navarro,R,,USA,,233741,,Q,Maya Joint,R,,AUS,,7-5 7-5,3,R64,,,,,,,,,,,,,,,,,,,,,,,
2025-1038,Madrid,Clay,128,PM,20250421,37,202499,19,,Donna Vekic,R,179,CRO,,221024,,WC,Hailey Baptiste,R,,USA,,6-4 6-3,3,R64,,,,,,,,,,,,,,,,,,,,,,,
2025-1038,Madrid,Clay,128,PM,20250421,38,214939,30,,Anna Kalinskaya,R,175,RUS,,220348,,Q,Diane Parry,R,170,FRA,,7-6(4) 6-4,3,R64,,,,,,,,,,,,,,,,,,,,,,,
2025-1038,Madrid,Clay,128,PM,20250421,39,201619,5,,Madison Keys,R,178,USA,,214459,,,Lucia Bronzetti,R,,ITA,,6-4 6-3,3,R64,,,,,,,,,,,,,,,,,,,,,,,
2025-1038,Madrid,Clay,128,PM,20250421,40,221103,4,,Coco Gauff,R,175,USA,,215035,,,Dayana Yastremska,R,175,UKR,,0-6 6-2 7-5,3,R64,,,,,,,,,,,,,,,,,,,,,,,
2025-1038,Madrid,Clay,128,PM,20250421,41,215983,,,Ann Li,R,170,USA,,220367,25,,Leylah Fernandez,L,168,CAN,,6-4 3-6 6-4,3,R64,,,,,,,,,,,,,,,,,,,,,,,
2025-1038,Madrid,Clay,128,PM,20250421,42,202505,,,Belinda Bencic,R,175,SUI,,220704,20,,Clara Tauson,R,182,DEN,,7-5 7-5,3,R64,,,,,,,,,,,,,,,,,,,,,,,
2025-1038,Madrid,Clay,128,PM,20250421,43,206242,16,,Beatriz Haddad Maia,L,185,BRA,,211095,,LL,Bernarda Pera,L,175,USA,,2-6 6-3 6-1,3,R64,,,,,,,,,,,,,,,,,,,,,,,
2025-1038,Madrid,Clay,128,PM,20250421,44,263857,,Q,Yuliia Starodubtseva,R,,UKR,,220714,,LL,Elisabetta Cocciaretto,R,,ITA,,7-6(5) 6-4,3,R64,,,,,,,,,,,,,,,,,,,,,,,
2025-1038,Madrid,Clay,128,PM,20250421,45,214643,18,,Liudmila Samsonova,R,180,RUS,,214452,,,Caroline Dolehide,R,178,USA,,6-4 6-4,3,R64,,,,,,,,,,,,,,,,,,,,,,,
2025-1038,Madrid,Clay,128,PM,20250421,46,211684,27,,Magdalena Frech,R,171,POL,,222601,,,Jessica Bouzas Maneiro,R,,ESP,,5-7 7-6(2) 6-4,3,R64,,,,,,,,,,,,,,,,,,,,,,,
2025-1038,Madrid,Clay,128,PM,20250421,47,259799,7,,Mirra Andreeva,R,,RUS,,213631,,,Marie Bouzkova,R,180,CZE,,6-3 6-4,3,R64,,,,,,,,,,,,,,,,,,,,,,,
2025-1038,Madrid,Clay,128,PM,20250421,48,211148,6,,Jasmine Paolini,R,160,ITA,,211107,,,Katie Boulter,R,180,GBR,,6-1 6-2,3,R64,,,,,,,,,,,,,,,,,,,,,,,
2025-1038,Madrid,Clay,128,PM,20250421,49,206289,,,Maria Sakkari,R,172,GRE,,202663,29,,Magda Linette,R,171,POL,,7-6(5) 6-3,3,R64,,,,,,,,,,,,,,,,,,,,,,,
2025-1038,Madrid,Clay,128,PM,20250421,50,202494,17,,Elina Svitolina,R,174,UKR,,222661,,,Sonay Kartal,R,,GBR,,6-3 6-1,3,R64,,,,,,,,,,,,,,,,,,,,,,,
2025-1038,Madrid,Clay,128,PM,20250421,51,214981,10,,Elena Rybakina,R,184,KAZ,,215370,,,Bianca Andreescu,R,170,CAN,,6-3 6-2,3,R64,,,,,,,,,,,,,,,,,,,,,,,
2025-1038,Madrid,Clay,128,PM,20250421,52,214082,14,,Daria Kasatkina,R,170,RUS,,219917,,,Alycia Parks,R,185,USA,,6-2 7-5,3,R64,,,,,,,,,,,,,,,,,,,,,,,
2025-1038,Madrid,Clay,128,PM,20250421,53,206420,21,,Ekaterina Alexandrova,R,175,RUS,,215337,,,Olga Danilovic,L,,SRB,,6-3 6-4,3,R64,,,,,,,,,,,,,,,,,,,,,,,
2025-1038,Madrid,Clay,128,PM,20250421,54,220416,,,Moyuka Uchijima,R,171,JPN,,202460,26,,Ons Jabeur,R,167,TUN,,4-6 6-3 6-4,3,R64,,,,,,,,,,,,,,,,,,,,,,,
2025-1038,Madrid,Clay,128,PM,20250421,55,202468,3,,Jessica Pegula,R,170,USA,,220332,,,Eva Lys,R,165,GER,,6-2 6-2,3,R64,,,,,,,,,,,,,,,,,,,,,,,
2025-1038,Madrid,Clay,128,PM,20250421,56,215713,,,Anastasia Potapova,R,175,RUS,,221012,8,,Qinwen Zheng,R,,CHN,,6-4 6-4,3,R64,,,,,,,,,,,,,,,,,,,,,,,
2025-1038,Madrid,Clay,128,PM,20250421,57,213550,32,,Sofia Kenin,R,170,USA,,215138,,,Lulu Sun,L,,NZL,,6-3 6-2,3,R64,,,,,,,,,,,,,,,,,,,,,,,
2025-1038,Madrid,Clay,128,PM,20250421,58,216146,24,,Marta Kostyuk,R,175,UKR,,221054,,,Emma Raducanu,R,175,GBR,,6-4 2-6 6-2,3,R64,,,,,,,,,,,,,,,,,,,,,,,
2025-1038,Madrid,Clay,128,PM,20250421,59,206368,,,Veronika Kudermetova,R,175,RUS,,213710,,LL,Cristina Bucsa,R,,ESP,,4-6 7-6(1) 7-5,3,R64,,,,,,,,,,,,,,,,,,,,,,,
2025-1038,Madrid,Clay,128,PM,20250421,60,220548,,,Peyton Stearns,R,,USA,,216153,15,,Amanda Anisimova,R,180,USA,,6-2 2-6 7-5,3,R64,,,,,,,,,,,,,,,,,,,,,,,
2025-1038,Madrid,Clay,128,PM,20250421,61,214119,,Q,Rebeka Masarova,R,186,ESP,,201709,22,,Yulia Putintseva,R,163,KAZ,,6-3 6-3,3,R64,,,,,,,,,,,,,,,,,,,,,,,
2025-1038,Madrid,Clay,128,PM,20250421,62,210722,28,,Elise Mertens,R,179,BEL,,215785,,,Camila Osorio,R,162,COL,,6-3 6-3,3,R64,,,,,,,,,,,,,,,,,,,,,,,
2025-1038,Madrid,Clay,128,PM,20250421,63,214544,1,,Aryna Sabalenka,R,182,BLR,,215020,,Q,Anna Blinkova,R,179,RUS,,6-3 6-4,3,R64,,,,,,,,,,,,,,,,,,,,,,,
2025-1038,Madrid,Clay,128,PM,20250421,64,223253,,WC,Alexandra Eala,L,173,PHI,,202600,,,Viktoriya Tomova,R,170,BUL,,6-3 6-2,3,R128,,,,,,,,,,,,,,,,,,,,,,,
2025-1038,Madrid,Clay,128,PM,20250421,65,214604,,Q,Maria Lourdes Carle,R,,ARG,,211685,,,Rebecca Sramkova,R,,SVK,,6-3 6-2,3,R128,,,,,,,,,,,,,,,,,,,,,,,
2025-1038,Madrid,Clay,128,PM,20250421,66,201545,,,Anastasija Sevastova,R,169,LAT,,201499,,,Anastasia Pavlyuchenkova,R,177,RUS,,6-4 7-5,3,R128,,,,,,,,,,,,,,,,,,,,,,,
2025-1038,Madrid,Clay,128,PM,20250421,67,220465,,,Katie Volynets,R,,USA,,201520,,,Petra Kvitova,L,183,CZE,,6-4 6-0,3,R128,,,,,,,,,,,,,,,,,,,,,,,
2025-1038,Madrid,Clay,128,PM,20250421,68,233741,,Q,Maya Joint,R,,AUS,,220781,,WC,Carlota Martinez Cirez,R,,ESP,,6-2 2-6 6-4,3,R128,,,,,,,,,,,,,,,,,,,,,,,
2025-1038,Madrid,Clay,128,PM,20250421,69,221024,,WC,Hailey Baptiste,R,,USA,,201514,,,Sorana Cirstea,R,176,ROU,,6-2 5-7 7-6(4),3,R128,,,,,,,,,,,,,,,,,,,,,,,
2025-1038,Madrid,Clay,128,PM,20250421,70,220348,,Q,Diane Parry,R,170,FRA,,201593,,,Irina Camelia Begu,R,181,ROU,,6-3 6-4,3,R128,,,,,,,,,,,,,,,,,,,,,,,
2025-1038,Madrid,Clay,128,PM,20250421,71,214459,,,Lucia Bronzetti,R,,ITA,,211768,,,Naomi Osaka,R,180,JPN,,6-4 2-6 6-4,3,R128,,,,,,,,,,,,,,,,,,,,,,,
2025-1038,Madrid,Clay,128,PM,20250421,72,215035,,,Dayana Yastremska,R,175,UKR,,215936,,Q,Francesca Jones,R,,GBR,,7-6(5) 4-6 6-3,3,R128,,,,,,,,,,,,,,,,,,,,,,,
2025-1038,Madrid,Clay,128,PM,20250421,73,215983,,,Ann Li,R,170,USA,,205925,,Q,Aliaksandra Sasnovich,R,174,BLR,,6-3 6-2,3,R128,,,,,,,,,,,,,,,,,,,,,,,
2025-1038,Madrid,Clay,128,PM,20250421,74,202505,,,Belinda Bencic,R,175,SUI,,220309,,Q,Zeynep Sonmez,R,,TUR,,6-0 6-2,3,R128,,,,,,,,,,,,,,,,,,,,,,,
2025-1038,Madrid,Clay,128,PM,20250421,75,211095,,LL,Bernarda Pera,L,175,USA,,213544,,Q,Jana Fett,R,168,CRO,,6-4 6-3,3,R128,,,,,,,,,,,,,,,,,,,,,,,
2025-1038,Madrid,Clay,128,PM,20250421,76,263857,,Q,Yuliia Starodubtseva,R,,UKR,,222258,,WC,Linda Fruhvirtova,R,,CZE,,6-2 6-2,3,R128,,,,,,,,,,,,,,,,,,,,,,,
2025-1038,Madrid,Clay,128,PM,20250421,77,214452,,,Caroline Dolehide,R,178,USA,,220589,,,Elina Avanesyan,R,,ARM,,6-4 6-4,3,R128,,,,,,,,,,,,,,,,,,,,,,,
2025-1038,Madrid,Clay,128,PM,20250421,78,222601,,,Jessica Bouzas Maneiro,R,,ESP,,210886,,,Mayar Sherif,R,180,EGY,,6-3 6-1,3,R128,,,,,,,,,,,,,,,,,,,,,,,
2025-1038,Madrid,Clay,128,PM,20250421,79,213631,,,Marie Bouzkova,R,180,CZE,,213887,,,Renata Zarazua,R,,MEX,,6-2 4-6 6-1,3,R128,,,,,,,,,,,,,,,,,,,,,,,
2025-1038,Madrid,Clay,128,PM,20250421,80,211107,,,Katie Boulter,R,180,GBR,,211701,,,Katerina Siniakova,R,174,CZE,,4-6 6-2 6-1,3,R128,,,,,,,,,,,,,,,,,,,,,,,
2025-1038,Madrid,Clay,128,PM,20250421,81,206289,,,Maria Sakkari,R,172,GRE,,216133,,,Xin Yu Wang,R,182,CHN,,6-4 7-6(7),3,R128,,,,,,,,,,,,,,,,,,,,,,,
2025-1038,Madrid,Clay,128,PM,20250421,82,222661,,,Sonay Kartal,R,,GBR,,211713,,,Jaqueline Cristian,R,180,ROU,,6-2 7-5,3,R128,,,,,,,,,,,,,,,,,,,,,,,
2025-1038,Madrid,Clay,128,PM,20250421,83,215370,,,Bianca Andreescu,R,170,CAN,,220520,,,Mccartney Kessler,R,,USA,,6-2 6-4,3,R128,,,,,,,,,,,,,,,,,,,,,,,
2025-1038,Madrid,Clay,128,PM,20250421,84,219917,,,Alycia Parks,R,185,USA,,223286,,WC,Victoria Jimenez Kasintseva,L,,AND,,6-3 6-3,3,R128,,,,,,,,,,,,,,,,,,,,,,,
2025-1038,Madrid,Clay,128,PM,20250421,85,215337,,,Olga Danilovic,L,,SRB,,201458,,,Victoria Azarenka,R,180,BLR,,6-4 6-2,3,R128,,,,,,,,,,,,,,,,,,,,,,,
2025-1038,Madrid,Clay,128,PM,20250421,86,220416,,,Moyuka Uchijima,R,171,JPN,,221905,,WC,Robin Montgomery,L,,USA,,1-6 6-4 6-3,3,R128,,,,,,,,,,,,,,,,,,,,,,,
2025-1038,Madrid,Clay,128,PM,20250421,87,220332,,,Eva Lys,R,165,GER,,267439,,Q,Teodora Kostovic,U,,SRB,,6-2 6-2,3,R128,,,,,,,,,,,,,,,,,,,,,,,
2025-1038,Madrid,Clay,128,PM,20250421,88,215713,,,Anastasia Potapova,R,175,RUS,,221909,,,Ashlyn Krueger,R,185,USA,,6-7(7) 6-4 6-2,3,R128,,,,,,,,,,,,,,,,,,,,,,,
2025-1038,Madrid,Clay,128,PM,20250421,89,215138,,,Lulu Sun,L,,NZL,,219875,,,Varvara Gracheva,R,,FRA,,3-6 6-1 6-4,3,R128,,,,,,,,,,,,,,,,,,,,,,,
2025-1038,Madrid,Clay,128,PM,20250421,90,221054,,,Emma Raducanu,R,175,GBR,,215480,,,Suzan Lamens,R,,NED,,7-6(4) 6-4,3,R128,,,,,,,,,,,,,,,,,,,,,,,
2025-1038,Madrid,Clay,128,PM,20250421,91,206368,,,Veronika Kudermetova,R,175,RUS,,221236,,,Polina Kudermetova,R,,RUS,,6-2 6-2,3,R128,,,,,,,,,,,,,,,,,,,,,,,
2025-1038,Madrid,Clay,128,PM,20250421,92,220548,,,Peyton Stearns,R,,USA,,214040,,,Kimberly Birrell,R,170,AUS,,5-7 6-3 6-4,3,R128,,,,,,,,,,,,,,,,,,,,,,,
2025-1038,Madrid,Clay,128,PM,20250421,93,214119,,Q,Rebeka Masarova,R,186,ESP,,201548,,WC,Ajla Tomljanovic,R,180,AUS,,6-3 1-6 7-5,3,R128,,,,,,,,,,,,,,,,,,,,,,,
2025-1038,Madrid,Clay,128,PM,20250421,94,215785,,,Camila Osorio,R,162,COL,,215306,,WC,Emiliana Arango,R,,COL,,6-3 6-3,3,R128,,,,,,,,,,,,,,,,,,,,,,,
2025-1038,Madrid,Clay,128,PM,20250421,95,215020,,Q,Anna Blinkova,R,179,RUS,,215910,,Q,Panna Udvardy,R,170,HUN,,6-4 6-2,3,R128,,,,,,,,,,,,,,,,,,,,,,,
2025-709,Rome,Clay,128,PM,20250505,1,211148,6,,Jasmine Paolini,R,160,ITA,,221103,4,,Coco Gauff,R,175,USA,,6-4 6-2,3,F,,,,,,,,,,,,,,,,,,,,,,,
2025-709,Rome,Clay,128,PM,20250505,2,211148,6,,Jasmine Paolini,R,160,ITA,,220548,,,Peyton Stearns,R,,USA,,7-5 6-1,3,SF,,,,,,,,,,,,,,,,,,,,,,,
2025-709,Rome,Clay,128,PM,20250505,3,221103,4,,Coco Gauff,R,175,USA,,221012,8,,Qinwen Zheng,R,,CHN,,7-6(3) 4-6 7-6(4),3,SF,,,,,,,,,,,,,,,,,,,,,,,
2025-709,Rome,Clay,128,PM,20250505,4,220548,,,Peyton Stearns,R,,USA,,202494,16,,Elina Svitolina,R,174,UKR,,6-2 4-6 7-6(4),3,QF,,,,,,,,,,,,,,,,,,,,,,,
2025-709,Rome,Clay,128,PM,20250505,5,211148,6,,Jasmine Paolini,R,160,ITA,,223670,13,,Diana Shnaider,L,,RUS,,6-7(1) 6-4 6-2,3,QF,,,,,,,,,,,,,,,,,,,,,,,
2025-709,Rome,Clay,128,PM,20250505,6,221103,4,,Coco Gauff,R,175,USA,,259799,7,,Mirra Andreeva,R,,RUS,,6-4 7-6(5),3,QF,,,,,,,,,,,,,,,,,,,,,,,
2025-709,Rome,Clay,128,PM,20250505,7,221012,8,,Qinwen Zheng,R,,CHN,,214544,1,,Aryna Sabalenka,R,182,BLR,,6-4 6-3,3,QF,,,,,,,,,,,,,,,,,,,,,,,
2025-709,Rome,Clay,128,PM,20250505,8,202494,16,,Elina Svitolina,R,174,UKR,,203389,29,,Danielle Collins,R,178,USA,,6-4 6-2,3,R16,,,,,,,,,,,,,,,,,,,,,,,
2025-709,Rome,Clay,128,PM,20250505,9,220548,,,Peyton Stearns,R,,USA,,211768,,,Naomi Osaka,R,180,JPN,,6-4 3-6 7-6(4),3,R16,,,,,,,,,,,,,,,,,,,,,,,
2025-709,Rome,Clay,128,PM,20250505,10,223670,13,,Diana Shnaider,L,,RUS,,210722,25,,Elise Mertens,R,179,BEL,,6-2 6-3,3,R16,,,,,,,,,,,,,,,,,,,,,,,
2025-709,Rome,Clay,128,PM,20250505,11,211148,6,,Jasmine Paolini,R,160,ITA,,211533,17,,Jelena Ostapenko,R,177,LAT,,7-5 6-2,3,R16,,,,,,,,,,,,,,,,,,,,,,,
2025-709,Rome,Clay,128,PM,20250505,12,259799,7,,Mirra Andreeva,R,,RUS,,220704,22,,Clara Tauson,R,182,DEN,,5-7 6-3 6-2,3,R16,,,,,,,,,,,,,,,,,,,,,,,
2025-709,Rome,Clay,128,PM,20250505,13,221103,4,,Coco Gauff,R,175,USA,,221054,,,Emma Raducanu,R,175,GBR,,6-1 6-2,3,R16,,,,,,,,,,,,,,,,,,,,,,,
2025-709,Rome,Clay,128,PM,20250505,14,221012,8,,Qinwen Zheng,R,,CHN,,215370,,,Bianca Andreescu,R,170,CAN,,7-5 6-1,3,R16,,,,,,,,,,,,,,,,,,,,,,,
2025-709,Rome,Clay,128,PM,20250505,15,214544,1,,Aryna Sabalenka,R,182,BLR,,216146,,,Marta Kostyuk,R,175,UKR,,6-1 7-6(8),3,R16,,,,,,,,,,,,,,,,,,,,,,,
2025-709,Rome,Clay,128,PM,20250505,16,203389,29,,Danielle Collins,R,178,USA,,216347,2,,Iga Swiatek,R,176,POL,,6-1 7-5,3,R32,,,,,,,,,,,,,,,,,,,,,,,
2025-709,Rome,Clay,128,PM,20250505,17,202494,16,,Elina Svitolina,R,174,UKR,,221024,,Q,Hailey Baptiste,R,,USA,,6-4 3-6 6-4,3,R32,,,,,,,,,,,,,,,,,,,,,,,
2025-709,Rome,Clay,128,PM,20250505,18,211768,,,Naomi Osaka,R,180,JPN,,213631,,,Marie Bouzkova,R,180,CZE,,4-6 6-3 6-3,3,R32,,,,,,,,,,,,,,,,,,,,,,,
2025-709,Rome,Clay,128,PM,20250505,19,220548,,,Peyton Stearns,R,,USA,,201619,5,,Madison Keys,R,178,USA,,2-6 6-2 7-6(3),3,R32,,,,,,,,,,,,,,,,,,,,,,,
2025-709,Rome,Clay,128,PM,20250505,20,210722,25,,Elise Mertens,R,179,BEL,,202468,3,,Jessica Pegula,R,170,USA,,7-5 6-1,3,R32,,,,,,,,,,,,,,,,,,,,,,,
2025-709,Rome,Clay,128,PM,20250505,21,223670,13,,Diana Shnaider,L,,RUS,,211713,,,Jaqueline Cristian,R,180,ROU,,6-3 6-3,3,R32,,,,,,,,,,,,,,,,,,,,,,,
2025-709,Rome,Clay,128,PM,20250505,22,211533,17,,Jelena Ostapenko,R,177,LAT,,201696,,LL,Laura Siegemund,R,168,GER,,W/O,3,R32,,,,,,,,,,,,,,,,,,,,,,,
2025-709,Rome,Clay,128,PM,20250505,23,211148,6,,Jasmine Paolini,R,160,ITA,,202460,27,,Ons Jabeur,R,167,TUN,,6-4 6-3,3,R32,,,,,,,,,,,,,,,,,,,,,,,
2025-709,Rome,Clay,128,PM,20250505,24,259799,7,,Mirra Andreeva,R,,RUS,,222328,30,,Linda Noskova,R,,CZE,,6-1 7-5,3,R32,,,,,,,,,,,,,,,,,,,,,,,
2025-709,Rome,Clay,128,PM,20250505,25,220704,22,,Clara Tauson,R,182,DEN,,215613,10,,Emma Navarro,R,,USA,,3-6 6-0 6-4,3,R32,,,,,,,,,,,,,,,,,,,,,,,
2025-709,Rome,Clay,128,PM,20250505,26,221054,,,Emma Raducanu,R,175,GBR,,206368,,,Veronika Kudermetova,R,175,RUS,,5-7 6-0 6-1,3,R32,,,,,,,,,,,,,,,,,,,,,,,
2025-709,Rome,Clay,128,PM,20250505,27,221103,4,,Coco Gauff,R,175,USA,,202663,32,,Magda Linette,R,171,POL,,7-5 6-3,3,R32,,,,,,,,,,,,,,,,,,,,,,,
2025-709,Rome,Clay,128,PM,20250505,28,221012,8,,Qinwen Zheng,R,,CHN,,211684,26,,Magdalena Frech,R,171,POL,,6-3 6-2,3,R32,,,,,,,,,,,,,,,,,,,,,,,
2025-709,Rome,Clay,128,PM,20250505,29,215370,,,Bianca Andreescu,R,170,CAN,,214981,11,,Elena Rybakina,R,184,KAZ,,6-2 6-4,3,R32,,,,,,,,,,,,,,,,,,,,,,,
2025-709,Rome,Clay,128,PM,20250505,30,216146,,,Marta Kostyuk,R,175,UKR,,220367,24,,Leylah Fernandez,L,168,CAN,,6-4 6-2,3,R32,,,,,,,,,,,,,,,,,,,,,,,
2025-709,Rome,Clay,128,PM,20250505,31,214544,1,,Aryna Sabalenka,R,182,BLR,,213550,31,,Sofia Kenin,R,170,USA,,3-6 6-3 6-3,3,R32,,,,,,,,,,,,,,,,,,,,,,,
2025-709,Rome,Clay,128,PM,20250505,32,216347,2,,Iga Swiatek,R,176,POL,,220714,,WC,Elisabetta Cocciaretto,R,,ITA,,6-1 6-0,3,R64,,,,,,,,,,,,,,,,,,,,,,,
2025-709,Rome,Clay,128,PM,20250505,33,203389,29,,Danielle Collins,R,178,USA,,211817,,Q,Elena Gabriela Ruse,R,,ROU,,6-3 6-3,3,R64,,,,,,,,,,,,,,,,,,,,,,,
2025-709,Rome,Clay,128,PM,20250505,34,221024,,Q,Hailey Baptiste,R,,USA,,214643,19,,Liudmila Samsonova,R,180,RUS,,6-3 2-6 6-4,3,R64,,,,,,,,,,,,,,,,,,,,,,,
2025-709,Rome,Clay,128,PM,20250505,35,202494,16,,Elina Svitolina,R,174,UKR,,222601,,,Jessica Bouzas Maneiro,R,,ESP,,6-4 7-6(2),3,R64,,,,,,,,,,,,,,,,,,,,,,,
2025-709,Rome,Clay,128,PM,20250505,36,211768,,,Naomi Osaka,R,180,JPN,,203530,,LL,Viktorija Golubic,R,169,SUI,,2-6 7-5 6-1,3,R64,,,,,,,,,,,,,,,,,,,,,,,
2025-709,Rome,Clay,128,PM,20250505,37,213631,,,Marie Bouzkova,R,180,CZE,,206242,18,,Beatriz Haddad Maia,L,185,BRA,,6-0 6-3,3,R64,,,,,,,,,,,,,,,,,,,,,,,
2025-709,Rome,Clay,128,PM,20250505,38,220548,,,Peyton Stearns,R,,USA,,214939,28,,Anna Kalinskaya,R,175,RUS,,6-2 6-3,3,R64,,,,,,,,,,,,,,,,,,,,,,,
2025-709,Rome,Clay,128,PM,20250505,39,201619,5,,Madison Keys,R,178,USA,,219875,,,Varvara Gracheva,R,,FRA,,7-6(4) 6-1,3,R64,,,,,,,,,,,,,,,,,,,,,,,
2025-709,Rome,Clay,128,PM,20250505,40,202468,3,,Jessica Pegula,R,170,USA,,221909,,,Ashlyn Krueger,R,185,USA,,6-4 6-2,3,R64,,,,,,,,,,,,,,,,,,,,,,,
2025-709,Rome,Clay,128,PM,20250505,41,210722,25,,Elise Mertens,R,179,BEL,,215480,,,Suzan Lamens,R,,NED,,3-6 6-2 6-3,3,R64,,,,,,,,,,,,,,,,,,,,,,,
2025-709,Rome,Clay,128,PM,20250505,42,211713,,,Jaqueline Cristian,R,180,ROU,,201709,23,,Yulia Putintseva,R,163,KAZ,,7-6(2) 7-5,3,R64,,,,,,,,,,,,,,,,,,,,,,,
2025-709,Rome,Clay,128,PM,20250505,43,223670,13,,Diana Shnaider,L,,RUS,,214452,,,Caroline Dolehide,R,178,USA,,6-0 6-0,3,R64,,,,,,,,,,,,,,,,,,,,,,,
2025-709,Rome,Clay,128,PM,20250505,44,201696,,LL,Laura Siegemund,R,168,GER,,214459,,,Lucia Bronzetti,R,,ITA,,6-2 6-2,3,R64,,,,,,,,,,,,,,,,,,,,,,,
2025-709,Rome,Clay,128,PM,20250505,45,211533,17,,Jelena Ostapenko,R,177,LAT,,211685,,,Rebecca Sramkova,R,,SVK,,1-6 6-4 6-3,3,R64,,,,,,,,,,,,,,,,,,,,,,,
2025-709,Rome,Clay,128,PM,20250505,46,202460,27,,Ons Jabeur,R,167,TUN,,201520,,,Petra Kvitova,L,183,CZE,,W/O,3,R64,,,,,,,,,,,,,,,,,,,,,,,
2025-709,Rome,Clay,128,PM,20250505,47,211148,6,,Jasmine Paolini,R,160,ITA,,215138,,,Lulu Sun,L,,NZL,,6-4 6-3,3,R64,,,,,,,,,,,,,,,,,,,,,,,
2025-709,Rome,Clay,128,PM,20250505,48,259799,7,,Mirra Andreeva,R,,RUS,,215306,,Q,Emiliana Arango,R,,COL,,6-2 6-4,3,R64,,,,,,,,,,,,,,,,,,,,,,,
2025-709,Rome,Clay,128,PM,20250505,49,222328,30,,Linda Noskova,R,,CZE,,222661,,,Sonay Kartal,R,,GBR,,6-4 6-2,3,R64,,,,,,,,,,,,,,,,,,,,,,,
2025-709,Rome,Clay,128,PM,20250505,50,220704,22,,Clara Tauson,R,182,DEN,,220465,,Q,Katie Volynets,R,,USA,,7-5 4-1 RET,3,R64,,,,,,,,,,,,,,,,,,,,,,,
2025-709,Rome,Clay,128,PM,20250505,51,215613,10,,Emma Navarro,R,,USA,,215872,,LL,Kamilla Rakhimova,R,,RUS,,6-1 6-3,3,R64,,,,,,,,,,,,,,,,,,,,,,,
2025-709,Rome,Clay,128,PM,20250505,52,206368,,,Veronika Kudermetova,R,175,RUS,,216153,15,,Amanda Anisimova,R,180,USA,,7-6(5) 7-5,3,R64,,,,,,,,,,,,,,,,,,,,,,,
2025-709,Rome,Clay,128,PM,20250505,53,221054,,,Emma Raducanu,R,175,GBR,,213525,,LL,Jil Teichmann,L,170,SUI,,6-2 6-2,3,R64,,,,,,,,,,,,,,,,,,,,,,,
2025-709,Rome,Clay,128,PM,20250505,54,202663,32,,Magda Linette,R,171,POL,,206289,,Q,Maria Sakkari,R,172,GRE,,1-6 6-4 6-1,3,R64,,,,,,,,,,,,,,,,,,,,,,,
2025-709,Rome,Clay,128,PM,20250505,55,221103,4,,Coco Gauff,R,175,USA,,239475,,Q,Victoria Mboko,R,,CAN,,3-6 6-2 6-1,3,R64,,,,,,,,,,,,,,,,,,,,,,,
2025-709,Rome,Clay,128,PM,20250505,56,221012,8,,Qinwen Zheng,R,,CHN,,215337,,,Olga Danilovic,L,,SRB,,6-1 6-4,3,R64,,,,,,,,,,,,,,,,,,,,,,,
2025-709,Rome,Clay,128,PM,20250505,57,211684,26,,Magdalena Frech,R,171,POL,,201458,,,Victoria Azarenka,R,180,BLR,,7-5 6-4,3,R64,,,,,,,,,,,,,,,,,,,,,,,
2025-709,Rome,Clay,128,PM,20250505,58,215370,,,Bianca Andreescu,R,170,CAN,,202499,20,,Donna Vekic,R,179,CRO,,6-1 3-6 6-2,3,R64,,,,,,,,,,,,,,,,,,,,,,,
2025-709,Rome,Clay,128,PM,20250505,59,214981,11,,Elena Rybakina,R,184,KAZ,,220332,,,Eva Lys,R,165,GER,,7-6(3) 6-2,3,R64,,,,,,,,,,,,,,,,,,,,,,,
2025-709,Rome,Clay,128,PM,20250505,60,216146,,,Marta Kostyuk,R,175,UKR,,214082,14,,Daria Kasatkina,R,170,RUS,,6-4 6-2,3,R64,,,,,,,,,,,,,,,,,,,,,,,
2025-709,Rome,Clay,128,PM,20250505,61,220367,24,,Leylah Fernandez,L,168,CAN,,222045,,Q,Antonia Ruzic,R,,CRO,,6-4 6-0,3,R64,,,,,,,,,,,,,,,,,,,,,,,
2025-709,Rome,Clay,128,PM,20250505,62,213550,31,,Sofia Kenin,R,170,USA,,201499,,,Anastasia Pavlyuchenkova,R,177,RUS,,6-3 6-0,3,R64,,,,,,,,,,,,,,,,,,,,,,,
2025-709,Rome,Clay,128,PM,20250505,63,214544,1,,Aryna Sabalenka,R,182,BLR,,215713,,,Anastasia Potapova,R,175,RUS,,6-2 6-2,3,R64,,,,,,,,,,,,,,,,,,,,,,,
2025-709,Rome,Clay,128,PM,20250505,64,220714,,WC,Elisabetta Cocciaretto,R,,ITA,,220589,,,Elina Avanesyan,R,,ARM,,6-2 4-6 6-1,3,R128,,,,,,,,,,,,,,,,,,,,,,,
2025-709,Rome,Clay,128,PM,20250505,65,211817,,Q,Elena Gabriela Ruse,R,,ROU,,221236,,,Polina Kudermetova,R,,RUS,,6-7(10) 6-4 6-2,3,R128,,,,,,,,,,,,,,,,,,,,,,,
2025-709,Rome,Clay,128,PM,20250505,66,221024,,Q,Hailey Baptiste,R,,USA,,215020,,Q,Anna Blinkova,R,179,RUS,,7-6(7) 6-4,3,R128,,,,,,,,,,,,,,,,,,,,,,,
2025-709,Rome,Clay,128,PM,20250505,67,222601,,,Jessica Bouzas Maneiro,R,,ESP,,215983,,,Ann Li,R,170,USA,,6-3 5-7 7-6(3),3,R128,,,,,,,,,,,,,,,,,,,,,,,
2025-709,Rome,Clay,128,PM,20250505,68,211768,,,Naomi Osaka,R,180,JPN,,201506,,WC,Sara Errani,R,164,ITA,,6-2 6-3,3,R128,,,,,,,,,,,,,,,,,,,,,,,
2025-709,Rome,Clay,128,PM,20250505,69,213631,,,Marie Bouzkova,R,180,CZE,,210886,,,Mayar Sherif,R,180,EGY,,6-2 7-5,3,R128,,,,,,,,,,,,,,,,,,,,,,,
2025-709,Rome,Clay,128,PM,20250505,70,220548,,,Peyton Stearns,R,,USA,,215572,,WC,Nuria Brancaccio,R,,ITA,,6-3 6-2,3,R128,,,,,,,,,,,,,,,,,,,,,,,
2025-709,Rome,Clay,128,PM,20250505,71,219875,,,Varvara Gracheva,R,,FRA,,201548,,Q,Ajla Tomljanovic,R,180,AUS,,6-3 6-4,3,R128,,,,,,,,,,,,,,,,,,,,,,,
2025-709,Rome,Clay,128,PM,20250505,72,221909,,,Ashlyn Krueger,R,185,USA,,214388,,Q,Anna Bondar,R,,HUN,,4-6 6-2 6-1,3,R128,,,,,,,,,,,,,,,,,,,,,,,
2025-709,Rome,Clay,128,PM,20250505,73,215480,,,Suzan Lamens,R,,NED,,213887,,,Renata Zarazua,R,,MEX,,6-1 1-6 6-1,3,R128,,,,,,,,,,,,,,,,,,,,,,,
2025-709,Rome,Clay,128,PM,20250505,74,211713,,,Jaqueline Cristian,R,180,ROU,,219917,,,Alycia Parks,R,185,USA,,6-2 6-0,3,R128,,,,,,,,,,,,,,,,,,,,,,,
2025-709,Rome,Clay,128,PM,20250505,75,214452,,,Caroline Dolehide,R,178,USA,,216265,,LL,Olivia Gadecki,R,,AUS,,7-6(5) 5-7 6-2,3,R128,,,,,,,,,,,,,,,,,,,,,,,
2025-709,Rome,Clay,128,PM,20250505,76,214459,,,Lucia Bronzetti,R,,ITA,,201545,,,Anastasija Sevastova,R,169,LAT,,6-3 6-4,3,R128,,,,,,,,,,,,,,,,,,,,,,,
2025-709,Rome,Clay,128,PM,20250505,77,211685,,,Rebecca Sramkova,R,,SVK,,220520,,,Mccartney Kessler,R,,USA,,6-3 6-3,3,R128,,,,,,,,,,,,,,,,,,,,,,,
2025-709,Rome,Clay,128,PM,20250505,78,201520,,,Petra Kvitova,L,183,CZE,,201593,,,Irina Camelia Begu,R,181,ROU,,7-5 6-1,3,R128,,,,,,,,,,,,,,,,,,,,,,,
2025-709,Rome,Clay,128,PM,20250505,79,215138,,,Lulu Sun,L,,NZL,,223410,,WC,Georgia Pedone,R,,ITA,,3-6 6-1 6-3,3,R128,,,,,,,,,,,,,,,,,,,,,,,
2025-709,Rome,Clay,128,PM,20250505,80,215306,,Q,Emiliana Arango,R,,COL,,202600,,,Viktoriya Tomova,R,170,BUL,,7-6(6) 5-7 6-4,3,R128,,,,,,,,,,,,,,,,,,,,,,,
2025-709,Rome,Clay,128,PM,20250505,81,222661,,,Sonay Kartal,R,,GBR,,214040,,,Kimberly Birrell,R,170,AUS,,4-6 6-3 6-4,3,R128,,,,,,,,,,,,,,,,,,,,,,,
2025-709,Rome,Clay,128,PM,20250505,82,220465,,Q,Katie Volynets,R,,USA,,201551,,Q,Arantxa Rus,L,180,NED,,6-3 6-3,3,R128,,,,,,,,,,,,,,,,,,,,,,,
2025-709,Rome,Clay,128,PM,20250505,83,215872,,LL,Kamilla Rakhimova,R,,RUS,,216133,,,Xin Yu Wang,R,182,CHN,,6-3 6-2,3,R128,,,,,,,,,,,,,,,,,,,,,,,
2025-709,Rome,Clay,128,PM,20250505,84,206368,,,Veronika Kudermetova,R,175,RUS,,214593,,WC,Lucrezia Stefanini,R,,ITA,,7-5 6-2,3,R128,,,,,,,,,,,,,,,,,,,,,,,
2025-709,Rome,Clay,128,PM,20250505,85,221054,,,Emma Raducanu,R,175,GBR,,233741,,Q,Maya Joint,R,,AUS,,7-5 6-7(1) 6-3,3,R128,,,,,,,,,,,,,,,,,,,,,,,
2025-709,Rome,Clay,128,PM,20250505,86,206289,,Q,Maria Sakkari,R,172,GRE,,202505,,,Belinda Bencic,R,175,SUI,,6-2 0-0 RET,3,R128,,,,,,,,,,,,,,,,,,,,,,,
2025-709,Rome,Clay,128,PM,20250505,87,239475,,Q,Victoria Mboko,R,,CAN,,222369,,WC,Arianna Zucchini,R,,ITA,,6-2 6-3,3,R128,,,,,,,,,,,,,,,,,,,,,,,
2025-709,Rome,Clay,128,PM,20250505,88,215337,,,Olga Danilovic,L,,SRB,,211701,,,Katerina Siniakova,R,174,CZE,,3-6 6-4 6-4,3,R128,,,,,,,,,,,,,,,,,,,,,,,
2025-709,Rome,Clay,128,PM,20250505,89,201458,,,Victoria Azarenka,R,180,BLR,,215785,,,Camila Osorio,R,162,COL,,6-2 6-3,3,R128,,,,,,,,,,,,,,,,,,,,,,,
2025-709,Rome,Clay,128,PM,20250505,90,215370,,,Bianca Andreescu,R,170,CAN,,223415,,WC,Federica Urgesi,U,,ITA,,6-0 6-3,3,R128,,,,,,,,,,,,,,,,,,,,,,,
2025-709,Rome,Clay,128,PM,20250505,91,220332,,,Eva Lys,R,165,GER,,220416,,,Moyuka Uchijima,R,171,JPN,,6-1 6-0,3,R128,,,,,,,,,,,,,,,,,,,,,,,
2025-709,Rome,Clay,128,PM,20250505,92,216146,,,Marta Kostyuk,R,175,UKR,,223253,,,Alexandra Eala,L,173,PHI,,6-0 6-1,3,R128,,,,,,,,,,,,,,,,,,,,,,,
2025-709,Rome,Clay,128,PM,20250505,93,222045,,Q,Antonia Ruzic,R,,CRO,,261972,,WC,Tyra Caterina Grant,R,,USA,,3-6 6-3 7-5,3,R128,,,,,,,,,,,,,,,,,,,,,,,
2025-709,Rome,Clay,128,PM,20250505,94,201499,,,Anastasia Pavlyuchenkova,R,177,RUS,,211107,,,Katie Boulter,R,180,GBR,,6-3 6-3,3,R128,,,,,,,,,,,,,,,,,,,,,,,
2025-709,Rome,Clay,128,PM,20250505,95,215713,,,Anastasia Potapova,R,175,RUS,,215035,,,Dayana Yastremska,R,175,UKR,,2-6 7-6(6) 6-3,3,R128,,,,,,,,,,,,,,,,,,,,,,,
2025-406,Strasbourg,Clay,32,P,20250519,1,214981,4,,Elena Rybakina,R,184,KAZ,,214643,8,,Liudmila Samsonova,R,180,RUS,,6-1 6-7(2) 6-1,3,F,,,,,,,,,,,,,,,,,,,,,,,
2025-406,Strasbourg,Clay,32,P,20250519,2,214981,4,,Elena Rybakina,R,184,KAZ,,206242,9,,Beatriz Haddad Maia,L,185,BRA,,7-6(7) 1-6 6-2,3,SF,,,,,,,,,,,,,,,,,,,,,,,
2025-406,Strasbourg,Clay,32,P,20250519,3,214643,8,,Liudmila Samsonova,R,180,RUS,,203389,,,Danielle Collins,R,178,USA,,6-4 6-2,3,SF,,,,,,,,,,,,,,,,,,,,,,,
2025-406,Strasbourg,Clay,32,P,20250519,4,206242,9,,Beatriz Haddad Maia,L,185,BRA,,215613,2,,Emma Navarro,R,,USA,,3-6 7-6(3) 6-2,3,QF,,,,,,,,,,,,,,,,,,,,,,,
2025-406,Strasbourg,Clay,32,P,20250519,5,214981,4,,Elena Rybakina,R,184,KAZ,,202663,,,Magda Linette,R,171,POL,,7-5 6-3,3,QF,,,,,,,,,,,,,,,,,,,,,,,
2025-406,Strasbourg,Clay,32,P,20250519,6,214643,8,,Liudmila Samsonova,R,180,RUS,,211651,3,,Paula Badosa,R,180,ESP,,6-4 3-6 6-4,3,QF,,,,,,,,,,,,,,,,,,,,,,,
2025-406,Strasbourg,Clay,32,P,20250519,7,203389,,,Danielle Collins,R,178,USA,,214939,,,Anna Kalinskaya,R,175,RUS,,W/O,3,QF,,,,,,,,,,,,,,,,,,,,,,,
2025-406,Strasbourg,Clay,32,P,20250519,8,215613,2,,Emma Navarro,R,,USA,,215020,,Q,Anna Blinkova,R,179,RUS,,6-4 6-1,3,R16,,,,,,,,,,,,,,,,,,,,,,,
2025-406,Strasbourg,Clay,32,P,20250519,9,206242,9,,Beatriz Haddad Maia,L,185,BRA,,221909,,,Ashlyn Krueger,R,185,USA,,7-6(3) 6-3,3,R16,,,,,,,,,,,,,,,,,,,,,,,
2025-406,Strasbourg,Clay,32,P,20250519,10,214981,4,,Elena Rybakina,R,184,KAZ,,216133,,,Xin Yu Wang,R,182,CHN,,6-1 6-3,3,R16,,,,,,,,,,,,,,,,,,,,,,,
2025-406,Strasbourg,Clay,32,P,20250519,11,202663,,,Magda Linette,R,171,POL,,211685,,,Rebecca Sramkova,R,,SVK,,6-4 6-3,3,R16,,,,,,,,,,,,,,,,,,,,,,,
2025-406,Strasbourg,Clay,32,P,20250519,12,214643,8,,Liudmila Samsonova,R,180,RUS,,220348,,WC,Diane Parry,R,170,FRA,,6-4 6-4,3,R16,,,,,,,,,,,,,,,,,,,,,,,
2025-406,Strasbourg,Clay,32,P,20250519,13,211651,3,,Paula Badosa,R,180,ESP,,213631,,LL,Marie Bouzkova,R,180,CZE,,3-3 RET,3,R16,,,,,,,,,,,,,,,,,,,,,,,
2025-406,Strasbourg,Clay,32,P,20250519,14,203389,,,Danielle Collins,R,178,USA,,221054,,WC,Emma Raducanu,R,175,GBR,,4-6 6-1 6-3,3,R16,,,,,,,,,,,,,,,,,,,,,,,
2025-406,Strasbourg,Clay,32,P,20250519,15,214939,,,Anna Kalinskaya,R,175,RUS,,202468,1,,Jessica Pegula,R,170,USA,,4-6 6-4 6-2,3,R16,,,,,,,,,,,,,,,,,,,,,,,
2025-406,Strasbourg,Clay,32,P,20250519,16,215020,,Q,Anna Blinkova,R,179,RUS,,211684,,,Magdalena Frech,R,171,POL,,6-3 7-5,3,R32,,,,,,,,,,,,,,,,,,,,,,,
2025-406,Strasbourg,Clay,32,P,20250519,17,221909,,,Ashlyn Krueger,R,185,USA,,220520,,Q,Mccartney Kessler,R,,USA,,6-4 7-5,3,R32,,,,,,,,,,,,,,,,,,,,,,,
2025-406,Strasbourg,Clay,32,P,20250519,18,206242,9,,Beatriz Haddad Maia,L,185,BRA,,220704,,,Clara Tauson,R,182,DEN,,3-6 6-4 7-5,3,R32,,,,,,,,,,,,,,,,,,,,,,,
2025-406,Strasbourg,Clay,32,P,20250519,19,216133,,,Xin Yu Wang,R,182,CHN,,220332,,Q,Eva Lys,R,165,GER,,6-4 7-5,3,R32,,,,,,,,,,,,,,,,,,,,,,,
2025-406,Strasbourg,Clay,32,P,20250519,20,211685,,,Rebecca Sramkova,R,,SVK,,201709,,,Yulia Putintseva,R,163,KAZ,,6-0 6-4,3,R32,,,,,,,,,,,,,,,,,,,,,,,
2025-406,Strasbourg,Clay,32,P,20250519,21,202663,,,Magda Linette,R,171,POL,,206252,7,,Barbora Krejcikova,R,178,CZE,,6-3 6-3,3,R32,,,,,,,,,,,,,,,,,,,,,,,
2025-406,Strasbourg,Clay,32,P,20250519,22,214643,8,,Liudmila Samsonova,R,180,RUS,,222328,,,Linda Noskova,R,,CZE,,6-1 7-5,3,R32,,,,,,,,,,,,,,,,,,,,,,,
2025-406,Strasbourg,Clay,32,P,20250519,23,220348,,WC,Diane Parry,R,170,FRA,,220367,,,Leylah Fernandez,L,168,CAN,,7-5 7-6(3),3,R32,,,,,,,,,,,,,,,,,,,,,,,
2025-406,Strasbourg,Clay,32,P,20250519,24,213631,,LL,Marie Bouzkova,R,180,CZE,,201427,,WC,Alize Cornet,R,173,FRA,,6-2 6-1,3,R32,,,,,,,,,,,,,,,,,,,,,,,
2025-406,Strasbourg,Clay,32,P,20250519,25,221054,,WC,Emma Raducanu,R,175,GBR,,214082,6,,Daria Kasatkina,R,170,RUS,,6-1 6-3,3,R32,,,,,,,,,,,,,,,,,,,,,,,
2025-406,Strasbourg,Clay,32,P,20250519,26,203389,,,Danielle Collins,R,178,USA,,213550,,,Sofia Kenin,R,170,USA,,6-1 1-6 6-2,3,R32,,,,,,,,,,,,,,,,,,,,,,,
2025-406,Strasbourg,Clay,32,P,20250519,27,214939,,,Anna Kalinskaya,R,175,RUS,,214452,,Q,Caroline Dolehide,R,178,USA,,6-2 4-6 6-3,3,R32,,,,,,,,,,,,,,,,,,,,,,,
2025-1005,Rabat,Clay,32,I,20250519,1,233741,,,Maya Joint,R,,AUS,,211713,,,Jaqueline Cristian,R,180,ROU,,6-3 6-2,3,F,,,,,,,,,,,,,,,,,,,,,,,
2025-1005,Rabat,Clay,32,I,20250519,2,211713,,,Jaqueline Cristian,R,180,ROU,,215785,2,,Camila Osorio,R,162,COL,,6-7(6) 6-4 6-4,3,SF,,,,,,,,,,,,,,,,,,,,,,,
2025-1005,Rabat,Clay,32,I,20250519,3,233741,,,Maya Joint,R,,AUS,,201548,,,Ajla Tomljanovic,R,180,AUS,,6-4 0-0 RET,3,SF,,,,,,,,,,,,,,,,,,,,,,,
2025-1005,Rabat,Clay,32,I,20250519,4,215785,2,,Camila Osorio,R,162,COL,,215064,,,Maria Mateas,R,,USA,,6-3 6-1,3,QF,,,,,,,,,,,,,,,,,,,,,,,
2025-1005,Rabat,Clay,32,I,20250519,5,211713,,,Jaqueline Cristian,R,180,ROU,,201545,,WC,Anastasija Sevastova,R,169,LAT,,6-3 6-4,3,QF,,,,,,,,,,,,,,,,,,,,,,,
2025-1005,Rabat,Clay,32,I,20250519,6,233741,,,Maya Joint,R,,AUS,,215983,4,,Ann Li,R,170,USA,,6-2 6-1,3,QF,,,,,,,,,,,,,,,,,,,,,,,
2025-1005,Rabat,Clay,32,I,20250519,7,201548,,,Ajla Tomljanovic,R,180,AUS,,222601,10,,Jessica Bouzas Maneiro,R,,ESP,,6-1 6-3,3,QF,,,,,,,,,,,,,,,,,,,,,,,
2025-1005,Rabat,Clay,32,I,20250519,8,215785,2,,Camila Osorio,R,162,COL,,215872,,,Kamilla Rakhimova,R,,RUS,,4-6 6-2 6-3,3,R16,,,,,,,,,,,,,,,,,,,,,,,
2025-1005,Rabat,Clay,32,I,20250519,9,215064,,,Maria Mateas,R,,USA,,201551,,,Arantxa Rus,L,180,NED,,6-4 6-2,3,R16,,,,,,,,,,,,,,,,,,,,,,,
2025-1005,Rabat,Clay,32,I,20250519,10,201545,,WC,Anastasija Sevastova,R,169,LAT,,220309,,,Zeynep Sonmez,R,,TUR,,6-3 6-4,3,R16,,,,,,,,,,,,,,,,,,,,,,,
2025-1005,Rabat,Clay,32,I,20250519,11,211713,,,Jaqueline Cristian,R,180,ROU,,211901,,,Aliona Bolsova,R,172,MDA,,7-6(1) 7-6(1),3,R16,,,,,,,,,,,,,,,,,,,,,,,
2025-1005,Rabat,Clay,32,I,20250519,12,233741,,,Maya Joint,R,,AUS,,220465,9,,Katie Volynets,R,,USA,,6-0 6-3,3,R16,,,,,,,,,,,,,,,,,,,,,,,
2025-1005,Rabat,Clay,32,I,20250519,13,215983,4,,Ann Li,R,170,USA,,221024,,,Hailey Baptiste,R,,USA,,6-4 6-7(5) 7-5,3,R16,,,,,,,,,,,,,,,,,,,,,,,
2025-1005,Rabat,Clay,32,I,20250519,14,201548,,,Ajla Tomljanovic,R,180,AUS,,214301,,Q,Tatiana Pieri,U,,ITA,,4-6 6-2 6-4,3,R16,,,,,,,,,,,,,,,,,,,,,,,
2025-1005,Rabat,Clay,32,I,20250519,15,222601,10,,Jessica Bouzas Maneiro,R,,ESP,,216367,,Q,Sada Nahimana,R,,BDI,,6-4 4-6 6-1,3,R16,,,,,,,,,,,,,,,,,,,,,,,
2025-1005,Rabat,Clay,32,I,20250519,16,215785,2,,Camila Osorio,R,162,COL,,220714,,,Elisabetta Cocciaretto,R,,ITA,,2-6 6-3 6-2,3,R32,,,,,,,,,,,,,,,,,,,,,,,
2025-1005,Rabat,Clay,32,I,20250519,17,215872,,,Kamilla Rakhimova,R,,RUS,,213525,,,Jil Teichmann,L,170,SUI,,6-4 6-1,3,R32,,,,,,,,,,,,,,,,,,,,,,,
2025-1005,Rabat,Clay,32,I,20250519,18,215064,,,Maria Mateas,R,,USA,,216097,,Q,Elizabeth Mandlik,R,,USA,,6-3 6-4,3,R32,,,,,,,,,,,,,,,,,,,,,,,
2025-1005,Rabat,Clay,32,I,20250519,19,201551,,,Arantxa Rus,L,180,NED,,213849,,LL,Nicole Fossa Huergo,U,,ITA,,6-3 6-7(7) 6-1,3,R32,,,,,,,,,,,,,,,,,,,,,,,
2025-1005,Rabat,Clay,32,I,20250519,20,220309,,,Zeynep Sonmez,R,,TUR,,214459,3,,Lucia Bronzetti,R,,ITA,,6-2 6-1,3,R32,,,,,,,,,,,,,,,,,,,,,,,
2025-1005,Rabat,Clay,32,I,20250519,21,201545,,WC,Anastasija Sevastova,R,169,LAT,,236956,,WC,Yasmine Kabbaj,U,,MAR,,5-7 6-4 7-5,3,R32,,,,,,,,,,,,,,,,,,,,,,,
2025-1005,Rabat,Clay,32,I,20250519,22,211713,,,Jaqueline Cristian,R,180,ROU,,245077,,WC,Yelyzaveta Kotliar,U,,UKR,,6-3 6-1,3,R32,,,,,,,,,,,,,,,,,,,,,,,
2025-1005,Rabat,Clay,32,I,20250519,23,211901,,,Aliona Bolsova,R,172,MDA,,211701,6,,Katerina Siniakova,R,174,CZE,,3-6 6-1 6-2,3,R32,,,,,,,,,,,,,,,,,,,,,,,
2025-1005,Rabat,Clay,32,I,20250519,24,220465,9,,Katie Volynets,R,,USA,,206430,,LL,Carolina Alves,U,,BRA,,6-3 6-0,3,R32,,,,,,,,,,,,,,,,,,,,,,,
2025-1005,Rabat,Clay,32,I,20250519,25,233741,,,Maya Joint,R,,AUS,,211951,,,Ana Konjuh,R,174,CRO,,7-5 6-2,3,R32,,,,,,,,,,,,,,,,,,,,,,,
2025-1005,Rabat,Clay,32,I,20250519,26,221024,,,Hailey Baptiste,R,,USA,,202662,,Q,Camilla Rosatello,R,,ITA,,7-6(5) 3-6 6-2,3,R32,,,,,,,,,,,,,,,,,,,,,,,
2025-1005,Rabat,Clay,32,I,20250519,27,215983,4,,Ann Li,R,170,USA,,221237,,LL,Maria Timofeeva,R,,RUS,,7-6(6) 6-2,3,R32,,,,,,,,,,,,,,,,,,,,,,,
2025-1005,Rabat,Clay,32,I,20250519,28,201548,,,Ajla Tomljanovic,R,180,AUS,,202600,5,,Viktoriya Tomova,R,170,BUL,,7-5 4-6 6-3,3,R32,,,,,,,,,,,,,,,,,,,,,,,
2025-1005,Rabat,Clay,32,I,20250519,29,214301,,Q,Tatiana Pieri,U,,ITA,,220781,,,Carlota Martinez Cirez,R,,ESP,,6-3 6-0,3,R32,,,,,,,,,,,,,,,,,,,,,,,
2025-1005,Rabat,Clay,32,I,20250519,30,216367,,Q,Sada Nahimana,R,,BDI,,223671,,WC,Aya El Aouni,U,,MAR,,6-3 6-2,3,R32,,,,,,,,,,,,,,,,,,,,,,,
2025-1005,Rabat,Clay,32,I,20250519,31,222601,10,,Jessica Bouzas Maneiro,R,,ESP,,211814,,,Julia Grabher,R,170,AUT,,6-3 1-6 6-4,3,R32,,,,,,,,,,,,,,,,,,,,,,,
2025-1080,Nottingham,Grass,32,I,20250609,1,220520,,,Mccartney Kessler,R,,USA,,215035,,,Dayana Yastremska,R,175,UKR,,6-4 7-5,3,F,,,,,,,,,,,,,,,,,,,,,,,
2025-1080,Nottingham,Grass,32,I,20250609,2,215035,,,Dayana Yastremska,R,175,UKR,,202663,6,,Magda Linette,R,171,POL,,6-4 6-4,3,SF,,,,,,,,,,,,,,,,,,,,,,,
2025-1080,Nottingham,Grass,32,I,20250609,3,220520,,,Mccartney Kessler,R,,USA,,211685,,,Rebecca Sramkova,R,,SVK,,6-4 6-2,3,SF,,,,,,,,,,,,,,,,,,,,,,,
2025-1080,Nottingham,Grass,32,I,20250609,4,202663,6,,Magda Linette,R,171,POL,,220704,2,,Clara Tauson,R,182,DEN,,6-2 7-5,3,QF,,,,,,,,,,,,,,,,,,,,,,,
2025-1080,Nottingham,Grass,32,I,20250609,5,215035,,,Dayana Yastremska,R,175,UKR,,220367,5,,Leylah Fernandez,L,168,CAN,,6-3 7-6(6),3,QF,,,,,,,,,,,,,,,,,,,,,,,
2025-1080,Nottingham,Grass,32,I,20250609,6,211685,,,Rebecca Sramkova,R,,SVK,,222328,7,,Linda Noskova,R,,CZE,,3-6 6-4 6-4,3,QF,,,,,,,,,,,,,,,,,,,,,,,
2025-1080,Nottingham,Grass,32,I,20250609,7,220520,,,Mccartney Kessler,R,,USA,,211107,8,,Katie Boulter,R,180,GBR,,6-3 3-6 6-4,3,QF,,,,,,,,,,,,,,,,,,,,,,,
2025-1080,Nottingham,Grass,32,I,20250609,8,220704,2,,Clara Tauson,R,182,DEN,,215020,,,Anna Blinkova,R,179,RUS,,6-4 6-4,3,R16,,,,,,,,,,,,,,,,,,,,,,,
2025-1080,Nottingham,Grass,32,I,20250609,9,202663,6,,Magda Linette,R,171,POL,,259685,,WC,Mingge Xu,U,,GBR,,7-5 6-1,3,R16,,,,,,,,,,,,,,,,,,,,,,,
2025-1080,Nottingham,Grass,32,I,20250609,10,215035,,,Dayana Yastremska,R,175,UKR,,222045,,Q,Antonia Ruzic,R,,CRO,,6-2 2-6 6-4,3,R16,,,,,,,,,,,,,,,,,,,,,,,
2025-1080,Nottingham,Grass,32,I,20250609,11,220367,5,,Leylah Fernandez,L,168,CAN,,213710,,LL,Cristina Bucsa,R,,ESP,,6-3 6-4,3,R16,,,,,,,,,,,,,,,,,,,,,,,
2025-1080,Nottingham,Grass,32,I,20250609,12,222328,7,,Linda Noskova,R,,CZE,,215936,,WC,Francesca Jones,R,,GBR,,6-1 6-3,3,R16,,,,,,,,,,,,,,,,,,,,,,,
2025-1080,Nottingham,Grass,32,I,20250609,13,211685,,,Rebecca Sramkova,R,,SVK,,201709,4,,Yulia Putintseva,R,163,KAZ,,6-1 4-6 6-4,3,R16,,,,,,,,,,,,,,,,,,,,,,,
2025-1080,Nottingham,Grass,32,I,20250609,14,211107,8,,Katie Boulter,R,180,GBR,,222661,,,Sonay Kartal,R,,GBR,,6-4 1-6 7-5,3,R16,,,,,,,,,,,,,,,,,,,,,,,
2025-1080,Nottingham,Grass,32,I,20250609,15,220520,,,Mccartney Kessler,R,,USA,,202684,,,Lin Zhu,R,173,CHN,,6-1 6-4,3,R16,,,,,,,,,,,,,,,,,,,,,,,
2025-1080,Nottingham,Grass,32,I,20250609,16,220704,2,,Clara Tauson,R,182,DEN,,214040,,,Kimberly Birrell,R,170,AUS,,7-5 6-2,3,R32,,,,,,,,,,,,,,,,,,,,,,,
2025-1080,Nottingham,Grass,32,I,20250609,17,215020,,,Anna Blinkova,R,179,RUS,,215872,,Q,Kamilla Rakhimova,R,,RUS,,6-2 6-3,3,R32,,,,,,,,,,,,,,,,,,,,,,,
2025-1080,Nottingham,Grass,32,I,20250609,18,259685,,WC,Mingge Xu,U,,GBR,,220465,,,Katie Volynets,R,,USA,,6-3 6-3,3,R32,,,,,,,,,,,,,,,,,,,,,,,
2025-1080,Nottingham,Grass,32,I,20250609,19,202663,6,,Magda Linette,R,171,POL,,223253,,Q,Alexandra Eala,L,173,PHI,,6-4 6-3,3,R32,,,,,,,,,,,,,,,,,,,,,,,
2025-1080,Nottingham,Grass,32,I,20250609,20,215035,,,Dayana Yastremska,R,175,UKR,,215337,9,,Olga Danilovic,L,,SRB,,6-4 7-6(4),3,R32,,,,,,,,,,,,,,,,,,,,,,,
2025-1080,Nottingham,Grass,32,I,20250609,21,222045,,Q,Antonia Ruzic,R,,CRO,,214459,,,Lucia Bronzetti,R,,ITA,,6-0 6-4,3,R32,,,,,,,,,,,,,,,,,,,,,,,
2025-1080,Nottingham,Grass,32,I,20250609,22,213710,,LL,Cristina Bucsa,R,,ESP,,263857,,LL,Yuliia Starodubtseva,R,,UKR,,6-3 6-3,3,R32,,,,,,,,,,,,,,,,,,,,,,,
2025-1080,Nottingham,Grass,32,I,20250609,23,220367,5,,Leylah Fernandez,L,168,CAN,,215480,,,Suzan Lamens,R,,NED,,6-3 4-6 7-5,3,R32,,,,,,,,,,,,,,,,,,,,,,,
2025-1080,Nottingham,Grass,32,I,20250609,24,222328,7,,Linda Noskova,R,,CZE,,223331,,LL,Anca Alexia Todoni,R,,ROU,,6-4 3-6 7-6(6),3,R32,,,,,,,,,,,,,,,,,,,,,,,
2025-1080,Nottingham,Grass,32,I,20250609,25,215936,,WC,Francesca Jones,R,,GBR,,211279,,WC,Harriet Dart,R,175,GBR,,7-5 6-4,3,R32,,,,,,,,,,,,,,,,,,,,,,,
2025-1080,Nottingham,Grass,32,I,20250609,26,211685,,,Rebecca Sramkova,R,,SVK,,201696,,Q,Laura Siegemund,R,168,GER,,7-6(2) 4-6 7-6(6),3,R32,,,,,,,,,,,,,,,,,,,,,,,
2025-1080,Nottingham,Grass,32,I,20250609,27,201709,4,,Yulia Putintseva,R,163,KAZ,,263872,,WC,Hannah Klugman,R,,GBR,,6-2 6-2,3,R32,,,,,,,,,,,,,,,,,,,,,,,
2025-1080,Nottingham,Grass,32,I,20250609,28,211107,8,,Katie Boulter,R,180,GBR,,215138,,,Lulu Sun,L,,NZL,,6-2 6-2,3,R32,,,,,,,,,,,,,,,,,,,,,,,
2025-1080,Nottingham,Grass,32,I,20250609,29,222661,,,Sonay Kartal,R,,GBR,,206417,,Q,Leolia Jeanjean,R,,FRA,,6-3 6-4,3,R32,,,,,,,,,,,,,,,,,,,,,,,
2025-1080,Nottingham,Grass,32,I,20250609,30,202684,,,Lin Zhu,R,173,CHN,,205925,,Q,Aliaksandra Sasnovich,R,174,BLR,,6-4 6-1,3,R32,,,,,,,,,,,,,,,,,,,,,,,
2025-1080,Nottingham,Grass,32,I,20250609,31,220520,,,Mccartney Kessler,R,,USA,,206242,1,,Beatriz Haddad Maia,L,185,BRA,,7-5 6-7(3) 7-5,3,R32,,,,,,,,,,,,,,,,,,,,,,,
2025-2012,Berlin,Grass,32,P,20250616,1,214954,,,Marketa Vondrousova,L,173,CZE,,216133,,Q,Xin Yu Wang,R,182,CHN,,7-6(10) 4-6 6-2,3,F,,,,,,,,,,,,,,,,,,,,,,,
2025-2012,Berlin,Grass,32,P,20250616,2,216133,,Q,Xin Yu Wang,R,182,CHN,,214643,,,Liudmila Samsonova,R,180,RUS,,6-4 6-1,3,SF,,,,,,,,,,,,,,,,,,,,,,,
2025-2012,Berlin,Grass,32,P,20250616,3,214954,,,Marketa Vondrousova,L,173,CZE,,214544,1,,Aryna Sabalenka,R,182,BLR,,6-2 6-4,3,SF,,,,,,,,,,,,,,,,,,,,,,,
2025-2012,Berlin,Grass,32,P,20250616,4,216133,,Q,Xin Yu Wang,R,182,CHN,,211651,8,,Paula Badosa,R,180,ESP,,6-1 0-0 RET,3,QF,,,,,,,,,,,,,,,,,,,,,,,
2025-2012,Berlin,Grass,32,P,20250616,5,214643,,,Liudmila Samsonova,R,180,RUS,,216153,,,Amanda Anisimova,R,180,USA,,6-1 6-1,3,QF,,,,,,,,,,,,,,,,,,,,,,,
2025-2012,Berlin,Grass,32,P,20250616,6,214954,,,Marketa Vondrousova,L,173,CZE,,202460,,LL,Ons Jabeur,R,167,TUN,,6-4 6-1,3,QF,,,,,,,,,,,,,,,,,,,,,,,
2025-2012,Berlin,Grass,32,P,20250616,7,214544,1,,Aryna Sabalenka,R,182,BLR,,214981,,,Elena Rybakina,R,184,KAZ,,7-6(6) 3-6 7-6(6),3,QF,,,,,,,,,,,,,,,,,,,,,,,
2025-2012,Berlin,Grass,32,P,20250616,8,216133,,Q,Xin Yu Wang,R,182,CHN,,221103,2,,Coco Gauff,R,175,USA,,6-3 6-3,3,R16,,,,,,,,,,,,,,,,,,,,,,,
2025-2012,Berlin,Grass,32,P,20250616,9,211651,8,,Paula Badosa,R,180,ESP,,215613,,,Emma Navarro,R,,USA,,7-6(2) 6-3,3,R16,,,,,,,,,,,,,,,,,,,,,,,
2025-2012,Berlin,Grass,32,P,20250616,10,214643,,,Liudmila Samsonova,R,180,RUS,,202468,3,,Jessica Pegula,R,170,USA,,6-7(8) 7-5 7-6(5),3,R16,,,,,,,,,,,,,,,,,,,,,,,
2025-2012,Berlin,Grass,32,P,20250616,11,216153,,,Amanda Anisimova,R,180,USA,,211684,,,Magdalena Frech,R,171,POL,,6-2 4-6 6-3,3,R16,,,,,,,,,,,,,,,,,,,,,,,
2025-2012,Berlin,Grass,32,P,20250616,12,214954,,,Marketa Vondrousova,L,173,CZE,,223670,,,Diana Shnaider,L,,RUS,,6-3 6-7(3) 6-3,3,R16,,,,,,,,,,,,,,,,,,,,,,,
2025-2012,Berlin,Grass,32,P,20250616,13,202460,,LL,Ons Jabeur,R,167,TUN,,211148,4,,Jasmine Paolini,R,160,ITA,,6-1 6-3,3,R16,,,,,,,,,,,,,,,,,,,,,,,
2025-2012,Berlin,Grass,32,P,20250616,14,214981,,,Elena Rybakina,R,184,KAZ,,211701,,Q,Katerina Siniakova,R,174,CZE,,6-4 7-6(5),3,R16,,,,,,,,,,,,,,,,,,,,,,,
2025-2012,Berlin,Grass,32,P,20250616,15,214544,1,,Aryna Sabalenka,R,182,BLR,,214119,,Q,Rebeka Masarova,R,186,ESP,,6-2 7-6(6),3,R16,,,,,,,,,,,,,,,,,,,,,,,
2025-2012,Berlin,Grass,32,P,20250616,16,216133,,Q,Xin Yu Wang,R,182,CHN,,214082,,,Daria Kasatkina,R,170,RUS,,6-3 6-2,3,R32,,,,,,,,,,,,,,,,,,,,,,,
2025-2012,Berlin,Grass,32,P,20250616,17,215613,,,Emma Navarro,R,,USA,,216146,,,Marta Kostyuk,R,175,UKR,,6-2 6-3,3,R32,,,,,,,,,,,,,,,,,,,,,,,
2025-2012,Berlin,Grass,32,P,20250616,18,211651,8,,Paula Badosa,R,180,ESP,,220332,,WC,Eva Lys,R,165,GER,,6-1 6-3,3,R32,,,,,,,,,,,,,,,,,,,,,,,
2025-2012,Berlin,Grass,32,P,20250616,19,214643,,,Liudmila Samsonova,R,180,RUS,,211768,,WC,Naomi Osaka,R,180,JPN,,3-6 7-6(3) 6-4,3,R32,,,,,,,,,,,,,,,,,,,,,,,
2025-2012,Berlin,Grass,32,P,20250616,20,216153,,,Amanda Anisimova,R,180,USA,,215370,,WC,Bianca Andreescu,R,170,CAN,,6-4 6-3,3,R32,,,,,,,,,,,,,,,,,,,,,,,
2025-2012,Berlin,Grass,32,P,20250616,21,211684,,,Magdalena Frech,R,171,POL,,259799,6,,Mirra Andreeva,R,,RUS,,2-6 7-5 6-0,3,R32,,,,,,,,,,,,,,,,,,,,,,,
2025-2012,Berlin,Grass,32,P,20250616,22,214954,,,Marketa Vondrousova,L,173,CZE,,201619,7,,Madison Keys,R,178,USA,,7-5 7-6(6),3,R32,,,,,,,,,,,,,,,,,,,,,,,
2025-2012,Berlin,Grass,32,P,20250616,23,223670,,,Diana Shnaider,L,,RUS,,202499,,,Donna Vekic,R,179,CRO,,6-2 6-4,3,R32,,,,,,,,,,,,,,,,,,,,,,,
2025-2012,Berlin,Grass,32,P,20250616,24,202460,,LL,Ons Jabeur,R,167,TUN,,214452,,Q,Caroline Dolehide,R,178,USA,,7-6(5) 6-1,3,R32,,,,,,,,,,,,,,,,,,,,,,,
2025-2012,Berlin,Grass,32,P,20250616,25,214981,,,Elena Rybakina,R,184,KAZ,,221909,,LL,Ashlyn Krueger,R,185,USA,,6-3 7-6(3),3,R32,,,,,,,,,,,,,,,,,,,,,,,
2025-2012,Berlin,Grass,32,P,20250616,26,211701,,Q,Katerina Siniakova,R,174,CZE,,202600,,Q,Viktoriya Tomova,R,170,BUL,,6-1 6-2,3,R32,,,,,,,,,,,,,,,,,,,,,,,
2025-2012,Berlin,Grass,32,P,20250616,27,214119,,Q,Rebeka Masarova,R,186,ESP,,213550,,Q,Sofia Kenin,R,170,USA,,6-3 6-2,3,R32,,,,,,,,,,,,,,,,,,,,,,,
2025-710,Eastbourne,Grass,32,P,20250623,1,233741,,,Maya Joint,R,,AUS,,223253,,Q,Alexandra Eala,L,173,PHI,,6-4 1-6 7-6(10),3,F,,,,,,,,,,,,,,,,,,,,,,,
2025-710,Eastbourne,Grass,32,P,20250623,2,223253,,Q,Alexandra Eala,L,173,PHI,,219875,,Q,Varvara Gracheva,R,,FRA,,7-5 2-6 6-3,3,SF,,,,,,,,,,,,,,,,,,,,,,,
2025-710,Eastbourne,Grass,32,P,20250623,3,233741,,,Maya Joint,R,,AUS,,201499,,,Anastasia Pavlyuchenkova,R,177,RUS,,7-5 6-3,3,SF,,,,,,,,,,,,,,,,,,,,,,,
2025-710,Eastbourne,Grass,32,P,20250623,4,219875,,Q,Varvara Gracheva,R,,FRA,,206252,2,,Barbora Krejcikova,R,178,CZE,,W/O,3,QF,,,,,,,,,,,,,,,,,,,,,,,
2025-710,Eastbourne,Grass,32,P,20250623,5,223253,,Q,Alexandra Eala,L,173,PHI,,215035,,SE,Dayana Yastremska,R,175,UKR,,6-1 6-2,3,QF,,,,,,,,,,,,,,,,,,,,,,,
2025-710,Eastbourne,Grass,32,P,20250623,6,201499,,,Anastasia Pavlyuchenkova,R,177,RUS,,215872,,Q,Kamilla Rakhimova,R,,RUS,,6-2 2-6 6-0,3,QF,,,,,,,,,,,,,,,,,,,,,,,
2025-710,Eastbourne,Grass,32,P,20250623,7,233741,,,Maya Joint,R,,AUS,,215020,,,Anna Blinkova,R,179,RUS,,6-4 7-5,3,QF,,,,,,,,,,,,,,,,,,,,,,,
2025-710,Eastbourne,Grass,32,P,20250623,8,206252,2,,Barbora Krejcikova,R,178,CZE,,214839,,WC,Jodie Burrage,R,,GBR,,6-4 4-6 7-6(3),3,R16,,,,,,,,,,,,,,,,,,,,,,,
2025-710,Eastbourne,Grass,32,P,20250623,9,219875,,Q,Varvara Gracheva,R,,FRA,,211685,8,,Rebecca Sramkova,R,,SVK,,7-5 6-3,3,R16,,,,,,,,,,,,,,,,,,,,,,,
2025-710,Eastbourne,Grass,32,P,20250623,10,223253,,Q,Alexandra Eala,L,173,PHI,,211533,3,,Jelena Ostapenko,R,177,LAT,,0-6 6-2 3-2 RET,3,R16,,,,,,,,,,,,,,,,,,,,,,,
2025-710,Eastbourne,Grass,32,P,20250623,11,215035,,SE,Dayana Yastremska,R,175,UKR,,215936,,WC,Francesca Jones,R,,GBR,,6-2 6-1,3,R16,,,,,,,,,,,,,,,,,,,,,,,
2025-710,Eastbourne,Grass,32,P,20250623,12,215872,,Q,Kamilla Rakhimova,R,,RUS,,220548,6,,Peyton Stearns,R,,USA,,6-3 6-4,3,R16,,,,,,,,,,,,,,,,,,,,,,,
2025-710,Eastbourne,Grass,32,P,20250623,13,201499,,,Anastasia Pavlyuchenkova,R,177,RUS,,214040,,Q,Kimberly Birrell,R,170,AUS,,7-5 7-5,3,R16,,,,,,,,,,,,,,,,,,,,,,,
2025-710,Eastbourne,Grass,32,P,20250623,14,233741,,,Maya Joint,R,,AUS,,221054,7,,Emma Raducanu,R,175,GBR,,4-6 6-1 7-6(4),3,R16,,,,,,,,,,,,,,,,,,,,,,,
2025-710,Eastbourne,Grass,32,P,20250623,15,215020,,,Anna Blinkova,R,179,RUS,,215138,,,Lulu Sun,L,,NZL,,6-3 6-3,3,R16,,,,,,,,,,,,,,,,,,,,,,,
2025-710,Eastbourne,Grass,32,P,20250623,16,206252,2,,Barbora Krejcikova,R,178,CZE,,211279,,WC,Harriet Dart,R,175,GBR,,6-3 6-7(4) 7-5,3,R32,,,,,,,,,,,,,,,,,,,,,,,
2025-710,Eastbourne,Grass,32,P,20250623,17,214839,,WC,Jodie Burrage,R,,GBR,,220416,,,Moyuka Uchijima,R,171,JPN,,6-3 6-2,3,R32,,,,,,,,,,,,,,,,,,,,,,,
2025-710,Eastbourne,Grass,32,P,20250623,18,219875,,Q,Varvara Gracheva,R,,FRA,,215785,,,Camila Osorio,R,162,COL,,6-4 4-6 7-5,3,R32,,,,,,,,,,,,,,,,,,,,,,,
2025-710,Eastbourne,Grass,32,P,20250623,19,211685,8,,Rebecca Sramkova,R,,SVK,,211713,,,Jaqueline Cristian,R,180,ROU,,6-3 6-2,3,R32,,,,,,,,,,,,,,,,,,,,,,,
2025-710,Eastbourne,Grass,32,P,20250623,20,211533,3,,Jelena Ostapenko,R,177,LAT,,222661,,,Sonay Kartal,R,,GBR,,6-3 7-6(2),3,R32,,,,,,,,,,,,,,,,,,,,,,,
2025-710,Eastbourne,Grass,32,P,20250623,21,223253,,Q,Alexandra Eala,L,173,PHI,,214459,,,Lucia Bronzetti,R,,ITA,,6-0 6-1,3,R32,,,,,,,,,,,,,,,,,,,,,,,
2025-710,Eastbourne,Grass,32,P,20250623,22,215936,,WC,Francesca Jones,R,,GBR,,213889,,Q,Greet Minnen,R,,BEL,,6-4 7-5,3,R32,,,,,,,,,,,,,,,,,,,,,,,
2025-710,Eastbourne,Grass,32,P,20250623,23,215035,,SE,Dayana Yastremska,R,175,UKR,,202663,5,,Magda Linette,R,171,POL,,6-4 4-2 RET,3,R32,,,,,,,,,,,,,,,,,,,,,,,
2025-710,Eastbourne,Grass,32,P,20250623,24,220548,6,,Peyton Stearns,R,,USA,,259685,,WC,Mingge Xu,U,,GBR,,6-3 6-4,3,R32,,,,,,,,,,,,,,,,,,,,,,,
2025-710,Eastbourne,Grass,32,P,20250623,25,215872,,Q,Kamilla Rakhimova,R,,RUS,,220714,,Q,Elisabetta Cocciaretto,R,,ITA,,6-4 4-6 6-3,3,R32,,,,,,,,,,,,,,,,,,,,,,,
2025-710,Eastbourne,Grass,32,P,20250623,26,201499,,,Anastasia Pavlyuchenkova,R,177,RUS,,202600,,,Viktoriya Tomova,R,170,BUL,,6-1 6-7(5) 7-6(7),3,R32,,,,,,,,,,,,,,,,,,,,,,,
2025-710,Eastbourne,Grass,32,P,20250623,27,214040,,Q,Kimberly Birrell,R,170,AUS,,213550,4,,Sofia Kenin,R,170,USA,,6-4 6-4,3,R32,,,,,,,,,,,,,,,,,,,,,,,
2025-710,Eastbourne,Grass,32,P,20250623,28,221054,7,,Emma Raducanu,R,175,GBR,,215983,,,Ann Li,R,170,USA,,6-7(5) 6-3 6-1,3,R32,,,,,,,,,,,,,,,,,,,,,,,
2025-710,Eastbourne,Grass,32,P,20250623,29,233741,,,Maya Joint,R,,AUS,,202460,,,Ons Jabeur,R,167,TUN,,7-5 6-2,3,R32,,,,,,,,,,,,,,,,,,,,,,,
2025-710,Eastbourne,Grass,32,P,20250623,30,215020,,,Anna Blinkova,R,179,RUS,,213631,,,Marie Bouzkova,R,180,CZE,,6-4 2-6 6-3,3,R32,,,,,,,,,,,,,,,,,,,,,,,
2025-710,Eastbourne,Grass,32,P,20250623,31,215138,,,Lulu Sun,L,,NZL,,214082,1,,Daria Kasatkina,R,170,RUS,,7-5 2-6 6-3,3,R32,,,,,,,,,,,,,,,,,,,,,,,
2025-2017,Bad Homburg,Grass,32,P,20250623,1,202468,1,,Jessica Pegula,R,170,USA,,216347,4,,Iga Swiatek,R,176,POL,,6-4 7-5,3,F,,,,,,,,,,,,,,,,,,,,,,,
2025-2017,Bad Homburg,Grass,32,P,20250623,2,216347,4,,Iga Swiatek,R,176,POL,,211148,2,,Jasmine Paolini,R,160,ITA,,6-1 6-3,3,SF,,,,,,,,,,,,,,,,,,,,,,,
2025-2017,Bad Homburg,Grass,32,P,20250623,3,202468,1,,Jessica Pegula,R,170,USA,,222328,,,Linda Noskova,R,,CZE,,6-7(2) 7-5 6-1,3,SF,,,,,,,,,,,,,,,,,,,,,,,
2025-2017,Bad Homburg,Grass,32,P,20250623,4,211148,2,,Jasmine Paolini,R,160,ITA,,206242,,,Beatriz Haddad Maia,L,185,BRA,,7-5 7-5,3,QF,,,,,,,,,,,,,,,,,,,,,,,
2025-2017,Bad Homburg,Grass,32,P,20250623,5,216347,4,,Iga Swiatek,R,176,POL,,206420,8,,Ekaterina Alexandrova,R,175,RUS,,6-4 7-6(5),3,QF,,,,,,,,,,,,,,,,,,,,,,,
2025-2017,Bad Homburg,Grass,32,P,20250623,6,222328,,,Linda Noskova,R,,CZE,,259799,3,,Mirra Andreeva,R,,RUS,,6-3 6-3,3,QF,,,,,,,,,,,,,,,,,,,,,,,
2025-2017,Bad Homburg,Grass,32,P,20250623,7,202468,1,,Jessica Pegula,R,170,USA,,215613,5,,Emma Navarro,R,,USA,,6-4 1-6 6-3,3,QF,,,,,,,,,,,,,,,,,,,,,,,
2025-2017,Bad Homburg,Grass,32,P,20250623,8,211148,2,,Jasmine Paolini,R,160,ITA,,220367,,,Leylah Fernandez,L,168,CAN,,7-6(8) 7-6(6),3,R16,,,,,,,,,,,,,,,,,,,,,,,
2025-2017,Bad Homburg,Grass,32,P,20250623,9,206242,,,Beatriz Haddad Maia,L,185,BRA,,202494,7,,Elina Svitolina,R,174,UKR,,3-6 6-4 7-6(7),3,R16,,,,,,,,,,,,,,,,,,,,,,,
2025-2017,Bad Homburg,Grass,32,P,20250623,10,216347,4,,Iga Swiatek,R,176,POL,,201458,,Q,Victoria Azarenka,R,180,BLR,,6-4 6-4,3,R16,,,,,,,,,,,,,,,,,,,,,,,
2025-2017,Bad Homburg,Grass,32,P,20250623,11,206420,8,,Ekaterina Alexandrova,R,175,RUS,,206289,,WC,Maria Sakkari,R,172,GRE,,6-3 6-7(2) 6-3,3,R16,,,,,,,,,,,,,,,,,,,,,,,
2025-2017,Bad Homburg,Grass,32,P,20250623,12,222328,,,Linda Noskova,R,,CZE,,202499,,,Donna Vekic,R,179,CRO,,2-6 6-2 6-4,3,R16,,,,,,,,,,,,,,,,,,,,,,,
2025-2017,Bad Homburg,Grass,32,P,20250623,13,259799,3,,Mirra Andreeva,R,,RUS,,220704,,,Clara Tauson,R,182,DEN,,3-6 6-3 6-1,3,R16,,,,,,,,,,,,,,,,,,,,,,,
2025-2017,Bad Homburg,Grass,32,P,20250623,14,215613,5,,Emma Navarro,R,,USA,,211768,,WC,Naomi Osaka,R,180,JPN,,6-4 6-4,3,R16,,,,,,,,,,,,,,,,,,,,,,,
2025-2017,Bad Homburg,Grass,32,P,20250623,15,202468,1,,Jessica Pegula,R,170,USA,,211701,,Q,Katerina Siniakova,R,174,CZE,,6-2 6-3,3,R16,,,,,,,,,,,,,,,,,,,,,,,
2025-2017,Bad Homburg,Grass,32,P,20250623,16,220367,,,Leylah Fernandez,L,168,CAN,,213583,,WC,Tatjana Maria,R,172,GER,,6-0 7-6(1),3,R32,,,,,,,,,,,,,,,,,,,,,,,
2025-2017,Bad Homburg,Grass,32,P,20250623,17,206242,,,Beatriz Haddad Maia,L,185,BRA,,221909,,LL,Ashlyn Krueger,R,185,USA,,6-1 6-4,3,R32,,,,,,,,,,,,,,,,,,,,,,,
2025-2017,Bad Homburg,Grass,32,P,20250623,18,202494,7,,Elina Svitolina,R,174,UKR,,210722,,,Elise Mertens,R,179,BEL,,7-5 6-4,3,R32,,,,,,,,,,,,,,,,,,,,,,,
2025-2017,Bad Homburg,Grass,32,P,20250623,19,201458,,Q,Victoria Azarenka,R,180,BLR,,201696,,WC,Laura Siegemund,R,168,GER,,6-2 6-2,3,R32,,,,,,,,,,,,,,,,,,,,,,,
2025-2017,Bad Homburg,Grass,32,P,20250623,20,206289,,WC,Maria Sakkari,R,172,GRE,,201709,,,Yulia Putintseva,R,163,KAZ,,7-5 7-6(6),3,R32,,,,,,,,,,,,,,,,,,,,,,,
2025-2017,Bad Homburg,Grass,32,P,20250623,21,206420,8,,Ekaterina Alexandrova,R,175,RUS,,202505,,,Belinda Bencic,R,175,SUI,,6-1 6-2,3,R32,,,,,,,,,,,,,,,,,,,,,,,
2025-2017,Bad Homburg,Grass,32,P,20250623,22,202499,,,Donna Vekic,R,179,CRO,,223670,6,,Diana Shnaider,L,,RUS,,6-3 6-3,3,R32,,,,,,,,,,,,,,,,,,,,,,,
2025-2017,Bad Homburg,Grass,32,P,20250623,23,222328,,,Linda Noskova,R,,CZE,,201548,,Q,Ajla Tomljanovic,R,180,AUS,,6-3 6-2,3,R32,,,,,,,,,,,,,,,,,,,,,,,
2025-2017,Bad Homburg,Grass,32,P,20250623,24,220704,,,Clara Tauson,R,182,DEN,,211684,,,Magdalena Frech,R,171,POL,,6-7(6) 6-3 6-3,3,R32,,,,,,,,,,,,,,,,,,,,,,,
2025-2017,Bad Homburg,Grass,32,P,20250623,25,215613,5,,Emma Navarro,R,,USA,,216146,,,Marta Kostyuk,R,175,UKR,,6-2 7-5,3,R32,,,,,,,,,,,,,,,,,,,,,,,
2025-2017,Bad Homburg,Grass,32,P,20250623,26,211768,,WC,Naomi Osaka,R,180,JPN,,215337,,Q,Olga Danilovic,L,,SRB,,7-6(6) 7-6(4),3,R32,,,,,,,,,,,,,,,,,,,,,,,
2025-2017,Bad Homburg,Grass,32,P,20250623,27,211701,,Q,Katerina Siniakova,R,174,CZE,,206368,,LL,Veronika Kudermetova,R,175,RUS,,7-6(4) 7-5,3,R32,,,,,,,,,,,,,,,,,,,,,,,
2025-2063,Iasi,Clay,32,I,20250714,1,201593,7,,Irina Camelia Begu,R,181,ROU,,213525,6,,Jil Teichmann,L,170,SUI,,6-0 7-5,3,F,,,,,,,,,,,,,,,,,,,,,,,
2025-2063,Iasi,Clay,32,I,20250714,2,201593,7,,Irina Camelia Begu,R,181,ROU,,211713,2,,Jaqueline Cristian,R,180,ROU,,6-4 6-4,3,SF,,,,,,,,,,,,,,,,,,,,,,,
2025-2063,Iasi,Clay,32,I,20250714,3,213525,6,,Jil Teichmann,L,170,SUI,,201514,,,Sorana Cirstea,R,176,ROU,,6-4 6-3,3,SF,,,,,,,,,,,,,,,,,,,,,,,
2025-2063,Iasi,Clay,32,I,20250714,4,211713,2,,Jaqueline Cristian,R,180,ROU,,215910,,,Panna Udvardy,R,170,HUN,,6-3 6-4,3,QF,,,,,,,,,,,,,,,,,,,,,,,
2025-2063,Iasi,Clay,32,I,20250714,5,201593,7,,Irina Camelia Begu,R,181,ROU,,216074,,Q,Anna Siskova,U,,CZE,,6-2 3-6 7-5,3,QF,,,,,,,,,,,,,,,,,,,,,,,
2025-2063,Iasi,Clay,32,I,20250714,6,213525,6,,Jil Teichmann,L,170,SUI,,215899,,,Simona Waltert,R,,SUI,,5-7 6-1 7-5,3,QF,,,,,,,,,,,,,,,,,,,,,,,
2025-2063,Iasi,Clay,32,I,20250714,7,201514,,,Sorana Cirstea,R,176,ROU,,214604,,,Maria Lourdes Carle,R,,ARG,,6-1 6-4,3,QF,,,,,,,,,,,,,,,,,,,,,,,
2025-2063,Iasi,Clay,32,I,20250714,8,211713,2,,Jaqueline Cristian,R,180,ROU,,213544,,,Jana Fett,R,168,CRO,,4-1 RET,3,R16,,,,,,,,,,,,,,,,,,,,,,,
2025-2063,Iasi,Clay,32,I,20250714,9,215910,,,Panna Udvardy,R,170,HUN,,215936,8,,Francesca Jones,R,,GBR,,6-4 6-3,3,R16,,,,,,,,,,,,,,,,,,,,,,,
2025-2063,Iasi,Clay,32,I,20250714,10,216074,,Q,Anna Siskova,U,,CZE,,215983,3,,Ann Li,R,170,USA,,6-3 6-3,3,R16,,,,,,,,,,,,,,,,,,,,,,,
2025-2063,Iasi,Clay,32,I,20250714,11,201593,7,,Irina Camelia Begu,R,181,ROU,,223286,,,Victoria Jimenez Kasintseva,L,,AND,,3-6 6-3 6-3,3,R16,,,,,,,,,,,,,,,,,,,,,,,
2025-2063,Iasi,Clay,32,I,20250714,12,213525,6,,Jil Teichmann,L,170,SUI,,216081,,,Maja Chwalinska,L,,POL,,7-6(5) 6-2,3,R16,,,,,,,,,,,,,,,,,,,,,,,
2025-2063,Iasi,Clay,32,I,20250714,13,215899,,,Simona Waltert,R,,SUI,,213706,,Q,Irene Burillo Escorihuela,R,,ESP,,6-4 7-6(2),3,R16,,,,,,,,,,,,,,,,,,,,,,,
2025-2063,Iasi,Clay,32,I,20250714,14,201514,,,Sorana Cirstea,R,176,ROU,,219875,5,,Varvara Gracheva,R,,FRA,,6-2 6-4,3,R16,,,,,,,,,,,,,,,,,,,,,,,
2025-2063,Iasi,Clay,32,I,20250714,15,214604,,,Maria Lourdes Carle,R,,ARG,,220589,1,,Elina Avanesyan,R,,ARM,,7-6(4) 6-2,3,R16,,,,,,,,,,,,,,,,,,,,,,,
2025-2063,Iasi,Clay,32,I,20250714,16,211713,2,,Jaqueline Cristian,R,180,ROU,,211809,,Q,Daria Lodikova,R,,RUS,,6-1 6-4,3,R32,,,,,,,,,,,,,,,,,,,,,,,
2025-2063,Iasi,Clay,32,I,20250714,17,213544,,,Jana Fett,R,168,CRO,,220662,,,Veronika Erjavec,R,,SLO,,7-6(6) 6-2,3,R32,,,,,,,,,,,,,,,,,,,,,,,
2025-2063,Iasi,Clay,32,I,20250714,18,215910,,,Panna Udvardy,R,170,HUN,,221191,,Q,Margaux Rouvroy,R,,FRA,,6-3 2-6 7-5,3,R32,,,,,,,,,,,,,,,,,,,,,,,
2025-2063,Iasi,Clay,32,I,20250714,19,215936,8,,Francesca Jones,R,,GBR,,214189,,Q,Alicia Herrero Linana,R,,ESP,,6-3 6-2,3,R32,,,,,,,,,,,,,,,,,,,,,,,
2025-2063,Iasi,Clay,32,I,20250714,20,215983,3,,Ann Li,R,170,USA,,215571,,,Guiomar Maristany Zuleta De Reales,U,,ESP,,3-6 6-2 6-2,3,R32,,,,,,,,,,,,,,,,,,,,,,,
2025-2063,Iasi,Clay,32,I,20250714,21,216074,,Q,Anna Siskova,U,,CZE,,203514,,,Katarzyna Kawa,R,178,POL,,6-4 4-6 7-6(2),3,R32,,,,,,,,,,,,,,,,,,,,,,,
2025-2063,Iasi,Clay,32,I,20250714,22,223286,,,Victoria Jimenez Kasintseva,L,,AND,,267428,,Q,Giulia Safina Popa,U,,ROU,,6-2 7-5,3,R32,,,,,,,,,,,,,,,,,,,,,,,
2025-2063,Iasi,Clay,32,I,20250714,23,201593,7,,Irina Camelia Begu,R,181,ROU,,211702,,,Nao Hibino,R,163,JPN,,6-1 6-2,3,R32,,,,,,,,,,,,,,,,,,,,,,,
2025-2063,Iasi,Clay,32,I,20250714,24,213525,6,,Jil Teichmann,L,170,SUI,,214480,,WC,Miriam Bianca Bulgaru,R,,ROU,,1-6 7-6(2) 6-1,3,R32,,,,,,,,,,,,,,,,,,,,,,,
2025-2063,Iasi,Clay,32,I,20250714,25,216081,,,Maja Chwalinska,L,,POL,,213576,,,Iryna Shymanovich,R,,BLR,,4-6 6-4 6-2,3,R32,,,,,,,,,,,,,,,,,,,,,,,
2025-2063,Iasi,Clay,32,I,20250714,26,215899,,,Simona Waltert,R,,SUI,,201545,,,Anastasija Sevastova,R,169,LAT,,6-3 6-3,3,R32,,,,,,,,,,,,,,,,,,,,,,,
2025-2063,Iasi,Clay,32,I,20250714,27,213706,,Q,Irene Burillo Escorihuela,R,,ESP,,203463,4,,Nuria Parrizas Diaz,R,167,ESP,,5-7 7-5 4-1 RET,3,R32,,,,,,,,,,,,,,,,,,,,,,,
2025-2063,Iasi,Clay,32,I,20250714,28,219875,5,,Varvara Gracheva,R,,FRA,,202536,,WC,Ana Bogdan,R,171,ROU,,7-5 6-2,3,R32,,,,,,,,,,,,,,,,,,,,,,,
2025-2063,Iasi,Clay,32,I,20250714,29,201514,,,Sorana Cirstea,R,176,ROU,,202596,,,Mihaela Buzarnescu,L,175,ROU,,6-2 6-2,3,R32,,,,,,,,,,,,,,,,,,,,,,,
2025-2063,Iasi,Clay,32,I,20250714,30,214604,,,Maria Lourdes Carle,R,,ARG,,206255,,WC,Patricia Maria Tig,R,,ROU,,2-6 6-2 6-2,3,R32,,,,,,,,,,,,,,,,,,,,,,,
2025-2063,Iasi,Clay,32,I,20250714,31,220589,1,,Elina Avanesyan,R,,ARM,,214653,,WC,Andreea Prisacariu,U,,ROU,,6-3 6-3,3,R32,,,,,,,,,,,,,,,,,,,,,,,
2025-8997,Hamburg,Clay,32,I,20250714,1,222391,5,,Lois Boisson,R,,FRA,,214388,7,,Anna Bondar,R,,HUN,,7-5 6-3,3,F,,,,,,,,,,,,,,,,,,,,,,,
2025-8997,Hamburg,Clay,32,I,20250714,2,222391,5,,Lois Boisson,R,,FRA,,215035,2,,Dayana Yastremska,R,175,UKR,,6-1 7-6(5),3,SF,,,,,,,,,,,,,,,,,,,,,,,
2025-8997,Hamburg,Clay,32,I,20250714,3,214388,7,,Anna Bondar,R,,HUN,,215219,,,Kaja Juvan,R,170,SLO,,5-7 6-3 6-4,3,SF,,,,,,,,,,,,,,,,,,,,,,,
2025-8997,Hamburg,Clay,32,I,20250714,4,215035,2,,Dayana Yastremska,R,175,UKR,,213646,,,Dalma Galfi,R,178,HUN,,7-6(1) 3-6 6-2,3,QF,,,,,,,,,,,,,,,,,,,,,,,
2025-8997,Hamburg,Clay,32,I,20250714,5,222391,5,,Lois Boisson,R,,FRA,,202600,,,Viktoriya Tomova,R,170,BUL,,6-3 6-3,3,QF,,,,,,,,,,,,,,,,,,,,,,,
2025-8997,Hamburg,Clay,32,I,20250714,6,215219,,,Kaja Juvan,R,170,SLO,,220742,,,Leyre Romero Gormaz,L,,ESP,,6-4 6-7(5) 6-4,3,QF,,,,,,,,,,,,,,,,,,,,,,,
2025-8997,Hamburg,Clay,32,I,20250714,7,214388,7,,Anna Bondar,R,,HUN,,206420,1,,Ekaterina Alexandrova,R,175,RUS,,6-7(1) 6-3 7-6(4),3,QF,,,,,,,,,,,,,,,,,,,,,,,
2025-8997,Hamburg,Clay,32,I,20250714,8,215035,2,,Dayana Yastremska,R,175,UKR,,220348,,,Diane Parry,R,170,FRA,,6-1 6-4,3,R16,,,,,,,,,,,,,,,,,,,,,,,
2025-8997,Hamburg,Clay,32,I,20250714,9,213646,,,Dalma Galfi,R,178,HUN,,221768,,WC,Nastasja Schunk,U,,GER,,1-6 6-3 6-2,3,R16,,,,,,,,,,,,,,,,,,,,,,,
2025-8997,Hamburg,Clay,32,I,20250714,10,202600,,,Viktoriya Tomova,R,170,BUL,,206292,,,Astra Sharma,R,178,AUS,,6-1 6-1,3,R16,,,,,,,,,,,,,,,,,,,,,,,
2025-8997,Hamburg,Clay,32,I,20250714,11,222391,5,,Lois Boisson,R,,FRA,,211337,,,Tamara Korpatsch,R,170,GER,,6-4 6-7(3) 6-4,3,R16,,,,,,,,,,,,,,,,,,,,,,,
2025-8997,Hamburg,Clay,32,I,20250714,12,215219,,,Kaja Juvan,R,170,SLO,,211635,,,Louisa Chirico,R,175,USA,,4-6 6-4 6-1,3,R16,,,,,,,,,,,,,,,,,,,,,,,
2025-8997,Hamburg,Clay,32,I,20250714,13,220742,,,Leyre Romero Gormaz,L,,ESP,,201551,,,Arantxa Rus,L,180,NED,,6-2 6-2,3,R16,,,,,,,,,,,,,,,,,,,,,,,
2025-8997,Hamburg,Clay,32,I,20250714,14,214388,7,,Anna Bondar,R,,HUN,,221257,,,Sinja Kraus,R,,AUT,,6-3 6-2,3,R16,,,,,,,,,,,,,,,,,,,,,,,
2025-8997,Hamburg,Clay,32,I,20250714,15,206420,1,,Ekaterina Alexandrova,R,175,RUS,,211344,,Q,Caroline Uebelhoer,U,,GER,,6-2 6-2,3,R16,,,,,,,,,,,,,,,,,,,,,,,
2025-8997,Hamburg,Clay,32,I,20250714,16,215035,2,,Dayana Yastremska,R,175,UKR,,215898,,,Jule Niemeier,R,178,GER,,6-4 6-3,3,R32,,,,,,,,,,,,,,,,,,,,,,,
2025-8997,Hamburg,Clay,32,I,20250714,17,220348,,,Diane Parry,R,170,FRA,,223087,,,Tara Wurth,R,,CRO,,7-6(9) 3-6 7-5,3,R32,,,,,,,,,,,,,,,,,,,,,,,
2025-8997,Hamburg,Clay,32,I,20250714,18,213646,,,Dalma Galfi,R,178,HUN,,202434,,Q,Aleksandra Krunic,R,163,SRB,,6-4 6-1,3,R32,,,,,,,,,,,,,,,,,,,,,,,
2025-8997,Hamburg,Clay,32,I,20250714,19,221768,,WC,Nastasja Schunk,U,,GER,,220416,6,,Moyuka Uchijima,R,171,JPN,,7-5 6-3,3,R32,,,,,,,,,,,,,,,,,,,,,,,
2025-8997,Hamburg,Clay,32,I,20250714,20,202600,,,Viktoriya Tomova,R,170,BUL,,213583,3,,Tatjana Maria,R,172,GER,,6-3 7-6(5),3,R32,,,,,,,,,,,,,,,,,,,,,,,
2025-8997,Hamburg,Clay,32,I,20250714,21,206292,,,Astra Sharma,R,178,AUS,,231639,,Q,Ariana Geerlings,U,,ESP,,7-6(4) 3-6 6-2,3,R32,,,,,,,,,,,,,,,,,,,,,,,
2025-8997,Hamburg,Clay,32,I,20250714,22,211337,,,Tamara Korpatsch,R,170,GER,,213779,,,Raluka Serban,R,,CYP,,6-4 6-3,3,R32,,,,,,,,,,,,,,,,,,,,,,,
2025-8997,Hamburg,Clay,32,I,20250714,23,222391,5,,Lois Boisson,R,,FRA,,211814,,,Julia Grabher,R,170,AUT,,6-1 6-3,3,R32,,,,,,,,,,,,,,,,,,,,,,,
2025-8997,Hamburg,Clay,32,I,20250714,24,211635,,,Louisa Chirico,R,175,USA,,210886,8,,Mayar Sherif,R,180,EGY,,4-6 7-5 3-0 RET,3,R32,,,,,,,,,,,,,,,,,,,,,,,
2025-8997,Hamburg,Clay,32,I,20250714,25,215219,,,Kaja Juvan,R,170,SLO,,221237,,Q,Maria Timofeeva,R,,RUS,,7-6(4) 6-1,3,R32,,,,,,,,,,,,,,,,,,,,,,,
2025-8997,Hamburg,Clay,32,I,20250714,26,201551,,,Arantxa Rus,L,180,NED,,216367,,LL,Sada Nahimana,R,,BDI,,6-2 6-1,3,R32,,,,,,,,,,,,,,,,,,,,,,,
2025-8997,Hamburg,Clay,32,I,20250714,27,220742,,,Leyre Romero Gormaz,L,,ESP,,213849,,LL,Nicole Fossa Huergo,U,,ITA,,6-1 6-1,3,R32,,,,,,,,,,,,,,,,,,,,,,,
2025-8997,Hamburg,Clay,32,I,20250714,28,214388,7,,Anna Bondar,R,,HUN,,223333,,WC,Noma Noha Akugue,L,170,GER,,6-4 3-6 7-6(3),3,R32,,,,,,,,,,,,,,,,,,,,,,,
2025-8997,Hamburg,Clay,32,I,20250714,29,221257,,,Sinja Kraus,R,,AUT,,214507,,,Berfu Cengiz,R,,TUR,,4-6 7-5 6-4,3,R32,,,,,,,,,,,,,,,,,,,,,,,
2025-8997,Hamburg,Clay,32,I,20250714,30,211344,,Q,Caroline Uebelhoer,U,,GER,,260296,,Q,Valentina Steiner,U,,GER,,7-6(4) 6-2,3,R32,,,,,,,,,,,,,,,,,,,,,,,
2025-8997,Hamburg,Clay,32,I,20250714,31,206420,1,,Ekaterina Alexandrova,R,175,RUS,,220770,,Q,Eva Vedder,R,,NED,,6-0 6-3,3,R32,,,,,,,,,,,,,,,,,,,,,,,
2025-1082,Prague,Clay,32,I,20250721,1,213631,5,,Marie Bouzkova,R,180,CZE,,222328,1,,Linda Noskova,R,,CZE,,2-6 6-1 6-3,3,F,,,,,,,,,,,,,,,,,,,,,,,
2025-1082,Prague,Clay,32,I,20250721,2,213631,5,,Marie Bouzkova,R,180,CZE,,238184,,,Tereza Valentova,U,,CZE,,6-4 7-5,3,SF,,,,,,,,,,,,,,,,,,,,,,,
2025-1082,Prague,Clay,32,I,20250721,3,222328,1,,Linda Noskova,R,,CZE,,216133,4,,Xin Yu Wang,R,182,CHN,,6-4 6-1,3,SF,,,,,,,,,,,,,,,,,,,,,,,
2025-1082,Prague,Clay,32,I,20250721,4,238184,,,Tereza Valentova,U,,CZE,,211316,,LL,Jessika Ponchet,R,,FRA,,6-2 6-0,3,QF,,,,,,,,,,,,,,,,,,,,,,,
2025-1082,Prague,Clay,32,I,20250721,5,213631,5,,Marie Bouzkova,R,180,CZE,,215983,9,,Ann Li,R,170,USA,,3-6 6-3 6-3,3,QF,,,,,,,,,,,,,,,,,,,,,,,
2025-1082,Prague,Clay,32,I,20250721,6,216133,4,,Xin Yu Wang,R,182,CHN,,239383,,,Sara Bejlek,L,,CZE,,6-4 6-1,3,QF,,,,,,,,,,,,,,,,,,,,,,,
2025-1082,Prague,Clay,32,I,20250721,7,222328,1,,Linda Noskova,R,,CZE,,211701,,,Katerina Siniakova,R,174,CZE,,6-2 4-6 6-3,3,QF,,,,,,,,,,,,,,,,,,,,,,,
2025-1082,Prague,Clay,32,I,20250721,8,238184,,,Tereza Valentova,U,,CZE,,211685,2,,Rebecca Sramkova,R,,SVK,,7-6(1) 7-5,3,R16,,,,,,,,,,,,,,,,,,,,,,,
2025-1082,Prague,Clay,32,I,20250721,9,211316,,LL,Jessika Ponchet,R,,FRA,,223323,,WC,Barbora Palicova,R,,CZE,,6-1 7-5,3,R16,,,,,,,,,,,,,,,,,,,,,,,
2025-1082,Prague,Clay,32,I,20250721,10,215983,9,,Ann Li,R,170,USA,,206417,,,Leolia Jeanjean,R,,FRA,,6-4 6-3,3,R16,,,,,,,,,,,,,,,,,,,,,,,
2025-1082,Prague,Clay,32,I,20250721,11,213631,5,,Marie Bouzkova,R,180,CZE,,214593,,LL,Lucrezia Stefanini,R,,ITA,,6-4 6-4,3,R16,,,,,,,,,,,,,,,,,,,,,,,
2025-1082,Prague,Clay,32,I,20250721,12,239383,,,Sara Bejlek,L,,CZE,,219917,8,,Alycia Parks,R,185,USA,,7-6(9) 6-3,3,R16,,,,,,,,,,,,,,,,,,,,,,,
2025-1082,Prague,Clay,32,I,20250721,13,216133,4,,Xin Yu Wang,R,182,CHN,,222980,,WC,Lucie Havlickova,R,,CZE,,3-6 7-5 7-6(6),3,R16,,,,,,,,,,,,,,,,,,,,,,,
2025-1082,Prague,Clay,32,I,20250721,14,211701,,,Katerina Siniakova,R,174,CZE,,222966,,WC,Dominika Salkova,R,,CZE,,7-6(4) 6-3,3,R16,,,,,,,,,,,,,,,,,,,,,,,
2025-1082,Prague,Clay,32,I,20250721,15,222328,1,,Linda Noskova,R,,CZE,,220714,,,Elisabetta Cocciaretto,R,,ITA,,6-2 6-4,3,R16,,,,,,,,,,,,,,,,,,,,,,,
2025-1082,Prague,Clay,32,I,20250721,16,211685,2,,Rebecca Sramkova,R,,SVK,,206335,,Q,Jesika Maleckova,R,,CZE,,6-3 4-6 6-4,3,R32,,,,,,,,,,,,,,,,,,,,,,,
2025-1082,Prague,Clay,32,I,20250721,17,238184,,,Tereza Valentova,U,,CZE,,256684,,,Aoi Ito,U,,JPN,,6-2 6-0,3,R32,,,,,,,,,,,,,,,,,,,,,,,
2025-1082,Prague,Clay,32,I,20250721,18,223323,,WC,Barbora Palicova,R,,CZE,,211880,,,Priscilla Hon,R,171,AUS,,6-2 3-6 6-3,3,R32,,,,,,,,,,,,,,,,,,,,,,,
2025-1082,Prague,Clay,32,I,20250721,19,211316,,LL,Jessika Ponchet,R,,FRA,,211411,,LL,Nina Stojanovic,R,176,SRB,,4-6 7-5 6-1,3,R32,,,,,,,,,,,,,,,,,,,,,,,
2025-1082,Prague,Clay,32,I,20250721,20,215983,9,,Ann Li,R,170,USA,,206292,,Q,Astra Sharma,R,178,AUS,,7-6(1) 6-3,3,R32,,,,,,,,,,,,,,,,,,,,,,,
2025-1082,Prague,Clay,32,I,20250721,21,206417,,,Leolia Jeanjean,R,,FRA,,203463,,,Nuria Parrizas Diaz,R,167,ESP,,6-3 2-0 RET,3,R32,,,,,,,,,,,,,,,,,,,,,,,
2025-1082,Prague,Clay,32,I,20250721,22,214593,,LL,Lucrezia Stefanini,R,,ITA,,202600,,,Viktoriya Tomova,R,170,BUL,,6-1 7-6(3),3,R32,,,,,,,,,,,,,,,,,,,,,,,
2025-1082,Prague,Clay,32,I,20250721,23,213631,5,,Marie Bouzkova,R,180,CZE,,214386,,Q,Xinyu Gao,R,,CHN,,6-0 6-2,3,R32,,,,,,,,,,,,,,,,,,,,,,,
2025-1082,Prague,Clay,32,I,20250721,24,219917,8,,Alycia Parks,R,185,USA,,215988,,Q,Mai Hontama,R,,JPN,,6-4 6-2,3,R32,,,,,,,,,,,,,,,,,,,,,,,
2025-1082,Prague,Clay,32,I,20250721,25,239383,,,Sara Bejlek,L,,CZE,,220416,,,Moyuka Uchijima,R,171,JPN,,7-5 6-2,3,R32,,,,,,,,,,,,,,,,,,,,,,,
2025-1082,Prague,Clay,32,I,20250721,26,222980,,WC,Lucie Havlickova,R,,CZE,,266800,,Q,Alena Kovackova,R,,CZE,,7-5 6-1,3,R32,,,,,,,,,,,,,,,,,,,,,,,
2025-1082,Prague,Clay,32,I,20250721,27,216133,4,,Xin Yu Wang,R,182,CHN,,211279,,,Harriet Dart,R,175,GBR,,6-3 6-3,3,R32,,,,,,,,,,,,,,,,,,,,,,,
2025-1082,Prague,Clay,32,I,20250721,28,211701,,,Katerina Siniakova,R,174,CZE,,211817,7,,Elena Gabriela Ruse,R,,ROU,,7-5 6-2,3,R32,,,,,,,,,,,,,,,,,,,,,,,
2025-1082,Prague,Clay,32,I,20250721,29,222966,,WC,Dominika Salkova,R,,CZE,,266671,,WC,Laura Samson,R,,CZE,,6-3 6-3,3,R32,,,,,,,,,,,,,,,,,,,,,,,
2025-1082,Prague,Clay,32,I,20250721,30,220714,,,Elisabetta Cocciaretto,R,,ITA,,203530,,,Viktorija Golubic,R,169,SUI,,6-2 6-3,3,R32,,,,,,,,,,,,,,,,,,,,,,,
2025-1082,Prague,Clay,32,I,20250721,31,222328,1,,Linda Noskova,R,,CZE,,214181,,Q,Anastasia Gasanova,R,,RUS,,7-6(5) 7-6(7),3,R32,,,,,,,,,,,,,,,,,,,,,,,
2025-1045,Washington,Hard,32,P,20250728,1,220367,,,Leylah Fernandez,L,168,CAN,,214939,,,Anna Kalinskaya,R,175,RUS,,6-1 6-2,3,F,,,,,,,,,,,,,,,,,,,,,,,
2025-1045,Washington,Hard,32,P,20250728,2,214939,,,Anna Kalinskaya,R,175,RUS,,221054,,,Emma Raducanu,R,175,GBR,,6-4 6-3,3,SF,,,,,,,,,,,,,,,,,,,,,,,
2025-1045,Washington,Hard,32,P,20250728,3,220367,,,Leylah Fernandez,L,168,CAN,,214981,3,,Elena Rybakina,R,184,KAZ,,6-7(2) 7-6(3) 7-6(3),3,SF,,,,,,,,,,,,,,,,,,,,,,,
2025-1045,Washington,Hard,32,P,20250728,4,221054,,,Emma Raducanu,R,175,GBR,,206289,,WC,Maria Sakkari,R,172,GRE,,6-4 7-5,3,QF,,,,,,,,,,,,,,,,,,,,,,,
2025-1045,Washington,Hard,32,P,20250728,5,214939,,,Anna Kalinskaya,R,175,RUS,,220704,4,,Clara Tauson,R,182,DEN,,6-3 7-5,3,QF,,,,,,,,,,,,,,,,,,,,,,,
2025-1045,Washington,Hard,32,P,20250728,6,214981,3,,Elena Rybakina,R,184,KAZ,,211684,5,,Magdalena Frech,R,171,POL,,6-3 6-3,3,QF,,,,,,,,,,,,,,,,,,,,,,,
2025-1045,Washington,Hard,32,P,20250728,7,220367,,,Leylah Fernandez,L,168,CAN,,203501,,Q,Taylor Townsend,L,170,USA,,6-4 7-6(4),3,QF,,,,,,,,,,,,,,,,,,,,,,,
2025-1045,Washington,Hard,32,P,20250728,8,206289,,WC,Maria Sakkari,R,172,GRE,,215613,2,,Emma Navarro,R,,USA,,7-5 7-6(1),3,R16,,,,,,,,,,,,,,,,,,,,,,,
2025-1045,Washington,Hard,32,P,20250728,9,221054,,,Emma Raducanu,R,175,GBR,,211768,,WC,Naomi Osaka,R,180,JPN,,6-4 6-2,3,R16,,,,,,,,,,,,,,,,,,,,,,,
2025-1045,Washington,Hard,32,P,20250728,10,220704,4,,Clara Tauson,R,182,DEN,,214452,,Q,Caroline Dolehide,R,178,USA,,3-6 7-5 6-4,3,R16,,,,,,,,,,,,,,,,,,,,,,,
2025-1045,Washington,Hard,32,P,20250728,11,214939,,,Anna Kalinskaya,R,175,RUS,,202663,8,,Magda Linette,R,171,POL,,6-4 6-0,3,R16,,,,,,,,,,,,,,,,,,,,,,,
2025-1045,Washington,Hard,32,P,20250728,12,211684,5,,Magdalena Frech,R,171,POL,,200748,,WC,Venus Williams,R,185,USA,,6-2 6-2,3,R16,,,,,,,,,,,,,,,,,,,,,,,
2025-1045,Washington,Hard,32,P,20250728,13,214981,3,,Elena Rybakina,R,184,KAZ,,239475,,WC,Victoria Mboko,R,,CAN,,6-3 7-5,3,R16,,,,,,,,,,,,,,,,,,,,,,,
2025-1045,Washington,Hard,32,P,20250728,14,203501,,Q,Taylor Townsend,L,170,USA,,213550,6,,Sofia Kenin,R,170,USA,,6-3 6-0,3,R16,,,,,,,,,,,,,,,,,,,,,,,
2025-1045,Washington,Hard,32,P,20250728,15,220367,,,Leylah Fernandez,L,168,CAN,,202468,1,,Jessica Pegula,R,170,USA,,6-3 1-6 7-5,3,R16,,,,,,,,,,,,,,,,,,,,,,,
2025-1045,Washington,Hard,32,P,20250728,16,206289,,WC,Maria Sakkari,R,172,GRE,,211107,,,Katie Boulter,R,180,GBR,,6-3 6-4,3,R32,,,,,,,,,,,,,,,,,,,,,,,
2025-1045,Washington,Hard,32,P,20250728,17,211768,,WC,Naomi Osaka,R,180,JPN,,201709,,,Yulia Putintseva,R,163,KAZ,,6-2 7-5,3,R32,,,,,,,,,,,,,,,,,,,,,,,
2025-1045,Washington,Hard,32,P,20250728,18,221054,,,Emma Raducanu,R,175,GBR,,216146,7,,Marta Kostyuk,R,175,UKR,,7-6(4) 6-4,3,R32,,,,,,,,,,,,,,,,,,,,,,,
2025-1045,Washington,Hard,32,P,20250728,19,214452,,Q,Caroline Dolehide,R,178,USA,,220520,,,Mccartney Kessler,R,,USA,,7-6(3) 5-7 6-3,3,R32,,,,,,,,,,,,,,,,,,,,,,,
2025-1045,Washington,Hard,32,P,20250728,20,214939,,,Anna Kalinskaya,R,175,RUS,,215872,,Q,Kamilla Rakhimova,R,,RUS,,6-2 6-3,3,R32,,,,,,,,,,,,,,,,,,,,,,,
2025-1045,Washington,Hard,32,P,20250728,21,202663,8,,Magda Linette,R,171,POL,,203389,,,Danielle Collins,R,178,USA,,7-5 6-4,3,R32,,,,,,,,,,,,,,,,,,,,,,,
2025-1045,Washington,Hard,32,P,20250728,22,211684,5,,Magdalena Frech,R,171,POL,,263857,,Q,Yuliia Starodubtseva,R,,UKR,,6-2 6-4,3,R32,,,,,,,,,,,,,,,,,,,,,,,
2025-1045,Washington,Hard,32,P,20250728,23,200748,,WC,Venus Williams,R,185,USA,,220548,,,Peyton Stearns,R,,USA,,6-3 6-4,3,R32,,,,,,,,,,,,,,,,,,,,,,,
2025-1045,Washington,Hard,32,P,20250728,24,239475,,WC,Victoria Mboko,R,,CAN,,215713,,,Anastasia Potapova,R,175,RUS,,6-2 6-4,3,R32,,,,,,,,,,,,,,,,,,,,,,,
2025-1045,Washington,Hard,32,P,20250728,25,213550,6,,Sofia Kenin,R,170,USA,,221024,,,Hailey Baptiste,R,,USA,,6-3 7-6(4),3,R32,,,,,,,,,,,,,,,,,,,,,,,
2025-1045,Washington,Hard,32,P,20250728,26,203501,,Q,Taylor Townsend,L,170,USA,,213583,,,Tatjana Maria,R,172,GER,,6-4 7-5,3,R32,,,,,,,,,,,,,,,,,,,,,,,
2025-1045,Washington,Hard,32,P,20250728,27,220367,,,Leylah Fernandez,L,168,CAN,,233741,,,Maya Joint,R,,AUS,,6-3 6-3,3,R32,,,,,,,,,,,,,,,,,,,,,,,
2025-806,Toronto,Hard,64,PM,20250804,1,239475,,WC,Victoria Mboko,R,,CAN,,211768,,,Naomi Osaka,R,180,JPN,,2-6 6-4 6-1,3,F,,,,,,,,,,,,,,,,,,,,,,,
2025-806,Toronto,Hard,64,PM,20250804,2,211768,,,Naomi Osaka,R,180,JPN,,220704,16,,Clara Tauson,R,182,DEN,,6-2 7-6(7),3,SF,,,,,,,,,,,,,,,,,,,,,,,
2025-806,Toronto,Hard,64,PM,20250804,3,239475,,WC,Victoria Mboko,R,,CAN,,214981,9,,Elena Rybakina,R,184,KAZ,,1-6 7-5 7-6(4),3,SF,,,,,,,,,,,,,,,,,,,,,,,
2025-806,Toronto,Hard,64,PM,20250804,4,220704,16,,Clara Tauson,R,182,DEN,,201619,6,,Madison Keys,R,178,USA,,6-1 6-4,3,QF,,,,,,,,,,,,,,,,,,,,,,,
2025-806,Toronto,Hard,64,PM,20250804,5,211768,,,Naomi Osaka,R,180,JPN,,202494,10,,Elina Svitolina,R,174,UKR,,6-2 6-2,3,QF,,,,,,,,,,,,,,,,,,,,,,,
2025-806,Toronto,Hard,64,PM,20250804,6,214981,9,,Elena Rybakina,R,184,KAZ,,216146,24,,Marta Kostyuk,R,175,UKR,,6-1 2-1 RET,3,QF,,,,,,,,,,,,,,,,,,,,,,,
2025-806,Toronto,Hard,64,PM,20250804,7,239475,,WC,Victoria Mboko,R,,CAN,,222601,,,Jessica Bouzas Maneiro,R,,ESP,,6-4 6-2,3,QF,,,,,,,,,,,,,,,,,,,,,,,
2025-806,Toronto,Hard,64,PM,20250804,8,216347,2,,Iga Swiatek,R,176,POL,,220332,,,Eva Lys,R,165,GER,,6-2 6-2,3,R16,,,,,,,,,,,,,,,,,,,,,,,
2025-806,Toronto,Hard,64,PM,20250804,9,220704,16,,Clara Tauson,R,182,DEN,,263857,,,Yuliia Starodubtseva,R,,UKR,,6-3 6-0,3,R16,,,,,,,,,,,,,,,,,,,,,,,
2025-806,Toronto,Hard,64,PM,20250804,10,214096,11,,Karolina Muchova,R,178,CZE,,202505,17,,Belinda Bencic,R,175,SUI,,6-7(2) 6-2 6-3,3,R16,,,,,,,,,,,,,,,,,,,,,,,
2025-806,Toronto,Hard,64,PM,20250804,11,201619,6,,Madison Keys,R,178,USA,,216083,,,Caty Mcnally,R,,USA,,2-6 6-3 6-3,3,R16,,,,,,,,,,,,,,,,,,,,,,,
2025-806,Toronto,Hard,64,PM,20250804,12,201545,,,Anastasija Sevastova,R,169,LAT,,202468,3,,Jessica Pegula,R,170,USA,,3-6 6-4 6-1,3,R16,,,,,,,,,,,,,,,,,,,,,,,
2025-806,Toronto,Hard,64,PM,20250804,13,211768,,,Naomi Osaka,R,180,JPN,,211533,22,,Jelena Ostapenko,R,177,LAT,,6-2 6-4,3,R16,,,,,,,,,,,,,,,,,,,,,,,
2025-806,Toronto,Hard,64,PM,20250804,14,202494,10,,Elina Svitolina,R,174,UKR,,214939,,,Anna Kalinskaya,R,175,RUS,,6-1 6-1,3,R16,,,,,,,,,,,,,,,,,,,,,,,
2025-806,Toronto,Hard,64,PM,20250804,15,216153,5,,Amanda Anisimova,R,180,USA,,221054,,,Emma Raducanu,R,175,GBR,,6-2 6-1,3,R16,,,,,,,,,,,,,,,,,,,,,,,
2025-806,Toronto,Hard,64,PM,20250804,16,215035,30,,Dayana Yastremska,R,175,UKR,,215613,8,,Emma Navarro,R,,USA,,7-5 6-4,3,R16,,,,,,,,,,,,,,,,,,,,,,,
2025-806,Toronto,Hard,64,PM,20250804,17,214981,9,,Elena Rybakina,R,184,KAZ,,211713,,,Jaqueline Cristian,R,180,ROU,,6-0 7-6(5),3,R16,,,,,,,,,,,,,,,,,,,,,,,
2025-806,Toronto,Hard,64,PM,20250804,18,216146,24,,Marta Kostyuk,R,175,UKR,,214082,15,,Daria Kasatkina,R,170,RUS,,3-6 6-3 7-6(4),3,R16,,,,,,,,,,,,,,,,,,,,,,,
2025-806,Toronto,Hard,64,PM,20250804,19,220520,28,,Mccartney Kessler,R,,USA,,259799,4,,Mirra Andreeva,R,,RUS,,7-6(5) 6-4,3,R16,,,,,,,,,,,,,,,,,,,,,,,
2025-806,Toronto,Hard,64,PM,20250804,20,222601,,,Jessica Bouzas Maneiro,R,,ESP,,256684,,Q,Aoi Ito,U,,JPN,,4-6 7-5 6-3,3,R16,,,,,,,,,,,,,,,,,,,,,,,
2025-806,Toronto,Hard,64,PM,20250804,21,202684,,,Lin Zhu,R,173,CHN,,215480,,,Suzan Lamens,R,,NED,,6-2 6-2,3,R16,,,,,,,,,,,,,,,,,,,,,,,
2025-806,Toronto,Hard,64,PM,20250804,22,239475,,WC,Victoria Mboko,R,,CAN,,213631,,,Marie Bouzkova,R,180,CZE,,1-6 6-3 6-0,3,R16,,,,,,,,,,,,,,,,,,,,,,,
2025-806,Toronto,Hard,64,PM,20250804,23,221103,1,,Coco Gauff,R,175,USA,,206368,,,Veronika Kudermetova,R,175,RUS,,4-6 7-5 6-2,3,R16,,,,,,,,,,,,,,,,,,,,,,,
2025-806,Toronto,Hard,64,PM,20250804,24,216347,2,,Iga Swiatek,R,176,POL,,215250,,Q,Hanyu Guo,R,,CHN,,6-3 6-1,3,R32,,,,,,,,,,,,,,,,,,,,,,,
2025-806,Toronto,Hard,64,PM,20250804,25,220332,,,Eva Lys,R,165,GER,,201499,27,,Anastasia Pavlyuchenkova,R,177,RUS,,6-3 6-4,3,R32,,,,,,,,,,,,,,,,,,,,,,,
2025-806,Toronto,Hard,64,PM,20250804,26,263857,,,Yuliia Starodubtseva,R,,UKR,,211684,21,,Magdalena Frech,R,171,POL,,6-1 6-1,3,R32,,,,,,,,,,,,,,,,,,,,,,,
2025-806,Toronto,Hard,64,PM,20250804,27,220704,16,,Clara Tauson,R,182,DEN,,214459,,,Lucia Bronzetti,R,,ITA,,6-1 6-2,3,R32,,,,,,,,,,,,,,,,,,,,,,,
2025-806,Toronto,Hard,64,PM,20250804,28,214096,11,,Karolina Muchova,R,178,CZE,,222045,,Q,Antonia Ruzic,R,,CRO,,7-5 7-5,3,R32,,,,,,,,,,,,,,,,,,,,,,,
2025-806,Toronto,Hard,64,PM,20250804,29,202505,17,,Belinda Bencic,R,175,SUI,,202446,,WC,Eugenie Bouchard,R,178,CAN,,6-2 3-6 6-4,3,R32,,,,,,,,,,,,,,,,,,,,,,,
2025-806,Toronto,Hard,64,PM,20250804,30,216083,,,Caty Mcnally,R,,USA,,211685,31,,Rebecca Sramkova,R,,SVK,,6-2 6-2,3,R32,,,,,,,,,,,,,,,,,,,,,,,
2025-806,Toronto,Hard,64,PM,20250804,31,201619,6,,Madison Keys,R,178,USA,,201696,,Q,Laura Siegemund,R,168,GER,,6-2 6-1,3,R32,,,,,,,,,,,,,,,,,,,,,,,
2025-806,Toronto,Hard,64,PM,20250804,32,202468,3,,Jessica Pegula,R,170,USA,,206289,,,Maria Sakkari,R,172,GRE,,7-5 6-4,3,R32,,,,,,,,,,,,,,,,,,,,,,,
2025-806,Toronto,Hard,64,PM,20250804,33,201545,,,Anastasija Sevastova,R,169,LAT,,202663,25,,Magda Linette,R,171,POL,,6-3 4-6 6-4,3,R32,,,,,,,,,,,,,,,,,,,,,,,
2025-806,Toronto,Hard,64,PM,20250804,34,211533,22,,Jelena Ostapenko,R,177,LAT,,213887,,,Renata Zarazua,R,,MEX,,6-2 4-6 6-2,3,R32,,,,,,,,,,,,,,,,,,,,,,,
2025-806,Toronto,Hard,64,PM,20250804,35,211768,,,Naomi Osaka,R,180,JPN,,214643,13,,Liudmila Samsonova,R,180,RUS,,4-6 7-6(6) 6-3,3,R32,,,,,,,,,,,,,,,,,,,,,,,
2025-806,Toronto,Hard,64,PM,20250804,36,202494,10,,Elina Svitolina,R,174,UKR,,215872,,Q,Kamilla Rakhimova,R,,RUS,,7-5 6-2,3,R32,,,,,,,,,,,,,,,,,,,,,,,
2025-806,Toronto,Hard,64,PM,20250804,37,214939,,,Anna Kalinskaya,R,175,RUS,,210722,19,,Elise Mertens,R,179,BEL,,1-6 7-6(4) 6-2,3,R32,,,,,,,,,,,,,,,,,,,,,,,
2025-806,Toronto,Hard,64,PM,20250804,38,221054,,,Emma Raducanu,R,175,GBR,,220548,32,,Peyton Stearns,R,,USA,,6-2 6-4,3,R32,,,,,,,,,,,,,,,,,,,,,,,
2025-806,Toronto,Hard,64,PM,20250804,39,216153,5,,Amanda Anisimova,R,180,USA,,215138,,,Lulu Sun,L,,NZL,,6-4 7-6(5),3,R32,,,,,,,,,,,,,,,,,,,,,,,
2025-806,Toronto,Hard,64,PM,20250804,40,215613,8,,Emma Navarro,R,,USA,,201606,,WC,Rebecca Marino,R,183,CAN,,6-1 6-2,3,R32,,,,,,,,,,,,,,,,,,,,,,,
2025-806,Toronto,Hard,64,PM,20250804,41,215035,30,,Dayana Yastremska,R,175,UKR,,215785,,,Camila Osorio,R,162,COL,,3-6 7-6(5) 6-2,3,R32,,,,,,,,,,,,,,,,,,,,,,,
2025-806,Toronto,Hard,64,PM,20250804,42,211713,,,Jaqueline Cristian,R,180,ROU,,222328,20,,Linda Noskova,R,,CZE,,6-3 6-4,3,R32,,,,,,,,,,,,,,,,,,,,,,,
2025-806,Toronto,Hard,64,PM,20250804,43,214981,9,,Elena Rybakina,R,184,KAZ,,221024,,,Hailey Baptiste,R,,USA,,6-4 6-3,3,R32,,,,,,,,,,,,,,,,,,,,,,,
2025-806,Toronto,Hard,64,PM,20250804,44,214082,15,,Daria Kasatkina,R,170,RUS,,215020,,,Anna Blinkova,R,179,RUS,,6-1 6-4,3,R32,,,,,,,,,,,,,,,,,,,,,,,
2025-806,Toronto,Hard,64,PM,20250804,45,216146,24,,Marta Kostyuk,R,175,UKR,,214954,,,Marketa Vondrousova,L,173,CZE,,2-6 6-3 6-2,3,R32,,,,,,,,,,,,,,,,,,,,,,,
2025-806,Toronto,Hard,64,PM,20250804,46,220520,28,,Mccartney Kessler,R,,USA,,233741,,,Maya Joint,R,,AUS,,4-6 6-4 6-3,3,R32,,,,,,,,,,,,,,,,,,,,,,,
2025-806,Toronto,Hard,64,PM,20250804,47,259799,4,,Mirra Andreeva,R,,RUS,,215370,,WC,Bianca Andreescu,R,170,CAN,,W/O,3,R32,,,,,,,,,,,,,,,,,,,,,,,
2025-806,Toronto,Hard,64,PM,20250804,48,256684,,Q,Aoi Ito,U,,JPN,,211148,7,,Jasmine Paolini,R,160,ITA,,2-6 7-5 7-6(5),3,R32,,,,,,,,,,,,,,,,,,,,,,,
2025-806,Toronto,Hard,64,PM,20250804,49,222601,,,Jessica Bouzas Maneiro,R,,ESP,,221909,26,,Ashlyn Krueger,R,185,USA,,6-4 6-4,3,R32,,,,,,,,,,,,,,,,,,,,,,,
2025-806,Toronto,Hard,64,PM,20250804,50,215480,,,Suzan Lamens,R,,NED,,206242,18,,Beatriz Haddad Maia,L,185,BRA,,6-2 1-6 6-3,3,R32,,,,,,,,,,,,,,,,,,,,,,,
2025-806,Toronto,Hard,64,PM,20250804,51,202684,,,Lin Zhu,R,173,CHN,,206420,12,,Ekaterina Alexandrova,R,175,RUS,,1-6 6-2 6-4,3,R32,,,,,,,,,,,,,,,,,,,,,,,
2025-806,Toronto,Hard,64,PM,20250804,52,213631,,,Marie Bouzkova,R,180,CZE,,223670,14,,Diana Shnaider,L,,RUS,,6-2 7-6(5),3,R32,,,,,,,,,,,,,,,,,,,,,,,
2025-806,Toronto,Hard,64,PM,20250804,53,239475,,WC,Victoria Mboko,R,,CAN,,213550,23,,Sofia Kenin,R,170,USA,,6-2 6-3,3,R32,,,,,,,,,,,,,,,,,,,,,,,
2025-806,Toronto,Hard,64,PM,20250804,54,206368,,,Veronika Kudermetova,R,175,RUS,,215337,29,,Olga Danilovic,L,,SRB,,6-4 6-2,3,R32,,,,,,,,,,,,,,,,,,,,,,,
2025-806,Toronto,Hard,64,PM,20250804,55,221103,1,,Coco Gauff,R,175,USA,,203389,,,Danielle Collins,R,178,USA,,7-5 4-6 7-6(2),3,R32,,,,,,,,,,,,,,,,,,,,,,,
2025-806,Toronto,Hard,64,PM,20250804,56,215250,,Q,Hanyu Guo,R,,CHN,,201709,,,Yulia Putintseva,R,163,KAZ,,6-3 6-3,3,R64,,,,,,,,,,,,,,,,,,,,,,,
2025-806,Toronto,Hard,64,PM,20250804,57,220332,,,Eva Lys,R,165,GER,,206417,,Q,Leolia Jeanjean,R,,FRA,,6-1 6-4,3,R64,,,,,,,,,,,,,,,,,,,,,,,
2025-806,Toronto,Hard,64,PM,20250804,58,263857,,,Yuliia Starodubtseva,R,,UKR,,206374,,Q,Yafan Wang,R,170,CHN,,6-7(6) 6-4 6-4,3,R64,,,,,,,,,,,,,,,,,,,,,,,
2025-806,Toronto,Hard,64,PM,20250804,59,214459,,,Lucia Bronzetti,R,,ITA,,216097,,WC,Elizabeth Mandlik,R,,USA,,4-6 7-6(5) 6-2,3,R64,,,,,,,,,,,,,,,,,,,,,,,
2025-806,Toronto,Hard,64,PM,20250804,60,222045,,Q,Antonia Ruzic,R,,CRO,,215713,,,Anastasia Potapova,R,175,RUS,,2-6 7-5 6-0,3,R64,,,,,,,,,,,,,,,,,,,,,,,
2025-806,Toronto,Hard,64,PM,20250804,61,202446,,WC,Eugenie Bouchard,R,178,CAN,,215306,,,Emiliana Arango,R,,COL,,6-4 2-6 6-2,3,R64,,,,,,,,,,,,,,,,,,,,,,,
2025-806,Toronto,Hard,64,PM,20250804,62,216083,,,Caty Mcnally,R,,USA,,219917,,,Alycia Parks,R,185,USA,,6-4 5-7 7-6(7),3,R64,,,,,,,,,,,,,,,,,,,,,,,
2025-806,Toronto,Hard,64,PM,20250804,63,201696,,Q,Laura Siegemund,R,168,GER,,213583,,,Tatjana Maria,R,172,GER,,7-5 6-7(6) 7-6(2),3,R64,,,,,,,,,,,,,,,,,,,,,,,
2025-806,Toronto,Hard,64,PM,20250804,64,206289,,,Maria Sakkari,R,172,GRE,,215062,,WC,Carson Branstine,R,180,USA,,6-2 3-6 7-5,3,R64,,,,,,,,,,,,,,,,,,,,,,,
2025-806,Toronto,Hard,64,PM,20250804,65,201545,,,Anastasija Sevastova,R,169,LAT,,201548,,,Ajla Tomljanovic,R,180,AUS,,6-3 3-6 6-4,3,R64,,,,,,,,,,,,,,,,,,,,,,,
2025-806,Toronto,Hard,64,PM,20250804,66,213887,,,Renata Zarazua,R,,MEX,,211107,,,Katie Boulter,R,180,GBR,,6-1 7-5,3,R64,,,,,,,,,,,,,,,,,,,,,,,
2025-806,Toronto,Hard,64,PM,20250804,67,211768,,,Naomi Osaka,R,180,JPN,,220502,,Q,Ariana Arseneault,U,,CAN,,6-4 6-2,3,R64,,,,,,,,,,,,,,,,,,,,,,,
2025-806,Toronto,Hard,64,PM,20250804,68,215872,,Q,Kamilla Rakhimova,R,,RUS,,239436,,WC,Kayla Cross,L,,CAN,,4-6 6-3 6-2,3,R64,,,,,,,,,,,,,,,,,,,,,,,
2025-806,Toronto,Hard,64,PM,20250804,69,214939,,,Anna Kalinskaya,R,175,RUS,,215983,,,Ann Li,R,170,USA,,7-6(6) 0-6 6-3,3,R64,,,,,,,,,,,,,,,,,,,,,,,
2025-806,Toronto,Hard,64,PM,20250804,70,221054,,,Emma Raducanu,R,175,GBR,,211817,,,Elena Gabriela Ruse,R,,ROU,,6-2 6-4,3,R64,,,,,,,,,,,,,,,,,,,,,,,
2025-806,Toronto,Hard,64,PM,20250804,71,215138,,,Lulu Sun,L,,NZL,,201514,,,Sorana Cirstea,R,176,ROU,,6-3 7-5,3,R64,,,,,,,,,,,,,,,,,,,,,,,
2025-806,Toronto,Hard,64,PM,20250804,72,201606,,WC,Rebecca Marino,R,183,CAN,,221039,,Q,Elsa Jacquemot,R,,FRA,,7-6(2) 6-1,3,R64,,,,,,,,,,,,,,,,,,,,,,,
2025-806,Toronto,Hard,64,PM,20250804,73,215785,,,Camila Osorio,R,162,COL,,211095,,Q,Bernarda Pera,L,175,USA,,6-3 7-5,3,R64,,,,,,,,,,,,,,,,,,,,,,,
2025-806,Toronto,Hard,64,PM,20250804,74,211713,,,Jaqueline Cristian,R,180,ROU,,222233,,WC,Marina Stakusic,R,,CAN,,2-6 6-2 6-2,3,R64,,,,,,,,,,,,,,,,,,,,,,,
2025-806,Toronto,Hard,64,PM,20250804,75,221024,,,Hailey Baptiste,R,,USA,,215992,,Q,Whitney Osuigwe,R,168,USA,,7-5 6-1,3,R64,,,,,,,,,,,,,,,,,,,,,,,
2025-806,Toronto,Hard,64,PM,20250804,76,215020,,,Anna Blinkova,R,179,RUS,,214452,,,Caroline Dolehide,R,178,USA,,6-4 6-1,3,R64,,,,,,,,,,,,,,,,,,,,,,,
2025-806,Toronto,Hard,64,PM,20250804,77,214954,,,Marketa Vondrousova,L,173,CZE,,223253,,,Alexandra Eala,L,173,PHI,,3-6 6-1 6-2,3,R64,,,,,,,,,,,,,,,,,,,,,,,
2025-806,Toronto,Hard,64,PM,20250804,78,233741,,,Maya Joint,R,,AUS,,220367,,,Leylah Fernandez,L,168,CAN,,6-4 6-1,3,R64,,,,,,,,,,,,,,,,,,,,,,,
2025-806,Toronto,Hard,64,PM,20250804,79,215370,,WC,Bianca Andreescu,R,170,CAN,,206252,,,Barbora Krejcikova,R,178,CZE,,6-3 6-4,3,R64,,,,,,,,,,,,,,,,,,,,,,,
2025-806,Toronto,Hard,64,PM,20250804,80,256684,,Q,Aoi Ito,U,,JPN,,220465,,Q,Katie Volynets,R,,USA,,6-2 2-6 6-2,3,R64,,,,,,,,,,,,,,,,,,,,,,,
2025-806,Toronto,Hard,64,PM,20250804,81,222601,,,Jessica Bouzas Maneiro,R,,ESP,,211635,,Q,Louisa Chirico,R,175,USA,,5-7 7-5 6-4,3,R64,,,,,,,,,,,,,,,,,,,,,,,
2025-806,Toronto,Hard,64,PM,20250804,82,215480,,,Suzan Lamens,R,,NED,,221236,,,Polina Kudermetova,R,,RUS,,6-3 4-6 6-2,3,R64,,,,,,,,,,,,,,,,,,,,,,,
2025-806,Toronto,Hard,64,PM,20250804,83,202684,,,Lin Zhu,R,173,CHN,,219875,,Q,Varvara Gracheva,R,,FRA,,6-4 7-6(3),3,R64,,,,,,,,,,,,,,,,,,,,,,,
2025-806,Toronto,Hard,64,PM,20250804,84,213631,,,Marie Bouzkova,R,180,CZE,,220416,,,Moyuka Uchijima,R,171,JPN,,6-2 7-6(4),3,R64,,,,,,,,,,,,,,,,,,,,,,,
2025-806,Toronto,Hard,64,PM,20250804,85,239475,,WC,Victoria Mboko,R,,CAN,,214040,,,Kimberly Birrell,R,170,AUS,,7-5 6-3,3,R64,,,,,,,,,,,,,,,,,,,,,,,
2025-806,Toronto,Hard,64,PM,20250804,86,206368,,,Veronika Kudermetova,R,175,RUS,,213710,,Q,Cristina Bucsa,R,,ESP,,5-7 6-2 7-5,3,R64,,,,,,,,,,,,,,,,,,,,,,,
2025-806,Toronto,Hard,64,PM,20250804,87,203389,,,Danielle Collins,R,178,USA,,202600,,Q,Viktoriya Tomova,R,170,BUL,,6-3 7-5,3,R64,,,,,,,,,,,,,,,,,,,,,,,
2025-806,Toronto,Hard,64,PM,20250804,88,220704,16,,Clara Tauson,R,182,DEN,,216347,2,,Iga Swiatek,R,176,POL,,7-6(1) 6-3,3,R4,,,,,,,,,,,,,,,,,,,,,,,
2025-806,Toronto,Hard,64,PM,20250804,89,201619,6,,Madison Keys,R,178,USA,,214096,11,,Karolina Muchova,R,178,CZE,,4-6 6-3 7-5,3,R4,,,,,,,,,,,,,,,,,,,,,,,
2025-806,Toronto,Hard,64,PM,20250804,90,211768,,,Naomi Osaka,R,180,JPN,,201545,,,Anastasija Sevastova,R,169,LAT,,6-1 6-0,3,R4,,,,,,,,,,,,,,,,,,,,,,,
2025-806,Toronto,Hard,64,PM,20250804,91,202494,10,,Elina Svitolina,R,174,UKR,,216153,5,,Amanda Anisimova,R,180,USA,,6-4 6-1,3,R4,,,,,,,,,,,,,,,,,,,,,,,
2025-806,Toronto,Hard,64,PM,20250804,92,214981,9,,Elena Rybakina,R,184,KAZ,,215035,30,,Dayana Yastremska,R,175,UKR,,5-7 6-2 7-5,3,R4,,,,,,,,,,,,,,,,,,,,,,,
2025-806,Toronto,Hard,64,PM,20250804,93,216146,24,,Marta Kostyuk,R,175,UKR,,220520,28,,Mccartney Kessler,R,,USA,,5-7 6-3 6-3,3,R4,,,,,,,,,,,,,,,,,,,,,,,
2025-806,Toronto,Hard,64,PM,20250804,94,222601,,,Jessica Bouzas Maneiro,R,,ESP,,202684,,,Lin Zhu,R,173,CHN,,7-5 1-6 6-2,3,R4,,,,,,,,,,,,,,,,,,,,,,,
2025-806,Toronto,Hard,64,PM,20250804,95,239475,,WC,Victoria Mboko,R,,CAN,,221103,1,,Coco Gauff,R,175,USA,,6-1 6-4,3,R4,,,,,,,,,,,,,,,,,,,,,,,
2025-1017,Cincinnati,Hard,64,PM,20250811,1,216347,3,,Iga Swiatek,R,176,POL,,211148,7,,Jasmine Paolini,R,160,ITA,,7-5 6-4,3,F,,,,,,,,,,,,,,,,,,,,,,,
2025-1017,Cincinnati,Hard,64,PM,20250811,2,211148,7,,Jasmine Paolini,R,160,ITA,,206368,,,Veronika Kudermetova,R,175,RUS,,6-3 6-7(2) 6-3,3,SF,,,,,,,,,,,,,,,,,,,,,,,
2025-1017,Cincinnati,Hard,64,PM,20250811,3,216347,3,,Iga Swiatek,R,176,POL,,214981,9,,Elena Rybakina,R,184,KAZ,,7-5 6-3,3,SF,,,,,,,,,,,,,,,,,,,,,,,
2025-1017,Cincinnati,Hard,64,PM,20250811,4,211148,7,,Jasmine Paolini,R,160,ITA,,221103,2,,Coco Gauff,R,175,USA,,2-6 6-4 6-3,3,QF,,,,,,,,,,,,,,,,,,,,,,,
2025-1017,Cincinnati,Hard,64,PM,20250811,5,206368,,,Veronika Kudermetova,R,175,RUS,,219875,,Q,Varvara Gracheva,R,,FRA,,6-1 6-2,3,QF,,,,,,,,,,,,,,,,,,,,,,,
2025-1017,Cincinnati,Hard,64,PM,20250811,6,216347,3,,Iga Swiatek,R,176,POL,,214939,28,,Anna Kalinskaya,R,175,RUS,,6-3 6-4,3,QF,,,,,,,,,,,,,,,,,,,,,,,
2025-1017,Cincinnati,Hard,64,PM,20250811,7,214981,9,,Elena Rybakina,R,184,KAZ,,214544,1,,Aryna Sabalenka,R,182,BLR,,6-1 6-4,3,QF,,,,,,,,,,,,,,,,,,,,,,,
2025-1017,Cincinnati,Hard,64,PM,20250811,8,221103,2,,Coco Gauff,R,175,USA,,215035,32,,Dayana Yastremska,R,175,UKR,,W/O,3,R16,,,,,,,,,,,,,,,,,,,,,,,
2025-1017,Cincinnati,Hard,64,PM,20250811,9,214459,,,Lucia Bronzetti,R,,ITA,,211533,23,,Jelena Ostapenko,R,177,LAT,,1-6 6-3 6-4,3,R16,,,,,,,,,,,,,,,,,,,,,,,
2025-1017,Cincinnati,Hard,64,PM,20250811,10,206252,,,Barbora Krejcikova,R,178,CZE,,260300,,LL,Iva Jovic,R,,USA,,6-4 3-6 6-2,3,R16,,,,,,,,,,,,,,,,,,,,,,,
2025-1017,Cincinnati,Hard,64,PM,20250811,11,211148,7,,Jasmine Paolini,R,160,ITA,,221909,26,,Ashlyn Krueger,R,185,USA,,7-6(2) 6-1,3,R16,,,,,,,,,,,,,,,,,,,,,,,
2025-1017,Cincinnati,Hard,64,PM,20250811,12,202663,31,,Magda Linette,R,171,POL,,202468,4,,Jessica Pegula,R,170,USA,,7-6(5) 3-6 6-3,3,R16,,,,,,,,,,,,,,,,,,,,,,,
2025-1017,Cincinnati,Hard,64,PM,20250811,13,206368,,,Veronika Kudermetova,R,175,RUS,,220704,16,,Clara Tauson,R,182,DEN,,3-6 7-6(4) 6-4,3,R16,,,,,,,,,,,,,,,,,,,,,,,
2025-1017,Cincinnati,Hard,64,PM,20250811,14,219875,,Q,Varvara Gracheva,R,,FRA,,214096,11,,Karolina Muchova,R,178,CZE,,6-2 6-4,3,R16,,,,,,,,,,,,,,,,,,,,,,,
2025-1017,Cincinnati,Hard,64,PM,20250811,15,230870,,Q,Ella Seidel,R,,GER,,220520,29,,Mccartney Kessler,R,,USA,,6-4 2-6 7-6(6),3,R16,,,,,,,,,,,,,,,,,,,,,,,
2025-1017,Cincinnati,Hard,64,PM,20250811,16,214939,28,,Anna Kalinskaya,R,175,RUS,,216153,5,,Amanda Anisimova,R,180,USA,,7-5 6-4,3,R16,,,,,,,,,,,,,,,,,,,,,,,
2025-1017,Cincinnati,Hard,64,PM,20250811,17,206420,12,,Ekaterina Alexandrova,R,175,RUS,,233741,,,Maya Joint,R,,AUS,,6-4 6-3,3,R16,,,,,,,,,,,,,,,,,,,,,,,
2025-1017,Cincinnati,Hard,64,PM,20250811,18,201514,,,Sorana Cirstea,R,176,ROU,,206294,,LL,Yue Yuan,R,184,CHN,,6-7(2) 6-4 6-4,3,R16,,,,,,,,,,,,,,,,,,,,,,,
2025-1017,Cincinnati,Hard,64,PM,20250811,19,216347,3,,Iga Swiatek,R,176,POL,,216146,25,,Marta Kostyuk,R,175,UKR,,W/O,3,R16,,,,,,,,,,,,,,,,,,,,,,,
2025-1017,Cincinnati,Hard,64,PM,20250811,20,201619,6,,Madison Keys,R,178,USA,,256684,,Q,Aoi Ito,U,,JPN,,6-4 6-0,3,R16,,,,,,,,,,,,,,,,,,,,,,,
2025-1017,Cincinnati,Hard,64,PM,20250811,21,214981,9,,Elena Rybakina,R,184,KAZ,,210722,19,,Elise Mertens,R,179,BEL,,4-6 6-3 7-5,3,R16,,,,,,,,,,,,,,,,,,,,,,,
2025-1017,Cincinnati,Hard,64,PM,20250811,22,222601,,,Jessica Bouzas Maneiro,R,,ESP,,203501,,WC,Taylor Townsend,L,170,USA,,6-4 6-1,3,R16,,,,,,,,,,,,,,,,,,,,,,,
2025-1017,Cincinnati,Hard,64,PM,20250811,23,214544,1,,Aryna Sabalenka,R,182,BLR,,221054,30,,Emma Raducanu,R,175,GBR,,7-6(3) 4-6 7-6(5),3,R16,,,,,,,,,,,,,,,,,,,,,,,
2025-1017,Cincinnati,Hard,64,PM,20250811,24,221103,2,,Coco Gauff,R,175,USA,,216133,,,Xin Yu Wang,R,182,CHN,,6-3 6-2,3,R32,,,,,,,,,,,,,,,,,,,,,,,
2025-1017,Cincinnati,Hard,64,PM,20250811,25,215035,32,,Dayana Yastremska,R,175,UKR,,202600,,Q,Viktoriya Tomova,R,170,BUL,,6-4 2-6 6-2,3,R32,,,,,,,,,,,,,,,,,,,,,,,
2025-1017,Cincinnati,Hard,64,PM,20250811,26,211533,23,,Jelena Ostapenko,R,177,LAT,,215785,,,Camila Osorio,R,162,COL,,W/O,3,R32,,,,,,,,,,,,,,,,,,,,,,,
2025-1017,Cincinnati,Hard,64,PM,20250811,27,214459,,,Lucia Bronzetti,R,,ITA,,214082,15,,Daria Kasatkina,R,170,RUS,,6-3 1-6 6-4,3,R32,,,,,,,,,,,,,,,,,,,,,,,
2025-1017,Cincinnati,Hard,64,PM,20250811,28,206252,,,Barbora Krejcikova,R,178,CZE,,202494,10,,Elina Svitolina,R,174,UKR,,2-6 6-4 6-3,3,R32,,,,,,,,,,,,,,,,,,,,,,,
2025-1017,Cincinnati,Hard,64,PM,20250811,29,260300,,LL,Iva Jovic,R,,USA,,222328,20,,Linda Noskova,R,,CZE,,6-3 6-0,3,R32,,,,,,,,,,,,,,,,,,,,,,,
2025-1017,Cincinnati,Hard,64,PM,20250811,30,221909,26,,Ashlyn Krueger,R,185,USA,,201545,,,Anastasija Sevastova,R,169,LAT,,6-4 0-6 6-3,3,R32,,,,,,,,,,,,,,,,,,,,,,,
2025-1017,Cincinnati,Hard,64,PM,20250811,31,211148,7,,Jasmine Paolini,R,160,ITA,,206289,,,Maria Sakkari,R,172,GRE,,7-6(2) 7-6(5),3,R32,,,,,,,,,,,,,,,,,,,,,,,
2025-1017,Cincinnati,Hard,64,PM,20250811,32,202468,4,,Jessica Pegula,R,170,USA,,214040,,,Kimberly Birrell,R,170,AUS,,6-4 6-3,3,R32,,,,,,,,,,,,,,,,,,,,,,,
2025-1017,Cincinnati,Hard,64,PM,20250811,33,202663,31,,Magda Linette,R,171,POL,,211685,,,Rebecca Sramkova,R,,SVK,,7-6(4) 6-0,3,R32,,,,,,,,,,,,,,,,,,,,,,,
2025-1017,Cincinnati,Hard,64,PM,20250811,34,206368,,,Veronika Kudermetova,R,175,RUS,,202505,17,,Belinda Bencic,R,175,SUI,,6-4 7-6(0),3,R32,,,,,,,,,,,,,,,,,,,,,,,
2025-1017,Cincinnati,Hard,64,PM,20250811,35,220704,16,,Clara Tauson,R,182,DEN,,201548,,,Ajla Tomljanovic,R,180,AUS,,6-3 6-7(5) 6-4,3,R32,,,,,,,,,,,,,,,,,,,,,,,
2025-1017,Cincinnati,Hard,64,PM,20250811,36,214096,11,,Karolina Muchova,R,178,CZE,,201614,,WC,Caroline Garcia,R,177,FRA,,7-6(3) 7-6(0),3,R32,,,,,,,,,,,,,,,,,,,,,,,
2025-1017,Cincinnati,Hard,64,PM,20250811,37,219875,,Q,Varvara Gracheva,R,,FRA,,213550,24,,Sofia Kenin,R,170,USA,,6-7(7) 6-3 6-3,3,R32,,,,,,,,,,,,,,,,,,,,,,,
2025-1017,Cincinnati,Hard,64,PM,20250811,38,220520,29,,Mccartney Kessler,R,,USA,,216083,,WC,Caty Mcnally,R,,USA,,6-4 6-3,3,R32,,,,,,,,,,,,,,,,,,,,,,,
2025-1017,Cincinnati,Hard,64,PM,20250811,39,230870,,Q,Ella Seidel,R,,GER,,215613,8,,Emma Navarro,R,,USA,,6-4 1-6 6-4,3,R32,,,,,,,,,,,,,,,,,,,,,,,
2025-1017,Cincinnati,Hard,64,PM,20250811,40,216153,5,,Amanda Anisimova,R,180,USA,,206417,,Q,Leolia Jeanjean,R,,FRA,,W/O,3,R32,,,,,,,,,,,,,,,,,,,,,,,
2025-1017,Cincinnati,Hard,64,PM,20250811,41,214939,28,,Anna Kalinskaya,R,175,RUS,,220548,,,Peyton Stearns,R,,USA,,7-6(4) 4-6 6-1,3,R32,,,,,,,,,,,,,,,,,,,,,,,
2025-1017,Cincinnati,Hard,64,PM,20250811,42,233741,,,Maya Joint,R,,AUS,,206242,18,,Beatriz Haddad Maia,L,185,BRA,,6-4 4-6 6-4,3,R32,,,,,,,,,,,,,,,,,,,,,,,
2025-1017,Cincinnati,Hard,64,PM,20250811,43,206420,12,,Ekaterina Alexandrova,R,175,RUS,,215138,,,Lulu Sun,L,,NZL,,6-4 6-2,3,R32,,,,,,,,,,,,,,,,,,,,,,,
2025-1017,Cincinnati,Hard,64,PM,20250811,44,206294,,LL,Yue Yuan,R,184,CHN,,223670,14,,Diana Shnaider,L,,RUS,,6-4 1-6 6-3,3,R32,,,,,,,,,,,,,,,,,,,,,,,
2025-1017,Cincinnati,Hard,64,PM,20250811,45,201514,,,Sorana Cirstea,R,176,ROU,,211684,22,,Magdalena Frech,R,171,POL,,7-6(4) 2-6 6-4,3,R32,,,,,,,,,,,,,,,,,,,,,,,
2025-1017,Cincinnati,Hard,64,PM,20250811,46,216146,25,,Marta Kostyuk,R,175,UKR,,213583,,,Tatjana Maria,R,172,GER,,6-0 6-1,3,R32,,,,,,,,,,,,,,,,,,,,,,,
2025-1017,Cincinnati,Hard,64,PM,20250811,47,216347,3,,Iga Swiatek,R,176,POL,,215713,,,Anastasia Potapova,R,175,RUS,,6-1 6-4,3,R32,,,,,,,,,,,,,,,,,,,,,,,
2025-1017,Cincinnati,Hard,64,PM,20250811,48,201619,6,,Madison Keys,R,178,USA,,220332,,,Eva Lys,R,165,GER,,1-6 6-3 7-6(1),3,R32,,,,,,,,,,,,,,,,,,,,,,,
2025-1017,Cincinnati,Hard,64,PM,20250811,49,256684,,Q,Aoi Ito,U,,JPN,,201499,27,,Anastasia Pavlyuchenkova,R,177,RUS,,6-1 4-6 6-4,3,R32,,,,,,,,,,,,,,,,,,,,,,,
2025-1017,Cincinnati,Hard,64,PM,20250811,50,210722,19,,Elise Mertens,R,179,BEL,,238064,,Q,Clervie Ngounoue,R,,USA,,3-6 7-6(3) 7-5,3,R32,,,,,,,,,,,,,,,,,,,,,,,
2025-1017,Cincinnati,Hard,64,PM,20250811,51,214981,9,,Elena Rybakina,R,184,KAZ,,213887,,,Renata Zarazua,R,,MEX,,4-6 6-0 7-5,3,R32,,,,,,,,,,,,,,,,,,,,,,,
2025-1017,Cincinnati,Hard,64,PM,20250811,52,203501,,WC,Taylor Townsend,L,170,USA,,214643,13,,Liudmila Samsonova,R,180,RUS,,6-2 6-4,3,R32,,,,,,,,,,,,,,,,,,,,,,,
2025-1017,Cincinnati,Hard,64,PM,20250811,53,222601,,,Jessica Bouzas Maneiro,R,,ESP,,220367,21,,Leylah Fernandez,L,168,CAN,,6-3 6-3,3,R32,,,,,,,,,,,,,,,,,,,,,,,
2025-1017,Cincinnati,Hard,64,PM,20250811,54,221054,30,,Emma Raducanu,R,175,GBR,,215337,,,Olga Danilovic,L,,SRB,,6-3 6-2,3,R32,,,,,,,,,,,,,,,,,,,,,,,
2025-1017,Cincinnati,Hard,64,PM,20250811,55,214544,1,,Aryna Sabalenka,R,182,BLR,,214954,,,Marketa Vondrousova,L,173,CZE,,7-5 6-1,3,R32,,,,,,,,,,,,,,,,,,,,,,,
2025-1017,Cincinnati,Hard,64,PM,20250811,56,216133,,,Xin Yu Wang,R,182,CHN,,215306,,,Emiliana Arango,R,,COL,,7-6(1) 6-3,3,R64,,,,,,,,,,,,,,,,,,,,,,,
2025-1017,Cincinnati,Hard,64,PM,20250811,57,202600,,Q,Viktoriya Tomova,R,170,BUL,,215983,,,Ann Li,R,170,USA,,6-4 7-5,3,R64,,,,,,,,,,,,,,,,,,,,,,,
2025-1017,Cincinnati,Hard,64,PM,20250811,58,215785,,,Camila Osorio,R,162,COL,,220416,,,Moyuka Uchijima,R,171,JPN,,7-5 1-6 6-4,3,R64,,,,,,,,,,,,,,,,,,,,,,,
2025-1017,Cincinnati,Hard,64,PM,20250811,59,214459,,,Lucia Bronzetti,R,,ITA,,202684,,,Lin Zhu,R,173,CHN,,6-7(6) 6-2 7-6(6),3,R64,,,,,,,,,,,,,,,,,,,,,,,
2025-1017,Cincinnati,Hard,64,PM,20250811,60,206252,,,Barbora Krejcikova,R,178,CZE,,219917,,,Alycia Parks,R,185,USA,,6-4 4-6 6-0,3,R64,,,,,,,,,,,,,,,,,,,,,,,
2025-1017,Cincinnati,Hard,64,PM,20250811,61,260300,,LL,Iva Jovic,R,,USA,,221333,,LL,Solana Sierra,R,,ARG,,6-3 7-6(4),3,R64,,,,,,,,,,,,,,,,,,,,,,,
2025-1017,Cincinnati,Hard,64,PM,20250811,62,201545,,,Anastasija Sevastova,R,169,LAT,,211765,,Q,Emina Bektas,R,,USA,,6-4 6-7(6) 6-1,3,R64,,,,,,,,,,,,,,,,,,,,,,,
2025-1017,Cincinnati,Hard,64,PM,20250811,63,206289,,,Maria Sakkari,R,172,GRE,,215872,,Q,Kamilla Rakhimova,R,,RUS,,6-3 3-6 6-2,3,R64,,,,,,,,,,,,,,,,,,,,,,,
2025-1017,Cincinnati,Hard,64,PM,20250811,64,214040,,,Kimberly Birrell,R,170,AUS,,215020,,,Anna Blinkova,R,179,RUS,,6-2 6-1,3,R64,,,,,,,,,,,,,,,,,,,,,,,
2025-1017,Cincinnati,Hard,64,PM,20250811,65,211685,,,Rebecca Sramkova,R,,SVK,,214452,,,Caroline Dolehide,R,178,USA,,1-6 6-4 7-6(1),3,R64,,,,,,,,,,,,,,,,,,,,,,,
2025-1017,Cincinnati,Hard,64,PM,20250811,66,206368,,,Veronika Kudermetova,R,175,RUS,,215480,,,Suzan Lamens,R,,NED,,6-1 6-3,3,R64,,,,,,,,,,,,,,,,,,,,,,,
2025-1017,Cincinnati,Hard,64,PM,20250811,67,201548,,,Ajla Tomljanovic,R,180,AUS,,214388,,,Anna Bondar,R,,HUN,,7-6(0) 6-4,3,R64,,,,,,,,,,,,,,,,,,,,,,,
2025-1017,Cincinnati,Hard,64,PM,20250811,68,201614,,WC,Caroline Garcia,R,177,FRA,,222661,,,Sonay Kartal,R,,GBR,,5-7 6-4 6-3,3,R64,,,,,,,,,,,,,,,,,,,,,,,
2025-1017,Cincinnati,Hard,64,PM,20250811,69,219875,,Q,Varvara Gracheva,R,,FRA,,220465,,WC,Katie Volynets,R,,USA,,6-4 3-6 6-3,3,R64,,,,,,,,,,,,,,,,,,,,,,,
2025-1017,Cincinnati,Hard,64,PM,20250811,70,216083,,WC,Caty Mcnally,R,,USA,,213666,,Q,Maddison Inglis,R,171,AUS,,6-2 6-3,3,R64,,,,,,,,,,,,,,,,,,,,,,,
2025-1017,Cincinnati,Hard,64,PM,20250811,71,230870,,Q,Ella Seidel,R,,GER,,221236,,,Polina Kudermetova,R,,RUS,,1-6 6-3 6-2,3,R64,,,,,,,,,,,,,,,,,,,,,,,
2025-1017,Cincinnati,Hard,64,PM,20250811,72,206417,,Q,Leolia Jeanjean,R,,FRA,,263857,,,Yuliia Starodubtseva,R,,UKR,,7-5 1-6 6-4,3,R64,,,,,,,,,,,,,,,,,,,,,,,
2025-1017,Cincinnati,Hard,64,PM,20250811,73,220548,,,Peyton Stearns,R,,USA,,206374,,,Yafan Wang,R,170,CHN,,6-4 6-3,3,R64,,,,,,,,,,,,,,,,,,,,,,,
2025-1017,Cincinnati,Hard,64,PM,20250811,74,233741,,,Maya Joint,R,,AUS,,213889,,,Greet Minnen,R,,BEL,,6-2 6-3,3,R64,,,,,,,,,,,,,,,,,,,,,,,
2025-1017,Cincinnati,Hard,64,PM,20250811,75,215138,,,Lulu Sun,L,,NZL,,222045,,Q,Antonia Ruzic,R,,CRO,,6-4 6-4,3,R64,,,,,,,,,,,,,,,,,,,,,,,
2025-1017,Cincinnati,Hard,64,PM,20250811,76,206294,,LL,Yue Yuan,R,184,CHN,,213710,,LL,Cristina Bucsa,R,,ESP,,6-2 6-2,3,R64,,,,,,,,,,,,,,,,,,,,,,,
2025-1017,Cincinnati,Hard,64,PM,20250811,77,201514,,,Sorana Cirstea,R,176,ROU,,202499,,,Donna Vekic,R,179,CRO,,6-1 4-6 6-3,3,R64,,,,,,,,,,,,,,,,,,,,,,,
2025-1017,Cincinnati,Hard,64,PM,20250811,78,213583,,,Tatjana Maria,R,172,GER,,215992,,Q,Whitney Osuigwe,R,168,USA,,6-2 6-3,3,R64,,,,,,,,,,,,,,,,,,,,,,,
2025-1017,Cincinnati,Hard,64,PM,20250811,79,215713,,,Anastasia Potapova,R,175,RUS,,201696,,Q,Laura Siegemund,R,168,GER,,6-4 6-4,3,R64,,,,,,,,,,,,,,,,,,,,,,,
2025-1017,Cincinnati,Hard,64,PM,20250811,80,220332,,,Eva Lys,R,165,GER,,211095,,WC,Bernarda Pera,L,175,USA,,6-2 4-6 7-5,3,R64,,,,,,,,,,,,,,,,,,,,,,,
2025-1017,Cincinnati,Hard,64,PM,20250811,81,256684,,Q,Aoi Ito,U,,JPN,,211817,,,Elena Gabriela Ruse,R,,ROU,,6-2 7-6(6),3,R64,,,,,,,,,,,,,,,,,,,,,,,
2025-1017,Cincinnati,Hard,64,PM,20250811,82,238064,,Q,Clervie Ngounoue,R,,USA,,221024,,,Hailey Baptiste,R,,USA,,6-1 4-6 6-1,3,R64,,,,,,,,,,,,,,,,,,,,,,,
2025-1017,Cincinnati,Hard,64,PM,20250811,83,213887,,,Renata Zarazua,R,,MEX,,201709,,,Yulia Putintseva,R,163,KAZ,,3-6 6-4 6-2,3,R64,,,,,,,,,,,,,,,,,,,,,,,
2025-1017,Cincinnati,Hard,64,PM,20250811,84,203501,,WC,Taylor Townsend,L,170,USA,,203389,,,Danielle Collins,R,178,USA,,6-4 7-6(2),3,R64,,,,,,,,,,,,,,,,,,,,,,,
2025-1017,Cincinnati,Hard,64,PM,20250811,85,222601,,,Jessica Bouzas Maneiro,R,,ESP,,200748,,WC,Venus Williams,R,185,USA,,6-4 6-4,3,R64,,,,,,,,,,,,,,,,,,,,,,,
2025-1017,Cincinnati,Hard,64,PM,20250811,86,215337,,,Olga Danilovic,L,,SRB,,211107,,,Katie Boulter,R,180,GBR,,6-0 7-5,3,R64,,,,,,,,,,,,,,,,,,,,,,,
2025-1017,Cincinnati,Hard,64,PM,20250811,87,214954,,,Marketa Vondrousova,L,173,CZE,,211713,,,Jaqueline Cristian,R,180,ROU,,6-3 6-1,3,R64,,,,,,,,,,,,,,,,,,,,,,,
2025-1017,Cincinnati,Hard,64,PM,20250811,88,221103,2,,Coco Gauff,R,175,USA,,214459,,,Lucia Bronzetti,R,,ITA,,6-2 6-4,3,R4,,,,,,,,,,,,,,,,,,,,,,,
2025-1017,Cincinnati,Hard,64,PM,20250811,89,211148,7,,Jasmine Paolini,R,160,ITA,,206252,,,Barbora Krejcikova,R,178,CZE,,6-1 6-2,3,R4,,,,,,,,,,,,,,,,,,,,,,,
2025-1017,Cincinnati,Hard,64,PM,20250811,90,206368,,,Veronika Kudermetova,R,175,RUS,,202663,31,,Magda Linette,R,171,POL,,6-4 6-3,3,R4,,,,,,,,,,,,,,,,,,,,,,,
2025-1017,Cincinnati,Hard,64,PM,20250811,91,219875,,Q,Varvara Gracheva,R,,FRA,,230870,,Q,Ella Seidel,R,,GER,,2-6 6-1 6-1,3,R4,,,,,,,,,,,,,,,,,,,,,,,
2025-1017,Cincinnati,Hard,64,PM,20250811,92,214939,28,,Anna Kalinskaya,R,175,RUS,,206420,12,,Ekaterina Alexandrova,R,175,RUS,,3-6 7-6(5) 6-1,3,R4,,,,,,,,,,,,,,,,,,,,,,,
2025-1017,Cincinnati,Hard,64,PM,20250811,93,216347,3,,Iga Swiatek,R,176,POL,,201514,,,Sorana Cirstea,R,176,ROU,,6-4 6-3,3,R4,,,,,,,,,,,,,,,,,,,,,,,
2025-1017,Cincinnati,Hard,64,PM,20250811,94,214981,9,,Elena Rybakina,R,184,KAZ,,201619,6,,Madison Keys,R,178,USA,,6-7(3) 6-4 6-2,3,R4,,,,,,,,,,,,,,,,,,,,,,,
2025-1017,Cincinnati,Hard,64,PM,20250811,95,214544,1,,Aryna Sabalenka,R,182,BLR,,222601,,,Jessica Bouzas Maneiro,R,,ESP,,6-1 7-5,3,R4,,,,,,,,,,,,,,,,,,,,,,,
2025-1039,Monterrey,Hard,32,P,20250818,1,223670,3,,Diana Shnaider,L,,RUS,,206420,2,,Ekaterina Alexandrova,R,175,RUS,,6-3 4-6 6-4,3,F,,,,,,,,,,,,,,,,,,,,,,,
2025-1039,Monterrey,Hard,32,P,20250818,2,206420,2,,Ekaterina Alexandrova,R,175,RUS,,213631,,,Marie Bouzkova,R,180,CZE,,6-3 0-0 RET,3,SF,,,,,,,,,,,,,,,,,,,,,,,
2025-1039,Monterrey,Hard,32,P,20250818,3,223670,3,,Diana Shnaider,L,,RUS,,219917,,,Alycia Parks,R,185,USA,,6-3 7-6(8),3,SF,,,,,,,,,,,,,,,,,,,,,,,
2025-1039,Monterrey,Hard,32,P,20250818,4,206420,2,,Ekaterina Alexandrova,R,175,RUS,,222328,6,,Linda Noskova,R,,CZE,,7-6(5) 4-6 6-2,3,QF,,,,,,,,,,,,,,,,,,,,,,,
2025-1039,Monterrey,Hard,32,P,20250818,5,213631,,,Marie Bouzkova,R,180,CZE,,222045,,Q,Antonia Ruzic,R,,CRO,,6-3 6-2,3,QF,,,,,,,,,,,,,,,,,,,,,,,
2025-1039,Monterrey,Hard,32,P,20250818,6,223670,3,,Diana Shnaider,L,,RUS,,210722,5,,Elise Mertens,R,179,BEL,,3-6 7-6(6) 7-6(4),3,QF,,,,,,,,,,,,,,,,,,,,,,,
2025-1039,Monterrey,Hard,32,P,20250818,7,219917,,,Alycia Parks,R,185,USA,,211685,,,Rebecca Sramkova,R,,SVK,,6-2 7-5,3,QF,,,,,,,,,,,,,,,,,,,,,,,
2025-1039,Monterrey,Hard,32,P,20250818,8,206420,2,,Ekaterina Alexandrova,R,175,RUS,,201548,,WC,Ajla Tomljanovic,R,180,AUS,,6-4 6-3,3,R16,,,,,,,,,,,,,,,,,,,,,,,
2025-1039,Monterrey,Hard,32,P,20250818,9,222328,6,,Linda Noskova,R,,CZE,,213583,,,Tatjana Maria,R,172,GER,,6-3 6-2,3,R16,,,,,,,,,,,,,,,,,,,,,,,
2025-1039,Monterrey,Hard,32,P,20250818,10,213631,,,Marie Bouzkova,R,180,CZE,,206242,4,,Beatriz Haddad Maia,L,185,BRA,,6-3 6-4,3,R16,,,,,,,,,,,,,,,,,,,,,,,
2025-1039,Monterrey,Hard,32,P,20250818,11,222045,,Q,Antonia Ruzic,R,,CRO,,220714,,,Elisabetta Cocciaretto,R,,ITA,,7-6(2) 2-6 6-0,3,R16,,,,,,,,,,,,,,,,,,,,,,,
2025-1039,Monterrey,Hard,32,P,20250818,12,210722,5,,Elise Mertens,R,179,BEL,,202499,,,Donna Vekic,R,179,CRO,,6-3 6-3,3,R16,,,,,,,,,,,,,,,,,,,,,,,
2025-1039,Monterrey,Hard,32,P,20250818,13,223670,3,,Diana Shnaider,L,,RUS,,215872,,,Kamilla Rakhimova,R,,RUS,,7-6(3) 6-1,3,R16,,,,,,,,,,,,,,,,,,,,,,,
2025-1039,Monterrey,Hard,32,P,20250818,14,211685,,,Rebecca Sramkova,R,,SVK,,220367,7,,Leylah Fernandez,L,168,CAN,,2-6 6-3 6-2,3,R16,,,,,,,,,,,,,,,,,,,,,,,
2025-1039,Monterrey,Hard,32,P,20250818,15,219917,,,Alycia Parks,R,185,USA,,215613,1,,Emma Navarro,R,,USA,,4-6 6-3 6-2,3,R16,,,,,,,,,,,,,,,,,,,,,,,
2025-1039,Monterrey,Hard,32,P,20250818,16,201548,,WC,Ajla Tomljanovic,R,180,AUS,,213887,,,Renata Zarazua,R,,MEX,,4-6 6-3 7-6(1),3,R32,,,,,,,,,,,,,,,,,,,,,,,
2025-1039,Monterrey,Hard,32,P,20250818,17,213583,,,Tatjana Maria,R,172,GER,,214388,,,Anna Bondar,R,,HUN,,7-6(5) 7-5,3,R32,,,,,,,,,,,,,,,,,,,,,,,
2025-1039,Monterrey,Hard,32,P,20250818,18,222328,6,,Linda Noskova,R,,CZE,,215138,,Q,Lulu Sun,L,,NZL,,7-6(2) 7-6(7),3,R32,,,,,,,,,,,,,,,,,,,,,,,
2025-1039,Monterrey,Hard,32,P,20250818,19,213631,,,Marie Bouzkova,R,180,CZE,,220309,,,Zeynep Sonmez,R,,TUR,,3-6 6-2 6-4,3,R32,,,,,,,,,,,,,,,,,,,,,,,
2025-1039,Monterrey,Hard,32,P,20250818,20,220714,,,Elisabetta Cocciaretto,R,,ITA,,206417,,Q,Leolia Jeanjean,R,,FRA,,6-3 6-4,3,R32,,,,,,,,,,,,,,,,,,,,,,,
2025-1039,Monterrey,Hard,32,P,20250818,21,222045,,Q,Antonia Ruzic,R,,CRO,,201499,8,,Anastasia Pavlyuchenkova,R,177,RUS,,7-6(4) 6-1,3,R32,,,,,,,,,,,,,,,,,,,,,,,
2025-1039,Monterrey,Hard,32,P,20250818,22,210722,5,,Elise Mertens,R,179,BEL,,215020,,,Anna Blinkova,R,179,RUS,,6-4 6-3,3,R32,,,,,,,,,,,,,,,,,,,,,,,
2025-1039,Monterrey,Hard,32,P,20250818,23,202499,,,Donna Vekic,R,179,CRO,,206289,,WC,Maria Sakkari,R,172,GRE,,6-2 6-3,3,R32,,,,,,,,,,,,,,,,,,,,,,,
2025-1039,Monterrey,Hard,32,P,20250818,24,215872,,,Kamilla Rakhimova,R,,RUS,,222601,,,Jessica Bouzas Maneiro,R,,ESP,,6-4 7-5,3,R32,,,,,,,,,,,,,,,,,,,,,,,
2025-1039,Monterrey,Hard,32,P,20250818,25,220367,7,,Leylah Fernandez,L,168,CAN,,211713,,,Jaqueline Cristian,R,180,ROU,,6-3 7-5,3,R32,,,,,,,,,,,,,,,,,,,,,,,
2025-1039,Monterrey,Hard,32,P,20250818,26,211685,,,Rebecca Sramkova,R,,SVK,,211874,,WC,Victoria Rodriguez,U,170,MEX,,6-0 6-3,3,R32,,,,,,,,,,,,,,,,,,,,,,,
2025-1039,Monterrey,Hard,32,P,20250818,27,219917,,,Alycia Parks,R,185,USA,,213710,,Q,Cristina Bucsa,R,,ESP,,6-2 6-1,3,R32,,,,,,,,,,,,,,,,,,,,,,,
2025-2040,Cleveland,Hard,32,I,20250818,1,201514,,Q,Sorana Cirstea,R,176,ROU,,215983,,,Ann Li,R,170,USA,,6-2 6-4,3,F,,,,,,,,,,,,,,,,,,,,,,,
2025-2040,Cleveland,Hard,32,I,20250818,2,215983,,,Ann Li,R,170,USA,,216133,2,,Xin Yu Wang,R,182,CHN,,6-3 5-7 6-4,3,SF,,,,,,,,,,,,,,,,,,,,,,,
2025-2040,Cleveland,Hard,32,I,20250818,3,201514,,Q,Sorana Cirstea,R,176,ROU,,220435,,,Anastasia Zakharova,R,,RUS,,6-1 7-5,3,SF,,,,,,,,,,,,,,,,,,,,,,,
2025-2040,Cleveland,Hard,32,I,20250818,4,216133,2,,Xin Yu Wang,R,182,CHN,,203530,,,Viktorija Golubic,R,169,SUI,,4-6 6-4 6-4,3,QF,,,,,,,,,,,,,,,,,,,,,,,
2025-2040,Cleveland,Hard,32,I,20250818,5,215983,,,Ann Li,R,170,USA,,221039,,Q,Elsa Jacquemot,R,,FRA,,6-1 5-7 6-1,3,QF,,,,,,,,,,,,,,,,,,,,,,,
2025-2040,Cleveland,Hard,32,I,20250818,6,220435,,,Anastasia Zakharova,R,,RUS,,220332,,,Eva Lys,R,165,GER,,W/O,3,QF,,,,,,,,,,,,,,,,,,,,,,,
2025-2040,Cleveland,Hard,32,I,20250818,7,201514,,Q,Sorana Cirstea,R,176,ROU,,214643,1,,Liudmila Samsonova,R,180,RUS,,6-4 6-1,3,QF,,,,,,,,,,,,,,,,,,,,,,,
2025-2040,Cleveland,Hard,32,I,20250818,8,216133,2,,Xin Yu Wang,R,182,CHN,,221883,,Q,Talia Gibson,R,,AUS,,1-6 6-2 6-3,3,R16,,,,,,,,,,,,,,,,,,,,,,,
2025-2040,Cleveland,Hard,32,I,20250818,9,203530,,,Viktorija Golubic,R,169,SUI,,211107,7,,Katie Boulter,R,180,GBR,,7-6(6) 1-6 6-4,3,R16,,,,,,,,,,,,,,,,,,,,,,,
2025-2040,Cleveland,Hard,32,I,20250818,10,215983,,,Ann Li,R,170,USA,,260300,,,Iva Jovic,R,,USA,,6-3 2-6 6-3,3,R16,,,,,,,,,,,,,,,,,,,,,,,
2025-2040,Cleveland,Hard,32,I,20250818,11,221039,,Q,Elsa Jacquemot,R,,FRA,,221333,,,Solana Sierra,R,,ARG,,7-5 7-6(2),3,R16,,,,,,,,,,,,,,,,,,,,,,,
2025-2040,Cleveland,Hard,32,I,20250818,12,220435,,,Anastasia Zakharova,R,,RUS,,221024,8,,Hailey Baptiste,R,,USA,,6-4 6-3,3,R16,,,,,,,,,,,,,,,,,,,,,,,
2025-2040,Cleveland,Hard,32,I,20250818,13,220332,,,Eva Lys,R,165,GER,,221236,,,Polina Kudermetova,R,,RUS,,6-4 6-3,3,R16,,,,,,,,,,,,,,,,,,,,,,,
2025-2040,Cleveland,Hard,32,I,20250818,14,201514,,Q,Sorana Cirstea,R,176,ROU,,213525,,,Jil Teichmann,L,170,SUI,,6-1 6-1,3,R16,,,,,,,,,,,,,,,,,,,,,,,
2025-2040,Cleveland,Hard,32,I,20250818,15,214643,1,,Liudmila Samsonova,R,180,RUS,,206374,,Q,Yafan Wang,R,170,CHN,,6-2 6-4,3,R16,,,,,,,,,,,,,,,,,,,,,,,
2025-2040,Cleveland,Hard,32,I,20250818,16,216133,2,,Xin Yu Wang,R,182,CHN,,215480,,,Suzan Lamens,R,,NED,,6-2 6-7(3) 6-2,3,R32,,,,,,,,,,,,,,,,,,,,,,,
2025-2040,Cleveland,Hard,32,I,20250818,17,221883,,Q,Talia Gibson,R,,AUS,,213889,,,Greet Minnen,R,,BEL,,7-6(2) 6-4,3,R32,,,,,,,,,,,,,,,,,,,,,,,
2025-2040,Cleveland,Hard,32,I,20250818,18,203530,,,Viktorija Golubic,R,169,SUI,,214459,,,Lucia Bronzetti,R,,ITA,,6-1 6-3,3,R32,,,,,,,,,,,,,,,,,,,,,,,
2025-2040,Cleveland,Hard,32,I,20250818,19,211107,7,,Katie Boulter,R,180,GBR,,206294,,,Yue Yuan,R,184,CHN,,6-4 6-3,3,R32,,,,,,,,,,,,,,,,,,,,,,,
2025-2040,Cleveland,Hard,32,I,20250818,20,260300,,,Iva Jovic,R,,USA,,215713,4,,Anastasia Potapova,R,175,RUS,,7-5 6-3,3,R32,,,,,,,,,,,,,,,,,,,,,,,
2025-2040,Cleveland,Hard,32,I,20250818,21,215983,,,Ann Li,R,170,USA,,263857,,,Yuliia Starodubtseva,R,,UKR,,7-5 6-3,3,R32,,,,,,,,,,,,,,,,,,,,,,,
2025-2040,Cleveland,Hard,32,I,20250818,22,221039,,Q,Elsa Jacquemot,R,,FRA,,202684,,,Lin Zhu,R,173,CHN,,6-3 6-1,3,R32,,,,,,,,,,,,,,,,,,,,,,,
2025-2040,Cleveland,Hard,32,I,20250818,23,221333,,,Solana Sierra,R,,ARG,,222661,6,,Sonay Kartal,R,,GBR,,4-6 6-4 7-6(2),3,R32,,,,,,,,,,,,,,,,,,,,,,,
2025-2040,Cleveland,Hard,32,I,20250818,24,221024,8,,Hailey Baptiste,R,,USA,,211817,,,Elena Gabriela Ruse,R,,ROU,,6-2 7-6(2),3,R32,,,,,,,,,,,,,,,,,,,,,,,
2025-2040,Cleveland,Hard,32,I,20250818,25,220435,,,Anastasia Zakharova,R,,RUS,,214040,,,Kimberly Birrell,R,170,AUS,,5-7 6-4 6-3,3,R32,,,,,,,,,,,,,,,,,,,,,,,
2025-2040,Cleveland,Hard,32,I,20250818,26,221236,,,Polina Kudermetova,R,,RUS,,221512,,WC,Katrina Scott,R,180,USA,,6-4 6-4,3,R32,,,,,,,,,,,,,,,,,,,,,,,
2025-2040,Cleveland,Hard,32,I,20250818,27,220332,,,Eva Lys,R,165,GER,,233741,3,,Maya Joint,R,,AUS,,6-4 6-4,3,R32,,,,,,,,,,,,,,,,,,,,,,,
2025-2040,Cleveland,Hard,32,I,20250818,28,213525,,,Jil Teichmann,L,170,SUI,,222391,5,,Lois Boisson,R,,FRA,,6-4 1-6 6-4,3,R32,,,,,,,,,,,,,,,,,,,,,,,
2025-2040,Cleveland,Hard,32,I,20250818,29,201514,,Q,Sorana Cirstea,R,176,ROU,,220416,,,Moyuka Uchijima,R,171,JPN,,6-4 6-1,3,R32,,,,,,,,,,,,,,,,,,,,,,,
2025-2040,Cleveland,Hard,32,I,20250818,30,206374,,Q,Yafan Wang,R,170,CHN,,220548,,,Peyton Stearns,R,,USA,,6-4 3-6 6-3,3,R32,,,,,,,,,,,,,,,,,,,,,,,
2025-2040,Cleveland,Hard,32,I,20250818,31,214643,1,,Liudmila Samsonova,R,180,RUS,,214452,,,Caroline Dolehide,R,178,USA,,6-4 7-6(2),3,R32,,,,,,,,,,,,,,,,,,,,,,,
2025-2075,Guadalajara,Hard,32,P,20250908,1,260300,,,Iva Jovic,R,,USA,,215306,,,Emiliana Arango,R,,COL,,6-4 6-1,3,F,,,,,,,,,,,,,,,,,,,,,,,
2025-2075,Guadalajara,Hard,32,P,20250908,2,260300,,,Iva Jovic,R,,USA,,223360,,WC,Nikola Bartunkova,R,,CZE,,6-3 6-7(5) 6-3,3,SF,,,,,,,,,,,,,,,,,,,,,,,
2025-2075,Guadalajara,Hard,32,P,20250908,3,215306,,,Emiliana Arango,R,,COL,,221039,,,Elsa Jacquemot,R,,FRA,,6-4 7-5,3,SF,,,,,,,,,,,,,,,,,,,,,,,
2025-2075,Guadalajara,Hard,32,P,20250908,4,260300,,,Iva Jovic,R,,USA,,223286,,Q,Victoria Jimenez Kasintseva,L,,AND,,6-3 3-6 7-6(6),3,QF,,,,,,,,,,,,,,,,,,,,,,,
2025-2075,Guadalajara,Hard,32,P,20250908,5,223360,,WC,Nikola Bartunkova,R,,CZE,,211684,4,,Magdalena Frech,R,171,POL,,7-5 6-4,3,QF,,,,,,,,,,,,,,,,,,,,,,,
2025-2075,Guadalajara,Hard,32,P,20250908,6,215306,,,Emiliana Arango,R,,COL,,222233,,Q,Marina Stakusic,R,,CAN,,6-2 6-3,3,QF,,,,,,,,,,,,,,,,,,,,,,,
2025-2075,Guadalajara,Hard,32,P,20250908,7,221039,,,Elsa Jacquemot,R,,FRA,,213583,6,,Tatjana Maria,R,172,GER,,3-6 6-4 6-4,3,QF,,,,,,,,,,,,,,,,,,,,,,,
2025-2075,Guadalajara,Hard,32,P,20250908,8,223286,,Q,Victoria Jimenez Kasintseva,L,,AND,,206368,2,,Veronika Kudermetova,R,175,RUS,,6-4 6-2,3,R16,,,,,,,,,,,,,,,,,,,,,,,
2025-2075,Guadalajara,Hard,32,P,20250908,9,260300,,,Iva Jovic,R,,USA,,215785,8,,Camila Osorio,R,162,COL,,6-4 6-2,3,R16,,,,,,,,,,,,,,,,,,,,,,,
2025-2075,Guadalajara,Hard,32,P,20250908,10,211684,4,,Magdalena Frech,R,171,POL,,214593,,Q,Lucrezia Stefanini,R,,ITA,,6-1 7-6(6),3,R16,,,,,,,,,,,,,,,,,,,,,,,
2025-2075,Guadalajara,Hard,32,P,20250908,11,223360,,WC,Nikola Bartunkova,R,,CZE,,221307,,Q,Darja Vidmanova,R,,CZE,,6-3 6-2,3,R16,,,,,,,,,,,,,,,,,,,,,,,
2025-2075,Guadalajara,Hard,32,P,20250908,12,215306,,,Emiliana Arango,R,,COL,,204411,,WC,Storm Hunter,L,166,AUS,,6-2 6-2,3,R16,,,,,,,,,,,,,,,,,,,,,,,
2025-2075,Guadalajara,Hard,32,P,20250908,13,222233,,Q,Marina Stakusic,R,,CAN,,211533,3,,Jelena Ostapenko,R,177,LAT,,6-4 6-7(6) 6-2,3,R16,,,,,,,,,,,,,,,,,,,,,,,
2025-2075,Guadalajara,Hard,32,P,20250908,14,213583,6,,Tatjana Maria,R,172,GER,,201606,,,Rebecca Marino,R,183,CAN,,6-3 7-5,3,R16,,,,,,,,,,,,,,,,,,,,,,,
2025-2075,Guadalajara,Hard,32,P,20250908,15,221039,,,Elsa Jacquemot,R,,FRA,,210722,1,,Elise Mertens,R,179,BEL,,4-6 6-3 6-4,3,R16,,,,,,,,,,,,,,,,,,,,,,,
2025-2075,Guadalajara,Hard,32,P,20250908,16,223286,,Q,Victoria Jimenez Kasintseva,L,,AND,,239389,,Q,Elena Pridankina,R,,RUS,,6-4 6-3,3,R32,,,,,,,,,,,,,,,,,,,,,,,
2025-2075,Guadalajara,Hard,32,P,20250908,17,260300,,,Iva Jovic,R,,USA,,203514,,,Katarzyna Kawa,R,178,POL,,6-4 4-6 6-3,3,R32,,,,,,,,,,,,,,,,,,,,,,,
2025-2075,Guadalajara,Hard,32,P,20250908,18,215785,8,,Camila Osorio,R,162,COL,,215872,,,Kamilla Rakhimova,R,,RUS,,7-5 7-5,3,R32,,,,,,,,,,,,,,,,,,,,,,,
2025-2075,Guadalajara,Hard,32,P,20250908,19,214593,,Q,Lucrezia Stefanini,R,,ITA,,201585,,WC,Sloane Stephens,R,170,USA,,6-4 4-6 6-1,3,R32,,,,,,,,,,,,,,,,,,,,,,,
2025-2075,Guadalajara,Hard,32,P,20250908,20,223360,,WC,Nikola Bartunkova,R,,CZE,,213849,,Q,Nicole Fossa Huergo,U,,ITA,,6-4 6-2,3,R32,,,,,,,,,,,,,,,,,,,,,,,
2025-2075,Guadalajara,Hard,32,P,20250908,21,221307,,Q,Darja Vidmanova,R,,CZE,,219917,7,,Alycia Parks,R,185,USA,,6-2 6-4,3,R32,,,,,,,,,,,,,,,,,,,,,,,
2025-2075,Guadalajara,Hard,32,P,20250908,22,215306,,,Emiliana Arango,R,,COL,,202663,5,,Magda Linette,R,171,POL,,6-0 0-0 RET,3,R32,,,,,,,,,,,,,,,,,,,,,,,
2025-2075,Guadalajara,Hard,32,P,20250908,23,204411,,WC,Storm Hunter,L,166,AUS,,211701,,,Katerina Siniakova,R,174,CZE,,7-6(5) 4-6 6-3,3,R32,,,,,,,,,,,,,,,,,,,,,,,
2025-2075,Guadalajara,Hard,32,P,20250908,24,222233,,Q,Marina Stakusic,R,,CAN,,221236,,,Polina Kudermetova,R,,RUS,,3-6 7-5 6-4,3,R32,,,,,,,,,,,,,,,,,,,,,,,
2025-2075,Guadalajara,Hard,32,P,20250908,25,213583,6,,Tatjana Maria,R,172,GER,,220309,,,Zeynep Sonmez,R,,TUR,,6-4 6-2,3,R32,,,,,,,,,,,,,,,,,,,,,,,
2025-2075,Guadalajara,Hard,32,P,20250908,26,201606,,,Rebecca Marino,R,183,CAN,,203354,,WC,Martina Trevisan,L,160,ITA,,6-2 6-3,3,R32,,,,,,,,,,,,,,,,,,,,,,,
2025-2075,Guadalajara,Hard,32,P,20250908,27,221039,,,Elsa Jacquemot,R,,FRA,,206289,,,Maria Sakkari,R,172,GRE,,6-2 6-0,3,R32,,,,,,,,,,,,,,,,,,,,,,,
2025-2072,Sao Paulo,Hard,32,I,20250908,1,239456,,,Tiantsoa Sarah Rakotomanga Rajaonah,L,,FRA,,222145,,,Janice Tjen,R,,INA,,6-3 6-4,3,F,,,,,,,,,,,,,,,,,,,,,,,
2025-2072,Sao Paulo,Hard,32,I,20250908,2,222145,,,Janice Tjen,R,,INA,,215936,6,,Francesca Jones,R,,GBR,,7-6(0) 6-3,3,SF,,,,,,,,,,,,,,,,,,,,,,,
2025-2072,Sao Paulo,Hard,32,I,20250908,3,239456,,,Tiantsoa Sarah Rakotomanga Rajaonah,L,,FRA,,213887,5,,Renata Zarazua,R,,MEX,,6-3 6-2,3,SF,,,,,,,,,,,,,,,,,,,,,,,
2025-2072,Sao Paulo,Hard,32,I,20250908,4,215936,6,,Francesca Jones,R,,GBR,,221333,2,,Solana Sierra,R,,ARG,,6-3 6-4,3,QF,,,,,,,,,,,,,,,,,,,,,,,
2025-2072,Sao Paulo,Hard,32,I,20250908,5,222145,,,Janice Tjen,R,,INA,,223253,3,,Alexandra Eala,L,173,PHI,,6-4 6-1,3,QF,,,,,,,,,,,,,,,,,,,,,,,
2025-2072,Sao Paulo,Hard,32,I,20250908,6,239456,,,Tiantsoa Sarah Rakotomanga Rajaonah,L,,FRA,,215910,8,,Panna Udvardy,R,170,HUN,,6-2 6-4,3,QF,,,,,,,,,,,,,,,,,,,,,,,
2025-2072,Sao Paulo,Hard,32,I,20250908,7,213887,5,,Renata Zarazua,R,,MEX,,206242,1,,Beatriz Haddad Maia,L,185,BRA,,7-6(5) 6-3,3,QF,,,,,,,,,,,,,,,,,,,,,,,
2025-2072,Sao Paulo,Hard,32,I,20250908,8,221333,2,,Solana Sierra,R,,ARG,,267382,,WC,Nauhany Vitoria Leme Da Silva,U,,BRA,,6-0 6-4,3,R16,,,,,,,,,,,,,,,,,,,,,,,
2025-2072,Sao Paulo,Hard,32,I,20250908,9,215936,6,,Francesca Jones,R,,GBR,,215992,,,Whitney Osuigwe,R,168,USA,,6-4 7-6(6),3,R16,,,,,,,,,,,,,,,,,,,,,,,
2025-2072,Sao Paulo,Hard,32,I,20250908,10,223253,3,,Alexandra Eala,L,173,PHI,,220699,,,Julia Riera,R,,ARG,,6-1 6-4,3,R16,,,,,,,,,,,,,,,,,,,,,,,
2025-2072,Sao Paulo,Hard,32,I,20250908,11,222145,,,Janice Tjen,R,,INA,,214862,,Q,Martina Okalova,U,,SVK,,6-1 6-0,3,R16,,,,,,,,,,,,,,,,,,,,,,,
2025-2072,Sao Paulo,Hard,32,I,20250908,12,215910,8,,Panna Udvardy,R,170,HUN,,252488,,WC,Ana Candiotto,U,,BRA,,6-3 6-3,3,R16,,,,,,,,,,,,,,,,,,,,,,,
2025-2072,Sao Paulo,Hard,32,I,20250908,13,239456,,,Tiantsoa Sarah Rakotomanga Rajaonah,L,,FRA,,211874,,Q,Victoria Rodriguez,U,170,MEX,,7-5 6-1,3,R16,,,,,,,,,,,,,,,,,,,,,,,
2025-2072,Sao Paulo,Hard,32,I,20250908,14,213887,5,,Renata Zarazua,R,,MEX,,214507,,,Berfu Cengiz,R,,TUR,,6-4 6-4,3,R16,,,,,,,,,,,,,,,,,,,,,,,
2025-2072,Sao Paulo,Hard,32,I,20250908,15,206242,1,,Beatriz Haddad Maia,L,185,BRA,,206007,,,Laura Pigossi,R,164,BRA,,6-1 6-4,3,R16,,,,,,,,,,,,,,,,,,,,,,,
2025-2072,Sao Paulo,Hard,32,I,20250908,16,221333,2,,Solana Sierra,R,,ARG,,215996,,,Arianne Hartono,R,,NED,,7-6(4) 6-3,3,R32,,,,,,,,,,,,,,,,,,,,,,,
2025-2072,Sao Paulo,Hard,32,I,20250908,17,267382,,WC,Nauhany Vitoria Leme Da Silva,U,,BRA,,206430,,,Carolina Alves,U,,BRA,,6-7(0) 6-2 6-0,3,R32,,,,,,,,,,,,,,,,,,,,,,,
2025-2072,Sao Paulo,Hard,32,I,20250908,18,215992,,,Whitney Osuigwe,R,168,USA,,269259,,WC,Victoria Luiza Barros,U,,BRA,,6-3 6-4,3,R32,,,,,,,,,,,,,,,,,,,,,,,
2025-2072,Sao Paulo,Hard,32,I,20250908,19,215936,6,,Francesca Jones,R,,GBR,,215151,,,Lina Glushko,U,,ISR,,4-6 6-2 6-3,3,R32,,,,,,,,,,,,,,,,,,,,,,,
2025-2072,Sao Paulo,Hard,32,I,20250908,20,223253,3,,Alexandra Eala,L,173,PHI,,215588,,Q,Yasmine Mansouri,R,,FRA,,6-0 6-2,3,R32,,,,,,,,,,,,,,,,,,,,,,,
2025-2072,Sao Paulo,Hard,32,I,20250908,21,220699,,,Julia Riera,R,,ARG,,201554,,,Vitalia Diatchenko,R,170,RUS,,6-3 7-6(1),3,R32,,,,,,,,,,,,,,,,,,,,,,,
2025-2072,Sao Paulo,Hard,32,I,20250908,22,214862,,Q,Martina Okalova,U,,SVK,,201613,,,Arina Rodionova,R,168,RUS,,7-5 6-4,3,R32,,,,,,,,,,,,,,,,,,,,,,,
2025-2072,Sao Paulo,Hard,32,I,20250908,23,222145,,,Janice Tjen,R,,INA,,206417,7,,Leolia Jeanjean,R,,FRA,,6-2 6-3,3,R32,,,,,,,,,,,,,,,,,,,,,,,
2025-2072,Sao Paulo,Hard,32,I,20250908,24,215910,8,,Panna Udvardy,R,170,HUN,,222189,,,Anna Sinclair Rogers,U,,USA,,6-2 6-3,3,R32,,,,,,,,,,,,,,,,,,,,,,,
2025-2072,Sao Paulo,Hard,32,I,20250908,25,252488,,WC,Ana Candiotto,U,,BRA,,211063,,,Valeriya Strakhova,R,,UKR,,6-3 5-7 6-0,3,R32,,,,,,,,,,,,,,,,,,,,,,,
2025-2072,Sao Paulo,Hard,32,I,20250908,26,239456,,,Tiantsoa Sarah Rakotomanga Rajaonah,L,,FRA,,204419,,,Ana Sofia Sanchez,L,,MEX,,6-4 4-6 7-6(7),3,R32,,,,,,,,,,,,,,,,,,,,,,,
2025-2072,Sao Paulo,Hard,32,I,20250908,27,211874,,Q,Victoria Rodriguez,U,170,MEX,,201548,4,,Ajla Tomljanovic,R,180,AUS,,6-4 4-2 RET,3,R32,,,,,,,,,,,,,,,,,,,,,,,
2025-2072,Sao Paulo,Hard,32,I,20250908,28,213887,5,,Renata Zarazua,R,,MEX,,220351,,WC,Luiza Fullana,U,,BRA,,6-2 6-1,3,R32,,,,,,,,,,,,,,,,,,,,,,,
2025-2072,Sao Paulo,Hard,32,I,20250908,29,214507,,,Berfu Cengiz,R,,TUR,,220446,,,Jazmin Ortenzi,R,,ARG,,6-1 6-2,3,R32,,,,,,,,,,,,,,,,,,,,,,,
2025-2072,Sao Paulo,Hard,32,I,20250908,30,206007,,,Laura Pigossi,R,164,BRA,,216097,,,Elizabeth Mandlik,R,,USA,,2-6 6-3 6-4,3,R32,,,,,,,,,,,,,,,,,,,,,,,
2025-2072,Sao Paulo,Hard,32,I,20250908,31,206242,1,,Beatriz Haddad Maia,L,185,BRA,,210847,,Q,Miriana Tona,U,,ITA,,6-1 6-1,3,R32,,,,,,,,,,,,,,,,,,,,,,,
2025-1024,Seoul,Hard,32,P,20250915,1,216347,1,,Iga Swiatek,R,176,POL,,206420,2,,Ekaterina Alexandrova,R,175,RUS,,1-6 7-6(3) 7-5,3,F,,,,,,,,,,,,,,,,,,,,,,,
2025-1024,Seoul,Hard,32,P,20250915,2,206420,2,,Ekaterina Alexandrova,R,175,RUS,,211701,,Q,Katerina Siniakova,R,174,CZE,,6-4 6-2,3,SF,,,,,,,,,,,,,,,,,,,,,,,
2025-1024,Seoul,Hard,32,P,20250915,3,216347,1,,Iga Swiatek,R,176,POL,,233741,,,Maya Joint,R,,AUS,,6-0 6-2,3,SF,,,,,,,,,,,,,,,,,,,,,,,
2025-1024,Seoul,Hard,32,P,20250915,4,206420,2,,Ekaterina Alexandrova,R,175,RUS,,230870,,Q,Ella Seidel,R,,GER,,6-2 6-3,3,QF,,,,,,,,,,,,,,,,,,,,,,,
2025-1024,Seoul,Hard,32,P,20250915,5,211701,,Q,Katerina Siniakova,R,174,CZE,,215480,,,Suzan Lamens,R,,NED,,6-1 7-5,3,QF,,,,,,,,,,,,,,,,,,,,,,,
2025-1024,Seoul,Hard,32,P,20250915,6,233741,,,Maya Joint,R,,AUS,,220704,3,,Clara Tauson,R,182,DEN,,6-0 6-3,3,QF,,,,,,,,,,,,,,,,,,,,,,,
2025-1024,Seoul,Hard,32,P,20250915,7,216347,1,,Iga Swiatek,R,176,POL,,206252,,,Barbora Krejcikova,R,178,CZE,,6-0 6-3,3,QF,,,,,,,,,,,,,,,,,,,,,,,
2025-1024,Seoul,Hard,32,P,20250915,8,206420,2,,Ekaterina Alexandrova,R,175,RUS,,222391,,,Lois Boisson,R,,FRA,,4-6 6-2 6-2,3,R16,,,,,,,,,,,,,,,,,,,,,,,
2025-1024,Seoul,Hard,32,P,20250915,9,230870,,Q,Ella Seidel,R,,GER,,206242,6,,Beatriz Haddad Maia,L,185,BRA,,6-7(4) 7-6(3) 7-5,3,R16,,,,,,,,,,,,,,,,,,,,,,,
2025-1024,Seoul,Hard,32,P,20250915,10,211701,,Q,Katerina Siniakova,R,174,CZE,,214082,4,,Daria Kasatkina,R,170,RUS,,7-6(2) 6-2,3,R16,,,,,,,,,,,,,,,,,,,,,,,
2025-1024,Seoul,Hard,32,P,20250915,11,215480,,,Suzan Lamens,R,,NED,,223670,5,,Diana Shnaider,L,,RUS,,6-4 6-4,3,R16,,,,,,,,,,,,,,,,,,,,,,,
2025-1024,Seoul,Hard,32,P,20250915,12,233741,,,Maya Joint,R,,AUS,,213550,7,,Sofia Kenin,R,170,USA,,6-3 6-1,3,R16,,,,,,,,,,,,,,,,,,,,,,,
2025-1024,Seoul,Hard,32,P,20250915,13,220704,3,,Clara Tauson,R,182,DEN,,220332,,,Eva Lys,R,165,GER,,6-2 7-6(4),3,R16,,,,,,,,,,,,,,,,,,,,,,,
2025-1024,Seoul,Hard,32,P,20250915,14,206252,,,Barbora Krejcikova,R,178,CZE,,221054,8,,Emma Raducanu,R,175,GBR,,4-6 7-6(10) 6-1,3,R16,,,,,,,,,,,,,,,,,,,,,,,
2025-1024,Seoul,Hard,32,P,20250915,15,216347,1,,Iga Swiatek,R,176,POL,,201514,,,Sorana Cirstea,R,176,ROU,,6-3 6-2,3,R16,,,,,,,,,,,,,,,,,,,,,,,
2025-1024,Seoul,Hard,32,P,20250915,16,222391,,,Lois Boisson,R,,FRA,,220454,,WC,Yeon Woo Ku,U,,KOR,,6-2 6-1,3,R32,,,,,,,,,,,,,,,,,,,,,,,
2025-1024,Seoul,Hard,32,P,20250915,17,230870,,Q,Ella Seidel,R,,GER,,211316,,Q,Jessika Ponchet,R,,FRA,,5-7 6-4 6-2,3,R32,,,,,,,,,,,,,,,,,,,,,,,
2025-1024,Seoul,Hard,32,P,20250915,18,206242,6,,Beatriz Haddad Maia,L,185,BRA,,220432,,WC,Dayeon Back,U,,KOR,,6-4 6-3,3,R32,,,,,,,,,,,,,,,,,,,,,,,
2025-1024,Seoul,Hard,32,P,20250915,19,211701,,Q,Katerina Siniakova,R,174,CZE,,216213,,WC,Sohyun Park,U,,KOR,,6-2 6-2,3,R32,,,,,,,,,,,,,,,,,,,,,,,
2025-1024,Seoul,Hard,32,P,20250915,20,215480,,,Suzan Lamens,R,,NED,,213583,,,Tatjana Maria,R,172,GER,,6-4 6-1,3,R32,,,,,,,,,,,,,,,,,,,,,,,
2025-1024,Seoul,Hard,32,P,20250915,21,223670,5,,Diana Shnaider,L,,RUS,,216083,,Q,Caty Mcnally,R,,USA,,2-6 6-2 6-4,3,R32,,,,,,,,,,,,,,,,,,,,,,,
2025-1024,Seoul,Hard,32,P,20250915,22,213550,7,,Sofia Kenin,R,170,USA,,201696,,,Laura Siegemund,R,168,GER,,2-6 6-3 7-5,3,R32,,,,,,,,,,,,,,,,,,,,,,,
2025-1024,Seoul,Hard,32,P,20250915,23,233741,,,Maya Joint,R,,AUS,,222258,,Q,Linda Fruhvirtova,R,,CZE,,6-4 7-6(4),3,R32,,,,,,,,,,,,,,,,,,,,,,,
2025-1024,Seoul,Hard,32,P,20250915,24,220332,,,Eva Lys,R,165,GER,,221909,,,Ashlyn Krueger,R,185,USA,,6-3 6-4,3,R32,,,,,,,,,,,,,,,,,,,,,,,
2025-1024,Seoul,Hard,32,P,20250915,25,221054,8,,Emma Raducanu,R,175,GBR,,211713,,,Jaqueline Cristian,R,180,ROU,,6-3 6-4,3,R32,,,,,,,,,,,,,,,,,,,,,,,
2025-1024,Seoul,Hard,32,P,20250915,26,206252,,,Barbora Krejcikova,R,178,CZE,,236955,,Q,Tatiana Prozorova,U,,RUS,,6-1 6-2,3,R32,,,,,,,,,,,,,,,,,,,,,,,
2025-1024,Seoul,Hard,32,P,20250915,27,201514,,,Sorana Cirstea,R,176,ROU,,220435,,LL,Anastasia Zakharova,R,,RUS,,6-3 6-1,3,R32,,,,,,,,,,,,,,,,,,,,,,,
2025-1020,Beijing,Hard,128,PM,20250924,1,216153,3,,Amanda Anisimova,R,180,USA,,222328,26,,Linda Noskova,R,,CZE,,6-0 2-6 6-2,3,F,,,,,,,,,,,,,,,,,,,,,,,
2025-1020,Beijing,Hard,128,PM,20250924,2,216153,3,,Amanda Anisimova,R,180,USA,,221103,2,,Coco Gauff,R,175,USA,,6-1 6-2,3,SF,,,,,,,,,,,,,,,,,,,,,,,
2025-1020,Beijing,Hard,128,PM,20250924,3,222328,26,,Linda Noskova,R,,CZE,,202468,5,,Jessica Pegula,R,170,USA,,6-3 1-6 7-6(6),3,SF,,,,,,,,,,,,,,,,,,,,,,,
2025-1020,Beijing,Hard,128,PM,20250924,4,221103,2,,Coco Gauff,R,175,USA,,220332,,,Eva Lys,R,165,GER,,6-3 6-4,3,QF,,,,,,,,,,,,,,,,,,,,,,,
2025-1020,Beijing,Hard,128,PM,20250924,5,216153,3,,Amanda Anisimova,R,180,USA,,211148,6,,Jasmine Paolini,R,160,ITA,,6-7(4) 6-3 6-4,3,QF,,,,,,,,,,,,,,,,,,,,,,,
2025-1020,Beijing,Hard,128,PM,20250924,6,222328,26,,Linda Noskova,R,,CZE,,222661,,,Sonay Kartal,R,,GBR,,6-3 6-4,3,QF,,,,,,,,,,,,,,,,,,,,,,,
2025-1020,Beijing,Hard,128,PM,20250924,7,202468,5,,Jessica Pegula,R,170,USA,,215613,16,,Emma Navarro,R,,USA,,6-7(2) 6-2 6-1,3,QF,,,,,,,,,,,,,,,,,,,,,,,
2025-1020,Beijing,Hard,128,PM,20250924,8,221103,2,,Coco Gauff,R,175,USA,,202505,15,,Belinda Bencic,R,175,SUI,,4-6 7-6(4) 6-2,3,R16,,,,,,,,,,,,,,,,,,,,,,,
2025-1020,Beijing,Hard,128,PM,20250924,9,220332,,,Eva Lys,R,165,GER,,220520,,,Mccartney Kessler,R,,USA,,4-6 6-1 6-2,3,R16,,,,,,,,,,,,,,,,,,,,,,,
2025-1020,Beijing,Hard,128,PM,20250924,10,216153,3,,Amanda Anisimova,R,180,USA,,214096,13,,Karolina Muchova,R,178,CZE,,1-6 6-2 6-4,3,R16,,,,,,,,,,,,,,,,,,,,,,,
2025-1020,Beijing,Hard,128,PM,20250924,11,211148,6,,Jasmine Paolini,R,160,ITA,,213631,,,Marie Bouzkova,R,180,CZE,,6-2 7-5,3,R16,,,,,,,,,,,,,,,,,,,,,,,
2025-1020,Beijing,Hard,128,PM,20250924,12,222328,26,,Linda Noskova,R,,CZE,,215713,,,Anastasia Potapova,R,175,RUS,,6-2 6-4,3,R16,,,,,,,,,,,,,,,,,,,,,,,
2025-1020,Beijing,Hard,128,PM,20250924,13,222661,,,Sonay Kartal,R,,GBR,,259799,4,,Mirra Andreeva,R,,RUS,,7-5 2-6 7-5,3,R16,,,,,,,,,,,,,,,,,,,,,,,
2025-1020,Beijing,Hard,128,PM,20250924,14,202468,5,,Jessica Pegula,R,170,USA,,216146,23,,Marta Kostyuk,R,175,UKR,,6-3 6-7(4) 6-1,3,R16,,,,,,,,,,,,,,,,,,,,,,,
2025-1020,Beijing,Hard,128,PM,20250924,15,215613,16,,Emma Navarro,R,,USA,,216347,1,,Iga Swiatek,R,176,POL,,6-4 4-6 6-0,3,R16,,,,,,,,,,,,,,,,,,,,,,,
2025-1020,Beijing,Hard,128,PM,20250924,16,221103,2,,Coco Gauff,R,175,USA,,220367,25,,Leylah Fernandez,L,168,CAN,,6-4 4-6 7-5,3,R32,,,,,,,,,,,,,,,,,,,,,,,
2025-1020,Beijing,Hard,128,PM,20250924,17,202505,15,,Belinda Bencic,R,175,SUI,,211880,,Q,Priscilla Hon,R,171,AUS,,4-6 6-4 6-3,3,R32,,,,,,,,,,,,,,,,,,,,,,,
2025-1020,Beijing,Hard,128,PM,20250924,18,220520,,,Mccartney Kessler,R,,USA,,206252,,,Barbora Krejcikova,R,178,CZE,,1-6 7-5 3-0 RET,3,R32,,,,,,,,,,,,,,,,,,,,,,,
2025-1020,Beijing,Hard,128,PM,20250924,19,220332,,,Eva Lys,R,165,GER,,214981,8,,Elena Rybakina,R,184,KAZ,,6-3 1-6 6-4,3,R32,,,,,,,,,,,,,,,,,,,,,,,
2025-1020,Beijing,Hard,128,PM,20250924,20,216153,3,,Amanda Anisimova,R,180,USA,,201533,,WC,Shuai Zhang,R,177,CHN,,7-6(11) 6-0,3,R32,,,,,,,,,,,,,,,,,,,,,,,
2025-1020,Beijing,Hard,128,PM,20250924,21,214096,13,,Karolina Muchova,R,178,CZE,,211651,18,,Paula Badosa,R,180,ESP,,4-2 RET,3,R32,,,,,,,,,,,,,,,,,,,,,,,
2025-1020,Beijing,Hard,128,PM,20250924,22,213631,,,Marie Bouzkova,R,180,CZE,,206368,24,,Veronika Kudermetova,R,175,RUS,,6-3 7-5,3,R32,,,,,,,,,,,,,,,,,,,,,,,
2025-1020,Beijing,Hard,128,PM,20250924,23,211148,6,,Jasmine Paolini,R,160,ITA,,213550,27,,Sofia Kenin,R,170,USA,,6-3 6-0,3,R32,,,,,,,,,,,,,,,,,,,,,,,
2025-1020,Beijing,Hard,128,PM,20250924,24,222328,26,,Linda Noskova,R,,CZE,,221012,7,,Qinwen Zheng,R,,CHN,,6-4 3-6 3-0 RET,3,R32,,,,,,,,,,,,,,,,,,,,,,,
2025-1020,Beijing,Hard,128,PM,20250924,25,215713,,,Anastasia Potapova,R,175,RUS,,220309,,,Zeynep Sonmez,R,,TUR,,6-3 7-5,3,R32,,,,,,,,,,,,,,,,,,,,,,,
2025-1020,Beijing,Hard,128,PM,20250924,26,222661,,,Sonay Kartal,R,,GBR,,233741,,,Maya Joint,R,,AUS,,6-3 6-2,3,R32,,,,,,,,,,,,,,,,,,,,,,,
2025-1020,Beijing,Hard,128,PM,20250924,27,259799,4,,Mirra Andreeva,R,,RUS,,222601,,,Jessica Bouzas Maneiro,R,,ESP,,6-4 6-1,3,R32,,,,,,,,,,,,,,,,,,,,,,,
2025-1020,Beijing,Hard,128,PM,20250924,28,202468,5,,Jessica Pegula,R,170,USA,,221054,30,,Emma Raducanu,R,175,GBR,,3-6 7-6(9) 6-0,3,R32,,,,,,,,,,,,,,,,,,,,,,,
2025-1020,Beijing,Hard,128,PM,20250924,29,216146,23,,Marta Kostyuk,R,175,UKR,,205925,,Q,Aliaksandra Sasnovich,R,174,BLR,,6-4 6-2,3,R32,,,,,,,,,,,,,,,,,,,,,,,
2025-1020,Beijing,Hard,128,PM,20250924,30,215613,16,,Emma Navarro,R,,USA,,222391,,,Lois Boisson,R,,FRA,,6-2 1-0 RET,3,R32,,,,,,,,,,,,,,,,,,,,,,,
2025-1020,Beijing,Hard,128,PM,20250924,31,216347,1,,Iga Swiatek,R,176,POL,,215785,,,Camila Osorio,R,162,COL,,6-0 0-0 RET,3,R32,,,,,,,,,,,,,,,,,,,,,,,
2025-1020,Beijing,Hard,128,PM,20250924,32,221103,2,,Coco Gauff,R,175,USA,,215872,,,Kamilla Rakhimova,R,,RUS,,6-4 6-0,3,R64,,,,,,,,,,,,,,,,,,,,,,,
2025-1020,Beijing,Hard,128,PM,20250924,33,220367,25,,Leylah Fernandez,L,168,CAN,,206289,,,Maria Sakkari,R,172,GRE,,6-2 6-0,3,R64,,,,,,,,,,,,,,,,,,,,,,,
2025-1020,Beijing,Hard,128,PM,20250924,34,211880,,Q,Priscilla Hon,R,171,AUS,,211533,22,,Jelena Ostapenko,R,177,LAT,,6-3 6-2,3,R64,,,,,,,,,,,,,,,,,,,,,,,
2025-1020,Beijing,Hard,128,PM,20250924,35,202505,15,,Belinda Bencic,R,175,SUI,,220465,,Q,Katie Volynets,R,,USA,,6-3 6-3,3,R64,,,,,,,,,,,,,,,,,,,,,,,
2025-1020,Beijing,Hard,128,PM,20250924,36,206252,,,Barbora Krejcikova,R,178,CZE,,206420,9,,Ekaterina Alexandrova,R,175,RUS,,7-5 6-2,3,R64,,,,,,,,,,,,,,,,,,,,,,,
2025-1020,Beijing,Hard,128,PM,20250924,37,220520,,,Mccartney Kessler,R,,USA,,210722,20,,Elise Mertens,R,179,BEL,,6-2 6-4,3,R64,,,,,,,,,,,,,,,,,,,,,,,
2025-1020,Beijing,Hard,128,PM,20250924,38,220332,,,Eva Lys,R,165,GER,,260300,32,,Iva Jovic,R,,USA,,6-3 4-6 7-5,3,R64,,,,,,,,,,,,,,,,,,,,,,,
2025-1020,Beijing,Hard,128,PM,20250924,39,214981,8,,Elena Rybakina,R,184,KAZ,,216083,,,Caty Mcnally,R,,USA,,7-5 4-6 6-3,3,R64,,,,,,,,,,,,,,,,,,,,,,,
2025-1020,Beijing,Hard,128,PM,20250924,40,216153,3,,Amanda Anisimova,R,180,USA,,211107,,,Katie Boulter,R,180,GBR,,6-1 6-3,3,R64,,,,,,,,,,,,,,,,,,,,,,,
2025-1020,Beijing,Hard,128,PM,20250924,41,201533,,WC,Shuai Zhang,R,177,CHN,,216133,31,,Xin Yu Wang,R,182,CHN,,6-4 6-2,3,R64,,,,,,,,,,,,,,,,,,,,,,,
2025-1020,Beijing,Hard,128,PM,20250924,42,211651,18,,Paula Badosa,R,180,ESP,,222045,,,Antonia Ruzic,R,,CRO,,6-3 7-6(2),3,R64,,,,,,,,,,,,,,,,,,,,,,,
2025-1020,Beijing,Hard,128,PM,20250924,43,214096,13,,Karolina Muchova,R,178,CZE,,201514,,,Sorana Cirstea,R,176,ROU,,6-2 6-3,3,R64,,,,,,,,,,,,,,,,,,,,,,,
2025-1020,Beijing,Hard,128,PM,20250924,44,213631,,,Marie Bouzkova,R,180,CZE,,202663,33,,Magda Linette,R,171,POL,,7-5 7-5,3,R64,,,,,,,,,,,,,,,,,,,,,,,
2025-1020,Beijing,Hard,128,PM,20250924,45,206368,24,,Veronika Kudermetova,R,175,RUS,,214388,,Q,Anna Bondar,R,,HUN,,7-5 6-3,3,R64,,,,,,,,,,,,,,,,,,,,,,,
2025-1020,Beijing,Hard,128,PM,20250924,46,213550,27,,Sofia Kenin,R,170,USA,,221236,,,Polina Kudermetova,R,,RUS,,6-4 6-2,3,R64,,,,,,,,,,,,,,,,,,,,,,,
2025-1020,Beijing,Hard,128,PM,20250924,47,211148,6,,Jasmine Paolini,R,160,ITA,,201545,,,Anastasija Sevastova,R,169,LAT,,6-1 6-3,3,R64,,,,,,,,,,,,,,,,,,,,,,,
2025-1020,Beijing,Hard,128,PM,20250924,48,221012,7,,Qinwen Zheng,R,,CHN,,215306,,LL,Emiliana Arango,R,,COL,,6-3 6-2,3,R64,,,,,,,,,,,,,,,,,,,,,,,
2025-1020,Beijing,Hard,128,PM,20250924,49,222328,26,,Linda Noskova,R,,CZE,,216016,,WC,Xiyu Wang,L,,CHN,,6-3 6-2,3,R64,,,,,,,,,,,,,,,,,,,,,,,
2025-1020,Beijing,Hard,128,PM,20250924,50,215713,,,Anastasia Potapova,R,175,RUS,,239475,21,,Victoria Mboko,R,,CAN,,7-6(5) 7-5,3,R64,,,,,,,,,,,,,,,,,,,,,,,
2025-1020,Beijing,Hard,128,PM,20250924,51,220309,,,Zeynep Sonmez,R,,TUR,,220704,10,,Clara Tauson,R,182,DEN,,6-4 2-6 6-3,3,R64,,,,,,,,,,,,,,,,,,,,,,,
2025-1020,Beijing,Hard,128,PM,20250924,52,222661,,,Sonay Kartal,R,,GBR,,214082,14,,Daria Kasatkina,R,170,RUS,,6-3 6-0,3,R64,,,,,,,,,,,,,,,,,,,,,,,
2025-1020,Beijing,Hard,128,PM,20250924,53,233741,,,Maya Joint,R,,AUS,,223670,17,,Diana Shnaider,L,,RUS,,7-5 6-1,3,R64,,,,,,,,,,,,,,,,,,,,,,,
2025-1020,Beijing,Hard,128,PM,20250924,54,222601,,,Jessica Bouzas Maneiro,R,,ESP,,215035,29,,Dayana Yastremska,R,175,UKR,,7-5 6-4,3,R64,,,,,,,,,,,,,,,,,,,,,,,
2025-1020,Beijing,Hard,128,PM,20250924,55,259799,4,,Mirra Andreeva,R,,RUS,,202684,,WC,Lin Zhu,R,173,CHN,,6-2 6-2,3,R64,,,,,,,,,,,,,,,,,,,,,,,
2025-1020,Beijing,Hard,128,PM,20250924,56,202468,5,,Jessica Pegula,R,170,USA,,201548,,,Ajla Tomljanovic,R,180,AUS,,6-0 6-3,3,R64,,,,,,,,,,,,,,,,,,,,,,,
2025-1020,Beijing,Hard,128,PM,20250924,57,221054,30,,Emma Raducanu,R,175,GBR,,213710,,Q,Cristina Bucsa,R,,ESP,,6-3 6-3,3,R64,,,,,,,,,,,,,,,,,,,,,,,
2025-1020,Beijing,Hard,128,PM,20250924,58,216146,23,,Marta Kostyuk,R,175,UKR,,230870,,Q,Ella Seidel,R,,GER,,6-1 6-1,3,R64,,,,,,,,,,,,,,,,,,,,,,,
2025-1020,Beijing,Hard,128,PM,20250924,59,205925,,Q,Aliaksandra Sasnovich,R,174,BLR,,211768,12,,Naomi Osaka,R,180,JPN,,1-6 6-4 6-2,3,R64,,,,,,,,,,,,,,,,,,,,,,,
2025-1020,Beijing,Hard,128,PM,20250924,60,215613,16,,Emma Navarro,R,,USA,,211817,,,Elena Gabriela Ruse,R,,ROU,,6-3 7-6(0),3,R64,,,,,,,,,,,,,,,,,,,,,,,
2025-1020,Beijing,Hard,128,PM,20250924,61,222391,,,Lois Boisson,R,,FRA,,214643,19,,Liudmila Samsonova,R,180,RUS,,6-3 6-4,3,R64,,,,,,,,,,,,,,,,,,,,,,,
2025-1020,Beijing,Hard,128,PM,20250924,62,215785,,,Camila Osorio,R,162,COL,,214939,28,,Anna Kalinskaya,R,175,RUS,,6-1 4-6 6-4,3,R64,,,,,,,,,,,,,,,,,,,,,,,
2025-1020,Beijing,Hard,128,PM,20250924,63,216347,1,,Iga Swiatek,R,176,POL,,206294,,WC,Yue Yuan,R,184,CHN,,6-0 6-3,3,R64,,,,,,,,,,,,,,,,,,,,,,,
2025-1020,Beijing,Hard,128,PM,20250924,64,215872,,,Kamilla Rakhimova,R,,RUS,,214459,,,Lucia Bronzetti,R,,ITA,,6-4 6-1,3,R128,,,,,,,,,,,,,,,,,,,,,,,
2025-1020,Beijing,Hard,128,PM,20250924,65,206289,,,Maria Sakkari,R,172,GRE,,221909,,,Ashlyn Krueger,R,185,USA,,7-6(5) 6-7(5) 7-5,3,R128,,,,,,,,,,,,,,,,,,,,,,,
2025-1020,Beijing,Hard,128,PM,20250924,66,211880,,Q,Priscilla Hon,R,171,AUS,,203530,,,Viktorija Golubic,R,169,SUI,,1-6 6-3 7-6(4),3,R128,,,,,,,,,,,,,,,,,,,,,,,
2025-1020,Beijing,Hard,128,PM,20250924,67,220465,,Q,Katie Volynets,R,,USA,,220548,,,Peyton Stearns,R,,USA,,6-4 2-6 6-3,3,R128,,,,,,,,,,,,,,,,,,,,,,,
2025-1020,Beijing,Hard,128,PM,20250924,68,206252,,,Barbora Krejcikova,R,178,CZE,,215020,,,Anna Blinkova,R,179,RUS,,6-2 6-2,3,R128,,,,,,,,,,,,,,,,,,,,,,,
2025-1020,Beijing,Hard,128,PM,20250924,69,220520,,,Mccartney Kessler,R,,USA,,222559,,WC,Han Shi,R,,CHN,,6-2 7-6(5),3,R128,,,,,,,,,,,,,,,,,,,,,,,
2025-1020,Beijing,Hard,128,PM,20250924,70,220332,,,Eva Lys,R,165,GER,,263869,,WC,Ruien Zhang,U,,CHN,,6-1 6-0,3,R128,,,,,,,,,,,,,,,,,,,,,,,
2025-1020,Beijing,Hard,128,PM,20250924,71,216083,,,Caty Mcnally,R,,USA,,201696,,,Laura Siegemund,R,168,GER,,6-4 6-2,3,R128,,,,,,,,,,,,,,,,,,,,,,,
2025-1020,Beijing,Hard,128,PM,20250924,72,211107,,,Katie Boulter,R,180,GBR,,221024,,,Hailey Baptiste,R,,USA,,7-5 5-7 6-4,3,R128,,,,,,,,,,,,,,,,,,,,,,,
2025-1020,Beijing,Hard,128,PM,20250924,73,201533,,WC,Shuai Zhang,R,177,CHN,,220435,,Q,Anastasia Zakharova,R,,RUS,,3-6 6-1 6-4,3,R128,,,,,,,,,,,,,,,,,,,,,,,
2025-1020,Beijing,Hard,128,PM,20250924,74,222045,,,Antonia Ruzic,R,,CRO,,221039,,LL,Elsa Jacquemot,R,,FRA,,6-3 6-3,3,R128,,,,,,,,,,,,,,,,,,,,,,,
2025-1020,Beijing,Hard,128,PM,20250924,75,201514,,,Sorana Cirstea,R,176,ROU,,214452,,,Caroline Dolehide,R,178,USA,,6-2 6-3,3,R128,,,,,,,,,,,,,,,,,,,,,,,
2025-1020,Beijing,Hard,128,PM,20250924,76,213631,,,Marie Bouzkova,R,180,CZE,,213583,,,Tatjana Maria,R,172,GER,,6-2 6-4,3,R128,,,,,,,,,,,,,,,,,,,,,,,
2025-1020,Beijing,Hard,128,PM,20250924,77,214388,,Q,Anna Bondar,R,,HUN,,215370,,,Bianca Andreescu,R,170,CAN,,6-4 7-6(4),3,R128,,,,,,,,,,,,,,,,,,,,,,,
2025-1020,Beijing,Hard,128,PM,20250924,78,221236,,,Polina Kudermetova,R,,RUS,,213666,,Q,Maddison Inglis,R,171,AUS,,7-5 7-6(7),3,R128,,,,,,,,,,,,,,,,,,,,,,,
2025-1020,Beijing,Hard,128,PM,20250924,79,201545,,,Anastasija Sevastova,R,169,LAT,,214040,,,Kimberly Birrell,R,170,AUS,,6-3 7-6(1),3,R128,,,,,,,,,,,,,,,,,,,,,,,
2025-1020,Beijing,Hard,128,PM,20250924,80,215306,,LL,Emiliana Arango,R,,COL,,215480,,,Suzan Lamens,R,,NED,,6-3 6-3,3,R128,,,,,,,,,,,,,,,,,,,,,,,
2025-1020,Beijing,Hard,128,PM,20250924,81,216016,,WC,Xiyu Wang,L,,CHN,,215250,,WC,Hanyu Guo,R,,CHN,,7-5 6-1,3,R128,,,,,,,,,,,,,,,,,,,,,,,
2025-1020,Beijing,Hard,128,PM,20250924,82,215713,,,Anastasia Potapova,R,175,RUS,,211701,,,Katerina Siniakova,R,174,CZE,,6-3 6-4,3,R128,,,,,,,,,,,,,,,,,,,,,,,
2025-1020,Beijing,Hard,128,PM,20250924,83,220309,,,Zeynep Sonmez,R,,TUR,,221096,,WC,Sijia Wei,R,,CHN,,6-2 6-0,3,R128,,,,,,,,,,,,,,,,,,,,,,,
2025-1020,Beijing,Hard,128,PM,20250924,84,222661,,,Sonay Kartal,R,,GBR,,219917,,,Alycia Parks,R,185,USA,,6-3 6-2,3,R128,,,,,,,,,,,,,,,,,,,,,,,
2025-1020,Beijing,Hard,128,PM,20250924,85,233741,,,Maya Joint,R,,AUS,,223286,,Q,Victoria Jimenez Kasintseva,L,,AND,,6-3 6-2,3,R128,,,,,,,,,,,,,,,,,,,,,,,
2025-1020,Beijing,Hard,128,PM,20250924,86,222601,,,Jessica Bouzas Maneiro,R,,ESP,,211713,,,Jaqueline Cristian,R,180,ROU,,6-4 6-0,3,R128,,,,,,,,,,,,,,,,,,,,,,,
2025-1020,Beijing,Hard,128,PM,20250924,87,202684,,WC,Lin Zhu,R,173,CHN,,220416,,Q,Moyuka Uchijima,R,171,JPN,,6-1 6-3,3,R128,,,,,,,,,,,,,,,,,,,,,,,
2025-1020,Beijing,Hard,128,PM,20250924,88,201548,,,Ajla Tomljanovic,R,180,AUS,,263857,,,Yuliia Starodubtseva,R,,UKR,,7-6(1) 6-2,3,R128,,,,,,,,,,,,,,,,,,,,,,,
2025-1020,Beijing,Hard,128,PM,20250924,89,213710,,Q,Cristina Bucsa,R,,ESP,,202499,,,Donna Vekic,R,179,CRO,,6-2 6-4,3,R128,,,,,,,,,,,,,,,,,,,,,,,
2025-1020,Beijing,Hard,128,PM,20250924,90,230870,,Q,Ella Seidel,R,,GER,,211684,,,Magdalena Frech,R,171,POL,,7-5 6-4,3,R128,,,,,,,,,,,,,,,,,,,,,,,
2025-1020,Beijing,Hard,128,PM,20250924,91,205925,,Q,Aliaksandra Sasnovich,R,174,BLR,,222145,,Q,Janice Tjen,R,,INA,,6-7(4) 7-5 6-1,3,R128,,,,,,,,,,,,,,,,,,,,,,,
2025-1020,Beijing,Hard,128,PM,20250924,92,211817,,,Elena Gabriela Ruse,R,,ROU,,211685,,,Rebecca Sramkova,R,,SVK,,6-2 6-2,3,R128,,,,,,,,,,,,,,,,,,,,,,,
2025-1020,Beijing,Hard,128,PM,20250924,93,222391,,,Lois Boisson,R,,FRA,,213646,,Q,Dalma Galfi,R,178,HUN,,7-6(6) 5-7 6-2,3,R128,,,,,,,,,,,,,,,,,,,,,,,
2025-1020,Beijing,Hard,128,PM,20250924,94,215785,,,Camila Osorio,R,162,COL,,215983,,,Ann Li,R,170,USA,,7-5 6-7(5) 7-5,3,R128,,,,,,,,,,,,,,,,,,,,,,,
2025-1020,Beijing,Hard,128,PM,20250924,95,206294,,WC,Yue Yuan,R,184,CHN,,201709,,,Yulia Putintseva,R,163,KAZ,,6-3 6-3,3,R128,,,,,,,,,,,,,,,,,,,,,,,
2025-1075,Wuhan,Hard,64,PM,20251006,1,221103,3,,Coco Gauff,R,175,USA,,202468,6,,Jessica Pegula,R,170,USA,,6-4 7-5,3,F,,,,,,,,,,,,,,,,,,,,,,,
2025-1075,Wuhan,Hard,64,PM,20251006,2,221103,3,,Coco Gauff,R,175,USA,,211148,7,,Jasmine Paolini,R,160,ITA,,6-4 6-3,3,SF,,,,,,,,,,,,,,,,,,,,,,,
2025-1075,Wuhan,Hard,64,PM,20251006,3,202468,6,,Jessica Pegula,R,170,USA,,214544,1,,Aryna Sabalenka,R,182,BLR,,2-6 6-4 7-6(2),3,SF,,,,,,,,,,,,,,,,,,,,,,,
2025-1075,Wuhan,Hard,64,PM,20251006,4,211148,7,,Jasmine Paolini,R,160,ITA,,216347,2,,Iga Swiatek,R,176,POL,,6-1 6-2,3,QF,,,,,,,,,,,,,,,,,,,,,,,
2025-1075,Wuhan,Hard,64,PM,20251006,5,221103,3,,Coco Gauff,R,175,USA,,201696,,,Laura Siegemund,R,168,GER,,6-3 6-0,3,QF,,,,,,,,,,,,,,,,,,,,,,,
2025-1075,Wuhan,Hard,64,PM,20251006,6,202468,6,,Jessica Pegula,R,170,USA,,211701,,Q,Katerina Siniakova,R,174,CZE,,2-6 6-0 6-3,3,QF,,,,,,,,,,,,,,,,,,,,,,,
2025-1075,Wuhan,Hard,64,PM,20251006,7,214544,1,,Aryna Sabalenka,R,182,BLR,,214981,8,,Elena Rybakina,R,184,KAZ,,6-3 6-3,3,QF,,,,,,,,,,,,,,,,,,,,,,,
2025-1075,Wuhan,Hard,64,PM,20251006,8,216347,2,,Iga Swiatek,R,176,POL,,202505,13,,Belinda Bencic,R,175,SUI,,7-6(2) 6-4,3,R16,,,,,,,,,,,,,,,,,,,,,,,
2025-1075,Wuhan,Hard,64,PM,20251006,9,211148,7,,Jasmine Paolini,R,160,ITA,,220704,10,,Clara Tauson,R,182,DEN,,3-6 6-1 3-1 RET,3,R16,,,,,,,,,,,,,,,,,,,,,,,
2025-1075,Wuhan,Hard,64,PM,20251006,10,221103,3,,Coco Gauff,R,175,USA,,201533,,WC,Shuai Zhang,R,177,CHN,,6-3 6-2,3,R16,,,,,,,,,,,,,,,,,,,,,,,
2025-1075,Wuhan,Hard,64,PM,20251006,11,201696,,,Laura Siegemund,R,168,GER,,211684,,,Magdalena Frech,R,171,POL,,6-4 7-6(2),3,R16,,,,,,,,,,,,,,,,,,,,,,,
2025-1075,Wuhan,Hard,64,PM,20251006,12,202468,6,,Jessica Pegula,R,170,USA,,206420,9,,Ekaterina Alexandrova,R,175,RUS,,7-5 3-6 6-3,3,R16,,,,,,,,,,,,,,,,,,,,,,,
2025-1075,Wuhan,Hard,64,PM,20251006,13,211701,,Q,Katerina Siniakova,R,174,CZE,,260300,,LL,Iva Jovic,R,,USA,,7-5 6-3,3,R16,,,,,,,,,,,,,,,,,,,,,,,
2025-1075,Wuhan,Hard,64,PM,20251006,14,214981,8,,Elena Rybakina,R,184,KAZ,,222328,,,Linda Noskova,R,,CZE,,6-3 6-4,3,R16,,,,,,,,,,,,,,,,,,,,,,,
2025-1075,Wuhan,Hard,64,PM,20251006,15,214544,1,,Aryna Sabalenka,R,182,BLR,,214643,16,,Liudmila Samsonova,R,180,RUS,,6-3 6-2,3,R16,,,,,,,,,,,,,,,,,,,,,,,
2025-1075,Wuhan,Hard,64,PM,20251006,16,216347,2,,Iga Swiatek,R,176,POL,,213631,,,Marie Bouzkova,R,180,CZE,,6-1 6-1,3,R32,,,,,,,,,,,,,,,,,,,,,,,
2025-1075,Wuhan,Hard,64,PM,20251006,17,202505,13,,Belinda Bencic,R,175,SUI,,210722,,,Elise Mertens,R,179,BEL,,W/O,3,R32,,,,,,,,,,,,,,,,,,,,,,,
2025-1075,Wuhan,Hard,64,PM,20251006,18,220704,10,,Clara Tauson,R,182,DEN,,222045,,Q,Antonia Ruzic,R,,CRO,,6-4 6-0,3,R32,,,,,,,,,,,,,,,,,,,,,,,
2025-1075,Wuhan,Hard,64,PM,20251006,19,211148,7,,Jasmine Paolini,R,160,ITA,,206294,,WC,Yue Yuan,R,184,CHN,,3-6 6-4 6-3,3,R32,,,,,,,,,,,,,,,,,,,,,,,
2025-1075,Wuhan,Hard,64,PM,20251006,20,221103,3,,Coco Gauff,R,175,USA,,220416,,Q,Moyuka Uchijima,R,171,JPN,,6-1 6-0,3,R32,,,,,,,,,,,,,,,,,,,,,,,
2025-1075,Wuhan,Hard,64,PM,20251006,21,201533,,WC,Shuai Zhang,R,177,CHN,,201514,,,Sorana Cirstea,R,176,ROU,,6-4 3-6 6-4,3,R32,,,,,,,,,,,,,,,,,,,,,,,
2025-1075,Wuhan,Hard,64,PM,20251006,22,211684,,,Magdalena Frech,R,171,POL,,214096,12,,Karolina Muchova,R,178,CZE,,7-6(1) 4-1 RET,3,R32,,,,,,,,,,,,,,,,,,,,,,,
2025-1075,Wuhan,Hard,64,PM,20251006,23,201696,,,Laura Siegemund,R,168,GER,,259799,5,,Mirra Andreeva,R,,RUS,,6-7(4) 6-3 6-3,3,R32,,,,,,,,,,,,,,,,,,,,,,,
2025-1075,Wuhan,Hard,64,PM,20251006,24,202468,6,,Jessica Pegula,R,170,USA,,221024,,,Hailey Baptiste,R,,USA,,6-4 4-6 7-6(6),3,R32,,,,,,,,,,,,,,,,,,,,,,,
2025-1075,Wuhan,Hard,64,PM,20251006,25,206420,9,,Ekaterina Alexandrova,R,175,RUS,,215983,,,Ann Li,R,170,USA,,7-6(5) 6-2,3,R32,,,,,,,,,,,,,,,,,,,,,,,
2025-1075,Wuhan,Hard,64,PM,20251006,26,211701,,Q,Katerina Siniakova,R,174,CZE,,233741,,,Maya Joint,R,,AUS,,6-3 6-1,3,R32,,,,,,,,,,,,,,,,,,,,,,,
2025-1075,Wuhan,Hard,64,PM,20251006,27,260300,,LL,Iva Jovic,R,,USA,,222601,,,Jessica Bouzas Maneiro,R,,ESP,,6-4 6-4,3,R32,,,,,,,,,,,,,,,,,,,,,,,
2025-1075,Wuhan,Hard,64,PM,20251006,28,214981,8,,Elena Rybakina,R,184,KAZ,,211713,,,Jaqueline Cristian,R,180,ROU,,6-4 6-3,3,R32,,,,,,,,,,,,,,,,,,,,,,,
2025-1075,Wuhan,Hard,64,PM,20251006,29,222328,,,Linda Noskova,R,,CZE,,211768,11,,Naomi Osaka,R,180,JPN,,7-6(2) 6-3,3,R32,,,,,,,,,,,,,,,,,,,,,,,
2025-1075,Wuhan,Hard,64,PM,20251006,30,214643,16,,Liudmila Samsonova,R,180,RUS,,213550,,,Sofia Kenin,R,170,USA,,3-6 6-3 6-1,3,R32,,,,,,,,,,,,,,,,,,,,,,,
2025-1075,Wuhan,Hard,64,PM,20251006,31,214544,1,,Aryna Sabalenka,R,182,BLR,,211685,,,Rebecca Sramkova,R,,SVK,,4-6 6-3 6-1,3,R32,,,,,,,,,,,,,,,,,,,,,,,
2025-1075,Wuhan,Hard,64,PM,20251006,32,213631,,,Marie Bouzkova,R,180,CZE,,215785,,WC,Camila Osorio,R,162,COL,,6-3 6-4,3,R64,,,,,,,,,,,,,,,,,,,,,,,
2025-1075,Wuhan,Hard,64,PM,20251006,33,210722,,,Elise Mertens,R,179,BEL,,221236,,Q,Polina Kudermetova,R,,RUS,,7-6(5) 6-3,3,R64,,,,,,,,,,,,,,,,,,,,,,,
2025-1075,Wuhan,Hard,64,PM,20251006,34,202505,13,,Belinda Bencic,R,175,SUI,,202499,,WC,Donna Vekic,R,179,CRO,,6-2 6-2,3,R64,,,,,,,,,,,,,,,,,,,,,,,
2025-1075,Wuhan,Hard,64,PM,20251006,35,220704,10,,Clara Tauson,R,182,DEN,,215337,,,Olga Danilovic,L,,SRB,,6-3 7-5,3,R64,,,,,,,,,,,,,,,,,,,,,,,
2025-1075,Wuhan,Hard,64,PM,20251006,36,222045,,Q,Antonia Ruzic,R,,CRO,,202663,,,Magda Linette,R,171,POL,,6-2 6-3,3,R64,,,,,,,,,,,,,,,,,,,,,,,
2025-1075,Wuhan,Hard,64,PM,20251006,37,206294,,WC,Yue Yuan,R,184,CHN,,214459,,Q,Lucia Bronzetti,R,,ITA,,7-6(2) 7-6(1),3,R64,,,,,,,,,,,,,,,,,,,,,,,
2025-1075,Wuhan,Hard,64,PM,20251006,38,220416,,Q,Moyuka Uchijima,R,171,JPN,,216133,,,Xin Yu Wang,R,182,CHN,,6-4 7-6(3),3,R64,,,,,,,,,,,,,,,,,,,,,,,
2025-1075,Wuhan,Hard,64,PM,20251006,39,201514,,,Sorana Cirstea,R,176,ROU,,211533,,,Jelena Ostapenko,R,177,LAT,,6-0 2-1 RET,3,R64,,,,,,,,,,,,,,,,,,,,,,,
2025-1075,Wuhan,Hard,64,PM,20251006,40,201533,,WC,Shuai Zhang,R,177,CHN,,215613,14,,Emma Navarro,R,,USA,,6-2 2-6 6-3,3,R64,,,,,,,,,,,,,,,,,,,,,,,
2025-1075,Wuhan,Hard,64,PM,20251006,41,214096,12,,Karolina Muchova,R,178,CZE,,216146,,,Marta Kostyuk,R,175,UKR,,2-6 6-2 6-4,3,R64,,,,,,,,,,,,,,,,,,,,,,,
2025-1075,Wuhan,Hard,64,PM,20251006,42,211684,,,Magdalena Frech,R,171,POL,,206368,,,Veronika Kudermetova,R,175,RUS,,6-3 2-6 6-3,3,R64,,,,,,,,,,,,,,,,,,,,,,,
2025-1075,Wuhan,Hard,64,PM,20251006,43,201696,,,Laura Siegemund,R,168,GER,,215035,,,Dayana Yastremska,R,175,UKR,,7-5 4-6 4-1 RET,3,R64,,,,,,,,,,,,,,,,,,,,,,,
2025-1075,Wuhan,Hard,64,PM,20251006,44,221024,,,Hailey Baptiste,R,,USA,,221909,,,Ashlyn Krueger,R,185,USA,,2-6 6-4 6-2,3,R64,,,,,,,,,,,,,,,,,,,,,,,
2025-1075,Wuhan,Hard,64,PM,20251006,45,215983,,,Ann Li,R,170,USA,,221054,,,Emma Raducanu,R,175,GBR,,6-1 4-1 RET,3,R64,,,,,,,,,,,,,,,,,,,,,,,
2025-1075,Wuhan,Hard,64,PM,20251006,46,206420,9,,Ekaterina Alexandrova,R,175,RUS,,239475,,,Victoria Mboko,R,,CAN,,6-3 6-2,3,R64,,,,,,,,,,,,,,,,,,,,,,,
2025-1075,Wuhan,Hard,64,PM,20251006,47,211701,,Q,Katerina Siniakova,R,174,CZE,,223670,15,,Diana Shnaider,L,,RUS,,6-4 6-4,3,R64,,,,,,,,,,,,,,,,,,,,,,,
2025-1075,Wuhan,Hard,64,PM,20251006,48,233741,,,Maya Joint,R,,AUS,,202684,,,Lin Zhu,R,173,CHN,,7-5 7-6(10),3,R64,,,,,,,,,,,,,,,,,,,,,,,
2025-1075,Wuhan,Hard,64,PM,20251006,49,222601,,,Jessica Bouzas Maneiro,R,,ESP,,219875,,Q,Varvara Gracheva,R,,FRA,,7-6(0) 6-2,3,R64,,,,,,,,,,,,,,,,,,,,,,,
2025-1075,Wuhan,Hard,64,PM,20251006,50,211713,,,Jaqueline Cristian,R,180,ROU,,220520,,,Mccartney Kessler,R,,USA,,6-7(6) 6-0 6-3,3,R64,,,,,,,,,,,,,,,,,,,,,,,
2025-1075,Wuhan,Hard,64,PM,20251006,51,222328,,,Linda Noskova,R,,CZE,,201709,,Q,Yulia Putintseva,R,163,KAZ,,6-4 4-6 7-6(2),3,R64,,,,,,,,,,,,,,,,,,,,,,,
2025-1075,Wuhan,Hard,64,PM,20251006,52,211768,11,,Naomi Osaka,R,180,JPN,,220367,,,Leylah Fernandez,L,168,CAN,,4-6 7-5 6-3,3,R64,,,,,,,,,,,,,,,,,,,,,,,
2025-1075,Wuhan,Hard,64,PM,20251006,53,214643,16,,Liudmila Samsonova,R,180,RUS,,215306,,LL,Emiliana Arango,R,,COL,,6-1 7-5,3,R64,,,,,,,,,,,,,,,,,,,,,,,
2025-1075,Wuhan,Hard,64,PM,20251006,54,213550,,,Sofia Kenin,R,170,USA,,220435,,Q,Anastasia Zakharova,R,,RUS,,3-6 7-6(5) 6-3,3,R64,,,,,,,,,,,,,,,,,,,,,,,
2025-1075,Wuhan,Hard,64,PM,20251006,55,211685,,,Rebecca Sramkova,R,,SVK,,214939,,,Anna Kalinskaya,R,175,RUS,,6-2 3-6 6-3,3,R64,,,,,,,,,,,,,,,,,,,,,,,
2025-405,Tokyo,Hard,32,I,20251013,1,202505,5,,Belinda Bencic,R,175,SUI,,222328,6,,Linda Noskova,R,,CZE,,6-2 6-3,3,F,,,,,,,,,,,,,,,,,,,,,,,
2025-405,Tokyo,Hard,32,I,20251013,2,222328,6,,Linda Noskova,R,,CZE,,214981,2,,Elena Rybakina,R,184,KAZ,,W/O,3,SF,,,,,,,,,,,,,,,,,,,,,,,
2025-405,Tokyo,Hard,32,I,20251013,3,202505,5,,Belinda Bencic,R,175,SUI,,213550,10,,Sofia Kenin,R,170,USA,,7-6(5) 3-6 6-2,3,SF,,,,,,,,,,,,,,,,,,,,,,,
2025-405,Tokyo,Hard,32,I,20251013,4,214981,2,,Elena Rybakina,R,184,KAZ,,239475,9,,Victoria Mboko,R,,CAN,,6-3 7-6(4),3,QF,,,,,,,,,,,,,,,,,,,,,,,
2025-405,Tokyo,Hard,32,I,20251013,5,222328,6,,Linda Noskova,R,,CZE,,214939,,,Anna Kalinskaya,R,175,RUS,,6-0 1-0 RET,3,QF,,,,,,,,,,,,,,,,,,,,,,,
2025-405,Tokyo,Hard,32,I,20251013,6,213550,10,,Sofia Kenin,R,170,USA,,206420,3,,Ekaterina Alexandrova,R,175,RUS,,6-0 2-6 7-6(3),3,QF,,,,,,,,,,,,,,,,,,,,,,,
2025-405,Tokyo,Hard,32,I,20251013,7,202505,5,,Belinda Bencic,R,175,SUI,,214096,8,,Karolina Muchova,R,178,CZE,,3-6 7-5 7-5,3,QF,,,,,,,,,,,,,,,,,,,,,,,
2025-405,Tokyo,Hard,32,I,20251013,8,214981,2,,Elena Rybakina,R,184,KAZ,,220367,,,Leylah Fernandez,L,168,CAN,,6-4 6-3,3,R16,,,,,,,,,,,,,,,,,,,,,,,
2025-405,Tokyo,Hard,32,I,20251013,9,239475,9,,Victoria Mboko,R,,CAN,,220332,,Q,Eva Lys,R,165,GER,,6-1 6-1,3,R16,,,,,,,,,,,,,,,,,,,,,,,
2025-405,Tokyo,Hard,32,I,20251013,10,222328,6,,Linda Noskova,R,,CZE,,220520,,,Mccartney Kessler,R,,USA,,5-7 6-3 6-4,3,R16,,,,,,,,,,,,,,,,,,,,,,,
2025-405,Tokyo,Hard,32,I,20251013,11,214939,,,Anna Kalinskaya,R,175,RUS,,223670,7,,Diana Shnaider,L,,RUS,,7-6(4) 2-6 7-6(5),3,R16,,,,,,,,,,,,,,,,,,,,,,,
2025-405,Tokyo,Hard,32,I,20251013,12,213550,10,,Sofia Kenin,R,170,USA,,259883,,WC,Wakana Sonobe,U,,JPN,,3-6 6-1 7-6(2),3,R16,,,,,,,,,,,,,,,,,,,,,,,
2025-405,Tokyo,Hard,32,I,20251013,13,206420,3,,Ekaterina Alexandrova,R,175,RUS,,211713,,,Jaqueline Cristian,R,180,ROU,,6-1 6-2,3,R16,,,,,,,,,,,,,,,,,,,,,,,
2025-405,Tokyo,Hard,32,I,20251013,14,214096,8,,Karolina Muchova,R,178,CZE,,233741,,,Maya Joint,R,,AUS,,6-3 7-5,3,R16,,,,,,,,,,,,,,,,,,,,,,,
2025-405,Tokyo,Hard,32,I,20251013,15,202505,5,,Belinda Bencic,R,175,SUI,,219875,,Q,Varvara Gracheva,R,,FRA,,6-4 6-3,3,R16,,,,,,,,,,,,,,,,,,,,,,,
2025-405,Tokyo,Hard,32,I,20251013,16,220367,,,Leylah Fernandez,L,168,CAN,,206289,,Q,Maria Sakkari,R,172,GRE,,7-6(5) 6-4,3,R32,,,,,,,,,,,,,,,,,,,,,,,
2025-405,Tokyo,Hard,32,I,20251013,17,220332,,Q,Eva Lys,R,165,GER,,211107,,Q,Katie Boulter,R,180,GBR,,6-2 6-1,3,R32,,,,,,,,,,,,,,,,,,,,,,,
2025-405,Tokyo,Hard,32,I,20251013,18,239475,9,,Victoria Mboko,R,,CAN,,215370,,WC,Bianca Andreescu,R,170,CAN,,6-3 6-3,3,R32,,,,,,,,,,,,,,,,,,,,,,,
2025-405,Tokyo,Hard,32,I,20251013,19,220520,,,Mccartney Kessler,R,,USA,,213710,,Q,Cristina Bucsa,R,,ESP,,3-6 7-5 6-3,3,R32,,,,,,,,,,,,,,,,,,,,,,,
2025-405,Tokyo,Hard,32,I,20251013,20,214939,,,Anna Kalinskaya,R,175,RUS,,215480,,LL,Suzan Lamens,R,,NED,,6-3 6-1,3,R32,,,,,,,,,,,,,,,,,,,,,,,
2025-405,Tokyo,Hard,32,I,20251013,21,223670,7,,Diana Shnaider,L,,RUS,,215035,,,Dayana Yastremska,R,175,UKR,,6-3 6-1,3,R32,,,,,,,,,,,,,,,,,,,,,,,
2025-405,Tokyo,Hard,32,I,20251013,22,213550,10,,Sofia Kenin,R,170,USA,,220416,,WC,Moyuka Uchijima,R,171,JPN,,6-1 6-3,3,R32,,,,,,,,,,,,,,,,,,,,,,,
2025-405,Tokyo,Hard,32,I,20251013,23,259883,,WC,Wakana Sonobe,U,,JPN,,223360,,WC,Nikola Bartunkova,R,,CZE,,6-4 6-3,3,R32,,,,,,,,,,,,,,,,,,,,,,,
2025-405,Tokyo,Hard,32,I,20251013,24,211713,,,Jaqueline Cristian,R,180,ROU,,221406,,Q,Alina Charaeva,R,,RUS,,6-2 6-3,3,R32,,,,,,,,,,,,,,,,,,,,,,,
2025-405,Tokyo,Hard,32,I,20251013,25,214096,8,,Karolina Muchova,R,178,CZE,,214954,,,Marketa Vondrousova,L,173,CZE,,6-2 1-0 RET,3,R32,,,,,,,,,,,,,,,,,,,,,,,
2025-405,Tokyo,Hard,32,I,20251013,26,233741,,,Maya Joint,R,,AUS,,203530,,LL,Viktorija Golubic,R,169,SUI,,1-6 7-6(5) 6-2,3,R32,,,,,,,,,,,,,,,,,,,,,,,
2025-405,Tokyo,Hard,32,I,20251013,27,219875,,Q,Varvara Gracheva,R,,FRA,,216133,,,Xin Yu Wang,R,182,CHN,,4-6 6-3 6-4,3,R32,,,,,,,,,,,,,,,,,,,,,,,
2025-2092,Ningbo,Hard,32,P,20251013,1,214981,3,,Elena Rybakina,R,184,KAZ,,206420,4,,Ekaterina Alexandrova,R,175,RUS,,3-6 6-0 6-2,3,F,,,,,,,,,,,,,,,,,,,,,,,
2025-2092,Ningbo,Hard,32,P,20251013,2,214981,3,,Elena Rybakina,R,184,KAZ,,211148,2,,Jasmine Paolini,R,160,ITA,,6-3 6-2,3,SF,,,,,,,,,,,,,,,,,,,,,,,
2025-2092,Ningbo,Hard,32,P,20251013,3,206420,4,,Ekaterina Alexandrova,R,175,RUS,,223670,7,,Diana Shnaider,L,,RUS,,6-3 6-4,3,SF,,,,,,,,,,,,,,,,,,,,,,,
2025-2092,Ningbo,Hard,32,P,20251013,4,211148,2,,Jasmine Paolini,R,160,ITA,,202505,6,,Belinda Bencic,R,175,SUI,,5-7 7-5 6-3,3,QF,,,,,,,,,,,,,,,,,,,,,,,
2025-2092,Ningbo,Hard,32,P,20251013,5,214981,3,,Elena Rybakina,R,184,KAZ,,201548,,Q,Ajla Tomljanovic,R,180,AUS,,6-2 6-0,3,QF,,,,,,,,,,,,,,,,,,,,,,,
2025-2092,Ningbo,Hard,32,P,20251013,6,206420,4,,Ekaterina Alexandrova,R,175,RUS,,220520,,,Mccartney Kessler,R,,USA,,6-3 6-3,3,QF,,,,,,,,,,,,,,,,,,,,,,,
2025-2092,Ningbo,Hard,32,P,20251013,7,223670,7,,Diana Shnaider,L,,RUS,,202684,,WC,Lin Zhu,R,173,CHN,,2-6 6-3 6-1,3,QF,,,,,,,,,,,,,,,,,,,,,,,
2025-2092,Ningbo,Hard,32,P,20251013,8,211148,2,,Jasmine Paolini,R,160,ITA,,206368,,,Veronika Kudermetova,R,175,RUS,,6-2 7-5,3,R16,,,,,,,,,,,,,,,,,,,,,,,
2025-2092,Ningbo,Hard,32,P,20251013,9,202505,6,,Belinda Bencic,R,175,SUI,,263857,,Q,Yuliia Starodubtseva,R,,UKR,,5-7 6-4 7-5,3,R16,,,,,,,,,,,,,,,,,,,,,,,
2025-2092,Ningbo,Hard,32,P,20251013,10,214981,3,,Elena Rybakina,R,184,KAZ,,215035,,,Dayana Yastremska,R,175,UKR,,6-4 6-7(6) 6-3,3,R16,,,,,,,,,,,,,,,,,,,,,,,
2025-2092,Ningbo,Hard,32,P,20251013,11,201548,,Q,Ajla Tomljanovic,R,180,AUS,,220309,,Q,Zeynep Sonmez,R,,TUR,,7-6(6) 6-3,3,R16,,,,,,,,,,,,,,,,,,,,,,,
2025-2092,Ningbo,Hard,32,P,20251013,12,220520,,,Mccartney Kessler,R,,USA,,214643,8,,Liudmila Samsonova,R,180,RUS,,7-6(5) 6-1,3,R16,,,,,,,,,,,,,,,,,,,,,,,
2025-2092,Ningbo,Hard,32,P,20251013,13,206420,4,,Ekaterina Alexandrova,R,175,RUS,,206294,,WC,Yue Yuan,R,184,CHN,,6-3 6-3,3,R16,,,,,,,,,,,,,,,,,,,,,,,
2025-2092,Ningbo,Hard,32,P,20251013,14,223670,7,,Diana Shnaider,L,,RUS,,214096,,,Karolina Muchova,R,178,CZE,,2-6 6-1 6-2,3,R16,,,,,,,,,,,,,,,,,,,,,,,
2025-2092,Ningbo,Hard,32,P,20251013,15,202684,,WC,Lin Zhu,R,173,CHN,,259799,1,,Mirra Andreeva,R,,RUS,,4-6 6-3 6-2,3,R16,,,,,,,,,,,,,,,,,,,,,,,
2025-2092,Ningbo,Hard,32,P,20251013,16,206368,,,Veronika Kudermetova,R,175,RUS,,222045,,LL,Antonia Ruzic,R,,CRO,,6-3 6-2,3,R32,,,,,,,,,,,,,,,,,,,,,,,
2025-2092,Ningbo,Hard,32,P,20251013,17,263857,,Q,Yuliia Starodubtseva,R,,UKR,,201709,,Q,Yulia Putintseva,R,163,KAZ,,6-4 6-2,3,R32,,,,,,,,,,,,,,,,,,,,,,,
2025-2092,Ningbo,Hard,32,P,20251013,18,202505,6,,Belinda Bencic,R,175,SUI,,202663,,,Magda Linette,R,171,POL,,6-3 6-2,3,R32,,,,,,,,,,,,,,,,,,,,,,,
2025-2092,Ningbo,Hard,32,P,20251013,19,215035,,,Dayana Yastremska,R,175,UKR,,239475,,,Victoria Mboko,R,,CAN,,6-3 7-6(3),3,R32,,,,,,,,,,,,,,,,,,,,,,,
2025-2092,Ningbo,Hard,32,P,20251013,20,220309,,Q,Zeynep Sonmez,R,,TUR,,205925,,Q,Aliaksandra Sasnovich,R,174,BLR,,2-6 7-5 6-3,3,R32,,,,,,,,,,,,,,,,,,,,,,,
2025-2092,Ningbo,Hard,32,P,20251013,21,201548,,Q,Ajla Tomljanovic,R,180,AUS,,220704,5,,Clara Tauson,R,182,DEN,,1-6 7-6(4) 6-3,3,R32,,,,,,,,,,,,,,,,,,,,,,,
2025-2092,Ningbo,Hard,32,P,20251013,22,214643,8,,Liudmila Samsonova,R,180,RUS,,215250,,Q,Hanyu Guo,R,,CHN,,6-2 6-4,3,R32,,,,,,,,,,,,,,,,,,,,,,,
2025-2092,Ningbo,Hard,32,P,20251013,23,220520,,,Mccartney Kessler,R,,USA,,213550,,,Sofia Kenin,R,170,USA,,6-1 6-0,3,R32,,,,,,,,,,,,,,,,,,,,,,,
2025-2092,Ningbo,Hard,32,P,20251013,24,206294,,WC,Yue Yuan,R,184,CHN,,216133,,,Xin Yu Wang,R,182,CHN,,6-3 6-3,3,R32,,,,,,,,,,,,,,,,,,,,,,,
2025-2092,Ningbo,Hard,32,P,20251013,25,223670,7,,Diana Shnaider,L,,RUS,,216016,,WC,Xiyu Wang,L,,CHN,,7-5 6-3,3,R32,,,,,,,,,,,,,,,,,,,,,,,
2025-2092,Ningbo,Hard,32,P,20251013,26,214096,,,Karolina Muchova,R,178,CZE,,214954,,,Marketa Vondrousova,L,173,CZE,,6-4 6-3,3,R32,,,,,,,,,,,,,,,,,,,,,,,
2025-2092,Ningbo,Hard,32,P,20251013,27,202684,,WC,Lin Zhu,R,173,CHN,,221054,,,Emma Raducanu,R,175,GBR,,3-6 6-4 6-1,3,R32,,,,,,,,,,,,,,,,,,,,,,,
2025-1056,Pan Pacific Open,Hard,32,P,20251020,1,220367,4,,Leylah Fernandez,L,168,CAN,,238184,,Q,Tereza Valentova,U,,CZE,,6-0 5-7 6-3,3,F,,,,,,,,,,,,,,,,,,,,,,,
2025-1056,Pan Pacific Open,Hard,32,P,20251020,2,220367,4,,Leylah Fernandez,L,168,CAN,,201514,,,Sorana Cirstea,R,176,ROU,,6-1 2-6 6-4,3,SF,,,,,,,,,,,,,,,,,,,,,,,
2025-1056,Pan Pacific Open,Hard,32,P,20251020,3,238184,,Q,Tereza Valentova,U,,CZE,,211713,,,Jaqueline Cristian,R,180,ROU,,6-7(3) 6-4 6-3,3,SF,,,,,,,,,,,,,,,,,,,,,,,
2025-1056,Pan Pacific Open,Hard,32,P,20251020,4,201514,,,Sorana Cirstea,R,176,ROU,,203530,,,Viktorija Golubic,R,169,SUI,,6-2 2-6 6-2,3,QF,,,,,,,,,,,,,,,,,,,,,,,
2025-1056,Pan Pacific Open,Hard,32,P,20251020,5,220367,4,,Leylah Fernandez,L,168,CAN,,211685,,,Rebecca Sramkova,R,,SVK,,7-6(2) 6-3,3,QF,,,,,,,,,,,,,,,,,,,,,,,
2025-1056,Pan Pacific Open,Hard,32,P,20251020,6,238184,,Q,Tereza Valentova,U,,CZE,,215337,6,,Olga Danilovic,L,,SRB,,4-6 6-2 6-3,3,QF,,,,,,,,,,,,,,,,,,,,,,,
2025-1056,Pan Pacific Open,Hard,32,P,20251020,7,211713,,,Jaqueline Cristian,R,180,ROU,,211768,1,,Naomi Osaka,R,180,JPN,,W/O,3,QF,,,,,,,,,,,,,,,,,,,,,,,
2025-1056,Pan Pacific Open,Hard,32,P,20251020,8,201514,,,Sorana Cirstea,R,176,ROU,,211107,,,Katie Boulter,R,180,GBR,,6-3 6-1,3,R16,,,,,,,,,,,,,,,,,,,,,,,
2025-1056,Pan Pacific Open,Hard,32,P,20251020,9,203530,,,Viktorija Golubic,R,169,SUI,,213631,5,,Marie Bouzkova,R,180,CZE,,1-6 6-2 7-6(3),3,R16,,,,,,,,,,,,,,,,,,,,,,,
2025-1056,Pan Pacific Open,Hard,32,P,20251020,10,220367,4,,Leylah Fernandez,L,168,CAN,,213646,,Q,Dalma Galfi,R,178,HUN,,6-1 6-4,3,R16,,,,,,,,,,,,,,,,,,,,,,,
2025-1056,Pan Pacific Open,Hard,32,P,20251020,11,211685,,,Rebecca Sramkova,R,,SVK,,215983,7,,Ann Li,R,170,USA,,6-2 3-6 6-3,3,R16,,,,,,,,,,,,,,,,,,,,,,,
2025-1056,Pan Pacific Open,Hard,32,P,20251020,12,215337,6,,Olga Danilovic,L,,SRB,,221909,,,Ashlyn Krueger,R,185,USA,,6-4 6-4,3,R16,,,,,,,,,,,,,,,,,,,,,,,
2025-1056,Pan Pacific Open,Hard,32,P,20251020,13,238184,,Q,Tereza Valentova,U,,CZE,,210722,3,,Elise Mertens,R,179,BEL,,6-4 6-1,3,R16,,,,,,,,,,,,,,,,,,,,,,,
2025-1056,Pan Pacific Open,Hard,32,P,20251020,14,211713,,,Jaqueline Cristian,R,180,ROU,,222601,8,,Jessica Bouzas Maneiro,R,,ESP,,0-6 6-4 6-2,3,R16,,,,,,,,,,,,,,,,,,,,,,,
2025-1056,Pan Pacific Open,Hard,32,P,20251020,15,211768,1,,Naomi Osaka,R,180,JPN,,215480,,,Suzan Lamens,R,,NED,,7-6(6) 3-6 6-2,3,R16,,,,,,,,,,,,,,,,,,,,,,,
2025-1056,Pan Pacific Open,Hard,32,P,20251020,16,211107,,,Katie Boulter,R,180,GBR,,222328,2,,Linda Noskova,R,,CZE,,7-6(3) 6-3,3,R32,,,,,,,,,,,,,,,,,,,,,,,
2025-1056,Pan Pacific Open,Hard,32,P,20251020,17,201514,,,Sorana Cirstea,R,176,ROU,,220416,,WC,Moyuka Uchijima,R,171,JPN,,2-6 6-4 6-2,3,R32,,,,,,,,,,,,,,,,,,,,,,,
2025-1056,Pan Pacific Open,Hard,32,P,20251020,18,203530,,,Viktorija Golubic,R,169,SUI,,215370,,,Bianca Andreescu,R,170,CAN,,6-3 4-6 6-4,3,R32,,,,,,,,,,,,,,,,,,,,,,,
2025-1056,Pan Pacific Open,Hard,32,P,20251020,19,213631,5,,Marie Bouzkova,R,180,CZE,,214262,,WC,Ena Shibahara,R,170,JPN,,6-1 6-1,3,R32,,,,,,,,,,,,,,,,,,,,,,,
2025-1056,Pan Pacific Open,Hard,32,P,20251020,20,220367,4,,Leylah Fernandez,L,168,CAN,,221024,,,Hailey Baptiste,R,,USA,,6-2 7-5,3,R32,,,,,,,,,,,,,,,,,,,,,,,
2025-1056,Pan Pacific Open,Hard,32,P,20251020,21,213646,,Q,Dalma Galfi,R,178,HUN,,219917,,,Alycia Parks,R,185,USA,,6-4 6-4,3,R32,,,,,,,,,,,,,,,,,,,,,,,
2025-1056,Pan Pacific Open,Hard,32,P,20251020,22,211685,,,Rebecca Sramkova,R,,SVK,,220466,,Q,Joanna Garland,R,,TPE,,6-3 6-1,3,R32,,,,,,,,,,,,,,,,,,,,,,,
2025-1056,Pan Pacific Open,Hard,32,P,20251020,23,215983,7,,Ann Li,R,170,USA,,219875,,Q,Varvara Gracheva,R,,FRA,,6-4 6-0,3,R32,,,,,,,,,,,,,,,,,,,,,,,
2025-1056,Pan Pacific Open,Hard,32,P,20251020,24,215337,6,,Olga Danilovic,L,,SRB,,211702,,WC,Nao Hibino,R,163,JPN,,6-4 1-6 6-2,3,R32,,,,,,,,,,,,,,,,,,,,,,,
2025-1056,Pan Pacific Open,Hard,32,P,20251020,25,221909,,,Ashlyn Krueger,R,185,USA,,206289,,,Maria Sakkari,R,172,GRE,,2-6 6-3 6-4,3,R32,,,,,,,,,,,,,,,,,,,,,,,
2025-1056,Pan Pacific Open,Hard,32,P,20251020,26,238184,,Q,Tereza Valentova,U,,CZE,,223253,,,Alexandra Eala,L,173,PHI,,6-1 6-2,3,R32,,,,,,,,,,,,,,,,,,,,,,,
2025-1056,Pan Pacific Open,Hard,32,P,20251020,27,210722,3,,Elise Mertens,R,179,BEL,,213710,,,Cristina Bucsa,R,,ESP,,7-6(5) 6-3,3,R32,,,,,,,,,,,,,,,,,,,,,,,
2025-1056,Pan Pacific Open,Hard,32,P,20251020,28,222601,8,,Jessica Bouzas Maneiro,R,,ESP,,220465,,Q,Katie Volynets,R,,USA,,6-2 6-4,3,R32,,,,,,,,,,,,,,,,,,,,,,,
2025-1056,Pan Pacific Open,Hard,32,P,20251020,29,211713,,,Jaqueline Cristian,R,180,ROU,,220714,,Q,Elisabetta Cocciaretto,R,,ITA,,6-2 7-6(4),3,R32,,,,,,,,,,,,,,,,,,,,,,,
2025-1056,Pan Pacific Open,Hard,32,P,20251020,30,215480,,,Suzan Lamens,R,,NED,,215306,,,Emiliana Arango,R,,COL,,6-1 6-2,3,R32,,,,,,,,,,,,,,,,,,,,,,,
2025-1056,Pan Pacific Open,Hard,32,P,20251020,31,211768,1,,Naomi Osaka,R,180,JPN,,259883,,WC,Wakana Sonobe,U,,JPN,,6-0 6-4,3,R32,,,,,,,,,,,,,,,,,,,,,,,
2025-1023,Guangzhou,Hard,32,I,20251020,1,215983,2,,Ann Li,R,170,USA,,215138,,Q,Lulu Sun,L,,NZL,,7-6(6) 6-2,3,F,,,,,,,,,,,,,,,,,,,,,,,
2025-1023,Guangzhou,Hard,32,I,20251020,2,215983,2,,Ann Li,R,170,USA,,201533,,WC,Shuai Zhang,R,177,CHN,,5-2 RET,3,SF,,,,,,,,,,,,,,,,,,,,,,,
2025-1023,Guangzhou,Hard,32,I,20251020,3,215138,,Q,Lulu Sun,L,,NZL,,214906,,Q,Claire Liu,R,170,USA,,6-0 7-6(3),3,SF,,,,,,,,,,,,,,,,,,,,,,,
2025-1023,Guangzhou,Hard,32,I,20251020,4,215983,2,,Ann Li,R,170,USA,,220714,,,Elisabetta Cocciaretto,R,,ITA,,6-3 6-4,3,QF,,,,,,,,,,,,,,,,,,,,,,,
2025-1023,Guangzhou,Hard,32,I,20251020,5,201533,,WC,Shuai Zhang,R,177,CHN,,220465,,Q,Katie Volynets,R,,USA,,7-6(5) 5-7 7-5,3,QF,,,,,,,,,,,,,,,,,,,,,,,
2025-1023,Guangzhou,Hard,32,I,20251020,6,214906,,Q,Claire Liu,R,170,USA,,230870,,,Ella Seidel,R,,GER,,4-6 6-0 6-4,3,QF,,,,,,,,,,,,,,,,,,,,,,,
2025-1023,Guangzhou,Hard,32,I,20251020,7,215138,,Q,Lulu Sun,L,,NZL,,216083,,,Caty Mcnally,R,,USA,,3-6 6-3 6-4,3,QF,,,,,,,,,,,,,,,,,,,,,,,
2025-1023,Guangzhou,Hard,32,I,20251020,8,215983,2,,Ann Li,R,170,USA,,215785,,,Camila Osorio,R,162,COL,,7-5 6-2,3,R16,,,,,,,,,,,,,,,,,,,,,,,
2025-1023,Guangzhou,Hard,32,I,20251020,9,220714,,,Elisabetta Cocciaretto,R,,ITA,,216016,,WC,Xiyu Wang,L,,CHN,,6-3 2-6 6-3,3,R16,,,,,,,,,,,,,,,,,,,,,,,
2025-1023,Guangzhou,Hard,32,I,20251020,10,201533,,WC,Shuai Zhang,R,177,CHN,,220662,,,Veronika Erjavec,R,,SLO,,3-6 6-3 6-2,3,R16,,,,,,,,,,,,,,,,,,,,,,,
2025-1023,Guangzhou,Hard,32,I,20251020,11,220465,,Q,Katie Volynets,R,,USA,,239456,,LL,Tiantsoa Sarah Rakotomanga Rajaonah,L,,FRA,,6-3 6-3,3,R16,,,,,,,,,,,,,,,,,,,,,,,
2025-1023,Guangzhou,Hard,32,I,20251020,12,230870,,,Ella Seidel,R,,GER,,201709,6,,Yulia Putintseva,R,163,KAZ,,6-3 6-2,3,R16,,,,,,,,,,,,,,,,,,,,,,,
2025-1023,Guangzhou,Hard,32,I,20251020,13,214906,,Q,Claire Liu,R,170,USA,,214388,,,Anna Bondar,R,,HUN,,6-3 6-4,3,R16,,,,,,,,,,,,,,,,,,,,,,,
2025-1023,Guangzhou,Hard,32,I,20251020,14,216083,,,Caty Mcnally,R,,USA,,201548,,,Ajla Tomljanovic,R,180,AUS,,6-4 4-6 6-3,3,R16,,,,,,,,,,,,,,,,,,,,,,,
2025-1023,Guangzhou,Hard,32,I,20251020,15,215138,,Q,Lulu Sun,L,,NZL,,206374,,WC,Yafan Wang,R,170,CHN,,6-3 6-1,3,R16,,,,,,,,,,,,,,,,,,,,,,,
2025-1023,Guangzhou,Hard,32,I,20251020,16,215983,2,,Ann Li,R,170,USA,,223286,,LL,Victoria Jimenez Kasintseva,L,,AND,,6-4 7-6(4),3,R32,,,,,,,,,,,,,,,,,,,,,,,
2025-1023,Guangzhou,Hard,32,I,20251020,17,215785,,,Camila Osorio,R,162,COL,,214459,,,Lucia Bronzetti,R,,ITA,,6-1 6-2,3,R32,,,,,,,,,,,,,,,,,,,,,,,
2025-1023,Guangzhou,Hard,32,I,20251020,18,220714,,,Elisabetta Cocciaretto,R,,ITA,,220348,,,Diane Parry,R,170,FRA,,6-4 6-7(7) 6-2,3,R32,,,,,,,,,,,,,,,,,,,,,,,
2025-1023,Guangzhou,Hard,32,I,20251020,19,216016,,WC,Xiyu Wang,L,,CHN,,215936,7,,Francesca Jones,R,,GBR,,6-4 6-4,3,R32,,,,,,,,,,,,,,,,,,,,,,,
2025-1023,Guangzhou,Hard,32,I,20251020,20,220662,,,Veronika Erjavec,R,,SLO,,213583,3,,Tatjana Maria,R,172,GER,,6-4 6-7(7) 6-2,3,R32,,,,,,,,,,,,,,,,,,,,,,,
2025-1023,Guangzhou,Hard,32,I,20251020,21,201533,,WC,Shuai Zhang,R,177,CHN,,220435,,,Anastasia Zakharova,R,,RUS,,6-4 6-1,3,R32,,,,,,,,,,,,,,,,,,,,,,,
2025-1023,Guangzhou,Hard,32,I,20251020,22,220465,,Q,Katie Volynets,R,,USA,,203514,,Q,Katarzyna Kawa,R,178,POL,,4-6 6-2 6-2,3,R32,,,,,,,,,,,,,,,,,,,,,,,
2025-1023,Guangzhou,Hard,32,I,20251020,23,239456,,LL,Tiantsoa Sarah Rakotomanga Rajaonah,L,,FRA,,221236,8,,Polina Kudermetova,R,,RUS,,1-6 6-1 6-2,3,R32,,,,,,,,,,,,,,,,,,,,,,,
2025-1023,Guangzhou,Hard,32,I,20251020,24,201709,6,,Yulia Putintseva,R,163,KAZ,,252499,,Q,Alina Korneeva,U,,RUS,,7-6(2) 4-6 6-4,3,R32,,,,,,,,,,,,,,,,,,,,,,,
2025-1023,Guangzhou,Hard,32,I,20251020,25,230870,,,Ella Seidel,R,,GER,,206417,,,Leolia Jeanjean,R,,FRA,,6-2 6-2,3,R32,,,,,,,,,,,,,,,,,,,,,,,
2025-1023,Guangzhou,Hard,32,I,20251020,26,214388,,,Anna Bondar,R,,HUN,,215250,,WC,Hanyu Guo,R,,CHN,,6-3 3-6 7-6(4),3,R32,,,,,,,,,,,,,,,,,,,,,,,
2025-1023,Guangzhou,Hard,32,I,20251020,27,214906,,Q,Claire Liu,R,170,USA,,223253,4,,Alexandra Eala,L,173,PHI,,2-6 6-4 6-4,3,R32,,,,,,,,,,,,,,,,,,,,,,,
2025-1023,Guangzhou,Hard,32,I,20251020,28,201548,,,Ajla Tomljanovic,R,180,AUS,,219917,5,,Alycia Parks,R,185,USA,,7-5 7-5,3,R32,,,,,,,,,,,,,,,,,,,,,,,
2025-1023,Guangzhou,Hard,32,I,20251020,29,216083,,,Caty Mcnally,R,,USA,,215219,,Q,Kaja Juvan,R,170,SLO,,6-3 1-6 6-3,3,R32,,,,,,,,,,,,,,,,,,,,,,,
2025-1023,Guangzhou,Hard,32,I,20251020,30,206374,,WC,Yafan Wang,R,170,CHN,,215872,,,Kamilla Rakhimova,R,,RUS,,6-2 6-4,3,R32,,,,,,,,,,,,,,,,,,,,,,,
2025-1023,Guangzhou,Hard,32,I,20251020,31,215138,,Q,Lulu Sun,L,,NZL,,222601,1,,Jessica Bouzas Maneiro,R,,ESP,,7-6(3) 7-6(2),3,R32,,,,,,,,,,,,,,,,,,,,,,,
2025-1074,Hong Kong,Hard,32,I,20251020,1,239475,3,,Victoria Mboko,R,,CAN,,213710,,,Cristina Bucsa,R,,ESP,,7-5 6-7(9) 6-2,3,F,,,,,,,,,,,,,,,,,,,,,,,
2025-1074,Hong Kong,Hard,32,I,20251020,2,239475,3,,Victoria Mboko,R,,CAN,,220367,2,,Leylah Fernandez,L,168,CAN,,2-6 6-3 6-2,3,SF,,,,,,,,,,,,,,,,,,,,,,,
2025-1074,Hong Kong,Hard,32,I,20251020,3,213710,,,Cristina Bucsa,R,,ESP,,233741,5,,Maya Joint,R,,AUS,,6-3 6-1,3,SF,,,,,,,,,,,,,,,,,,,,,,,
2025-1074,Hong Kong,Hard,32,I,20251020,4,220367,2,,Leylah Fernandez,L,168,CAN,,201514,7,,Sorana Cirstea,R,176,ROU,,6-4 6-4,3,QF,,,,,,,,,,,,,,,,,,,,,,,
2025-1074,Hong Kong,Hard,32,I,20251020,5,239475,3,,Victoria Mboko,R,,CAN,,214939,6,,Anna Kalinskaya,R,175,RUS,,6-1 3-1 RET,3,QF,,,,,,,,,,,,,,,,,,,,,,,
2025-1074,Hong Kong,Hard,32,I,20251020,6,233741,5,,Maya Joint,R,,AUS,,221124,,Q,Himeno Sakatsume,R,,JPN,,6-4 2-6 6-4,3,QF,,,,,,,,,,,,,,,,,,,,,,,
2025-1074,Hong Kong,Hard,32,I,20251020,7,213710,,,Cristina Bucsa,R,,ESP,,202505,1,,Belinda Bencic,R,175,SUI,,W/O,3,QF,,,,,,,,,,,,,,,,,,,,,,,
2025-1074,Hong Kong,Hard,32,I,20251020,8,220367,2,,Leylah Fernandez,L,168,CAN,,220332,,,Eva Lys,R,165,GER,,6-4 6-1,3,R16,,,,,,,,,,,,,,,,,,,,,,,
2025-1074,Hong Kong,Hard,32,I,20251020,9,201514,7,,Sorana Cirstea,R,176,ROU,,201548,,,Ajla Tomljanovic,R,180,AUS,,4-6 6-4 6-3,3,R16,,,,,,,,,,,,,,,,,,,,,,,
2025-1074,Hong Kong,Hard,32,I,20251020,10,239475,3,,Victoria Mboko,R,,CAN,,223253,,,Alexandra Eala,L,173,PHI,,3-6 6-3 6-4,3,R16,,,,,,,,,,,,,,,,,,,,,,,
2025-1074,Hong Kong,Hard,32,I,20251020,11,214939,6,,Anna Kalinskaya,R,175,RUS,,201533,,,Shuai Zhang,R,177,CHN,,6-1 6-1,3,R16,,,,,,,,,,,,,,,,,,,,,,,
2025-1074,Hong Kong,Hard,32,I,20251020,12,233741,5,,Maya Joint,R,,AUS,,215077,,Q,Viktoria Morvayova,U,,SVK,,6-1 6-4,3,R16,,,,,,,,,,,,,,,,,,,,,,,
2025-1074,Hong Kong,Hard,32,I,20251020,13,221124,,Q,Himeno Sakatsume,R,,JPN,,211269,,WC,Eudice Wong Chong,U,,HKG,,6-2 6-1,3,R16,,,,,,,,,,,,,,,,,,,,,,,
2025-1074,Hong Kong,Hard,32,I,20251020,14,213710,,,Cristina Bucsa,R,,ESP,,215306,8,,Emiliana Arango,R,,COL,,6-2 6-4,3,R16,,,,,,,,,,,,,,,,,,,,,,,
2025-1074,Hong Kong,Hard,32,I,20251020,15,202505,1,,Belinda Bencic,R,175,SUI,,206374,,,Yafan Wang,R,170,CHN,,6-2 6-2,3,R16,,,,,,,,,,,,,,,,,,,,,,,
2025-1074,Hong Kong,Hard,32,I,20251020,16,220367,2,,Leylah Fernandez,L,168,CAN,,216016,,,Xiyu Wang,L,,CHN,,6-1 6-4,3,R32,,,,,,,,,,,,,,,,,,,,,,,
2025-1074,Hong Kong,Hard,32,I,20251020,17,220332,,,Eva Lys,R,165,GER,,260006,,Q,Kristiana Sidorova,U,,RUS,,6-0 6-3,3,R32,,,,,,,,,,,,,,,,,,,,,,,
2025-1074,Hong Kong,Hard,32,I,20251020,18,201548,,,Ajla Tomljanovic,R,180,AUS,,215468,,Q,Momoko Kobori,R,158,JPN,,7-5 6-2,3,R32,,,,,,,,,,,,,,,,,,,,,,,
2025-1074,Hong Kong,Hard,32,I,20251020,19,201514,7,,Sorana Cirstea,R,176,ROU,,213646,,,Dalma Galfi,R,178,HUN,,7-5 6-3,3,R32,,,,,,,,,,,,,,,,,,,,,,,
2025-1074,Hong Kong,Hard,32,I,20251020,20,239475,3,,Victoria Mboko,R,,CAN,,221883,,,Talia Gibson,R,,AUS,,6-7(2) 6-1 6-4,3,R32,,,,,,,,,,,,,,,,,,,,,,,
2025-1074,Hong Kong,Hard,32,I,20251020,21,223253,,,Alexandra Eala,L,173,PHI,,211107,,,Katie Boulter,R,180,GBR,,6-4 2-1 RET,3,R32,,,,,,,,,,,,,,,,,,,,,,,
2025-1074,Hong Kong,Hard,32,I,20251020,22,201533,,,Shuai Zhang,R,177,CHN,,220662,,,Veronika Erjavec,R,,SLO,,6-2 6-2,3,R32,,,,,,,,,,,,,,,,,,,,,,,
2025-1074,Hong Kong,Hard,32,I,20251020,23,214939,6,,Anna Kalinskaya,R,175,RUS,,215872,,,Kamilla Rakhimova,R,,RUS,,6-4 6-4,3,R32,,,,,,,,,,,,,,,,,,,,,,,
2025-1074,Hong Kong,Hard,32,I,20251020,24,233741,5,,Maya Joint,R,,AUS,,201545,,,Anastasija Sevastova,R,169,LAT,,2-6 6-4 6-3,3,R32,,,,,,,,,,,,,,,,,,,,,,,
2025-1074,Hong Kong,Hard,32,I,20251020,25,215077,,Q,Viktoria Morvayova,U,,SVK,,216587,,WC,Hong Yi Cody Wong,U,,HKG,,6-1 6-0,3,R32,,,,,,,,,,,,,,,,,,,,,,,
2025-1074,Hong Kong,Hard,32,I,20251020,26,211269,,WC,Eudice Wong Chong,U,,HKG,,215480,,,Suzan Lamens,R,,NED,,6-3 6-4,3,R32,,,,,,,,,,,,,,,,,,,,,,,
2025-1074,Hong Kong,Hard,32,I,20251020,27,221124,,Q,Himeno Sakatsume,R,,JPN,,213550,4,,Sofia Kenin,R,170,USA,,6-2 6-1,3,R32,,,,,,,,,,,,,,,,,,,,,,,
2025-1074,Hong Kong,Hard,32,I,20251020,28,215306,8,,Emiliana Arango,R,,COL,,220416,,,Moyuka Uchijima,R,171,JPN,,6-7(3) 6-1 6-4,3,R32,,,,,,,,,,,,,,,,,,,,,,,
2025-1074,Hong Kong,Hard,32,I,20251020,29,213710,,,Cristina Bucsa,R,,ESP,,215946,,Q,Ye Xin Ma,U,,CHN,,6-1 6-2,3,R32,,,,,,,,,,,,,,,,,,,,,,,
2025-1074,Hong Kong,Hard,32,I,20251020,30,206374,,,Yafan Wang,R,170,CHN,,213666,,Q,Maddison Inglis,R,171,AUS,,6-4 6-7(6) 6-3,3,R32,,,,,,,,,,,,,,,,,,,,,,,
2025-1074,Hong Kong,Hard,32,I,20251020,31,202505,1,,Belinda Bencic,R,175,SUI,,205925,,,Aliaksandra Sasnovich,R,174,BLR,,6-3 6-4,3,R32,,,,,,,,,,,,,,,,,,,,,,,
2025-1077,Jiujiang,Hard,32,I,20251027,1,215020,,,Anna Blinkova,R,179,RUS,,260172,,WC,Lilli Tagger,U,,AUT,,6-3 6-3,3,F,,,,,,,,,,,,,,,,,,,,,,,
2025-1077,Jiujiang,Hard,32,I,20251027,2,260172,,WC,Lilli Tagger,U,,AUT,,203530,2,,Viktorija Golubic,R,169,SUI,,6-1 4-6 7-5,3,SF,,,,,,,,,,,,,,,,,,,,,,,
2025-1077,Jiujiang,Hard,32,I,20251027,3,215020,,,Anna Blinkova,R,179,RUS,,222966,,,Dominika Salkova,R,,CZE,,6-4 6-4,3,SF,,,,,,,,,,,,,,,,,,,,,,,
2025-1077,Jiujiang,Hard,32,I,20251027,4,203530,2,,Viktorija Golubic,R,169,SUI,,201709,5,,Yulia Putintseva,R,163,KAZ,,7-5 6-2,3,QF,,,,,,,,,,,,,,,,,,,,,,,
2025-1077,Jiujiang,Hard,32,I,20251027,5,260172,,WC,Lilli Tagger,U,,AUT,,211337,,,Tamara Korpatsch,R,170,GER,,6-3 6-4,3,QF,,,,,,,,,,,,,,,,,,,,,,,
2025-1077,Jiujiang,Hard,32,I,20251027,6,215020,,,Anna Blinkova,R,179,RUS,,219917,3,,Alycia Parks,R,185,USA,,7-5 7-5,3,QF,,,,,,,,,,,,,,,,,,,,,,,
2025-1077,Jiujiang,Hard,32,I,20251027,7,222966,,,Dominika Salkova,R,,CZE,,222296,,,Zhuoxuan Bai,R,,CHN,,6-3 6-4,3,QF,,,,,,,,,,,,,,,,,,,,,,,
2025-1077,Jiujiang,Hard,32,I,20251027,8,203530,2,,Viktorija Golubic,R,169,SUI,,239389,,LL,Elena Pridankina,R,,RUS,,6-0 4-6 7-5,3,R16,,,,,,,,,,,,,,,,,,,,,,,
2025-1077,Jiujiang,Hard,32,I,20251027,9,201709,5,,Yulia Putintseva,R,163,KAZ,,213821,,WC,Wushuang Zheng,U,,CHN,,6-2 6-0,3,R16,,,,,,,,,,,,,,,,,,,,,,,
2025-1077,Jiujiang,Hard,32,I,20251027,10,211337,,,Tamara Korpatsch,R,170,GER,,230870,,,Ella Seidel,R,,GER,,3-6 6-0 6-1,3,R16,,,,,,,,,,,,,,,,,,,,,,,
2025-1077,Jiujiang,Hard,32,I,20251027,11,260172,,WC,Lilli Tagger,U,,AUT,,220714,,,Elisabetta Cocciaretto,R,,ITA,,6-4 6-2,3,R16,,,,,,,,,,,,,,,,,,,,,,,
2025-1077,Jiujiang,Hard,32,I,20251027,12,215020,,,Anna Blinkova,R,179,RUS,,214388,6,,Anna Bondar,R,,HUN,,7-6(3) 7-5,3,R16,,,,,,,,,,,,,,,,,,,,,,,
2025-1077,Jiujiang,Hard,32,I,20251027,13,219917,3,,Alycia Parks,R,185,USA,,215219,,,Kaja Juvan,R,170,SLO,,1-6 6-1 6-1,3,R16,,,,,,,,,,,,,,,,,,,,,,,
2025-1077,Jiujiang,Hard,32,I,20251027,14,222966,,,Dominika Salkova,R,,CZE,,220435,8,,Anastasia Zakharova,R,,RUS,,7-6(4) 2-6 6-2,3,R16,,,,,,,,,,,,,,,,,,,,,,,
2025-1077,Jiujiang,Hard,32,I,20251027,15,222296,,,Zhuoxuan Bai,R,,CHN,,215250,,Q,Hanyu Guo,R,,CHN,,3-6 7-5 6-4,3,R16,,,,,,,,,,,,,,,,,,,,,,,
2025-1077,Jiujiang,Hard,32,I,20251027,16,203530,2,,Viktorija Golubic,R,169,SUI,,221099,,Q,Rina Saigo,U,,JPN,,6-2 6-4,3,R32,,,,,,,,,,,,,,,,,,,,,,,
2025-1077,Jiujiang,Hard,32,I,20251027,17,239389,,LL,Elena Pridankina,R,,RUS,,206294,,,Yue Yuan,R,184,CHN,,6-2 3-6 7-6(5),3,R32,,,,,,,,,,,,,,,,,,,,,,,
2025-1077,Jiujiang,Hard,32,I,20251027,18,213821,,WC,Wushuang Zheng,U,,CHN,,263857,,,Yuliia Starodubtseva,R,,UKR,,6-3 7-6(5),3,R32,,,,,,,,,,,,,,,,,,,,,,,
2025-1077,Jiujiang,Hard,32,I,20251027,19,201709,5,,Yulia Putintseva,R,163,KAZ,,223286,,,Victoria Jimenez Kasintseva,L,,AND,,6-3 6-1,3,R32,,,,,,,,,,,,,,,,,,,,,,,
2025-1077,Jiujiang,Hard,32,I,20251027,20,211337,,,Tamara Korpatsch,R,170,GER,,221236,4,,Polina Kudermetova,R,,RUS,,3-0 RET,3,R32,,,,,,,,,,,,,,,,,,,,,,,
2025-1077,Jiujiang,Hard,32,I,20251027,21,230870,,,Ella Seidel,R,,GER,,239456,,,Tiantsoa Sarah Rakotomanga Rajaonah,L,,FRA,,6-4 6-3,3,R32,,,,,,,,,,,,,,,,,,,,,,,
2025-1077,Jiujiang,Hard,32,I,20251027,22,260172,,WC,Lilli Tagger,U,,AUT,,264064,,WC,Chenting Zhu,U,,CHN,,6-2 6-1,3,R32,,,,,,,,,,,,,,,,,,,,,,,
2025-1077,Jiujiang,Hard,32,I,20251027,23,220714,,,Elisabetta Cocciaretto,R,,ITA,,215785,7,,Camila Osorio,R,162,COL,,6-2 3-0 RET,3,R32,,,,,,,,,,,,,,,,,,,,,,,
2025-1077,Jiujiang,Hard,32,I,20251027,24,214388,6,,Anna Bondar,R,,HUN,,221096,,,Sijia Wei,R,,CHN,,6-2 6-2,3,R32,,,,,,,,,,,,,,,,,,,,,,,
2025-1077,Jiujiang,Hard,32,I,20251027,25,215020,,,Anna Blinkova,R,179,RUS,,203564,,Q,Chloe Paquet,R,179,FRA,,6-4 6-4,3,R32,,,,,,,,,,,,,,,,,,,,,,,
2025-1077,Jiujiang,Hard,32,I,20251027,26,215219,,,Kaja Juvan,R,170,SLO,,214906,,,Claire Liu,R,170,USA,,3-6 6-2 7-5,3,R32,,,,,,,,,,,,,,,,,,,,,,,
2025-1077,Jiujiang,Hard,32,I,20251027,27,219917,3,,Alycia Parks,R,185,USA,,202684,,WC,Lin Zhu,R,173,CHN,,6-3 2-1 RET,3,R32,,,,,,,,,,,,,,,,,,,,,,,
2025-1077,Jiujiang,Hard,32,I,20251027,28,220435,8,,Anastasia Zakharova,R,,RUS,,214262,,,Ena Shibahara,R,170,JPN,,6-4 6-1,3,R32,,,,,,,,,,,,,,,,,,,,,,,
2025-1077,Jiujiang,Hard,32,I,20251027,29,222966,,,Dominika Salkova,R,,CZE,,221434,,Q,Aliona Falei,U,,BLR,,7-6(2) 7-5,3,R32,,,,,,,,,,,,,,,,,,,,,,,
2025-1077,Jiujiang,Hard,32,I,20251027,30,215250,,Q,Hanyu Guo,R,,CHN,,252499,,,Alina Korneeva,U,,RUS,,3-6 6-2 7-6(6),3,R32,,,,,,,,,,,,,,,,,,,,,,,
2025-1077,Jiujiang,Hard,32,I,20251027,31,222296,,,Zhuoxuan Bai,R,,CHN,,215983,1,,Ann Li,R,170,USA,,6-3 6-1,3,R32,,,,,,,,,,,,,,,,,,,,,,,
2025-8998,Chennai,Hard,32,I,20251027,1,222145,4,,Janice Tjen,R,,INA,,214040,7,,Kimberly Birrell,R,170,AUS,,6-4 6-3,3,F,,,,,,,,,,,,,,,,,,,,,,,
2025-8998,Chennai,Hard,32,I,20251027,2,214040,7,,Kimberly Birrell,R,170,AUS,,220466,,,Joanna Garland,R,,TPE,,6-7(2) 6-3 7-5,3,SF,,,,,,,,,,,,,,,,,,,,,,,
2025-8998,Chennai,Hard,32,I,20251027,3,222145,4,,Janice Tjen,R,,INA,,222290,,,Lanlana Tararudee,R,,THA,,7-6(6) 7-6(5),3,SF,,,,,,,,,,,,,,,,,,,,,,,
2025-8998,Chennai,Hard,32,I,20251027,4,220466,,,Joanna Garland,R,,TPE,,201613,,LL,Arina Rodionova,R,168,RUS,,6-2 7-6(2),3,QF,,,,,,,,,,,,,,,,,,,,,,,
2025-8998,Chennai,Hard,32,I,20251027,5,214040,7,,Kimberly Birrell,R,170,AUS,,202499,3,,Donna Vekic,R,179,CRO,,6-4 6-0,3,QF,,,,,,,,,,,,,,,,,,,,,,,
2025-8998,Chennai,Hard,32,I,20251027,6,222145,4,,Janice Tjen,R,,INA,,266376,,WC,Mia Pohankova,U,,SVK,,6-3 6-1,3,QF,,,,,,,,,,,,,,,,,,,,,,,
2025-8998,Chennai,Hard,32,I,20251027,7,222290,,,Lanlana Tararudee,R,,THA,,223325,,,Polina Iatcenko,U,,RUS,,6-0 6-2,3,QF,,,,,,,,,,,,,,,,,,,,,,,
2025-8998,Chennai,Hard,32,I,20251027,8,220466,,,Joanna Garland,R,,TPE,,215614,,Q,Mei Yamaguchi,U,152,JPN,,5-7 7-5 7-5,3,R16,,,,,,,,,,,,,,,,,,,,,,,
2025-8998,Chennai,Hard,32,I,20251027,9,201613,,LL,Arina Rodionova,R,168,RUS,,204411,,,Storm Hunter,L,166,AUS,,1-6 6-4 7-6(9),3,R16,,,,,,,,,,,,,,,,,,,,,,,
2025-8998,Chennai,Hard,32,I,20251027,10,202499,3,,Donna Vekic,R,179,CRO,,246481,,WC,Sahaja Yamalapalli,U,,IND,,6-2 6-2,3,R16,,,,,,,,,,,,,,,,,,,,,,,
2025-8998,Chennai,Hard,32,I,20251027,11,214040,7,,Kimberly Birrell,R,170,AUS,,220842,,WC,Shrivalli Rashmikaa Bhamidipaty,U,,IND,,7-5 7-6(2),3,R16,,,,,,,,,,,,,,,,,,,,,,,
2025-8998,Chennai,Hard,32,I,20251027,12,266376,,WC,Mia Pohankova,U,,SVK,,220348,9,,Diane Parry,R,170,FRA,,6-3 6-4,3,R16,,,,,,,,,,,,,,,,,,,,,,,
2025-8998,Chennai,Hard,32,I,20251027,13,222145,4,,Janice Tjen,R,,INA,,222258,,,Linda Fruhvirtova,R,,CZE,,2-6 6-3 6-2,3,R16,,,,,,,,,,,,,,,,,,,,,,,
2025-8998,Chennai,Hard,32,I,20251027,14,223325,,,Polina Iatcenko,U,,RUS,,203514,,,Katarzyna Kawa,R,178,POL,,6-2 6-3,3,R16,,,,,,,,,,,,,,,,,,,,,,,
2025-8998,Chennai,Hard,32,I,20251027,15,222290,,,Lanlana Tararudee,R,,THA,,220309,1,,Zeynep Sonmez,R,,TUR,,2-6 6-3 6-3,3,R16,,,,,,,,,,,,,,,,,,,,,,,
2025-8998,Chennai,Hard,32,I,20251027,16,215614,,Q,Mei Yamaguchi,U,152,JPN,,215936,2,,Francesca Jones,R,,GBR,,5-7 6-0 1-0 RET,3,R32,,,,,,,,,,,,,,,,,,,,,,,
2025-8998,Chennai,Hard,32,I,20251027,17,220466,,,Joanna Garland,R,,TPE,,215996,,Q,Arianne Hartono,R,,NED,,6-4 6-3,3,R32,,,,,,,,,,,,,,,,,,,,,,,
2025-8998,Chennai,Hard,32,I,20251027,18,204411,,,Storm Hunter,L,166,AUS,,215988,,,Mai Hontama,R,,JPN,,6-7(0) 6-2 6-4,3,R32,,,,,,,,,,,,,,,,,,,,,,,
2025-8998,Chennai,Hard,32,I,20251027,19,201613,,LL,Arina Rodionova,R,168,RUS,,211411,,,Nina Stojanovic,R,176,SRB,,6-3 5-5 RET,3,R32,,,,,,,,,,,,,,,,,,,,,,,
2025-8998,Chennai,Hard,32,I,20251027,20,202499,3,,Donna Vekic,R,179,CRO,,261038,,LL,Vaishnavi Adkar,R,,IND,,6-1 6-2,3,R32,,,,,,,,,,,,,,,,,,,,,,,
2025-8998,Chennai,Hard,32,I,20251027,21,246481,,WC,Sahaja Yamalapalli,U,,IND,,221187,,LL,Priska Madelyn Nugroho,R,,INA,,6-4 6-2,3,R32,,,,,,,,,,,,,,,,,,,,,,,
2025-8998,Chennai,Hard,32,I,20251027,22,220842,,WC,Shrivalli Rashmikaa Bhamidipaty,U,,IND,,266722,,WC,Maaya Rajeshwaran Revathi,U,,IND,,6-1 6-4,3,R32,,,,,,,,,,,,,,,,,,,,,,,
2025-8998,Chennai,Hard,32,I,20251027,23,214040,7,,Kimberly Birrell,R,170,AUS,,223360,,,Nikola Bartunkova,R,,CZE,,1-6 6-1 6-3,3,R32,,,,,,,,,,,,,,,,,,,,,,,
2025-8998,Chennai,Hard,32,I,20251027,24,220348,9,,Diane Parry,R,170,FRA,,220597,,LL,Thasaporn Naklo,R,,THA,,6-2 6-0,3,R32,,,,,,,,,,,,,,,,,,,,,,,
2025-8998,Chennai,Hard,32,I,20251027,25,266376,,WC,Mia Pohankova,U,,SVK,,211702,,,Nao Hibino,R,163,JPN,,7-5 6-1,3,R32,,,,,,,,,,,,,,,,,,,,,,,
2025-8998,Chennai,Hard,32,I,20251027,26,222258,,,Linda Fruhvirtova,R,,CZE,,235159,,Q,Astrid Lew Yan Foon,U,,FRA,,6-2 6-2,3,R32,,,,,,,,,,,,,,,,,,,,,,,
2025-8998,Chennai,Hard,32,I,20251027,27,222145,4,,Janice Tjen,R,,INA,,211344,,Q,Caroline Uebelhoer,U,,GER,,6-4 6-7(5) 6-2,3,R32,,,,,,,,,,,,,,,,,,,,,,,
2025-8998,Chennai,Hard,32,I,20251027,28,203514,,,Katarzyna Kawa,R,178,POL,,214459,5,,Lucia Bronzetti,R,,ITA,,6-7 6-0 6-2,3,R32,,,,,,,,,,,,,,,,,,,,,,,
2025-8998,Chennai,Hard,32,I,20251027,29,223325,,,Polina Iatcenko,U,,RUS,,221406,,,Alina Charaeva,R,,RUS,,6-3 5-0 RET,3,R32,,,,,,,,,,,,,,,,,,,,,,,
2025-8998,Chennai,Hard,32,I,20251027,30,222290,,,Lanlana Tararudee,R,,THA,,221237,,,Maria Timofeeva,R,,RUS,,6-2 2-0 RET,3,R32,,,,,,,,,,,,,,,,,,,,,,,
2025-8998,Chennai,Hard,32,I,20251027,31,220309,1,,Zeynep Sonmez,R,,TUR,,236955,,,Tatiana Prozorova,U,,RUS,,7-5 6-4,3,R32,,,,,,,,,,,,,,,,,,,,,,,
2025-580,Australian Open,Hard,128,G,20250113,1,201619,19,,Madison Keys,R,178,USA,,214544,1,,Aryna Sabalenka,R,182,BLR,,6-3 2-6 7-5,3,F,,,,,,,,,,,,,,,,,,,,,,,
2025-580,Australian Open,Hard,128,G,20250113,2,201619,19,,Madison Keys,R,178,USA,,216347,2,,Iga Swiatek,R,176,POL,,5-7 6-1 7-6(8),3,SF,,,,,,,,,,,,,,,,,,,,,,,
2025-580,Australian Open,Hard,128,G,20250113,3,214544,1,,Aryna Sabalenka,R,182,BLR,,211651,11,,Paula Badosa,R,180,ESP,,6-4 6-2,3,SF,,,,,,,,,,,,,,,,,,,,,,,
2025-580,Australian Open,Hard,128,G,20250113,4,216347,2,,Iga Swiatek,R,176,POL,,215613,8,,Emma Navarro,R,,USA,,6-1 6-2,3,QF,,,,,,,,,,,,,,,,,,,,,,,
2025-580,Australian Open,Hard,128,G,20250113,5,201619,19,,Madison Keys,R,178,USA,,202494,28,,Elina Svitolina,R,174,UKR,,3-6 6-3 6-4,3,QF,,,,,,,,,,,,,,,,,,,,,,,
2025-580,Australian Open,Hard,128,G,20250113,6,211651,11,,Paula Badosa,R,180,ESP,,221103,3,,Coco Gauff,R,175,USA,,7-5 6-4,3,QF,,,,,,,,,,,,,,,,,,,,,,,
2025-580,Australian Open,Hard,128,G,20250113,7,214544,1,,Aryna Sabalenka,R,182,BLR,,201499,27,,Anastasia Pavlyuchenkova,R,177,RUS,,6-2 2-6 6-3,3,QF,,,,,,,,,,,,,,,,,,,,,,,
2025-580,Australian Open,Hard,128,G,20250113,8,216347,2,,Iga Swiatek,R,176,POL,,220332,,LL,Eva Lys,R,165,GER,,6-0 6-1,3,R16,,,,,,,,,,,,,,,,,,,,,,,
2025-580,Australian Open,Hard,128,G,20250113,9,215613,8,,Emma Navarro,R,,USA,,214082,9,,Daria Kasatkina,R,170,RUS,,6-4 5-7 7-5,3,R16,,,,,,,,,,,,,,,,,,,,,,,
2025-580,Australian Open,Hard,128,G,20250113,10,202494,28,,Elina Svitolina,R,174,UKR,,206368,,,Veronika Kudermetova,R,175,RUS,,6-4 6-1,3,R16,,,,,,,,,,,,,,,,,,,,,,,
2025-580,Australian Open,Hard,128,G,20250113,11,201619,19,,Madison Keys,R,178,USA,,214981,6,,Elena Rybakina,R,184,KAZ,,6-3 1-6 6-3,3,R16,,,,,,,,,,,,,,,,,,,,,,,
2025-580,Australian Open,Hard,128,G,20250113,12,211651,11,,Paula Badosa,R,180,ESP,,215337,,,Olga Danilovic,L,,SRB,,6-1 7-6(2),3,R16,,,,,,,,,,,,,,,,,,,,,,,
2025-580,Australian Open,Hard,128,G,20250113,13,221103,3,,Coco Gauff,R,175,USA,,202505,,PR,Belinda Bencic,R,175,SUI,,5-7 6-2 6-1,3,R16,,,,,,,,,,,,,,,,,,,,,,,
2025-580,Australian Open,Hard,128,G,20250113,14,201499,27,,Anastasia Pavlyuchenkova,R,177,RUS,,202499,18,,Donna Vekic,R,179,CRO,,7-6(0) 6-0,3,R16,,,,,,,,,,,,,,,,,,,,,,,
2025-580,Australian Open,Hard,128,G,20250113,15,214544,1,,Aryna Sabalenka,R,182,BLR,,259799,14,,Mirra Andreeva,R,,RUS,,6-1 6-2,3,R16,,,,,,,,,,,,,,,,,,,,,,,
2025-580,Australian Open,Hard,128,G,20250113,16,216347,2,,Iga Swiatek,R,176,POL,,221054,,,Emma Raducanu,R,175,GBR,,6-1 6-0,3,R32,,,,,,,,,,,,,,,,,,,,,,,
2025-580,Australian Open,Hard,128,G,20250113,17,220332,,LL,Eva Lys,R,165,GER,,211713,,,Jaqueline Cristian,R,180,ROU,,4-6 6-3 6-3,3,R32,,,,,,,,,,,,,,,,,,,,,,,
2025-580,Australian Open,Hard,128,G,20250113,18,214082,9,,Daria Kasatkina,R,170,RUS,,201709,24,,Yulia Putintseva,R,163,KAZ,,7-5 6-1,3,R32,,,,,,,,,,,,,,,,,,,,,,,
2025-580,Australian Open,Hard,128,G,20250113,19,215613,8,,Emma Navarro,R,,USA,,202460,,,Ons Jabeur,R,167,TUN,,6-4 3-6 6-4,3,R32,,,,,,,,,,,,,,,,,,,,,,,
2025-580,Australian Open,Hard,128,G,20250113,20,202494,28,,Elina Svitolina,R,174,UKR,,211148,4,,Jasmine Paolini,R,160,ITA,,2-6 6-4 6-0,3,R32,,,,,,,,,,,,,,,,,,,,,,,
2025-580,Australian Open,Hard,128,G,20250113,21,206368,,,Veronika Kudermetova,R,175,RUS,,206242,15,,Beatriz Haddad Maia,L,185,BRA,,6-4 6-2,3,R32,,,,,,,,,,,,,,,,,,,,,,,
2025-580,Australian Open,Hard,128,G,20250113,22,201619,19,,Madison Keys,R,178,USA,,203389,10,,Danielle Collins,R,178,USA,,6-4 6-4,3,R32,,,,,,,,,,,,,,,,,,,,,,,
2025-580,Australian Open,Hard,128,G,20250113,23,214981,6,,Elena Rybakina,R,184,KAZ,,215035,32,,Dayana Yastremska,R,175,UKR,,6-3 6-4,3,R32,,,,,,,,,,,,,,,,,,,,,,,
2025-580,Australian Open,Hard,128,G,20250113,24,215337,,,Olga Danilovic,L,,SRB,,202468,7,,Jessica Pegula,R,170,USA,,7-6(3) 6-1,3,R32,,,,,,,,,,,,,,,,,,,,,,,
2025-580,Australian Open,Hard,128,G,20250113,25,211651,11,,Paula Badosa,R,180,ESP,,216146,17,,Marta Kostyuk,R,175,UKR,,6-4 4-6 6-3,3,R32,,,,,,,,,,,,,,,,,,,,,,,
2025-580,Australian Open,Hard,128,G,20250113,26,202505,,PR,Belinda Bencic,R,175,SUI,,211768,,,Naomi Osaka,R,180,JPN,,7-6(3) 0-0 RET,3,R32,,,,,,,,,,,,,,,,,,,,,,,
2025-580,Australian Open,Hard,128,G,20250113,27,221103,3,,Coco Gauff,R,175,USA,,220367,30,,Leylah Fernandez,L,168,CAN,,6-4 6-2,3,R32,,,,,,,,,,,,,,,,,,,,,,,
2025-580,Australian Open,Hard,128,G,20250113,28,201499,27,,Anastasia Pavlyuchenkova,R,177,RUS,,201696,,,Laura Siegemund,R,168,GER,,6-1 6-2,3,R32,,,,,,,,,,,,,,,,,,,,,,,
2025-580,Australian Open,Hard,128,G,20250113,29,202499,18,,Donna Vekic,R,179,CRO,,223670,12,,Diana Shnaider,L,,RUS,,7-6(4) 6-7(3) 7-5,3,R32,,,,,,,,,,,,,,,,,,,,,,,
2025-580,Australian Open,Hard,128,G,20250113,30,259799,14,,Mirra Andreeva,R,,RUS,,211684,23,,Magdalena Frech,R,171,POL,,6-2 1-6 6-2,3,R32,,,,,,,,,,,,,,,,,,,,,,,
2025-580,Australian Open,Hard,128,G,20250113,31,214544,1,,Aryna Sabalenka,R,182,BLR,,220704,,,Clara Tauson,R,182,DEN,,7-6(5) 6-4,3,R32,,,,,,,,,,,,,,,,,,,,,,,
2025-580,Australian Open,Hard,128,G,20250113,32,216347,2,,Iga Swiatek,R,176,POL,,211685,,,Rebecca Sramkova,R,,SVK,,6-0 6-2,3,R64,,,,,,,,,,,,,,,,,,,,,,,
2025-580,Australian Open,Hard,128,G,20250113,33,221054,,,Emma Raducanu,R,175,GBR,,216153,,,Amanda Anisimova,R,180,USA,,6-3 7-5,3,R64,,,,,,,,,,,,,,,,,,,,,,,
2025-580,Australian Open,Hard,128,G,20250113,34,211713,,,Jaqueline Cristian,R,180,ROU,,214459,,,Lucia Bronzetti,R,,ITA,,7-5 7-5,3,R64,,,,,,,,,,,,,,,,,,,,,,,
2025-580,Australian Open,Hard,128,G,20250113,35,220332,,LL,Eva Lys,R,165,GER,,219875,,,Varvara Gracheva,R,,FRA,,6-2 3-6 6-4,3,R64,,,,,,,,,,,,,,,,,,,,,,,
2025-580,Australian Open,Hard,128,G,20250113,36,214082,9,,Daria Kasatkina,R,170,RUS,,206374,,,Wang Yafan,R,170,CHN,,6-2 6-0,3,R64,,,,,,,,,,,,,,,,,,,,,,,
2025-580,Australian Open,Hard,128,G,20250113,37,201709,24,,Yulia Putintseva,R,163,KAZ,,201533,,WC,Zhang Shuai,R,177,CHN,,6-2 6-1,3,R64,,,,,,,,,,,,,,,,,,,,,,,
2025-580,Australian Open,Hard,128,G,20250113,38,202460,,,Ons Jabeur,R,167,TUN,,215785,,,Camila Osorio,R,162,COL,,7-5 6-3,3,R64,,,,,,,,,,,,,,,,,,,,,,,
2025-580,Australian Open,Hard,128,G,20250113,39,215613,8,,Emma Navarro,R,,USA,,216016,,,Wang Xiyu,L,,CHN,,6-3 3-6 6-4,3,R64,,,,,,,,,,,,,,,,,,,,,,,
2025-580,Australian Open,Hard,128,G,20250113,40,211148,4,,Jasmine Paolini,R,160,ITA,,213887,,,Renata Zarazua,R,,MEX,,6-2 6-3,3,R64,,,,,,,,,,,,,,,,,,,,,,,
2025-580,Australian Open,Hard,128,G,20250113,41,202494,28,,Elina Svitolina,R,174,UKR,,214452,,,Caroline Dolehide,R,178,USA,,6-1 6-4,3,R64,,,,,,,,,,,,,,,,,,,,,,,
2025-580,Australian Open,Hard,128,G,20250113,42,206368,,,Veronika Kudermetova,R,175,RUS,,211107,22,,Katie Boulter,R,180,GBR,,7-6(3) 2-6 6-2,3,R64,,,,,,,,,,,,,,,,,,,,,,,
2025-580,Australian Open,Hard,128,G,20250113,43,206242,15,,Beatriz Haddad Maia,L,185,BRA,,222965,,,Erika Andreeva,R,,RUS,,6-2 6-3,3,R64,,,,,,,,,,,,,,,,,,,,,,,
2025-580,Australian Open,Hard,128,G,20250113,44,203389,10,,Danielle Collins,R,178,USA,,215018,,Q,Destanee Aiava,R,175,AUS,,7-6(4) 4-6 6-2,3,R64,,,,,,,,,,,,,,,,,,,,,,,
2025-580,Australian Open,Hard,128,G,20250113,45,201619,19,,Madison Keys,R,178,USA,,211817,,Q,Elena-Gabriela Ruse,R,,ROU,,7-6(1) 2-6 7-5,3,R64,,,,,,,,,,,,,,,,,,,,,,,
2025-580,Australian Open,Hard,128,G,20250113,46,215035,32,,Dayana Yastremska,R,175,UKR,,203575,,PR,Danka Kovinic,R,169,MNE,,6-0 6-1,3,R64,,,,,,,,,,,,,,,,,,,,,,,
2025-580,Australian Open,Hard,128,G,20250113,47,214981,6,,Elena Rybakina,R,184,KAZ,,260300,,WC,Iva Jovic,R,,USA,,6-0 6-3,3,R64,,,,,,,,,,,,,,,,,,,,,,,
2025-580,Australian Open,Hard,128,G,20250113,48,202468,7,,Jessica Pegula,R,170,USA,,210722,,,Elise Mertens,R,179,BEL,,6-4 6-2,3,R64,,,,,,,,,,,,,,,,,,,,,,,
2025-580,Australian Open,Hard,128,G,20250113,49,215337,,,Olga Danilovic,L,,SRB,,214643,25,,Liudmila Samsonova,R,180,RUS,,6-1 6-2,3,R64,,,,,,,,,,,,,,,,,,,,,,,
2025-580,Australian Open,Hard,128,G,20250113,50,216146,17,,Marta Kostyuk,R,175,UKR,,215898,,,Jule Niemeier,R,178,GER,,6-3 6-0,3,R64,,,,,,,,,,,,,,,,,,,,,,,
2025-580,Australian Open,Hard,128,G,20250113,51,211651,11,,Paula Badosa,R,180,ESP,,221883,,WC,Talia Gibson,R,,AUS,,6-1 6-0,3,R64,,,,,,,,,,,,,,,,,,,,,,,
2025-580,Australian Open,Hard,128,G,20250113,52,202505,,PR,Belinda Bencic,R,175,SUI,,215480,,,Suzan Lamens,R,,NED,,6-1 7-6(3),3,R64,,,,,,,,,,,,,,,,,,,,,,,
2025-580,Australian Open,Hard,128,G,20250113,53,211768,,,Naomi Osaka,R,180,JPN,,214096,20,,Karolina Muchova,R,178,CZE,,1-6 6-1 6-3,3,R64,,,,,,,,,,,,,,,,,,,,,,,
2025-580,Australian Open,Hard,128,G,20250113,54,220367,30,,Leylah Fernandez,L,168,CAN,,213710,,,Cristina Bucsa,R,,ESP,,3-6 6-4 6-4,3,R64,,,,,,,,,,,,,,,,,,,,,,,
2025-580,Australian Open,Hard,128,G,20250113,55,221103,3,,Coco Gauff,R,175,USA,,214839,,PR,Jodie Burrage,R,,GBR,,6-3 7-5,3,R64,,,,,,,,,,,,,,,,,,,,,,,
2025-580,Australian Open,Hard,128,G,20250113,56,201696,,,Laura Siegemund,R,168,GER,,221012,5,,Zheng Qinwen,R,,CHN,,7-6(3) 6-3,3,R64,,,,,,,,,,,,,,,,,,,,,,,
2025-580,Australian Open,Hard,128,G,20250113,57,201499,27,,Anastasia Pavlyuchenkova,R,177,RUS,,215713,,,Anastasia Potapova,R,175,RUS,,7-6(2) 2-6 6-2,3,R64,,,,,,,,,,,,,,,,,,,,,,,
2025-580,Australian Open,Hard,128,G,20250113,58,202499,18,,Donna Vekic,R,179,CRO,,211279,,LL,Harriet Dart,R,175,GBR,,4-6 6-0 6-2,3,R64,,,,,,,,,,,,,,,,,,,,,,,
2025-580,Australian Open,Hard,128,G,20250113,59,223670,12,,Diana Shnaider,L,,RUS,,201548,,WC,Ajla Tomljanovic,R,180,AUS,,6-4 7-5,3,R64,,,,,,,,,,,,,,,,,,,,,,,
2025-580,Australian Open,Hard,128,G,20250113,60,259799,14,,Mirra Andreeva,R,,RUS,,220416,,,Moyuka Uchijima,R,171,JPN,,6-4 3-6 7-6(8),3,R64,,,,,,,,,,,,,,,,,,,,,,,
2025-580,Australian Open,Hard,128,G,20250113,61,211684,23,,Magdalena Frech,R,171,POL,,215020,,,Anna Blinkova,R,179,RUS,,0-6 6-0 6-2,3,R64,,,,,,,,,,,,,,,,,,,,,,,
2025-580,Australian Open,Hard,128,G,20250113,62,220704,,,Clara Tauson,R,182,DEN,,213583,,,Tatjana Maria,R,172,GER,,6-2 6-2,3,R64,,,,,,,,,,,,,,,,,,,,,,,
2025-580,Australian Open,Hard,128,G,20250113,63,214544,1,,Aryna Sabalenka,R,182,BLR,,222601,,,Jessica Bouzas Maneiro,R,,ESP,,6-3 7-5,3,R64,,,,,,,,,,,,,,,,,,,,,,,
2025-580,Australian Open,Hard,128,G,20250113,64,216347,2,,Iga Swiatek,R,176,POL,,211701,,,Katerina Siniakova,R,174,CZE,,6-3 6-4,3,R128,,,,,,,,,,,,,,,,,,,,,,,
2025-580,Australian Open,Hard,128,G,20250113,65,211685,,,Rebecca Sramkova,R,,SVK,,220465,,,Katie Volynets,R,,USA,,3-6 6-2 6-2,3,R128,,,,,,,,,,,,,,,,,,,,,,,
2025-580,Australian Open,Hard,128,G,20250113,66,216153,,,Amanda Anisimova,R,180,USA,,214604,,,Maria Lourdes Carle,R,,ARG,,6-2 6-3,3,R128,,,,,,,,,,,,,,,,,,,,,,,
2025-580,Australian Open,Hard,128,G,20250113,67,221054,,,Emma Raducanu,R,175,GBR,,206420,26,,Ekaterina Alexandrova,R,175,RUS,,7-6(4) 7-6(2),3,R128,,,,,,,,,,,,,,,,,,,,,,,
2025-580,Australian Open,Hard,128,G,20250113,68,214459,,,Lucia Bronzetti,R,,ITA,,201458,21,,Victoria Azarenka,R,180,BLR,,6-2 7-6(2),3,R128,,,,,,,,,,,,,,,,,,,,,,,
2025-580,Australian Open,Hard,128,G,20250113,69,211713,,,Jaqueline Cristian,R,180,ROU,,201549,,LL,Petra Martic,R,181,CRO,,6-2 4-6 7-6(7),3,R128,,,,,,,,,,,,,,,,,,,,,,,
2025-580,Australian Open,Hard,128,G,20250113,70,219875,,,Varvara Gracheva,R,,FRA,,216083,,PR,Caty McNally,R,,USA,,6-3 6-4,3,R128,,,,,,,,,,,,,,,,,,,,,,,
2025-580,Australian Open,Hard,128,G,20250113,71,220332,,LL,Eva Lys,R,165,GER,,214040,,Q,Kimberly Birrell,R,170,AUS,,6-2 6-2,3,R128,,,,,,,,,,,,,,,,,,,,,,,
2025-580,Australian Open,Hard,128,G,20250113,72,214082,9,,Daria Kasatkina,R,170,RUS,,202600,,,Viktoriya Tomova,R,170,BUL,,6-1 6-3,3,R128,,,,,,,,,,,,,,,,,,,,,,,
2025-580,Australian Open,Hard,128,G,20250113,73,206374,,,Wang Yafan,R,170,CHN,,214388,,,Anna Bondar,R,,HUN,,3-6 6-3 6-4,3,R128,,,,,,,,,,,,,,,,,,,,,,,
2025-580,Australian Open,Hard,128,G,20250113,74,201533,,WC,Zhang Shuai,R,177,CHN,,220520,,,McCartney Kessler,R,,USA,,6-3 6-4,3,R128,,,,,,,,,,,,,,,,,,,,,,,
2025-580,Australian Open,Hard,128,G,20250113,75,201709,24,,Yulia Putintseva,R,163,KAZ,,220589,,,Elina Avanesyan,R,,ARM,,4-6 7-5 6-2,3,R128,,,,,,,,,,,,,,,,,,,,,,,
2025-580,Australian Open,Hard,128,G,20250113,76,215785,,,Camila Osorio,R,162,COL,,206289,31,,Maria Sakkari,R,172,GRE,,6-4 6-7(4) 6-4,3,R128,,,,,,,,,,,,,,,,,,,,,,,
2025-580,Australian Open,Hard,128,G,20250113,77,202460,,,Ons Jabeur,R,167,TUN,,211843,,,Anhelina Kalinina,R,179,UKR,,6-3 6-3,3,R128,,,,,,,,,,,,,,,,,,,,,,,
2025-580,Australian Open,Hard,128,G,20250113,78,216016,,,Wang Xiyu,L,,CHN,,211814,,PR,Julia Grabher,R,170,AUT,,6-1 7-5,3,R128,,,,,,,,,,,,,,,,,,,,,,,
2025-580,Australian Open,Hard,128,G,20250113,79,215613,8,,Emma Navarro,R,,USA,,220548,,,Peyton Stearns,R,,USA,,6-7(5) 7-6(5) 7-5,3,R128,,,,,,,,,,,,,,,,,,,,,,,
2025-580,Australian Open,Hard,128,G,20250113,80,211148,4,,Jasmine Paolini,R,160,ITA,,221096,,Q,Wei Sijia,R,,CHN,,6-0 6-4,3,R128,,,,,,,,,,,,,,,,,,,,,,,
2025-580,Australian Open,Hard,128,G,20250113,81,213887,,,Renata Zarazua,R,,MEX,,203501,,,Taylor Townsend,L,170,USA,,6-7(6) 6-1 6-2,3,R128,,,,,,,,,,,,,,,,,,,,,,,
2025-580,Australian Open,Hard,128,G,20250113,82,214452,,,Caroline Dolehide,R,178,USA,,239383,,Q,Sara Bejlek,L,,CZE,,7-6(5) 6-2,3,R128,,,,,,,,,,,,,,,,,,,,,,,
2025-580,Australian Open,Hard,128,G,20250113,83,202494,28,,Elina Svitolina,R,174,UKR,,201514,,,Sorana Cirstea,R,176,ROU,,6-4 6-4,3,R128,,,,,,,,,,,,,,,,,,,,,,,
2025-580,Australian Open,Hard,128,G,20250113,84,211107,22,,Katie Boulter,R,180,GBR,,201606,,,Rebecca Marino,R,183,CAN,,6-4 3-6 7-5,3,R128,,,,,,,,,,,,,,,,,,,,,,,
2025-580,Australian Open,Hard,128,G,20250113,85,206368,,,Veronika Kudermetova,R,175,RUS,,216265,,,Olivia Gadecki,R,,AUS,,6-1 6-1,3,R128,,,,,,,,,,,,,,,,,,,,,,,
2025-580,Australian Open,Hard,128,G,20250113,86,222965,,,Erika Andreeva,R,,RUS,,202453,,PR,Zheng Saisai,R,170,CHN,,6-1 7-6(6),3,R128,,,,,,,,,,,,,,,,,,,,,,,
2025-580,Australian Open,Hard,128,G,20250113,87,206242,15,,Beatriz Haddad Maia,L,185,BRA,,220699,,Q,Julia Riera,R,,ARG,,4-6 7-5 6-2,3,R128,,,,,,,,,,,,,,,,,,,,,,,
2025-580,Australian Open,Hard,128,G,20250113,88,203389,10,,Danielle Collins,R,178,USA,,220750,,Q,Daria Snigur,R,,UKR,,7-6(4) 6-3,3,R128,,,,,,,,,,,,,,,,,,,,,,,
2025-580,Australian Open,Hard,128,G,20250113,89,215018,,Q,Destanee Aiava,R,175,AUS,,213889,,,Greet Minnen,R,,BEL,,5-7 7-5 7-6(5),3,R128,,,,,,,,,,,,,,,,,,,,,,,
2025-580,Australian Open,Hard,128,G,20250113,90,211817,,Q,Elena-Gabriela Ruse,R,,ROU,,201593,,,Irina-Camelia Begu,R,181,ROU,,6-4 6-0,3,R128,,,,,,,,,,,,,,,,,,,,,,,
2025-580,Australian Open,Hard,128,G,20250113,91,201619,19,,Madison Keys,R,178,USA,,215983,,,Ann Li,R,170,USA,,6-4 7-5,3,R128,,,,,,,,,,,,,,,,,,,,,,,
2025-580,Australian Open,Hard,128,G,20250113,92,215035,32,,Dayana Yastremska,R,175,UKR,,210886,,,Mayar Sherif,R,180,EGY,,6-1 6-4,3,R128,,,,,,,,,,,,,,,,,,,,,,,
2025-580,Australian Open,Hard,128,G,20250113,93,203575,,PR,Danka Kovinic,R,169,MNE,,215138,,,Lulu Sun,L,,NZL,,6-3 7-5,3,R128,,,,,,,,,,,,,,,,,,,,,,,
2025-580,Australian Open,Hard,128,G,20250113,94,260300,,WC,Iva Jovic,R,,USA,,203463,,,Nuria Parrizas Diaz,R,167,ESP,,6-2 6-1,3,R128,,,,,,,,,,,,,,,,,,,,,,,
2025-580,Australian Open,Hard,128,G,20250113,95,214981,6,,Elena Rybakina,R,184,KAZ,,263644,,WC,Emerson Jones,R,,AUS,,6-1 6-1,3,R128,,,,,,,,,,,,,,,,,,,,,,,
2025-580,Australian Open,Hard,128,G,20250113,96,202468,7,,Jessica Pegula,R,170,USA,,233741,,WC,Maya Joint,R,,AUS,,6-3 6-0,3,R128,,,,,,,,,,,,,,,,,,,,,,,
2025-580,Australian Open,Hard,128,G,20250113,97,210722,,,Elise Mertens,R,179,BEL,,203530,,Q,Viktorija Golubic,R,169,SUI,,4-6 7-6(8) 6-4,3,R128,,,,,,,,,,,,,,,,,,,,,,,
2025-580,Australian Open,Hard,128,G,20250113,98,215337,,,Olga Danilovic,L,,SRB,,201551,,,Arantxa Rus,L,180,NED,,6-4 6-4,3,R128,,,,,,,,,,,,,,,,,,,,,,,
2025-580,Australian Open,Hard,128,G,20250113,99,214643,25,,Liudmila Samsonova,R,180,RUS,,215872,,,Kamilla Rakhimova,R,,RUS,,6-2 6-4,3,R128,,,,,,,,,,,,,,,,,,,,,,,
2025-580,Australian Open,Hard,128,G,20250113,100,216146,17,,Marta Kostyuk,R,175,UKR,,211702,,Q,Nao Hibino,R,163,JPN,,3-6 6-3 6-1,3,R128,,,,,,,,,,,,,,,,,,,,,,,
2025-580,Australian Open,Hard,128,G,20250113,101,215898,,,Jule Niemeier,R,178,GER,,216081,,Q,Maja Chwalinska,L,,POL,,6-0 6-1,3,R128,,,,,,,,,,,,,,,,,,,,,,,
2025-580,Australian Open,Hard,128,G,20250113,102,221883,,WC,Talia Gibson,R,,AUS,,220309,,,Zeynep Sonmez,R,,TUR,,3-6 7-6(5) 6-1,3,R128,,,,,,,,,,,,,,,,,,,,,,,
2025-580,Australian Open,Hard,128,G,20250113,103,211651,11,,Paula Badosa,R,180,ESP,,230319,,,Wang Xinyu,U,,CHN,,6-3 7-6(5),3,R128,,,,,,,,,,,,,,,,,,,,,,,
2025-580,Australian Open,Hard,128,G,20250113,104,202505,,PR,Belinda Bencic,R,175,SUI,,211533,16,,Jelena Ostapenko,R,177,LAT,,6-3 7-6(6),3,R128,,,,,,,,,,,,,,,,,,,,,,,
2025-580,Australian Open,Hard,128,G,20250113,105,215480,,,Suzan Lamens,R,,NED,,220662,,Q,Veronika Erjavec,R,,SLO,,7-5 7-6(2),3,R128,,,,,,,,,,,,,,,,,,,,,,,
2025-580,Australian Open,Hard,128,G,20250113,106,211768,,,Naomi Osaka,R,180,JPN,,201614,,,Caroline Garcia,R,177,FRA,,6-3 3-6 6-3,3,R128,,,,,,,,,,,,,,,,,,,,,,,
2025-580,Australian Open,Hard,128,G,20250113,107,214096,20,,Karolina Muchova,R,178,CZE,,206408,,,Nadia Podoroska,R,170,ARG,,6-1 6-1,3,R128,,,,,,,,,,,,,,,,,,,,,,,
2025-580,Australian Open,Hard,128,G,20250113,108,220367,30,,Leylah Fernandez,L,168,CAN,,263857,,,Yuliia Starodubtseva,R,,UKR,,7-5 6-4,3,R128,,,,,,,,,,,,,,,,,,,,,,,
2025-580,Australian Open,Hard,128,G,20250113,109,213710,,,Cristina Bucsa,R,,ESP,,203564,,WC,Chloe Paquet,R,179,FRA,,6-2 6-3,3,R128,,,,,,,,,,,,,,,,,,,,,,,
2025-580,Australian Open,Hard,128,G,20250113,110,214839,,PR,Jodie Burrage,R,,GBR,,206417,,Q,Leolia Jeanjean,R,,FRA,,6-2 6-4,3,R128,,,,,,,,,,,,,,,,,,,,,,,
2025-580,Australian Open,Hard,128,G,20250113,111,221103,3,,Coco Gauff,R,175,USA,,213550,,,Sofia Kenin,R,170,USA,,6-3 6-3,3,R128,,,,,,,,,,,,,,,,,,,,,,,
2025-580,Australian Open,Hard,128,G,20250113,112,221012,5,,Zheng Qinwen,R,,CHN,,223331,,Q,Anca Todoni,R,,ROU,,7-6(3) 6-1,3,R128,,,,,,,,,,,,,,,,,,,,,,,
2025-580,Australian Open,Hard,128,G,20250113,113,201696,,,Laura Siegemund,R,168,GER,,221024,,,Hailey Baptiste,R,,USA,,4-6 7-5 6-4,3,R128,,,,,,,,,,,,,,,,,,,,,,,
2025-580,Australian Open,Hard,128,G,20250113,114,215713,,,Anastasia Potapova,R,175,RUS,,214461,,Q,Tamara Zidansek,R,168,SLO,,6-2 7-5,3,R128,,,,,,,,,,,,,,,,,,,,,,,
2025-580,Australian Open,Hard,128,G,20250113,115,201499,27,,Anastasia Pavlyuchenkova,R,177,RUS,,206294,,,Yuan Yue,R,184,CHN,,6-4 4-6 6-3,3,R128,,,,,,,,,,,,,,,,,,,,,,,
2025-580,Australian Open,Hard,128,G,20250113,116,202499,18,,Donna Vekic,R,179,CRO,,220348,,,Diane Parry,R,170,FRA,,6-4 6-4,3,R128,,,,,,,,,,,,,,,,,,,,,,,
2025-580,Australian Open,Hard,128,G,20250113,117,211279,,LL,Harriet Dart,R,175,GBR,,213544,,Q,Jana Fett,R,168,CRO,,7-5 2-6 7-6(7),3,R128,,,,,,,,,,,,,,,,,,,,,,,
2025-580,Australian Open,Hard,128,G,20250113,118,201548,,WC,Ajla Tomljanovic,R,180,AUS,,221909,,,Ashlyn Krueger,R,185,USA,,6-4 4-6 6-4,3,R128,,,,,,,,,,,,,,,,,,,,,,,
2025-580,Australian Open,Hard,128,G,20250113,119,223670,12,,Diana Shnaider,L,,RUS,,220714,,,Elisabetta Cocciaretto,R,,ITA,,7-6(4) 6-4,3,R128,,,,,,,,,,,,,,,,,,,,,,,
2025-580,Australian Open,Hard,128,G,20250113,120,259799,14,,Mirra Andreeva,R,,RUS,,213631,,,Marie Bouzkova,R,180,CZE,,6-3 6-3,3,R128,,,,,,,,,,,,,,,,,,,,,,,
2025-580,Australian Open,Hard,128,G,20250113,121,220416,,,Moyuka Uchijima,R,171,JPN,,202663,,,Magda Linette,R,171,POL,,4-6 6-2 7-6(8),3,R128,,,,,,,,,,,,,,,,,,,,,,,
2025-580,Australian Open,Hard,128,G,20250113,122,215020,,,Anna Blinkova,R,179,RUS,,201611,,WC,Daria Saville,R,166,AUS,,1-6 6-4 7-5,3,R128,,,,,,,,,,,,,,,,,,,,,,,
2025-580,Australian Open,Hard,128,G,20250113,123,211684,23,,Magdalena Frech,R,171,POL,,221236,,Q,Polina Kudermetova,R,,RUS,,6-4 6-4,3,R128,,,,,,,,,,,,,,,,,,,,,,,
2025-580,Australian Open,Hard,128,G,20250113,124,220704,,,Clara Tauson,R,182,DEN,,222328,29,,Linda Noskova,R,,CZE,,5-7 6-3 6-4,3,R128,,,,,,,,,,,,,,,,,,,,,,,
2025-580,Australian Open,Hard,128,G,20250113,125,213583,,,Tatjana Maria,R,172,GER,,211095,,,Bernarda Pera,L,175,USA,,7-6(3) 6-4,3,R128,,,,,,,,,,,,,,,,,,,,,,,
2025-580,Australian Open,Hard,128,G,20250113,126,222601,,,Jessica Bouzas Maneiro,R,,ESP,,222661,,,Sonay Kartal,R,,GBR,,6-1 7-6(5),3,R128,,,,,,,,,,,,,,,,,,,,,,,
2025-580,Australian Open,Hard,128,G,20250113,127,214544,1,,Aryna Sabalenka,R,182,BLR,,201585,,,Sloane Stephens,R,170,USA,,6-3 6-2,3,R128,,,,,,,,,,,,,,,,,,,,,,,
2025-520,Roland Garros,Clay,128,G,20250526,1,221103,2,,Coco Gauff,R,175,USA,,214544,1,,Aryna Sabalenka,R,182,BLR,,6-7(5) 6-2 6-4,3,F,,,,,,,,,,,,,,,,,,,,,,,
2025-520,Roland Garros,Clay,128,G,20250526,2,221103,2,,Coco Gauff,R,175,USA,,222391,,WC,Loïs Boisson,R,,FRA,,6-1 6-2,3,SF,,,,,,,,,,,,,,,,,,,,,,,
2025-520,Roland Garros,Clay,128,G,20250526,3,214544,1,,Aryna Sabalenka,R,182,BLR,,216347,5,,Iga Swiatek,R,176,POL,,7-6(1) 4-6 6-0,3,SF,,,,,,,,,,,,,,,,,,,,,,,
2025-520,Roland Garros,Clay,128,G,20250526,4,221103,2,,Coco Gauff,R,175,USA,,201619,7,,Madison Keys,R,178,USA,,6-7(6) 6-4 6-1,3,QF,,,,,,,,,,,,,,,,,,,,,,,
2025-520,Roland Garros,Clay,128,G,20250526,5,222391,,WC,Loïs Boisson,R,,FRA,,259799,6,,Mirra Andreeva,R,,RUS,,7-6(6) 6-3,3,QF,,,,,,,,,,,,,,,,,,,,,,,
2025-520,Roland Garros,Clay,128,G,20250526,6,216347,5,,Iga Swiatek,R,176,POL,,202494,13,,Elina Svitolina,R,174,UKR,,6-1 7-5,3,QF,,,,,,,,,,,,,,,,,,,,,,,
2025-520,Roland Garros,Clay,128,G,20250526,7,214544,1,,Aryna Sabalenka,R,182,BLR,,221012,8,,Zheng Qinwen,R,,CHN,,7-6(3) 6-3,3,QF,,,,,,,,,,,,,,,,,,,,,,,
2025-520,Roland Garros,Clay,128,G,20250526,8,221103,2,,Coco Gauff,R,175,USA,,206420,20,,Ekaterina Alexandrova,R,175,RUS,,6-0 7-5,3,R16,,,,,,,,,,,,,,,,,,,,,,,
2025-520,Roland Garros,Clay,128,G,20250526,9,201619,7,,Madison Keys,R,178,USA,,221024,,,Hailey Baptiste,R,,USA,,6-3 7-5,3,R16,,,,,,,,,,,,,,,,,,,,,,,
2025-520,Roland Garros,Clay,128,G,20250526,10,222391,,WC,Loïs Boisson,R,,FRA,,202468,3,,Jessica Pegula,R,170,USA,,3-6 6-4 6-4,3,R16,,,,,,,,,,,,,,,,,,,,,,,
2025-520,Roland Garros,Clay,128,G,20250526,11,259799,6,,Mirra Andreeva,R,,RUS,,214082,17,,Daria Kasatkina,R,170,RUS,,6-3 7-5,3,R16,,,,,,,,,,,,,,,,,,,,,,,
2025-520,Roland Garros,Clay,128,G,20250526,12,216347,5,,Iga Swiatek,R,176,POL,,214981,12,,Elena Rybakina,R,184,KAZ,,1-6 6-3 7-5,3,R16,,,,,,,,,,,,,,,,,,,,,,,
2025-520,Roland Garros,Clay,128,G,20250526,13,202494,13,,Elina Svitolina,R,174,UKR,,211148,4,,Jasmine Paolini,R,160,ITA,,4-6 7-6(6) 6-1,3,R16,,,,,,,,,,,,,,,,,,,,,,,
2025-520,Roland Garros,Clay,128,G,20250526,14,221012,8,,Zheng Qinwen,R,,CHN,,214643,19,,Liudmila Samsonova,R,180,RUS,,7-6(5) 1-6 6-3,3,R16,,,,,,,,,,,,,,,,,,,,,,,
2025-520,Roland Garros,Clay,128,G,20250526,15,214544,1,,Aryna Sabalenka,R,182,BLR,,216153,16,,Amanda Anisimova,R,180,USA,,7-5 6-3,3,R16,,,,,,,,,,,,,,,,,,,,,,,
2025-520,Roland Garros,Clay,128,G,20250526,16,221103,2,,Coco Gauff,R,175,USA,,213631,,,Marie Bouzkova,R,180,CZE,,6-1 7-6(3),3,R32,,,,,,,,,,,,,,,,,,,,,,,
2025-520,Roland Garros,Clay,128,G,20250526,17,206420,20,,Ekaterina Alexandrova,R,175,RUS,,206368,,,Veronika Kudermetova,R,175,RUS,,6-2 6-2,3,R32,,,,,,,,,,,,,,,,,,,,,,,
2025-520,Roland Garros,Clay,128,G,20250526,18,221024,,,Hailey Baptiste,R,,USA,,222601,,,Jessica Bouzas Maneiro,R,,ESP,,7-6(4) 6-1,3,R32,,,,,,,,,,,,,,,,,,,,,,,
2025-520,Roland Garros,Clay,128,G,20250526,19,201619,7,,Madison Keys,R,178,USA,,213550,31,,Sofia Kenin,R,170,USA,,4-6 6-3 7-5,3,R32,,,,,,,,,,,,,,,,,,,,,,,
2025-520,Roland Garros,Clay,128,G,20250526,20,202468,3,,Jessica Pegula,R,170,USA,,214954,,,Marketa Vondrousova,L,173,CZE,,3-6 6-4 6-2,3,R32,,,,,,,,,,,,,,,,,,,,,,,
2025-520,Roland Garros,Clay,128,G,20250526,21,222391,,WC,Loïs Boisson,R,,FRA,,221039,,WC,Elsa Jacquemot,R,,FRA,,6-3 0-6 7-5,3,R32,,,,,,,,,,,,,,,,,,,,,,,
2025-520,Roland Garros,Clay,128,G,20250526,22,214082,17,,Daria Kasatkina,R,170,RUS,,211651,10,,Paula Badosa,R,180,ESP,,6-1 7-5,3,R32,,,,,,,,,,,,,,,,,,,,,,,
2025-520,Roland Garros,Clay,128,G,20250526,23,259799,6,,Mirra Andreeva,R,,RUS,,201709,32,,Yulia Putintseva,R,163,KAZ,,6-3 6-1,3,R32,,,,,,,,,,,,,,,,,,,,,,,
2025-520,Roland Garros,Clay,128,G,20250526,24,216347,5,,Iga Swiatek,R,176,POL,,211713,,,Jaqueline Cristian,R,180,ROU,,6-2 7-5,3,R32,,,,,,,,,,,,,,,,,,,,,,,
2025-520,Roland Garros,Clay,128,G,20250526,25,214981,12,,Elena Rybakina,R,184,KAZ,,211533,21,,Jelena Ostapenko,R,177,LAT,,6-2 6-2,3,R32,,,,,,,,,,,,,,,,,,,,,,,
2025-520,Roland Garros,Clay,128,G,20250526,26,202494,13,,Elina Svitolina,R,174,UKR,,211095,,,Bernarda Pera,L,175,USA,,7-6(4) 7-6(5),3,R32,,,,,,,,,,,,,,,,,,,,,,,
2025-520,Roland Garros,Clay,128,G,20250526,27,211148,4,,Jasmine Paolini,R,160,ITA,,263857,,LL,Yuliia Starodubtseva,R,,UKR,,6-4 6-1,3,R32,,,,,,,,,,,,,,,,,,,,,,,
2025-520,Roland Garros,Clay,128,G,20250526,28,221012,8,,Zheng Qinwen,R,,CHN,,239475,,Q,Victoria Mboko,R,,CAN,,6-3 6-4,3,R32,,,,,,,,,,,,,,,,,,,,,,,
2025-520,Roland Garros,Clay,128,G,20250526,29,214643,19,,Liudmila Samsonova,R,180,RUS,,215035,,,Dayana Yastremska,R,175,UKR,,6-2 6-3,3,R32,,,,,,,,,,,,,,,,,,,,,,,
2025-520,Roland Garros,Clay,128,G,20250526,30,216153,16,,Amanda Anisimova,R,180,USA,,220704,22,,Clara Tauson,R,182,DEN,,7-6(4) 6-4,3,R32,,,,,,,,,,,,,,,,,,,,,,,
2025-520,Roland Garros,Clay,128,G,20250526,31,214544,1,,Aryna Sabalenka,R,182,BLR,,215337,,,Olga Danilovic,L,,SRB,,6-2 6-3,3,R32,,,,,,,,,,,,,,,,,,,,,,,
2025-520,Roland Garros,Clay,128,G,20250526,32,221103,2,,Coco Gauff,R,175,USA,,238184,,Q,Tereza Valentova,U,,CZE,,6-2 6-4,3,R64,,,,,,,,,,,,,,,,,,,,,,,
2025-520,Roland Garros,Clay,128,G,20250526,33,213631,,,Marie Bouzkova,R,180,CZE,,222661,,,Sonay Kartal,R,,GBR,,6-1 6-4,3,R64,,,,,,,,,,,,,,,,,,,,,,,
2025-520,Roland Garros,Clay,128,G,20250526,34,206420,20,,Ekaterina Alexandrova,R,175,RUS,,220714,,,Elisabetta Cocciaretto,R,,ITA,,6-1 6-3,3,R64,,,,,,,,,,,,,,,,,,,,,,,
2025-520,Roland Garros,Clay,128,G,20250526,35,206368,,,Veronika Kudermetova,R,175,RUS,,206252,15,,Barbora Krejcikova,R,178,CZE,,6-0 6-3,3,R64,,,,,,,,,,,,,,,,,,,,,,,
2025-520,Roland Garros,Clay,128,G,20250526,36,222601,,,Jessica Bouzas Maneiro,R,,ESP,,221905,,,Robin Montgomery,L,,USA,,6-4 4-6 7-5,3,R64,,,,,,,,,,,,,,,,,,,,,,,
2025-520,Roland Garros,Clay,128,G,20250526,37,221024,,,Hailey Baptiste,R,,USA,,211702,,Q,Nao Hibino,R,163,JPN,,6-3 6-2,3,R64,,,,,,,,,,,,,,,,,,,,,,,
2025-520,Roland Garros,Clay,128,G,20250526,38,213550,31,,Sofia Kenin,R,170,USA,,201458,,,Victoria Azarenka,R,180,BLR,,7-6(5) 6-4,3,R64,,,,,,,,,,,,,,,,,,,,,,,
2025-520,Roland Garros,Clay,128,G,20250526,39,201619,7,,Madison Keys,R,178,USA,,211107,,,Katie Boulter,R,180,GBR,,6-1 6-3,3,R64,,,,,,,,,,,,,,,,,,,,,,,
2025-520,Roland Garros,Clay,128,G,20250526,40,202468,3,,Jessica Pegula,R,170,USA,,215983,,,Ann Li,R,170,USA,,6-3 7-6(3),3,R64,,,,,,,,,,,,,,,,,,,,,,,
2025-520,Roland Garros,Clay,128,G,20250526,41,214954,,,Marketa Vondrousova,L,173,CZE,,211684,25,,Magdalena Frech,R,171,POL,,6-0 4-6 6-3,3,R64,,,,,,,,,,,,,,,,,,,,,,,
2025-520,Roland Garros,Clay,128,G,20250526,42,222391,,WC,Loïs Boisson,R,,FRA,,211843,,,Anhelina Kalinina,R,179,UKR,,6-1 6-2,3,R64,,,,,,,,,,,,,,,,,,,,,,,
2025-520,Roland Garros,Clay,128,G,20250526,43,221039,,WC,Elsa Jacquemot,R,,FRA,,219917,,,Alycia Parks,R,185,USA,,6-2 6-7(4) 6-1,3,R64,,,,,,,,,,,,,,,,,,,,,,,
2025-520,Roland Garros,Clay,128,G,20250526,44,211651,10,,Paula Badosa,R,180,ESP,,211817,,,Elena-Gabriela Ruse,R,,ROU,,3-6 6-4 6-4,3,R64,,,,,,,,,,,,,,,,,,,,,,,
2025-520,Roland Garros,Clay,128,G,20250526,45,214082,17,,Daria Kasatkina,R,170,RUS,,206417,,WC,Leolia Jeanjean,R,,FRA,,6-4 6-2,3,R64,,,,,,,,,,,,,,,,,,,,,,,
2025-520,Roland Garros,Clay,128,G,20250526,46,201709,32,,Yulia Putintseva,R,163,KAZ,,220466,,Q,Joanna Garland,R,,TPE,,7-6(5) 6-3,3,R64,,,,,,,,,,,,,,,,,,,,,,,
2025-520,Roland Garros,Clay,128,G,20250526,47,259799,6,,Mirra Andreeva,R,,RUS,,221909,,,Ashlyn Krueger,R,185,USA,,6-3 6-4,3,R64,,,,,,,,,,,,,,,,,,,,,,,
2025-520,Roland Garros,Clay,128,G,20250526,48,216347,5,,Iga Swiatek,R,176,POL,,221054,,,Emma Raducanu,R,175,GBR,,6-1 6-2,3,R64,,,,,,,,,,,,,,,,,,,,,,,
2025-520,Roland Garros,Clay,128,G,20250526,49,211713,,,Jaqueline Cristian,R,180,ROU,,239383,,Q,Sara Bejlek,L,,CZE,,1-6 6-3 6-3,3,R64,,,,,,,,,,,,,,,,,,,,,,,
2025-520,Roland Garros,Clay,128,G,20250526,50,211533,21,,Jelena Ostapenko,R,177,LAT,,214452,,,Caroline Dolehide,R,178,USA,,5-7 6-3 6-3,3,R64,,,,,,,,,,,,,,,,,,,,,,,
2025-520,Roland Garros,Clay,128,G,20250526,51,214981,12,,Elena Rybakina,R,184,KAZ,,260300,,WC,Iva Jovic,R,,USA,,6-3 6-3,3,R64,,,,,,,,,,,,,,,,,,,,,,,
2025-520,Roland Garros,Clay,128,G,20250526,52,202494,13,,Elina Svitolina,R,174,UKR,,214388,,,Anna Bondar,R,,HUN,,7-6(4) 7-5,3,R64,,,,,,,,,,,,,,,,,,,,,,,
2025-520,Roland Garros,Clay,128,G,20250526,53,211095,,,Bernarda Pera,L,175,USA,,202499,18,,Donna Vekic,R,179,CRO,,6-2 4-6 7-6(3),3,R64,,,,,,,,,,,,,,,,,,,,,,,
2025-520,Roland Garros,Clay,128,G,20250526,54,263857,,LL,Yuliia Starodubtseva,R,,UKR,,215713,,,Anastasia Potapova,R,175,RUS,,7-6(4) 6-2,3,R64,,,,,,,,,,,,,,,,,,,,,,,
2025-520,Roland Garros,Clay,128,G,20250526,55,211148,4,,Jasmine Paolini,R,160,ITA,,201548,,,Ajla Tomljanovic,R,180,AUS,,6-3 6-3,3,R64,,,,,,,,,,,,,,,,,,,,,,,
2025-520,Roland Garros,Clay,128,G,20250526,56,221012,8,,Zheng Qinwen,R,,CHN,,215306,,,Emiliana Arango,R,,COL,,6-2 6-3,3,R64,,,,,,,,,,,,,,,,,,,,,,,
2025-520,Roland Garros,Clay,128,G,20250526,57,239475,,Q,Victoria Mboko,R,,CAN,,220332,,,Eva Lys,R,165,GER,,6-4 6-4,3,R64,,,,,,,,,,,,,,,,,,,,,,,
2025-520,Roland Garros,Clay,128,G,20250526,58,214643,19,,Liudmila Samsonova,R,180,RUS,,220742,,Q,Leyre Romero Gormaz,L,,ESP,,6-3 6-3,3,R64,,,,,,,,,,,,,,,,,,,,,,,
2025-520,Roland Garros,Clay,128,G,20250526,59,215035,,,Dayana Yastremska,R,175,UKR,,223670,11,,Diana Shnaider,L,,RUS,,7-5 7-5,3,R64,,,,,,,,,,,,,,,,,,,,,,,
2025-520,Roland Garros,Clay,128,G,20250526,60,216153,16,,Amanda Anisimova,R,180,USA,,203530,,,Viktorija Golubic,R,169,SUI,,6-0 6-2,3,R64,,,,,,,,,,,,,,,,,,,,,,,
2025-520,Roland Garros,Clay,128,G,20250526,61,220704,22,,Clara Tauson,R,182,DEN,,201551,,,Arantxa Rus,L,180,NED,,7-6(2) 7-5,3,R64,,,,,,,,,,,,,,,,,,,,,,,
2025-520,Roland Garros,Clay,128,G,20250526,62,215337,,,Olga Danilovic,L,,SRB,,203389,,,Danielle Collins,R,178,USA,,6-4 3-6 6-4,3,R64,,,,,,,,,,,,,,,,,,,,,,,
2025-520,Roland Garros,Clay,128,G,20250526,63,214544,1,,Aryna Sabalenka,R,182,BLR,,213525,,,Jil Teichmann,L,170,SUI,,6-3 6-1,3,R64,,,,,,,,,,,,,,,,,,,,,,,
2025-520,Roland Garros,Clay,128,G,20250526,64,221103,2,,Coco Gauff,R,175,USA,,216265,,,Olivia Gadecki,R,,AUS,,6-2 6-2,3,R128,,,,,,,,,,,,,,,,,,,,,,,
2025-520,Roland Garros,Clay,128,G,20250526,65,238184,,Q,Tereza Valentova,U,,CZE,,203564,,WC,Chloe Paquet,R,179,FRA,,4-6 6-3 7-5,3,R128,,,,,,,,,,,,,,,,,,,,,,,
2025-520,Roland Garros,Clay,128,G,20250526,66,222661,,,Sonay Kartal,R,,GBR,,222965,,,Erika Andreeva,R,,RUS,,6-0 6-2,3,R128,,,,,,,,,,,,,,,,,,,,,,,
2025-520,Roland Garros,Clay,128,G,20250526,67,213631,,,Marie Bouzkova,R,180,CZE,,214939,30,,Anna Kalinskaya,R,175,RUS,,6-4 7-5,3,R128,,,,,,,,,,,,,,,,,,,,,,,
2025-520,Roland Garros,Clay,128,G,20250526,68,206420,20,,Ekaterina Alexandrova,R,175,RUS,,214459,,,Lucia Bronzetti,R,,ITA,,6-3 6-2,3,R128,,,,,,,,,,,,,,,,,,,,,,,
2025-520,Roland Garros,Clay,128,G,20250526,69,220714,,,Elisabetta Cocciaretto,R,,ITA,,203501,,LL,Taylor Townsend,L,170,USA,,6-3 6-2,3,R128,,,,,,,,,,,,,,,,,,,,,,,
2025-520,Roland Garros,Clay,128,G,20250526,70,206368,,,Veronika Kudermetova,R,175,RUS,,202600,,,Viktoriya Tomova,R,170,BUL,,7-5 6-1,3,R128,,,,,,,,,,,,,,,,,,,,,,,
2025-520,Roland Garros,Clay,128,G,20250526,71,206252,15,,Barbora Krejcikova,R,178,CZE,,213583,,,Tatjana Maria,R,172,GER,,7-6(4) 6-3,3,R128,,,,,,,,,,,,,,,,,,,,,,,
2025-520,Roland Garros,Clay,128,G,20250526,72,222601,,,Jessica Bouzas Maneiro,R,,ESP,,215613,9,,Emma Navarro,R,,USA,,6-0 6-1,3,R128,,,,,,,,,,,,,,,,,,,,,,,
2025-520,Roland Garros,Clay,128,G,20250526,73,221905,,,Robin Montgomery,L,,USA,,220348,,WC,Diane Parry,R,170,FRA,,6-2 6-1,3,R128,,,,,,,,,,,,,,,,,,,,,,,
2025-520,Roland Garros,Clay,128,G,20250526,74,211702,,Q,Nao Hibino,R,163,JPN,,220416,,,Moyuka Uchijima,R,171,JPN,,6-1 7-5,3,R128,,,,,,,,,,,,,,,,,,,,,,,
2025-520,Roland Garros,Clay,128,G,20250526,75,221024,,,Hailey Baptiste,R,,USA,,206242,23,,Beatriz Haddad Maia,L,185,BRA,,4-6 6-3 6-1,3,R128,,,,,,,,,,,,,,,,,,,,,,,
2025-520,Roland Garros,Clay,128,G,20250526,76,213550,31,,Sofia Kenin,R,170,USA,,219875,,,Varvara Gracheva,R,,FRA,,6-3 6-1,3,R128,,,,,,,,,,,,,,,,,,,,,,,
2025-520,Roland Garros,Clay,128,G,20250526,77,201458,,,Victoria Azarenka,R,180,BLR,,201518,,PR,Yanina Wickmayer,R,182,BEL,,6-0 6-0,3,R128,,,,,,,,,,,,,,,,,,,,,,,
2025-520,Roland Garros,Clay,128,G,20250526,78,211107,,,Katie Boulter,R,180,GBR,,220733,,Q,Carole Monnet,L,,FRA,,6-7(4) 6-1 6-1,3,R128,,,,,,,,,,,,,,,,,,,,,,,
2025-520,Roland Garros,Clay,128,G,20250526,79,201619,7,,Madison Keys,R,178,USA,,201611,,Q,Daria Saville,R,166,AUS,,6-2 6-1,3,R128,,,,,,,,,,,,,,,,,,,,,,,
2025-520,Roland Garros,Clay,128,G,20250526,80,202468,3,,Jessica Pegula,R,170,USA,,223331,,,Anca Todoni,R,,ROU,,6-2 6-4,3,R128,,,,,,,,,,,,,,,,,,,,,,,
2025-520,Roland Garros,Clay,128,G,20250526,81,215983,,,Ann Li,R,170,USA,,214604,,Q,Maria Lourdes Carle,R,,ARG,,6-4 6-0,3,R128,,,,,,,,,,,,,,,,,,,,,,,
2025-520,Roland Garros,Clay,128,G,20250526,82,214954,,,Marketa Vondrousova,L,173,CZE,,221407,,Q,Oksana Selekhmeteva,L,,RUS,,6-4 6-4,3,R128,,,,,,,,,,,,,,,,,,,,,,,
2025-520,Roland Garros,Clay,128,G,20250526,83,211684,25,,Magdalena Frech,R,171,POL,,202460,,,Ons Jabeur,R,167,TUN,,7-6(4) 6-0,3,R128,,,,,,,,,,,,,,,,,,,,,,,
2025-520,Roland Garros,Clay,128,G,20250526,84,222391,,WC,Loïs Boisson,R,,FRA,,210722,24,,Elise Mertens,R,179,BEL,,6-4 4-6 6-3,3,R128,,,,,,,,,,,,,,,,,,,,,,,
2025-520,Roland Garros,Clay,128,G,20250526,85,211843,,,Anhelina Kalinina,R,179,UKR,,220589,,,Elina Avanesyan,R,,ARM,,6-1 6-2,3,R128,,,,,,,,,,,,,,,,,,,,,,,
2025-520,Roland Garros,Clay,128,G,20250526,86,221039,,WC,Elsa Jacquemot,R,,FRA,,206289,,,Maria Sakkari,R,172,GRE,,6-3 7-6(4),3,R128,,,,,,,,,,,,,,,,,,,,,,,
2025-520,Roland Garros,Clay,128,G,20250526,87,219917,,,Alycia Parks,R,185,USA,,214096,14,,Karolina Muchova,R,178,CZE,,6-3 2-6 6-1,3,R128,,,,,,,,,,,,,,,,,,,,,,,
2025-520,Roland Garros,Clay,128,G,20250526,88,211651,10,,Paula Badosa,R,180,ESP,,211768,,,Naomi Osaka,R,180,JPN,,6-7(1) 6-1 6-4,3,R128,,,,,,,,,,,,,,,,,,,,,,,
2025-520,Roland Garros,Clay,128,G,20250526,89,211817,,,Elena-Gabriela Ruse,R,,ROU,,220520,,,McCartney Kessler,R,,USA,,7-5 7-6(3),3,R128,,,,,,,,,,,,,,,,,,,,,,,
2025-520,Roland Garros,Clay,128,G,20250526,90,206417,,WC,Leolia Jeanjean,R,,FRA,,201593,,,Irina-Camelia Begu,R,181,ROU,,0-6 7-5 3-0 RET,3,R128,,,,,,,,,,,,,,,,,,,,,,,
2025-520,Roland Garros,Clay,128,G,20250526,91,214082,17,,Daria Kasatkina,R,170,RUS,,211701,,,Katerina Siniakova,R,174,CZE,,6-1 3-6 6-2,3,R128,,,,,,,,,,,,,,,,,,,,,,,
2025-520,Roland Garros,Clay,128,G,20250526,92,201709,32,,Yulia Putintseva,R,163,KAZ,,221333,,Q,Solana Sierra,R,,ARG,,7-6(4) 6-2,3,R128,,,,,,,,,,,,,,,,,,,,,,,
2025-520,Roland Garros,Clay,128,G,20250526,93,220466,,Q,Joanna Garland,R,,TPE,,220465,,,Katie Volynets,R,,USA,,6-3 3-6 6-4,3,R128,,,,,,,,,,,,,,,,,,,,,,,
2025-520,Roland Garros,Clay,128,G,20250526,94,221909,,,Ashlyn Krueger,R,185,USA,,215480,,,Suzan Lamens,R,,NED,,6-3 6-4,3,R128,,,,,,,,,,,,,,,,,,,,,,,
2025-520,Roland Garros,Clay,128,G,20250526,95,259799,6,,Mirra Andreeva,R,,RUS,,213710,,,Cristina Bucsa,R,,ESP,,6-4 6-3,3,R128,,,,,,,,,,,,,,,,,,,,,,,
2025-520,Roland Garros,Clay,128,G,20250526,96,216347,5,,Iga Swiatek,R,176,POL,,211685,,,Rebecca Sramkova,R,,SVK,,6-3 6-3,3,R128,,,,,,,,,,,,,,,,,,,,,,,
2025-520,Roland Garros,Clay,128,G,20250526,97,221054,,,Emma Raducanu,R,175,GBR,,230319,,,Wang Xinyu,U,,CHN,,7-5 4-6 6-3,3,R128,,,,,,,,,,,,,,,,,,,,,,,
2025-520,Roland Garros,Clay,128,G,20250526,98,211713,,,Jaqueline Cristian,R,180,ROU,,214040,,,Kimberly Birrell,R,170,AUS,,6-1 6-0,3,R128,,,,,,,,,,,,,,,,,,,,,,,
2025-520,Roland Garros,Clay,128,G,20250526,99,239383,,Q,Sara Bejlek,L,,CZE,,216146,26,,Marta Kostyuk,R,175,UKR,,6-3 6-1,3,R128,,,,,,,,,,,,,,,,,,,,,,,
2025-520,Roland Garros,Clay,128,G,20250526,100,211533,21,,Jelena Ostapenko,R,177,LAT,,221236,,,Polina Kudermetova,R,,RUS,,5-7 6-0 6-2,3,R128,,,,,,,,,,,,,,,,,,,,,,,
2025-520,Roland Garros,Clay,128,G,20250526,101,214452,,,Caroline Dolehide,R,178,USA,,213889,,,Greet Minnen,R,,BEL,,3-6 6-3 6-4,3,R128,,,,,,,,,,,,,,,,,,,,,,,
2025-520,Roland Garros,Clay,128,G,20250526,102,260300,,WC,Iva Jovic,R,,USA,,213887,,,Renata Zarazua,R,,MEX,,6-3 5-7 6-4,3,R128,,,,,,,,,,,,,,,,,,,,,,,
2025-520,Roland Garros,Clay,128,G,20250526,103,214981,12,,Elena Rybakina,R,184,KAZ,,220699,,Q,Julia Riera,R,,ARG,,6-1 4-6 6-4,3,R128,,,,,,,,,,,,,,,,,,,,,,,
2025-520,Roland Garros,Clay,128,G,20250526,104,202494,13,,Elina Svitolina,R,174,UKR,,220309,,,Zeynep Sonmez,R,,TUR,,6-1 6-1,3,R128,,,,,,,,,,,,,,,,,,,,,,,
2025-520,Roland Garros,Clay,128,G,20250526,105,214388,,,Anna Bondar,R,,HUN,,201696,,,Laura Siegemund,R,168,GER,,7-6(2) 6-3,3,R128,,,,,,,,,,,,,,,,,,,,,,,
2025-520,Roland Garros,Clay,128,G,20250526,106,211095,,,Bernarda Pera,L,175,USA,,201614,,,Caroline Garcia,R,177,FRA,,6-4 6-4,3,R128,,,,,,,,,,,,,,,,,,,,,,,
2025-520,Roland Garros,Clay,128,G,20250526,107,202499,18,,Donna Vekic,R,179,CRO,,215020,,,Anna Blinkova,R,179,RUS,,7-5 6-7(4) 6-1,3,R128,,,,,,,,,,,,,,,,,,,,,,,
2025-520,Roland Garros,Clay,128,G,20250526,108,215713,,,Anastasia Potapova,R,175,RUS,,222328,29,,Linda Noskova,R,,CZE,,5-7 6-1 7-5,3,R128,,,,,,,,,,,,,,,,,,,,,,,
2025-520,Roland Garros,Clay,128,G,20250526,109,263857,,LL,Yuliia Starodubtseva,R,,UKR,,211337,,Q,Tamara Korpatsch,R,170,GER,,2-6 6-1 6-4,3,R128,,,,,,,,,,,,,,,,,,,,,,,
2025-520,Roland Garros,Clay,128,G,20250526,110,201548,,,Ajla Tomljanovic,R,180,AUS,,233741,,,Maya Joint,R,,AUS,,6-1 6-3,3,R128,,,,,,,,,,,,,,,,,,,,,,,
2025-520,Roland Garros,Clay,128,G,20250526,111,211148,4,,Jasmine Paolini,R,160,ITA,,206294,,,Yuan Yue,R,184,CHN,,6-1 4-6 6-3,3,R128,,,,,,,,,,,,,,,,,,,,,,,
2025-520,Roland Garros,Clay,128,G,20250526,112,221012,8,,Zheng Qinwen,R,,CHN,,201499,,,Anastasia Pavlyuchenkova,R,177,RUS,,6-4 6-3,3,R128,,,,,,,,,,,,,,,,,,,,,,,
2025-520,Roland Garros,Clay,128,G,20250526,113,215306,,,Emiliana Arango,R,,COL,,223253,,,Alexandra Eala,L,173,PHI,,6-0 2-6 6-3,3,R128,,,,,,,,,,,,,,,,,,,,,,,
2025-520,Roland Garros,Clay,128,G,20250526,114,239475,,Q,Victoria Mboko,R,,CAN,,215138,,,Lulu Sun,L,,NZL,,6-1 7-6(4),3,R128,,,,,,,,,,,,,,,,,,,,,,,
2025-520,Roland Garros,Clay,128,G,20250526,115,220332,,,Eva Lys,R,165,GER,,220548,28,,Peyton Stearns,R,,USA,,6-0 6-3,3,R128,,,,,,,,,,,,,,,,,,,,,,,
2025-520,Roland Garros,Clay,128,G,20250526,116,214643,19,,Liudmila Samsonova,R,180,RUS,,210886,,,Mayar Sherif,R,180,EGY,,7-6(3) 6-2,3,R128,,,,,,,,,,,,,,,,,,,,,,,
2025-520,Roland Garros,Clay,128,G,20250526,117,220742,,Q,Leyre Romero Gormaz,L,,ESP,,239456,,WC,Tiantsoa Rakotomanga Rajaonah,L,,FRA,,7-6(3) 6-2,3,R128,,,,,,,,,,,,,,,,,,,,,,,
2025-520,Roland Garros,Clay,128,G,20250526,118,215035,,,Dayana Yastremska,R,175,UKR,,215018,,WC,Destanee Aiava,R,175,AUS,,7-5 6-1,3,R128,,,,,,,,,,,,,,,,,,,,,,,
2025-520,Roland Garros,Clay,128,G,20250526,119,223670,11,,Diana Shnaider,L,,RUS,,,,Q,Anastasiia Sobolieva,,,UKR,,7-6(3) 6-2,3,R128,,,,,,,,,,,,,,,,,,,,,,,
2025-520,Roland Garros,Clay,128,G,20250526,120,216153,16,,Amanda Anisimova,R,180,USA,,211411,,Q,Nina Stojanovic,R,176,SRB,,6-3 4-1 RET,3,R128,,,,,,,,,,,,,,,,,,,,,,,
2025-520,Roland Garros,Clay,128,G,20250526,121,203530,,,Viktorija Golubic,R,169,SUI,,201520,,PR,Petra Kvitova,L,183,CZE,,3-6 6-0 6-4,3,R128,,,,,,,,,,,,,,,,,,,,,,,
2025-520,Roland Garros,Clay,128,G,20250526,122,201551,,,Arantxa Rus,L,180,NED,,215785,,,Camila Osorio,R,162,COL,,4-6 6-2 6-4,3,R128,,,,,,,,,,,,,,,,,,,,,,,
2025-520,Roland Garros,Clay,128,G,20250526,123,220704,22,,Clara Tauson,R,182,DEN,,202663,,,Magda Linette,R,171,POL,,6-4 4-6 6-1,3,R128,,,,,,,,,,,,,,,,,,,,,,,
2025-520,Roland Garros,Clay,128,G,20250526,124,215337,,,Olga Danilovic,L,,SRB,,220367,27,,Leylah Fernandez,L,168,CAN,,6-3 6-1,3,R128,,,,,,,,,,,,,,,,,,,,,,,
2025-520,Roland Garros,Clay,128,G,20250526,125,203389,,,Danielle Collins,R,178,USA,,214839,,PR,Jodie Burrage,R,,GBR,,7-6(1) 6-4,3,R128,,,,,,,,,,,,,,,,,,,,,,,
2025-520,Roland Garros,Clay,128,G,20250526,126,213525,,,Jil Teichmann,L,170,SUI,,214593,,Q,Lucrezia Stefanini,R,,ITA,,6-4 6-4,3,R128,,,,,,,,,,,,,,,,,,,,,,,
2025-520,Roland Garros,Clay,128,G,20250526,127,214544,1,,Aryna Sabalenka,R,182,BLR,,215872,,,Kamilla Rakhimova,R,,RUS,,6-1 6-0,3,R128,,,,,,,,,,,,,,,,,,,,,,,
2025-540,Wimbledon,Grass,128,G,20250630,1,216347,8,,Iga Swiatek,R,176,POL,,216153,13,,Amanda Anisimova,R,180,USA,,6-0 6-0,3,F,,,,,,,,,,,,,,,,,,,,,,,
2025-540,Wimbledon,Grass,128,G,20250630,2,216347,8,,Iga Swiatek,R,176,POL,,202505,,,Belinda Bencic,R,175,SUI,,6-2 6-0,3,SF,,,,,,,,,,,,,,,,,,,,,,,
2025-540,Wimbledon,Grass,128,G,20250630,3,216153,13,,Amanda Anisimova,R,180,USA,,214544,1,,Aryna Sabalenka,R,182,BLR,,6-4 4-6 6-4,3,SF,,,,,,,,,,,,,,,,,,,,,,,
2025-540,Wimbledon,Grass,128,G,20250630,4,216347,8,,Iga Swiatek,R,176,POL,,214643,19,,Liudmila Samsonova,R,180,RUS,,6-2 7-5,3,QF,,,,,,,,,,,,,,,,,,,,,,,
2025-540,Wimbledon,Grass,128,G,20250630,5,202505,,,Belinda Bencic,R,175,SUI,,259799,7,,Mirra Andreeva,R,,RUS,,7-6(3) 7-6(2),3,QF,,,,,,,,,,,,,,,,,,,,,,,
2025-540,Wimbledon,Grass,128,G,20250630,6,216153,13,,Amanda Anisimova,R,180,USA,,201499,,,Anastasia Pavlyuchenkova,R,177,RUS,,6-1 7-6(9),3,QF,,,,,,,,,,,,,,,,,,,,,,,
2025-540,Wimbledon,Grass,128,G,20250630,7,214544,1,,Aryna Sabalenka,R,182,BLR,,201696,,,Laura Siegemund,R,168,GER,,4-6 6-2 6-4,3,QF,,,,,,,,,,,,,,,,,,,,,,,
2025-540,Wimbledon,Grass,128,G,20250630,8,214643,19,,Liudmila Samsonova,R,180,RUS,,222601,,,Jessica Bouzas Maneiro,R,,ESP,,7-5 7-5,3,R16,,,,,,,,,,,,,,,,,,,,,,,
2025-540,Wimbledon,Grass,128,G,20250630,9,216347,8,,Iga Swiatek,R,176,POL,,220704,23,,Clara Tauson,R,182,DEN,,6-4 6-1,3,R16,,,,,,,,,,,,,,,,,,,,,,,
2025-540,Wimbledon,Grass,128,G,20250630,10,202505,,,Belinda Bencic,R,175,SUI,,206420,18,,Ekaterina Alexandrova,R,175,RUS,,7-6(4) 6-4,3,R16,,,,,,,,,,,,,,,,,,,,,,,
2025-540,Wimbledon,Grass,128,G,20250630,11,259799,7,,Mirra Andreeva,R,,RUS,,215613,10,,Emma Navarro,R,,USA,,6-2 6-3,3,R16,,,,,,,,,,,,,,,,,,,,,,,
2025-540,Wimbledon,Grass,128,G,20250630,12,201499,,,Anastasia Pavlyuchenkova,R,177,RUS,,222661,,,Sonay Kartal,R,,GBR,,7-6(3) 6-4,3,R16,,,,,,,,,,,,,,,,,,,,,,,
2025-540,Wimbledon,Grass,128,G,20250630,13,216153,13,,Amanda Anisimova,R,180,USA,,222328,30,,Linda Noskova,R,,CZE,,6-2 5-7 6-4,3,R16,,,,,,,,,,,,,,,,,,,,,,,
2025-540,Wimbledon,Grass,128,G,20250630,14,201696,,,Laura Siegemund,R,168,GER,,221333,,LL,Solana Sierra,R,,ARG,,6-3 6-2,3,R16,,,,,,,,,,,,,,,,,,,,,,,
2025-540,Wimbledon,Grass,128,G,20250630,15,214544,1,,Aryna Sabalenka,R,182,BLR,,210722,24,,Elise Mertens,R,179,BEL,,6-4 7-6(4),3,R16,,,,,,,,,,,,,,,,,,,,,,,
2025-540,Wimbledon,Grass,128,G,20250630,16,222601,,,Jessica Bouzas Maneiro,R,,ESP,,215035,,,Dayana Yastremska,R,175,UKR,,6-1 2-6 6-3,3,R32,,,,,,,,,,,,,,,,,,,,,,,
2025-540,Wimbledon,Grass,128,G,20250630,17,214643,19,,Liudmila Samsonova,R,180,RUS,,214082,16,,Daria Kasatkina,R,170,RUS,,6-2 6-3,3,R32,,,,,,,,,,,,,,,,,,,,,,,
2025-540,Wimbledon,Grass,128,G,20250630,18,220704,23,,Clara Tauson,R,182,DEN,,214981,11,,Elena Rybakina,R,184,KAZ,,7-6(6) 6-3,3,R32,,,,,,,,,,,,,,,,,,,,,,,
2025-540,Wimbledon,Grass,128,G,20250630,19,216347,8,,Iga Swiatek,R,176,POL,,203389,,,Danielle Collins,R,178,USA,,6-2 6-3,3,R32,,,,,,,,,,,,,,,,,,,,,,,
2025-540,Wimbledon,Grass,128,G,20250630,20,202505,,,Belinda Bencic,R,175,SUI,,220714,,,Elisabetta Cocciaretto,R,,ITA,,6-4 3-6 7-6(7),3,R32,,,,,,,,,,,,,,,,,,,,,,,
2025-540,Wimbledon,Grass,128,G,20250630,21,206420,18,,Ekaterina Alexandrova,R,175,RUS,,220309,,,Zeynep Sonmez,R,,TUR,,6-3 7-6(1),3,R32,,,,,,,,,,,,,,,,,,,,,,,
2025-540,Wimbledon,Grass,128,G,20250630,22,215613,10,,Emma Navarro,R,,USA,,206252,17,,Barbora Krejcikova,R,178,CZE,,2-6 6-3 6-4,3,R32,,,,,,,,,,,,,,,,,,,,,,,
2025-540,Wimbledon,Grass,128,G,20250630,23,259799,7,,Mirra Andreeva,R,,RUS,,221024,,,Hailey Baptiste,R,,USA,,6-1 6-3,3,R32,,,,,,,,,,,,,,,,,,,,,,,
2025-540,Wimbledon,Grass,128,G,20250630,24,201499,,,Anastasia Pavlyuchenkova,R,177,RUS,,211768,,,Naomi Osaka,R,180,JPN,,3-6 6-4 6-4,3,R32,,,,,,,,,,,,,,,,,,,,,,,
2025-540,Wimbledon,Grass,128,G,20250630,25,222661,,,Sonay Kartal,R,,GBR,,220348,,Q,Diane Parry,R,170,FRA,,6-4 6-2,3,R32,,,,,,,,,,,,,,,,,,,,,,,
2025-540,Wimbledon,Grass,128,G,20250630,26,216153,13,,Amanda Anisimova,R,180,USA,,213646,,,Dalma Galfi,R,178,HUN,,6-3 5-7 6-3,3,R32,,,,,,,,,,,,,,,,,,,,,,,
2025-540,Wimbledon,Grass,128,G,20250630,27,222328,30,,Linda Noskova,R,,CZE,,215872,,,Kamilla Rakhimova,R,,RUS,,7-6(6) 7-5,3,R32,,,,,,,,,,,,,,,,,,,,,,,
2025-540,Wimbledon,Grass,128,G,20250630,28,201696,,,Laura Siegemund,R,168,GER,,201619,6,,Madison Keys,R,178,USA,,6-3 6-3,3,R32,,,,,,,,,,,,,,,,,,,,,,,
2025-540,Wimbledon,Grass,128,G,20250630,29,221333,,LL,Solana Sierra,R,,ARG,,213710,,,Cristina Bucsa,R,,ESP,,7-5 1-6 6-1,3,R32,,,,,,,,,,,,,,,,,,,,,,,
2025-540,Wimbledon,Grass,128,G,20250630,30,210722,24,,Elise Mertens,R,179,BEL,,202494,14,,Elina Svitolina,R,174,UKR,,6-1 7-6(4),3,R32,,,,,,,,,,,,,,,,,,,,,,,
2025-540,Wimbledon,Grass,128,G,20250630,31,214544,1,,Aryna Sabalenka,R,182,BLR,,221054,,,Emma Raducanu,R,175,GBR,,7-6(6) 6-4,3,R32,,,,,,,,,,,,,,,,,,,,,,,
2025-540,Wimbledon,Grass,128,G,20250630,32,215035,,,Dayana Yastremska,R,175,UKR,,220435,,Q,Anastasia Zakharova,R,,RUS,,5-7 7-5 7-6(8),3,R64,,,,,,,,,,,,,,,,,,,,,,,
2025-540,Wimbledon,Grass,128,G,20250630,33,222601,,,Jessica Bouzas Maneiro,R,,ESP,,213550,28,,Sofia Kenin,R,170,USA,,6-1 7-6(4),3,R64,,,,,,,,,,,,,,,,,,,,,,,
2025-540,Wimbledon,Grass,128,G,20250630,34,214643,19,,Liudmila Samsonova,R,180,RUS,,263857,,,Yuliia Starodubtseva,R,,UKR,,6-2 6-1,3,R64,,,,,,,,,,,,,,,,,,,,,,,
2025-540,Wimbledon,Grass,128,G,20250630,35,214082,16,,Daria Kasatkina,R,170,RUS,,201593,,,Irina-Camelia Begu,R,181,ROU,,6-2 4-6 6-1,3,R64,,,,,,,,,,,,,,,,,,,,,,,
2025-540,Wimbledon,Grass,128,G,20250630,36,214981,11,,Elena Rybakina,R,184,KAZ,,206289,,,Maria Sakkari,R,172,GRE,,6-3 6-1,3,R64,,,,,,,,,,,,,,,,,,,,,,,
2025-540,Wimbledon,Grass,128,G,20250630,37,220704,23,,Clara Tauson,R,182,DEN,,214939,,,Anna Kalinskaya,R,175,RUS,,6-3 7-6(10),3,R64,,,,,,,,,,,,,,,,,,,,,,,
2025-540,Wimbledon,Grass,128,G,20250630,38,203389,,,Danielle Collins,R,178,USA,,220662,,Q,Veronika Erjavec,R,,SLO,,6-4 6-1,3,R64,,,,,,,,,,,,,,,,,,,,,,,
2025-540,Wimbledon,Grass,128,G,20250630,39,216347,8,,Iga Swiatek,R,176,POL,,216083,,PR,Caty McNally,R,,USA,,5-7 6-2 6-1,3,R64,,,,,,,,,,,,,,,,,,,,,,,
2025-540,Wimbledon,Grass,128,G,20250630,40,220714,,,Elisabetta Cocciaretto,R,,ITA,,220465,,,Katie Volynets,R,,USA,,6-0 6-4,3,R64,,,,,,,,,,,,,,,,,,,,,,,
2025-540,Wimbledon,Grass,128,G,20250630,41,202505,,,Belinda Bencic,R,175,SUI,,221039,,Q,Elsa Jacquemot,R,,FRA,,4-6 6-1 6-2,3,R64,,,,,,,,,,,,,,,,,,,,,,,
2025-540,Wimbledon,Grass,128,G,20250630,42,206420,18,,Ekaterina Alexandrova,R,175,RUS,,215480,,,Suzan Lamens,R,,NED,,6-4 6-0,3,R64,,,,,,,,,,,,,,,,,,,,,,,
2025-540,Wimbledon,Grass,128,G,20250630,43,220309,,,Zeynep Sonmez,R,,TUR,,230319,,,Wang Xinyu,U,,CHN,,7-5 7-5,3,R64,,,,,,,,,,,,,,,,,,,,,,,
2025-540,Wimbledon,Grass,128,G,20250630,44,215613,10,,Emma Navarro,R,,USA,,206368,,,Veronika Kudermetova,R,175,RUS,,6-1 6-2,3,R64,,,,,,,,,,,,,,,,,,,,,,,
2025-540,Wimbledon,Grass,128,G,20250630,45,206252,17,,Barbora Krejcikova,R,178,CZE,,214452,,,Caroline Dolehide,R,178,USA,,6-4 3-6 6-2,3,R64,,,,,,,,,,,,,,,,,,,,,,,
2025-540,Wimbledon,Grass,128,G,20250630,46,221024,,,Hailey Baptiste,R,,USA,,239475,,LL,Victoria Mboko,R,,CAN,,7-6(6) 6-3,3,R64,,,,,,,,,,,,,,,,,,,,,,,
2025-540,Wimbledon,Grass,128,G,20250630,47,259799,7,,Mirra Andreeva,R,,RUS,,214459,,,Lucia Bronzetti,R,,ITA,,6-1 7-6(4),3,R64,,,,,,,,,,,,,,,,,,,,,,,
2025-540,Wimbledon,Grass,128,G,20250630,48,211768,,,Naomi Osaka,R,180,JPN,,211701,,,Katerina Siniakova,R,174,CZE,,6-3 6-2,3,R64,,,,,,,,,,,,,,,,,,,,,,,
2025-540,Wimbledon,Grass,128,G,20250630,49,201499,,,Anastasia Pavlyuchenkova,R,177,RUS,,221909,31,,Ashlyn Krueger,R,185,USA,,7-6(4) 6-4,3,R64,,,,,,,,,,,,,,,,,,,,,,,
2025-540,Wimbledon,Grass,128,G,20250630,50,222661,,,Sonay Kartal,R,,GBR,,202600,,,Viktoriya Tomova,R,170,BUL,,6-2 6-2,3,R64,,,,,,,,,,,,,,,,,,,,,,,
2025-540,Wimbledon,Grass,128,G,20250630,51,220348,,Q,Diane Parry,R,170,FRA,,223670,12,,Diana Shnaider,L,,RUS,,6-4 6-1,3,R64,,,,,,,,,,,,,,,,,,,,,,,
2025-540,Wimbledon,Grass,128,G,20250630,52,216153,13,,Amanda Anisimova,R,180,USA,,213887,,,Renata Zarazua,R,,MEX,,6-4 6-3,3,R64,,,,,,,,,,,,,,,,,,,,,,,
2025-540,Wimbledon,Grass,128,G,20250630,53,213646,,,Dalma Galfi,R,178,HUN,,206242,21,,Beatriz Haddad Maia,L,185,BRA,,7-6(7) 6-1,3,R64,,,,,,,,,,,,,,,,,,,,,,,
2025-540,Wimbledon,Grass,128,G,20250630,54,222328,30,,Linda Noskova,R,,CZE,,220332,,,Eva Lys,R,165,GER,,6-2 2-6 6-3,3,R64,,,,,,,,,,,,,,,,,,,,,,,
2025-540,Wimbledon,Grass,128,G,20250630,55,215872,,,Kamilla Rakhimova,R,,RUS,,211148,4,,Jasmine Paolini,R,160,ITA,,4-6 6-4 6-4,3,R64,,,,,,,,,,,,,,,,,,,,,,,
2025-540,Wimbledon,Grass,128,G,20250630,56,201619,6,,Madison Keys,R,178,USA,,215337,,,Olga Danilovic,L,,SRB,,6-4 6-2,3,R64,,,,,,,,,,,,,,,,,,,,,,,
2025-540,Wimbledon,Grass,128,G,20250630,57,201696,,,Laura Siegemund,R,168,GER,,220367,29,,Leylah Fernandez,L,168,CAN,,6-2 6-3,3,R64,,,,,,,,,,,,,,,,,,,,,,,
2025-540,Wimbledon,Grass,128,G,20250630,58,213710,,,Cristina Bucsa,R,,ESP,,202499,22,,Donna Vekic,R,179,CRO,,6-1 6-3,3,R64,,,,,,,,,,,,,,,,,,,,,,,
2025-540,Wimbledon,Grass,128,G,20250630,59,221333,,LL,Solana Sierra,R,,ARG,,211107,,,Katie Boulter,R,180,GBR,,6-7(7) 6-2 6-1,3,R64,,,,,,,,,,,,,,,,,,,,,,,
2025-540,Wimbledon,Grass,128,G,20250630,60,202494,14,,Elina Svitolina,R,174,UKR,,205925,,Q,Aliaksandra Sasnovich,R,174,BLR,,6-2 6-4,3,R64,,,,,,,,,,,,,,,,,,,,,,,
2025-540,Wimbledon,Grass,128,G,20250630,61,210722,24,,Elise Mertens,R,179,BEL,,215983,,,Ann Li,R,170,USA,,6-7(5) 6-1 6-2,3,R64,,,,,,,,,,,,,,,,,,,,,,,
2025-540,Wimbledon,Grass,128,G,20250630,62,221054,,,Emma Raducanu,R,175,GBR,,214954,,,Marketa Vondrousova,L,173,CZE,,6-3 6-3,3,R64,,,,,,,,,,,,,,,,,,,,,,,
2025-540,Wimbledon,Grass,128,G,20250630,63,214544,1,,Aryna Sabalenka,R,182,BLR,,213631,,,Marie Bouzkova,R,180,CZE,,7-6(4) 6-4,3,R64,,,,,,,,,,,,,,,,,,,,,,,
2025-540,Wimbledon,Grass,128,G,20250630,64,215035,,,Dayana Yastremska,R,175,UKR,,221103,2,,Coco Gauff,R,175,USA,,7-6(3) 6-1,3,R128,,,,,,,,,,,,,,,,,,,,,,,
2025-540,Wimbledon,Grass,128,G,20250630,65,220435,,Q,Anastasia Zakharova,R,,RUS,,201458,,,Victoria Azarenka,R,180,BLR,,6-2 2-6 6-1,3,R128,,,,,,,,,,,,,,,,,,,,,,,
2025-540,Wimbledon,Grass,128,G,20250630,66,222601,,,Jessica Bouzas Maneiro,R,,ESP,,230870,,Q,Ella Seidel,R,,GER,,6-3 3-2 RET,3,R128,,,,,,,,,,,,,,,,,,,,,,,
2025-540,Wimbledon,Grass,128,G,20250630,67,213550,28,,Sofia Kenin,R,170,USA,,203501,,Q,Taylor Townsend,L,170,USA,,7-6(5) 6-2,3,R128,,,,,,,,,,,,,,,,,,,,,,,
2025-540,Wimbledon,Grass,128,G,20250630,68,214643,19,,Liudmila Samsonova,R,180,RUS,,233741,,,Maya Joint,R,,AUS,,6-3 6-2,3,R128,,,,,,,,,,,,,,,,,,,,,,,
2025-540,Wimbledon,Grass,128,G,20250630,69,263857,,,Yuliia Starodubtseva,R,,UKR,,215936,,WC,Francesca Jones,R,,GBR,,1-6 6-3 6-1,3,R128,,,,,,,,,,,,,,,,,,,,,,,
2025-540,Wimbledon,Grass,128,G,20250630,70,201593,,,Irina-Camelia Begu,R,181,ROU,,215219,,Q,Kaja Juvan,R,170,SLO,,7-6(6) 1-6 6-3,3,R128,,,,,,,,,,,,,,,,,,,,,,,
2025-540,Wimbledon,Grass,128,G,20250630,71,214082,16,,Daria Kasatkina,R,170,RUS,,215306,,,Emiliana Arango,R,,COL,,7-5 6-3,3,R128,,,,,,,,,,,,,,,,,,,,,,,
2025-540,Wimbledon,Grass,128,G,20250630,72,214981,11,,Elena Rybakina,R,184,KAZ,,220589,,,Elina Avanesyan,R,,ARM,,6-2 6-1,3,R128,,,,,,,,,,,,,,,,,,,,,,,
2025-540,Wimbledon,Grass,128,G,20250630,73,206289,,,Maria Sakkari,R,172,GRE,,215020,,,Anna Blinkova,R,179,RUS,,6-4 6-4,3,R128,,,,,,,,,,,,,,,,,,,,,,,
2025-540,Wimbledon,Grass,128,G,20250630,74,214939,,,Anna Kalinskaya,R,175,RUS,,211411,,Q,Nina Stojanovic,R,176,SRB,,6-3 7-6(4),3,R128,,,,,,,,,,,,,,,,,,,,,,,
2025-540,Wimbledon,Grass,128,G,20250630,75,220704,23,,Clara Tauson,R,182,DEN,,201586,,WC,Heather Watson,R,170,GBR,,2-6 6-4 6-3,3,R128,,,,,,,,,,,,,,,,,,,,,,,
2025-540,Wimbledon,Grass,128,G,20250630,76,220662,,Q,Veronika Erjavec,R,,SLO,,216146,26,,Marta Kostyuk,R,175,UKR,,3-6 6-3 6-4,3,R128,,,,,,,,,,,,,,,,,,,,,,,
2025-540,Wimbledon,Grass,128,G,20250630,77,203389,,,Danielle Collins,R,178,USA,,215785,,,Camila Osorio,R,162,COL,,6-3 6-2,3,R128,,,,,,,,,,,,,,,,,,,,,,,
2025-540,Wimbledon,Grass,128,G,20250630,78,216083,,PR,Caty McNally,R,,USA,,214839,,WC,Jodie Burrage,R,,GBR,,6-3 6-1,3,R128,,,,,,,,,,,,,,,,,,,,,,,
2025-540,Wimbledon,Grass,128,G,20250630,79,216347,8,,Iga Swiatek,R,176,POL,,221236,,,Polina Kudermetova,R,,RUS,,7-5 6-1,3,R128,,,,,,,,,,,,,,,,,,,,,,,
2025-540,Wimbledon,Grass,128,G,20250630,80,220714,,,Elisabetta Cocciaretto,R,,ITA,,202468,3,,Jessica Pegula,R,170,USA,,6-2 6-3,3,R128,,,,,,,,,,,,,,,,,,,,,,,
2025-540,Wimbledon,Grass,128,G,20250630,81,220465,,,Katie Volynets,R,,USA,,213583,,,Tatjana Maria,R,172,GER,,3-6 7-6(4) 6-1,3,R128,,,,,,,,,,,,,,,,,,,,,,,
2025-540,Wimbledon,Grass,128,G,20250630,82,202505,,,Belinda Bencic,R,175,SUI,,219917,,,Alycia Parks,R,185,USA,,6-0 6-3,3,R128,,,,,,,,,,,,,,,,,,,,,,,
2025-540,Wimbledon,Grass,128,G,20250630,83,221039,,Q,Elsa Jacquemot,R,,FRA,,202663,27,,Magda Linette,R,171,POL,,6-7(7) 6-1 6-4,3,R128,,,,,,,,,,,,,,,,,,,,,,,
2025-540,Wimbledon,Grass,128,G,20250630,84,206420,18,,Ekaterina Alexandrova,R,175,RUS,,211880,,Q,Priscilla Hon,R,171,AUS,,6-2 7-5,3,R128,,,,,,,,,,,,,,,,,,,,,,,
2025-540,Wimbledon,Grass,128,G,20250630,85,215480,,,Suzan Lamens,R,,NED,,260300,,Q,Iva Jovic,R,,USA,,6-1 6-1,3,R128,,,,,,,,,,,,,,,,,,,,,,,
2025-540,Wimbledon,Grass,128,G,20250630,86,220309,,,Zeynep Sonmez,R,,TUR,,211713,,,Jaqueline Cristian,R,180,ROU,,7-6(3) 6-3,3,R128,,,,,,,,,,,,,,,,,,,,,,,
2025-540,Wimbledon,Grass,128,G,20250630,87,230319,,,Wang Xinyu,U,,CHN,,214096,15,,Karolina Muchova,R,178,CZE,,7-5 6-2,3,R128,,,,,,,,,,,,,,,,,,,,,,,
2025-540,Wimbledon,Grass,128,G,20250630,88,215613,10,,Emma Navarro,R,,USA,,201520,,WC,Petra Kvitova,L,183,CZE,,6-3 6-1,3,R128,,,,,,,,,,,,,,,,,,,,,,,
2025-540,Wimbledon,Grass,128,G,20250630,89,206368,,,Veronika Kudermetova,R,175,RUS,,202684,,PR,Zhu Lin,R,173,CHN,,6-3 6-2,3,R128,,,,,,,,,,,,,,,,,,,,,,,
2025-540,Wimbledon,Grass,128,G,20250630,90,214452,,,Caroline Dolehide,R,178,USA,,201551,,,Arantxa Rus,L,180,NED,,6-2 6-2,3,R128,,,,,,,,,,,,,,,,,,,,,,,
2025-540,Wimbledon,Grass,128,G,20250630,91,206252,17,,Barbora Krejcikova,R,178,CZE,,223253,,,Alexandra Eala,L,173,PHI,,3-6 6-2 6-1,3,R128,,,,,,,,,,,,,,,,,,,,,,,
2025-540,Wimbledon,Grass,128,G,20250630,92,239475,,LL,Victoria Mboko,R,,CAN,,211684,25,,Magdalena Frech,R,171,POL,,6-3 6-2,3,R128,,,,,,,,,,,,,,,,,,,,,,,
2025-540,Wimbledon,Grass,128,G,20250630,93,221024,,,Hailey Baptiste,R,,USA,,201514,,PR,Sorana Cirstea,R,176,ROU,,6-7(0) 6-1 6-2,3,R128,,,,,,,,,,,,,,,,,,,,,,,
2025-540,Wimbledon,Grass,128,G,20250630,94,214459,,,Lucia Bronzetti,R,,ITA,,213525,,,Jil Teichmann,L,170,SUI,,6-4 7-5,3,R128,,,,,,,,,,,,,,,,,,,,,,,
2025-540,Wimbledon,Grass,128,G,20250630,95,259799,7,,Mirra Andreeva,R,,RUS,,210886,,,Mayar Sherif,R,180,EGY,,6-3 6-3,3,R128,,,,,,,,,,,,,,,,,,,,,,,
2025-540,Wimbledon,Grass,128,G,20250630,96,211701,,,Katerina Siniakova,R,174,CZE,,221012,5,,Zheng Qinwen,R,,CHN,,7-5 4-6 6-1,3,R128,,,,,,,,,,,,,,,,,,,,,,,
2025-540,Wimbledon,Grass,128,G,20250630,97,211768,,,Naomi Osaka,R,180,JPN,,221883,,Q,Talia Gibson,R,,AUS,,6-4 7-6(4),3,R128,,,,,,,,,,,,,,,,,,,,,,,
2025-540,Wimbledon,Grass,128,G,20250630,98,201499,,,Anastasia Pavlyuchenkova,R,177,RUS,,201548,,,Ajla Tomljanovic,R,180,AUS,,4-6 6-3 6-2,3,R128,,,,,,,,,,,,,,,,,,,,,,,
2025-540,Wimbledon,Grass,128,G,20250630,99,221909,31,,Ashlyn Krueger,R,185,USA,,261963,,WC,Mika Stojsavljevic,R,,GBR,,6-3 6-2,3,R128,,,,,,,,,,,,,,,,,,,,,,,
2025-540,Wimbledon,Grass,128,G,20250630,100,222661,,,Sonay Kartal,R,,GBR,,211533,20,,Jelena Ostapenko,R,177,LAT,,7-5 2-6 6-2,3,R128,,,,,,,,,,,,,,,,,,,,,,,
2025-540,Wimbledon,Grass,128,G,20250630,101,202600,,,Viktoriya Tomova,R,170,BUL,,202460,,,Ons Jabeur,R,167,TUN,,7-6(5) 2-0 RET,3,R128,,,,,,,,,,,,,,,,,,,,,,,
2025-540,Wimbledon,Grass,128,G,20250630,102,220348,,Q,Diane Parry,R,170,FRA,,201549,,Q,Petra Martic,R,181,CRO,,4-6 6-3 6-2,3,R128,,,,,,,,,,,,,,,,,,,,,,,
2025-540,Wimbledon,Grass,128,G,20250630,103,223670,12,,Diana Shnaider,L,,RUS,,220416,,,Moyuka Uchijima,R,171,JPN,,7-6(5) 6-3,3,R128,,,,,,,,,,,,,,,,,,,,,,,
2025-540,Wimbledon,Grass,128,G,20250630,104,216153,13,,Amanda Anisimova,R,180,USA,,201709,,,Yulia Putintseva,R,163,KAZ,,6-0 6-0,3,R128,,,,,,,,,,,,,,,,,,,,,,,
2025-540,Wimbledon,Grass,128,G,20250630,105,213887,,,Renata Zarazua,R,,MEX,,201518,,PR,Yanina Wickmayer,R,182,BEL,,6-0 6-3,3,R128,,,,,,,,,,,,,,,,,,,,,,,
2025-540,Wimbledon,Grass,128,G,20250630,106,213646,,,Dalma Galfi,R,178,HUN,,211279,,WC,Harriet Dart,R,175,GBR,,3-6 6-3 7-5,3,R128,,,,,,,,,,,,,,,,,,,,,,,
2025-540,Wimbledon,Grass,128,G,20250630,107,206242,21,,Beatriz Haddad Maia,L,185,BRA,,211685,,,Rebecca Sramkova,R,,SVK,,7-6(7) 6-4,3,R128,,,,,,,,,,,,,,,,,,,,,,,
2025-540,Wimbledon,Grass,128,G,20250630,108,222328,30,,Linda Noskova,R,,CZE,,211095,,,Bernarda Pera,L,175,USA,,6-2 6-4,3,R128,,,,,,,,,,,,,,,,,,,,,,,
2025-540,Wimbledon,Grass,128,G,20250630,109,220332,,,Eva Lys,R,165,GER,,206294,,,Yuan Yue,R,184,CHN,,6-4 5-7 6-2,3,R128,,,,,,,,,,,,,,,,,,,,,,,
2025-540,Wimbledon,Grass,128,G,20250630,110,215872,,,Kamilla Rakhimova,R,,RUS,,256684,,,Aoi Ito,U,,JPN,,5-7 6-3 6-2,3,R128,,,,,,,,,,,,,,,,,,,,,,,
2025-540,Wimbledon,Grass,128,G,20250630,111,211148,4,,Jasmine Paolini,R,160,ITA,,201545,,PR,Anastasija Sevastova,R,169,LAT,,2-6 6-3 6-2,3,R128,,,,,,,,,,,,,,,,,,,,,,,
2025-540,Wimbledon,Grass,128,G,20250630,112,201619,6,,Madison Keys,R,178,USA,,211817,,,Elena-Gabriela Ruse,R,,ROU,,6-7(4) 7-5 7-5,3,R128,,,,,,,,,,,,,,,,,,,,,,,
2025-540,Wimbledon,Grass,128,G,20250630,113,215337,,,Olga Danilovic,L,,SRB,,201533,,Q,Zhang Shuai,R,177,CHN,,6-2 6-4,3,R128,,,,,,,,,,,,,,,,,,,,,,,
2025-540,Wimbledon,Grass,128,G,20250630,114,201696,,,Laura Siegemund,R,168,GER,,220548,,,Peyton Stearns,R,,USA,,6-4 6-2,3,R128,,,,,,,,,,,,,,,,,,,,,,,
2025-540,Wimbledon,Grass,128,G,20250630,115,220367,29,,Leylah Fernandez,L,168,CAN,,263872,,WC,Hannah Klugman,R,,GBR,,6-1 6-3,3,R128,,,,,,,,,,,,,,,,,,,,,,,
2025-540,Wimbledon,Grass,128,G,20250630,116,202499,22,,Donna Vekic,R,179,CRO,,214040,,,Kimberly Birrell,R,170,AUS,,6-0 6-4,3,R128,,,,,,,,,,,,,,,,,,,,,,,
2025-540,Wimbledon,Grass,128,G,20250630,117,213710,,,Cristina Bucsa,R,,ESP,,223331,,,Anca Todoni,R,,ROU,,6-4 6-4,3,R128,,,,,,,,,,,,,,,,,,,,,,,
2025-540,Wimbledon,Grass,128,G,20250630,118,221333,,LL,Solana Sierra,R,,ARG,,216265,,,Olivia Gadecki,R,,AUS,,6-2 7-6(8),3,R128,,,,,,,,,,,,,,,,,,,,,,,
2025-540,Wimbledon,Grass,128,G,20250630,119,211107,,,Katie Boulter,R,180,GBR,,211651,9,,Paula Badosa,R,180,ESP,,6-2 3-6 6-4,3,R128,,,,,,,,,,,,,,,,,,,,,,,
2025-540,Wimbledon,Grass,128,G,20250630,120,202494,14,,Elina Svitolina,R,174,UKR,,214388,,,Anna Bondar,R,,HUN,,6-3 6-1,3,R128,,,,,,,,,,,,,,,,,,,,,,,
2025-540,Wimbledon,Grass,128,G,20250630,121,205925,,Q,Aliaksandra Sasnovich,R,174,BLR,,219875,,,Varvara Gracheva,R,,FRA,,6-4 6-7(5) 7-6(8),3,R128,,,,,,,,,,,,,,,,,,,,,,,
2025-540,Wimbledon,Grass,128,G,20250630,122,215983,,,Ann Li,R,170,USA,,203530,,,Viktorija Golubic,R,169,SUI,,6-3 4-6 6-1,3,R128,,,,,,,,,,,,,,,,,,,,,,,
2025-540,Wimbledon,Grass,128,G,20250630,123,210722,24,,Elise Mertens,R,179,BEL,,222258,,Q,Linda Fruhvirtova,R,,CZE,,6-4 6-2,3,R128,,,,,,,,,,,,,,,,,,,,,,,
2025-540,Wimbledon,Grass,128,G,20250630,124,214954,,,Marketa Vondrousova,L,173,CZE,,220520,32,,McCartney Kessler,R,,USA,,6-1 7-6(3),3,R128,,,,,,,,,,,,,,,,,,,,,,,
2025-540,Wimbledon,Grass,128,G,20250630,125,221054,,,Emma Raducanu,R,175,GBR,,,,WC,Mimi Xu,,,GBR,,6-3 6-3,3,R128,,,,,,,,,,,,,,,,,,,,,,,
2025-540,Wimbledon,Grass,128,G,20250630,126,213631,,,Marie Bouzkova,R,180,CZE,,215138,,,Lulu Sun,L,,NZL,,6-4 6-4,3,R128,,,,,,,,,,,,,,,,,,,,,,,
2025-540,Wimbledon,Grass,128,G,20250630,127,214544,1,,Aryna Sabalenka,R,182,BLR,,215062,,Q,Carson Branstine,R,180,USA,,6-1 7-5,3,R128,,,,,,,,,,,,,,,,,,,,,,,
2025-560,Us Open,Hard,128,G,20250825,1,214544,1,,Aryna Sabalenka,R,182,BLR,,216153,8,,Amanda Anisimova,R,180,USA,,6-3 7-6(3),3,F,,,,,,,,,,,,,,,,,,,,,,,
2025-560,Us Open,Hard,128,G,20250825,2,216153,8,,Amanda Anisimova,R,180,USA,,211768,23,,Naomi Osaka,R,180,JPN,,6-7(4) 7-6(3) 6-3,3,SF,,,,,,,,,,,,,,,,,,,,,,,
2025-560,Us Open,Hard,128,G,20250825,3,214544,1,,Aryna Sabalenka,R,182,BLR,,202468,4,,Jessica Pegula,R,170,USA,,4-6 6-3 6-4,3,SF,,,,,,,,,,,,,,,,,,,,,,,
2025-560,Us Open,Hard,128,G,20250825,4,216153,8,,Amanda Anisimova,R,180,USA,,216347,2,,Iga Swiatek,R,176,POL,,6-4 6-3,3,QF,,,,,,,,,,,,,,,,,,,,,,,
2025-560,Us Open,Hard,128,G,20250825,5,211768,23,,Naomi Osaka,R,180,JPN,,214096,11,,Karolina Muchova,R,178,CZE,,6-4 7-6(3),3,QF,,,,,,,,,,,,,,,,,,,,,,,
2025-560,Us Open,Hard,128,G,20250825,6,202468,4,,Jessica Pegula,R,170,USA,,206252,,,Barbora Krejcikova,R,178,CZE,,6-3 6-3,3,QF,,,,,,,,,,,,,,,,,,,,,,,
2025-560,Us Open,Hard,128,G,20250825,7,214544,1,,Aryna Sabalenka,R,182,BLR,,214954,,,Marketa Vondrousova,L,173,CZE,,W/O,3,QF,,,,,,,,,,,,,,,,,,,,,,,
2025-560,Us Open,Hard,128,G,20250825,8,216347,2,,Iga Swiatek,R,176,POL,,206420,13,,Ekaterina Alexandrova,R,175,RUS,,6-3 6-1,3,R16,,,,,,,,,,,,,,,,,,,,,,,
2025-560,Us Open,Hard,128,G,20250825,9,216153,8,,Amanda Anisimova,R,180,USA,,206242,18,,Beatriz Haddad Maia,L,185,BRA,,6-0 6-3,3,R16,,,,,,,,,,,,,,,,,,,,,,,
2025-560,Us Open,Hard,128,G,20250825,10,211768,23,,Naomi Osaka,R,180,JPN,,221103,3,,Coco Gauff,R,175,USA,,6-3 6-2,3,R16,,,,,,,,,,,,,,,,,,,,,,,
2025-560,Us Open,Hard,128,G,20250825,11,214096,11,,Karolina Muchova,R,178,CZE,,216146,27,,Marta Kostyuk,R,175,UKR,,6-3 6-7(0) 6-3,3,R16,,,,,,,,,,,,,,,,,,,,,,,
2025-560,Us Open,Hard,128,G,20250825,12,206252,,,Barbora Krejcikova,R,178,CZE,,203501,,,Taylor Townsend,L,170,USA,,1-6 7-6(13) 6-3,3,R16,,,,,,,,,,,,,,,,,,,,,,,
2025-560,Us Open,Hard,128,G,20250825,13,202468,4,,Jessica Pegula,R,170,USA,,215983,,,Ann Li,R,170,USA,,6-1 6-2,3,R16,,,,,,,,,,,,,,,,,,,,,,,
2025-560,Us Open,Hard,128,G,20250825,14,214954,,,Marketa Vondrousova,L,173,CZE,,214981,9,,Elena Rybakina,R,184,KAZ,,6-4 5-7 6-2,3,R16,,,,,,,,,,,,,,,,,,,,,,,
2025-560,Us Open,Hard,128,G,20250825,15,214544,1,,Aryna Sabalenka,R,182,BLR,,213710,,,Cristina Bucsa,R,,ESP,,6-1 6-4,3,R16,,,,,,,,,,,,,,,,,,,,,,,
2025-560,Us Open,Hard,128,G,20250825,16,216347,2,,Iga Swiatek,R,176,POL,,214939,29,,Anna Kalinskaya,R,175,RUS,,7-6(2) 6-4,3,R32,,,,,,,,,,,,,,,,,,,,,,,
2025-560,Us Open,Hard,128,G,20250825,17,206420,13,,Ekaterina Alexandrova,R,175,RUS,,201696,,,Laura Siegemund,R,168,GER,,6-0 6-1,3,R32,,,,,,,,,,,,,,,,,,,,,,,
2025-560,Us Open,Hard,128,G,20250825,18,206242,18,,Beatriz Haddad Maia,L,185,BRA,,206289,,,Maria Sakkari,R,172,GRE,,6-1 6-2,3,R32,,,,,,,,,,,,,,,,,,,,,,,
2025-560,Us Open,Hard,128,G,20250825,19,216153,8,,Amanda Anisimova,R,180,USA,,211713,,,Jaqueline Cristian,R,180,ROU,,6-4 4-6 6-2,3,R32,,,,,,,,,,,,,,,,,,,,,,,
2025-560,Us Open,Hard,128,G,20250825,20,221103,3,,Coco Gauff,R,175,USA,,211684,28,,Magdalena Frech,R,171,POL,,6-3 6-1,3,R32,,,,,,,,,,,,,,,,,,,,,,,
2025-560,Us Open,Hard,128,G,20250825,21,211768,23,,Naomi Osaka,R,180,JPN,,214082,15,,Daria Kasatkina,R,170,RUS,,6-0 4-6 6-3,3,R32,,,,,,,,,,,,,,,,,,,,,,,
2025-560,Us Open,Hard,128,G,20250825,22,214096,11,,Karolina Muchova,R,178,CZE,,222328,21,,Linda Noskova,R,,CZE,,6-7(5) 6-4 6-2,3,R32,,,,,,,,,,,,,,,,,,,,,,,
2025-560,Us Open,Hard,128,G,20250825,23,216146,27,,Marta Kostyuk,R,175,UKR,,220348,,,Diane Parry,R,170,FRA,,3-6 6-4 6-2,3,R32,,,,,,,,,,,,,,,,,,,,,,,
2025-560,Us Open,Hard,128,G,20250825,24,203501,,,Taylor Townsend,L,170,USA,,259799,5,,Mirra Andreeva,R,,RUS,,7-5 6-2,3,R32,,,,,,,,,,,,,,,,,,,,,,,
2025-560,Us Open,Hard,128,G,20250825,25,206252,,,Barbora Krejcikova,R,178,CZE,,215613,10,,Emma Navarro,R,,USA,,4-6 6-4 6-4,3,R32,,,,,,,,,,,,,,,,,,,,,,,
2025-560,Us Open,Hard,128,G,20250825,26,215983,,,Ann Li,R,170,USA,,211880,,Q,Priscilla Hon,R,171,AUS,,7-5 6-3,3,R32,,,,,,,,,,,,,,,,,,,,,,,
2025-560,Us Open,Hard,128,G,20250825,27,202468,4,,Jessica Pegula,R,170,USA,,201458,,,Victoria Azarenka,R,180,BLR,,6-1 7-5,3,R32,,,,,,,,,,,,,,,,,,,,,,,
2025-560,Us Open,Hard,128,G,20250825,28,214954,,,Marketa Vondrousova,L,173,CZE,,211148,7,,Jasmine Paolini,R,160,ITA,,7-6(4) 6-1,3,R32,,,,,,,,,,,,,,,,,,,,,,,
2025-560,Us Open,Hard,128,G,20250825,29,214981,9,,Elena Rybakina,R,184,KAZ,,221054,,,Emma Raducanu,R,175,GBR,,6-1 6-2,3,R32,,,,,,,,,,,,,,,,,,,,,,,
2025-560,Us Open,Hard,128,G,20250825,30,213710,,,Cristina Bucsa,R,,ESP,,210722,19,,Elise Mertens,R,179,BEL,,3-6 7-5 6-3,3,R32,,,,,,,,,,,,,,,,,,,,,,,
2025-560,Us Open,Hard,128,G,20250825,31,214544,1,,Aryna Sabalenka,R,182,BLR,,220367,31,,Leylah Fernandez,L,168,CAN,,6-3 7-6(2),3,R32,,,,,,,,,,,,,,,,,,,,,,,
2025-560,Us Open,Hard,128,G,20250825,32,216347,2,,Iga Swiatek,R,176,POL,,215480,,,Suzan Lamens,R,,NED,,6-1 4-6 6-4,3,R64,,,,,,,,,,,,,,,,,,,,,,,
2025-560,Us Open,Hard,128,G,20250825,33,214939,29,,Anna Kalinskaya,R,175,RUS,,201709,,,Yulia Putintseva,R,163,KAZ,,6-1 7-5,3,R64,,,,,,,,,,,,,,,,,,,,,,,
2025-560,Us Open,Hard,128,G,20250825,34,201696,,,Laura Siegemund,R,168,GER,,220435,,,Anastasia Zakharova,R,,RUS,,6-4 6-2,3,R64,,,,,,,,,,,,,,,,,,,,,,,
2025-560,Us Open,Hard,128,G,20250825,35,206420,13,,Ekaterina Alexandrova,R,175,RUS,,230319,,,Wang Xinyu,U,,CHN,,6-2 6-2,3,R64,,,,,,,,,,,,,,,,,,,,,,,
2025-560,Us Open,Hard,128,G,20250825,36,206289,,,Maria Sakkari,R,172,GRE,,214388,,,Anna Bondar,R,,HUN,,6-3 6-1,3,R64,,,,,,,,,,,,,,,,,,,,,,,
2025-560,Us Open,Hard,128,G,20250825,37,206242,18,,Beatriz Haddad Maia,L,185,BRA,,203530,,,Viktorija Golubic,R,169,SUI,,6-1 6-4,3,R64,,,,,,,,,,,,,,,,,,,,,,,
2025-560,Us Open,Hard,128,G,20250825,38,211713,,,Jaqueline Cristian,R,180,ROU,,221909,,,Ashlyn Krueger,R,185,USA,,4-6 6-2 6-2,3,R64,,,,,,,,,,,,,,,,,,,,,,,
2025-560,Us Open,Hard,128,G,20250825,39,216153,8,,Amanda Anisimova,R,180,USA,,233741,,,Maya Joint,R,,AUS,,7-6(2) 6-2,3,R64,,,,,,,,,,,,,,,,,,,,,,,
2025-560,Us Open,Hard,128,G,20250825,40,221103,3,,Coco Gauff,R,175,USA,,202499,,,Donna Vekic,R,179,CRO,,7-6(5) 6-2,3,R64,,,,,,,,,,,,,,,,,,,,,,,
2025-560,Us Open,Hard,128,G,20250825,41,211684,28,,Magdalena Frech,R,171,POL,,220548,,,Peyton Stearns,R,,USA,,6-7(6) 6-3 6-2,3,R64,,,,,,,,,,,,,,,,,,,,,,,
2025-560,Us Open,Hard,128,G,20250825,42,211768,23,,Naomi Osaka,R,180,JPN,,221024,,,Hailey Baptiste,R,,USA,,6-3 6-1,3,R64,,,,,,,,,,,,,,,,,,,,,,,
2025-560,Us Open,Hard,128,G,20250825,43,214082,15,,Daria Kasatkina,R,170,RUS,,215872,,,Kamilla Rakhimova,R,,RUS,,6-2 4-6 7-5,3,R64,,,,,,,,,,,,,,,,,,,,,,,
2025-560,Us Open,Hard,128,G,20250825,44,214096,11,,Karolina Muchova,R,178,CZE,,201514,,PR,Sorana Cirstea,R,176,ROU,,7-6(0) 6-7(3) 6-4,3,R64,,,,,,,,,,,,,,,,,,,,,,,
2025-560,Us Open,Hard,128,G,20250825,45,222328,21,,Linda Noskova,R,,CZE,,220332,,,Eva Lys,R,165,GER,,6-4 3-0 RET,3,R64,,,,,,,,,,,,,,,,,,,,,,,
2025-560,Us Open,Hard,128,G,20250825,46,216146,27,,Marta Kostyuk,R,175,UKR,,220309,,,Zeynep Sonmez,R,,TUR,,7-5 6-7(5) 6-3,3,R64,,,,,,,,,,,,,,,,,,,,,,,
2025-560,Us Open,Hard,128,G,20250825,47,220348,,,Diane Parry,R,170,FRA,,213887,,,Renata Zarazua,R,,MEX,,6-2 2-6 7-6(7),3,R64,,,,,,,,,,,,,,,,,,,,,,,
2025-560,Us Open,Hard,128,G,20250825,48,259799,5,,Mirra Andreeva,R,,RUS,,215713,,,Anastasia Potapova,R,175,RUS,,6-1 6-3,3,R64,,,,,,,,,,,,,,,,,,,,,,,
2025-560,Us Open,Hard,128,G,20250825,49,203501,,,Taylor Townsend,L,170,USA,,211533,25,,Jelena Ostapenko,R,177,LAT,,7-5 6-1,3,R64,,,,,,,,,,,,,,,,,,,,,,,
2025-560,Us Open,Hard,128,G,20250825,50,206252,,,Barbora Krejcikova,R,178,CZE,,220416,,,Moyuka Uchijima,R,171,JPN,,6-4 6-2,3,R64,,,,,,,,,,,,,,,,,,,,,,,
2025-560,Us Open,Hard,128,G,20250825,51,215613,10,,Emma Navarro,R,,USA,,216083,,WC,Caty McNally,R,,USA,,6-2 6-1,3,R64,,,,,,,,,,,,,,,,,,,,,,,
2025-560,Us Open,Hard,128,G,20250825,52,215983,,,Ann Li,R,170,USA,,202505,16,,Belinda Bencic,R,175,SUI,,6-3 6-3,3,R64,,,,,,,,,,,,,,,,,,,,,,,
2025-560,Us Open,Hard,128,G,20250825,53,211880,,Q,Priscilla Hon,R,171,AUS,,214643,17,,Liudmila Samsonova,R,180,RUS,,4-6 6-3 6-2,3,R64,,,,,,,,,,,,,,,,,,,,,,,
2025-560,Us Open,Hard,128,G,20250825,54,201458,,,Victoria Azarenka,R,180,BLR,,201499,,,Anastasia Pavlyuchenkova,R,177,RUS,,6-3 6-3,3,R64,,,,,,,,,,,,,,,,,,,,,,,
2025-560,Us Open,Hard,128,G,20250825,55,202468,4,,Jessica Pegula,R,170,USA,,215020,,,Anna Blinkova,R,179,RUS,,6-1 6-3,3,R64,,,,,,,,,,,,,,,,,,,,,,,
2025-560,Us Open,Hard,128,G,20250825,56,211148,7,,Jasmine Paolini,R,160,ITA,,260300,,,Iva Jovic,R,,USA,,6-3 6-3,3,R64,,,,,,,,,,,,,,,,,,,,,,,
2025-560,Us Open,Hard,128,G,20250825,57,214954,,,Marketa Vondrousova,L,173,CZE,,220520,32,,McCartney Kessler,R,,USA,,7-6(7) 6-2,3,R64,,,,,,,,,,,,,,,,,,,,,,,
2025-560,Us Open,Hard,128,G,20250825,58,221054,,,Emma Raducanu,R,175,GBR,,222145,,Q,Janice Tjen,R,,INA,,6-2 6-1,3,R64,,,,,,,,,,,,,,,,,,,,,,,
2025-560,Us Open,Hard,128,G,20250825,59,214981,9,,Elena Rybakina,R,184,KAZ,,238184,,Q,Tereza Valentova,U,,CZE,,6-3 7-6(7),3,R64,,,,,,,,,,,,,,,,,,,,,,,
2025-560,Us Open,Hard,128,G,20250825,60,213710,,,Cristina Bucsa,R,,ESP,,223253,,,Alexandra Eala,L,173,PHI,,6-4 6-3,3,R64,,,,,,,,,,,,,,,,,,,,,,,
2025-560,Us Open,Hard,128,G,20250825,61,210722,19,,Elise Mertens,R,179,BEL,,215138,,,Lulu Sun,L,,NZL,,6-2 6-3,3,R64,,,,,,,,,,,,,,,,,,,,,,,
2025-560,Us Open,Hard,128,G,20250825,62,220367,31,,Leylah Fernandez,L,168,CAN,,221039,,,Elsa Jacquemot,R,,FRA,,2-6 6-3 6-2,3,R64,,,,,,,,,,,,,,,,,,,,,,,
2025-560,Us Open,Hard,128,G,20250825,63,214544,1,,Aryna Sabalenka,R,182,BLR,,221236,,,Polina Kudermetova,R,,RUS,,7-6(4) 6-2,3,R64,,,,,,,,,,,,,,,,,,,,,,,
2025-560,Us Open,Hard,128,G,20250825,64,216347,2,,Iga Swiatek,R,176,POL,,215306,,,Emiliana Arango,R,,COL,,6-1 6-2,3,R128,,,,,,,,,,,,,,,,,,,,,,,
2025-560,Us Open,Hard,128,G,20250825,65,215480,,,Suzan Lamens,R,,NED,,260580,,WC,Valerie Glozman,R,,USA,,6-4 6-2,3,R128,,,,,,,,,,,,,,,,,,,,,,,
2025-560,Us Open,Hard,128,G,20250825,66,201709,,,Yulia Putintseva,R,163,KAZ,,220714,,,Elisabetta Cocciaretto,R,,ITA,,6-4 7-6(4),3,R128,,,,,,,,,,,,,,,,,,,,,,,
2025-560,Us Open,Hard,128,G,20250825,67,214939,29,,Anna Kalinskaya,R,175,RUS,,238064,,WC,Clervie Ngounoue,R,,USA,,6-0 5-7 6-4,3,R128,,,,,,,,,,,,,,,,,,,,,,,
2025-560,Us Open,Hard,128,G,20250825,68,201696,,,Laura Siegemund,R,168,GER,,223670,20,,Diana Shnaider,L,,RUS,,7-6(3) 2-6 6-3,3,R128,,,,,,,,,,,,,,,,,,,,,,,
2025-560,Us Open,Hard,128,G,20250825,69,220435,,,Anastasia Zakharova,R,,RUS,,220589,,,Elina Avanesyan,R,,ARM,,6-3 6-4,3,R128,,,,,,,,,,,,,,,,,,,,,,,
2025-560,Us Open,Hard,128,G,20250825,70,230319,,,Wang Xinyu,U,,CHN,,214452,,,Caroline Dolehide,R,178,USA,,2-6 6-4 6-2,3,R128,,,,,,,,,,,,,,,,,,,,,,,
2025-560,Us Open,Hard,128,G,20250825,71,206420,13,,Ekaterina Alexandrova,R,175,RUS,,201545,,PR,Anastasija Sevastova,R,169,LAT,,6-4 6-1,3,R128,,,,,,,,,,,,,,,,,,,,,,,
2025-560,Us Open,Hard,128,G,20250825,72,214388,,,Anna Bondar,R,,HUN,,202494,12,,Elina Svitolina,R,174,UKR,,6-2 6-4,3,R128,,,,,,,,,,,,,,,,,,,,,,,
2025-560,Us Open,Hard,128,G,20250825,73,206289,,,Maria Sakkari,R,172,GRE,,213583,,,Tatjana Maria,R,172,GER,,6-3 6-2,3,R128,,,,,,,,,,,,,,,,,,,,,,,
2025-560,Us Open,Hard,128,G,20250825,74,203530,,,Viktorija Golubic,R,169,SUI,,222391,,,Loïs Boisson,R,,FRA,,3-6 7-6(3) 6-2,3,R128,,,,,,,,,,,,,,,,,,,,,,,
2025-560,Us Open,Hard,128,G,20250825,75,206242,18,,Beatriz Haddad Maia,L,185,BRA,,222661,,,Sonay Kartal,R,,GBR,,6-3 1-6 6-1,3,R128,,,,,,,,,,,,,,,,,,,,,,,
2025-560,Us Open,Hard,128,G,20250825,76,221909,,,Ashlyn Krueger,R,185,USA,,213550,26,,Sofia Kenin,R,170,USA,,5-7 6-4 6-2,3,R128,,,,,,,,,,,,,,,,,,,,,,,
2025-560,Us Open,Hard,128,G,20250825,77,211713,,,Jaqueline Cristian,R,180,ROU,,203389,,,Danielle Collins,R,178,USA,,6-2 6-0,3,R128,,,,,,,,,,,,,,,,,,,,,,,
2025-560,Us Open,Hard,128,G,20250825,78,233741,,,Maya Joint,R,,AUS,,223286,,Q,Victoria Jimenez Kasintseva,L,,AND,,6-4 7-6(6),3,R128,,,,,,,,,,,,,,,,,,,,,,,
2025-560,Us Open,Hard,128,G,20250825,79,216153,8,,Amanda Anisimova,R,180,USA,,214040,,,Kimberly Birrell,R,170,AUS,,6-3 6-2,3,R128,,,,,,,,,,,,,,,,,,,,,,,
2025-560,Us Open,Hard,128,G,20250825,80,221103,3,,Coco Gauff,R,175,USA,,201548,,,Ajla Tomljanovic,R,180,AUS,,6-4 6-7(2) 7-5,3,R128,,,,,,,,,,,,,,,,,,,,,,,
2025-560,Us Open,Hard,128,G,20250825,81,202499,,,Donna Vekic,R,179,CRO,,222601,,,Jessica Bouzas Maneiro,R,,ESP,,3-6 7-5 6-3,3,R128,,,,,,,,,,,,,,,,,,,,,,,
2025-560,Us Open,Hard,128,G,20250825,82,220548,,,Peyton Stearns,R,,USA,,221985,,Q,Darja Semenistaja,L,,LAT,,7-5 6-0,3,R128,,,,,,,,,,,,,,,,,,,,,,,
2025-560,Us Open,Hard,128,G,20250825,83,211684,28,,Magdalena Frech,R,171,POL,,221883,,WC,Talia Gibson,R,,AUS,,6-2 6-2,3,R128,,,,,,,,,,,,,,,,,,,,,,,
2025-560,Us Open,Hard,128,G,20250825,84,211768,23,,Naomi Osaka,R,180,JPN,,213889,,,Greet Minnen,R,,BEL,,6-3 6-4,3,R128,,,,,,,,,,,,,,,,,,,,,,,
2025-560,Us Open,Hard,128,G,20250825,85,221024,,,Hailey Baptiste,R,,USA,,211701,,,Katerina Siniakova,R,174,CZE,,7-5 6-3,3,R128,,,,,,,,,,,,,,,,,,,,,,,
2025-560,Us Open,Hard,128,G,20250825,86,215872,,,Kamilla Rakhimova,R,,RUS,,201614,,WC,Caroline Garcia,R,177,FRA,,6-4 4-6 6-3,3,R128,,,,,,,,,,,,,,,,,,,,,,,
2025-560,Us Open,Hard,128,G,20250825,87,214082,15,,Daria Kasatkina,R,170,RUS,,211817,,,Elena-Gabriela Ruse,R,,ROU,,7-5 6-1,3,R128,,,,,,,,,,,,,,,,,,,,,,,
2025-560,Us Open,Hard,128,G,20250825,88,214096,11,,Karolina Muchova,R,178,CZE,,200748,,WC,Venus Williams,R,185,USA,,6-3 2-6 6-1,3,R128,,,,,,,,,,,,,,,,,,,,,,,
2025-560,Us Open,Hard,128,G,20250825,89,201514,,PR,Sorana Cirstea,R,176,ROU,,221333,,,Solana Sierra,R,,ARG,,7-5 6-0,3,R128,,,,,,,,,,,,,,,,,,,,,,,
2025-560,Us Open,Hard,128,G,20250825,90,220332,,,Eva Lys,R,165,GER,,215936,,Q,Francesca Jones,R,,GBR,,6-0 7-5,3,R128,,,,,,,,,,,,,,,,,,,,,,,
2025-560,Us Open,Hard,128,G,20250825,91,222328,21,,Linda Noskova,R,,CZE,,213646,,Q,Dalma Galfi,R,178,HUN,,6-4 7-5,3,R128,,,,,,,,,,,,,,,,,,,,,,,
2025-560,Us Open,Hard,128,G,20250825,92,216146,27,,Marta Kostyuk,R,175,UKR,,211107,,,Katie Boulter,R,180,GBR,,6-4 6-4,3,R128,,,,,,,,,,,,,,,,,,,,,,,
2025-560,Us Open,Hard,128,G,20250825,93,220309,,,Zeynep Sonmez,R,,TUR,,220465,,Q,Katie Volynets,R,,USA,,6-3 6-4,3,R128,,,,,,,,,,,,,,,,,,,,,,,
2025-560,Us Open,Hard,128,G,20250825,94,220348,,,Diane Parry,R,170,FRA,,201520,,PR,Petra Kvitova,L,183,CZE,,6-1 6-0,3,R128,,,,,,,,,,,,,,,,,,,,,,,
2025-560,Us Open,Hard,128,G,20250825,95,213887,,,Renata Zarazua,R,,MEX,,201619,6,,Madison Keys,R,178,USA,,6-7(10) 7-6(3) 7-5,3,R128,,,,,,,,,,,,,,,,,,,,,,,
2025-560,Us Open,Hard,128,G,20250825,96,259799,5,,Mirra Andreeva,R,,RUS,,219917,,,Alycia Parks,R,185,USA,,6-0 6-1,3,R128,,,,,,,,,,,,,,,,,,,,,,,
2025-560,Us Open,Hard,128,G,20250825,97,215713,,,Anastasia Potapova,R,175,RUS,,202684,,PR,Zhu Lin,R,173,CHN,,6-4 4-6 6-2,3,R128,,,,,,,,,,,,,,,,,,,,,,,
2025-560,Us Open,Hard,128,G,20250825,98,203501,,,Taylor Townsend,L,170,USA,,222045,,,Antonia Ruzic,R,,CRO,,6-4 6-4,3,R128,,,,,,,,,,,,,,,,,,,,,,,
2025-560,Us Open,Hard,128,G,20250825,99,211533,25,,Jelena Ostapenko,R,177,LAT,,216016,,Q,Wang Xiyu,L,,CHN,,6-4 6-3,3,R128,,,,,,,,,,,,,,,,,,,,,,,
2025-560,Us Open,Hard,128,G,20250825,100,206252,,,Barbora Krejcikova,R,178,CZE,,239475,22,,Victoria Mboko,R,,CAN,,6-3 6-2,3,R128,,,,,,,,,,,,,,,,,,,,,,,
2025-560,Us Open,Hard,128,G,20250825,101,220416,,,Moyuka Uchijima,R,171,JPN,,215337,,,Olga Danilovic,L,,SRB,,7-6(2) 4-6 7-6(9),3,R128,,,,,,,,,,,,,,,,,,,,,,,
2025-560,Us Open,Hard,128,G,20250825,102,216083,,WC,Caty McNally,R,,USA,,213525,,,Jil Teichmann,L,170,SUI,,6-2 6-2,3,R128,,,,,,,,,,,,,,,,,,,,,,,
2025-560,Us Open,Hard,128,G,20250825,103,215613,10,,Emma Navarro,R,,USA,,206374,,PR,Wang Yafan,R,170,CHN,,7-6(9) 6-3,3,R128,,,,,,,,,,,,,,,,,,,,,,,
2025-560,Us Open,Hard,128,G,20250825,104,202505,16,,Belinda Bencic,R,175,SUI,,201533,,Q,Zhang Shuai,R,177,CHN,,6-3 6-3,3,R128,,,,,,,,,,,,,,,,,,,,,,,
2025-560,Us Open,Hard,128,G,20250825,105,215983,,,Ann Li,R,170,USA,,211685,,,Rebecca Sramkova,R,,SVK,,4-6 6-2 6-4,3,R128,,,,,,,,,,,,,,,,,,,,,,,
2025-560,Us Open,Hard,128,G,20250825,106,211880,,Q,Priscilla Hon,R,171,AUS,,206417,,,Leolia Jeanjean,R,,FRA,,6-3 7-5,3,R128,,,,,,,,,,,,,,,,,,,,,,,
2025-560,Us Open,Hard,128,G,20250825,107,214643,17,,Liudmila Samsonova,R,180,RUS,,206294,,,Yuan Yue,R,184,CHN,,2-6 6-4 6-4,3,R128,,,,,,,,,,,,,,,,,,,,,,,
2025-560,Us Open,Hard,128,G,20250825,108,201499,,,Anastasia Pavlyuchenkova,R,177,RUS,,215035,30,,Dayana Yastremska,R,175,UKR,,6-7(5) 7-6(5) 6-4,3,R128,,,,,,,,,,,,,,,,,,,,,,,
2025-560,Us Open,Hard,128,G,20250825,109,201458,,,Victoria Azarenka,R,180,BLR,,222080,,Q,Hina Inoue,R,,USA,,7-6(0) 6-4,3,R128,,,,,,,,,,,,,,,,,,,,,,,
2025-560,Us Open,Hard,128,G,20250825,110,215020,,,Anna Blinkova,R,179,RUS,,263857,,,Yuliia Starodubtseva,R,,UKR,,6-3 6-1,3,R128,,,,,,,,,,,,,,,,,,,,,,,
2025-560,Us Open,Hard,128,G,20250825,111,202468,4,,Jessica Pegula,R,170,USA,,210886,,,Mayar Sherif,R,180,EGY,,6-0 6-4,3,R128,,,,,,,,,,,,,,,,,,,,,,,
2025-560,Us Open,Hard,128,G,20250825,112,211148,7,,Jasmine Paolini,R,160,ITA,,215018,,Q,Destanee Aiava,R,175,AUS,,6-2 7-6(4),3,R128,,,,,,,,,,,,,,,,,,,,,,,
2025-560,Us Open,Hard,128,G,20250825,113,260300,,,Iva Jovic,R,,USA,,205925,,,Aliaksandra Sasnovich,R,174,BLR,,7-6(6) 6-3,3,R128,,,,,,,,,,,,,,,,,,,,,,,
2025-560,Us Open,Hard,128,G,20250825,114,214954,,,Marketa Vondrousova,L,173,CZE,,221407,,Q,Oksana Selekhmeteva,L,,RUS,,6-3 7-6(3),3,R128,,,,,,,,,,,,,,,,,,,,,,,
2025-560,Us Open,Hard,128,G,20250825,115,220520,32,,McCartney Kessler,R,,USA,,202663,,,Magda Linette,R,171,POL,,7-5 7-5,3,R128,,,,,,,,,,,,,,,,,,,,,,,
2025-560,Us Open,Hard,128,G,20250825,116,222145,,Q,Janice Tjen,R,,INA,,206368,24,,Veronika Kudermetova,R,175,RUS,,6-4 4-6 6-4,3,R128,,,,,,,,,,,,,,,,,,,,,,,
2025-560,Us Open,Hard,128,G,20250825,117,221054,,,Emma Raducanu,R,175,GBR,,214262,,Q,Ena Shibahara,R,170,JPN,,6-1 6-2,3,R128,,,,,,,,,,,,,,,,,,,,,,,
2025-560,Us Open,Hard,128,G,20250825,118,238184,,Q,Tereza Valentova,U,,CZE,,214459,,,Lucia Bronzetti,R,,ITA,,6-3 3-6 6-4,3,R128,,,,,,,,,,,,,,,,,,,,,,,
2025-560,Us Open,Hard,128,G,20250825,119,214981,9,,Elena Rybakina,R,184,KAZ,,264075,,WC,Julieta Pareja,R,,USA,,6-3 6-0,3,R128,,,,,,,,,,,,,,,,,,,,,,,
2025-560,Us Open,Hard,128,G,20250825,120,223253,,,Alexandra Eala,L,173,PHI,,220704,14,,Clara Tauson,R,182,DEN,,6-3 2-6 7-6(11),3,R128,,,,,,,,,,,,,,,,,,,,,,,
2025-560,Us Open,Hard,128,G,20250825,121,213710,,,Cristina Bucsa,R,,ESP,,214906,,Q,Claire Liu,R,170,USA,,6-2 6-1,3,R128,,,,,,,,,,,,,,,,,,,,,,,
2025-560,Us Open,Hard,128,G,20250825,122,215138,,,Lulu Sun,L,,NZL,,215785,,,Camila Osorio,R,162,COL,,6-4 2-6 6-0,3,R128,,,,,,,,,,,,,,,,,,,,,,,
2025-560,Us Open,Hard,128,G,20250825,123,210722,19,,Elise Mertens,R,179,BEL,,260101,,WC,Alyssa Ahn,U,,USA,,6-1 6-0,3,R128,,,,,,,,,,,,,,,,,,,,,,,
2025-560,Us Open,Hard,128,G,20250825,124,220367,31,,Leylah Fernandez,L,168,CAN,,201606,,Q,Rebecca Marino,R,183,CAN,,6-2 6-1,3,R128,,,,,,,,,,,,,,,,,,,,,,,
2025-560,Us Open,Hard,128,G,20250825,125,221039,,,Elsa Jacquemot,R,,FRA,,213631,,,Marie Bouzkova,R,180,CZE,,6-4 6-3,3,R128,,,,,,,,,,,,,,,,,,,,,,,
2025-560,Us Open,Hard,128,G,20250825,126,221236,,,Polina Kudermetova,R,,RUS,,203463,,,Nuria Parrizas Diaz,R,167,ESP,,2-2 RET,3,R128,,,,,,,,,,,,,,,,,,,,,,,
2025-560,Us Open,Hard,128,G,20250825,127,214544,1,,Aryna Sabalenka,R,182,BLR,,214119,,,Rebeka Masarova,R,186,ESP,,7-5 6-1,3,R128,,,,,,,,,,,,,,,,,,,,,,,
2025-808,Riyadh Finals,Hard,8,F,20251101,300,214544,1,,Aryna Sabalenka,R,182,BLR,,211148,8,,Jasmine Paolini,R,160,ITA,,6-3 6-1,3,RR,,,,,,,,,,,,,,,,,,,,,,,
2025-808,Riyadh Finals,Hard,8,F,20251101,299,202468,5,,Jessica Pegula,R,170,USA,,221103,3,,Coco Gauff,R,175,USA,,6-3 6-7(4) 6-2,3,RR,,,,,,,,,,,,,,,,,,,,,,,
2025-808,Riyadh Finals,Hard,8,F,20251101,298,216347,2,,Iga Swiatek,R,176,POL,,201619,7,,Madison Keys,R,178,USA,,6-1 6-2,3,RR,,,,,,,,,,,,,,,,,,,,,,,
2025-808,Riyadh Finals,Hard,8,F,20251101,297,214981,6,,Elena Rybakina,R,184,KAZ,,216153,4,,Amanda Anisimova,R,180,USA,,6-3 6-1,3,RR,,,,,,,,,,,,,,,,,,,,,,,
2025-808,Riyadh Finals,Hard,8,F,20251101,296,214544,1,,Aryna Sabalenka,R,182,BLR,,202468,5,,Jessica Pegula,R,170,USA,,6-4 2-6 6-3,3,RR,,,,,,,,,,,,,,,,,,,,,,,
2025-808,Riyadh Finals,Hard,8,F,20251101,295,221103,3,,Coco Gauff,R,175,USA,,211148,8,,Jasmine Paolini,R,160,ITA,,6-3 6-2,3,RR,,,,,,,,,,,,,,,,,,,,,,,
2025-808,Riyadh Finals,Hard,8,F,20251101,294,214981,6,,Elena Rybakina,R,184,KAZ,,216347,2,,Iga Swiatek,R,176,POL,,3-6 6-1 6-0,3,RR,,,,,,,,,,,,,,,,,,,,,,,
2025-808,Riyadh Finals,Hard,8,F,20251101,293,216153,4,,Amanda Anisimova,R,180,USA,,201619,7,,Madison Keys,R,178,USA,,4-6 6-3 6-2,3,RR,,,,,,,,,,,,,,,,,,,,,,,
2025-808,Riyadh Finals,Hard,8,F,20251101,292,214544,1,,Aryna Sabalenka,R,182,BLR,,221103,3,,Coco Gauff,R,175,USA,,7-6(5) 6-2,3,RR,,,,,,,,,,,,,,,,,,,,,,,
2025-808,Riyadh Finals,Hard,8,F,20251101,291,202468,5,,Jessica Pegula,R,170,USA,,211148,8,,Jasmine Paolini,R,160,ITA,,6-2 6-3,3,RR,,,,,,,,,,,,,,,,,,,,,,,
2025-808,Riyadh Finals,Hard,8,F,20251101,290,216153,4,,Amanda Anisimova,R,180,USA,,216347,2,,Iga Swiatek,R,176,POL,,6-7(3) 6-4 6-2,3,RR,,,,,,,,,,,,,,,,,,,,,,,
2025-808,Riyadh Finals,Hard,8,F,20251101,289,214981,6,,Elena Rybakina,R,184,KAZ,,206420,,ALT,Ekaterina Alexandrova,R,175,RUS,,6-4 6-4,3,RR,,,,,,,,,,,,,,,,,,,,,,,
2025-808,Riyadh Finals,Hard,8,F,20251101,288,214544,1,,Aryna Sabalenka,R,182,BLR,,216153,4,,Amanda Anisimova,R,180,USA,,6-3 3-6 6-3,3,SF,,,,,,,,,,,,,,,,,,,,,,,
2025-808,Riyadh Finals,Hard,8,F,20251101,287,214981,6,,Elena Rybakina,R,184,KAZ,,202468,5,,Jessica Pegula,R,170,USA,,4-6 6-4 6-3,3,SF,,,,,,,,,,,,,,,,,,,,,,,
2025-808,Riyadh Finals,Hard,8,F,20251101,286,214981,6,,Elena Rybakina,R,184,KAZ,,214544,1,,Aryna Sabalenka,R,182,BLR,,6-3 7-6(0),3,F,,,,,,,,,,,,,,,,,,,,,,,
